#ifndef HUIWEN_FANGSONG_H
#define HUIWEN_FANGSONG_H

#include <Arduino.h>

// 匯文仿宋字体 16px (基线对齐)
// 字符数量: 3594
// 字体度量: ascent=14, descent=3
// 生成时间: 2026-02-08 19:17:00

struct ChineseChar {
    const char* utf8;      // UTF-8 编码
    const uint8_t* bitmap; // 位图数据 (16x16, 每行 2 字节)
};

static const uint8_t bitmap_0[] = { 0x00, 0x00, 0x00, 0x00, 0x00, 0x00, 0x00, 0x00, 0x00, 0x00, 0x00, 0x00, 0x00, 0x00, 0x00, 0x00, 0x00, 0x00, 0x00, 0x00, 0x00, 0x00, 0x00, 0x00, 0x00, 0x00, 0x00, 0x00, 0x00, 0x00, 0x00, 0x00 };
static const uint8_t bitmap_1[] = { 0x00, 0x00, 0x01, 0x00, 0x01, 0x00, 0x01, 0x00, 0x01, 0x00, 0x01, 0x00, 0x01, 0x00, 0x01, 0x00, 0x01, 0x00, 0x01, 0x00, 0x00, 0x00, 0x00, 0x00, 0x01, 0x80, 0x01, 0x80, 0x00, 0x00, 0x00, 0x00 };
static const uint8_t bitmap_2[] = { 0x00, 0x00, 0x06, 0xC0, 0x06, 0xC0, 0x02, 0x40, 0x02, 0x40, 0x04, 0x80, 0x00, 0x00, 0x00, 0x00, 0x00, 0x00, 0x00, 0x00, 0x00, 0x00, 0x00, 0x00, 0x00, 0x00, 0x00, 0x00, 0x00, 0x00, 0x00, 0x00 };
static const uint8_t bitmap_3[] = { 0x00, 0x00, 0x04, 0x40, 0x04, 0x40, 0x04, 0x40, 0x0F, 0xE0, 0x04, 0x40, 0x04, 0x40, 0x04, 0x40, 0x04, 0x40, 0x04, 0x40, 0x0F, 0xE0, 0x04, 0x40, 0x04, 0x40, 0x04, 0x40, 0x00, 0x00, 0x00, 0x00 };
static const uint8_t bitmap_4[] = { 0x01, 0x00, 0x03, 0x80, 0x05, 0x40, 0x09, 0x20, 0x09, 0x20, 0x09, 0x00, 0x05, 0x00, 0x03, 0x80, 0x01, 0x40, 0x01, 0x20, 0x09, 0x20, 0x09, 0x20, 0x05, 0x40, 0x03, 0x80, 0x01, 0x00, 0x01, 0x00 };
static const uint8_t bitmap_5[] = { 0x00, 0x00, 0x06, 0x00, 0x09, 0x20, 0x09, 0x40, 0x09, 0x40, 0x06, 0x80, 0x01, 0x00, 0x01, 0x00, 0x02, 0xC0, 0x05, 0x20, 0x05, 0x20, 0x09, 0x20, 0x00, 0xC0, 0x00, 0x00, 0x00, 0x00, 0x00, 0x00 };
static const uint8_t bitmap_6[] = { 0x00, 0x00, 0x07, 0x00, 0x08, 0x80, 0x08, 0x80, 0x08, 0x80, 0x09, 0x00, 0x06, 0x00, 0x04, 0x00, 0x0A, 0x20, 0x09, 0x20, 0x08, 0xA0, 0x08, 0xC0, 0x04, 0x40, 0x03, 0xA0, 0x00, 0x00, 0x00, 0x00 };
static const uint8_t bitmap_7[] = { 0x00, 0x00, 0x03, 0x00, 0x03, 0x00, 0x01, 0x00, 0x01, 0x00, 0x02, 0x00, 0x00, 0x00, 0x00, 0x00, 0x00, 0x00, 0x00, 0x00, 0x00, 0x00, 0x00, 0x00, 0x00, 0x00, 0x00, 0x00, 0x00, 0x00, 0x00, 0x00 };
static const uint8_t bitmap_8[] = { 0x00, 0x20, 0x00, 0x40, 0x00, 0x80, 0x00, 0x80, 0x01, 0x00, 0x01, 0x00, 0x01, 0x00, 0x01, 0x00, 0x01, 0x00, 0x01, 0x00, 0x01, 0x00, 0x00, 0x80, 0x00, 0x80, 0x00, 0x40, 0x00, 0x20, 0x00, 0x00 };
static const uint8_t bitmap_9[] = { 0x04, 0x00, 0x02, 0x00, 0x01, 0x00, 0x01, 0x00, 0x00, 0x80, 0x00, 0x80, 0x00, 0x80, 0x00, 0x80, 0x00, 0x80, 0x00, 0x80, 0x00, 0x80, 0x01, 0x00, 0x01, 0x00, 0x02, 0x00, 0x04, 0x00, 0x00, 0x00 };
static const uint8_t bitmap_10[] = { 0x00, 0x00, 0x00, 0x00, 0x00, 0x00, 0x01, 0x00, 0x09, 0x20, 0x05, 0x40, 0x03, 0x80, 0x01, 0x00, 0x03, 0x80, 0x05, 0x40, 0x09, 0x20, 0x01, 0x00, 0x00, 0x00, 0x00, 0x00, 0x00, 0x00, 0x00, 0x00 };
static const uint8_t bitmap_11[] = { 0x00, 0x00, 0x00, 0x00, 0x00, 0x00, 0x01, 0x00, 0x01, 0x00, 0x01, 0x00, 0x01, 0x00, 0x0F, 0xE0, 0x01, 0x00, 0x01, 0x00, 0x01, 0x00, 0x01, 0x00, 0x00, 0x00, 0x00, 0x00, 0x00, 0x00, 0x00, 0x00 };
static const uint8_t bitmap_12[] = { 0x00, 0x00, 0x00, 0x00, 0x00, 0x00, 0x00, 0x00, 0x00, 0x00, 0x00, 0x00, 0x00, 0x00, 0x00, 0x00, 0x00, 0x00, 0x00, 0x00, 0x00, 0x00, 0x01, 0x80, 0x01, 0x80, 0x00, 0x80, 0x00, 0x80, 0x01, 0x00 };
static const uint8_t bitmap_13[] = { 0x00, 0x00, 0x00, 0x00, 0x00, 0x00, 0x00, 0x00, 0x00, 0x00, 0x00, 0x00, 0x00, 0x00, 0x0F, 0xE0, 0x00, 0x00, 0x00, 0x00, 0x00, 0x00, 0x00, 0x00, 0x00, 0x00, 0x00, 0x00, 0x00, 0x00, 0x00, 0x00 };
static const uint8_t bitmap_14[] = { 0x00, 0x00, 0x00, 0x00, 0x00, 0x00, 0x00, 0x00, 0x00, 0x00, 0x00, 0x00, 0x00, 0x00, 0x00, 0x00, 0x00, 0x00, 0x00, 0x00, 0x00, 0x00, 0x01, 0x80, 0x01, 0x80, 0x00, 0x00, 0x00, 0x00, 0x00, 0x00 };
static const uint8_t bitmap_15[] = { 0x00, 0x20, 0x00, 0x20, 0x00, 0x40, 0x00, 0x40, 0x00, 0x80, 0x00, 0x80, 0x00, 0x80, 0x01, 0x00, 0x01, 0x00, 0x02, 0x00, 0x02, 0x00, 0x02, 0x00, 0x04, 0x00, 0x04, 0x00, 0x08, 0x00, 0x08, 0x00 };
static const uint8_t bitmap_16[] = { 0x00, 0x00, 0x01, 0x80, 0x02, 0x40, 0x04, 0x20, 0x04, 0x20, 0x04, 0x20, 0x04, 0x20, 0x04, 0x20, 0x04, 0x20, 0x04, 0x20, 0x04, 0x20, 0x04, 0x20, 0x02, 0x40, 0x01, 0x80, 0x00, 0x00, 0x00, 0x00 };
static const uint8_t bitmap_17[] = { 0x00, 0x00, 0x00, 0x80, 0x00, 0x80, 0x03, 0x80, 0x00, 0x80, 0x00, 0x80, 0x00, 0x80, 0x00, 0x80, 0x00, 0x80, 0x00, 0x80, 0x00, 0x80, 0x00, 0x80, 0x00, 0x80, 0x00, 0x80, 0x00, 0x00, 0x00, 0x00 };
static const uint8_t bitmap_18[] = { 0x00, 0x00, 0x01, 0x80, 0x02, 0x40, 0x04, 0x20, 0x04, 0x20, 0x00, 0x20, 0x00, 0x40, 0x00, 0x80, 0x00, 0x80, 0x01, 0x00, 0x02, 0x00, 0x02, 0x00, 0x04, 0x00, 0x07, 0xE0, 0x00, 0x00, 0x00, 0x00 };
static const uint8_t bitmap_19[] = { 0x00, 0x00, 0x01, 0x80, 0x02, 0x40, 0x04, 0x20, 0x04, 0x20, 0x00, 0x20, 0x00, 0x40, 0x01, 0x80, 0x00, 0x40, 0x00, 0x20, 0x04, 0x20, 0x04, 0x20, 0x02, 0x40, 0x01, 0x80, 0x00, 0x00, 0x00, 0x00 };
static const uint8_t bitmap_20[] = { 0x00, 0x00, 0x00, 0x40, 0x00, 0xC0, 0x00, 0xC0, 0x01, 0x40, 0x01, 0x40, 0x02, 0x40, 0x02, 0x40, 0x04, 0x40, 0x04, 0x40, 0x07, 0xE0, 0x00, 0x40, 0x00, 0x40, 0x00, 0x40, 0x00, 0x00, 0x00, 0x00 };
static const uint8_t bitmap_21[] = { 0x00, 0x00, 0x07, 0xC0, 0x04, 0x00, 0x04, 0x00, 0x04, 0x00, 0x05, 0x80, 0x06, 0x40, 0x04, 0x20, 0x00, 0x20, 0x00, 0x20, 0x04, 0x20, 0x04, 0x20, 0x02, 0x40, 0x01, 0x80, 0x00, 0x00, 0x00, 0x00 };
static const uint8_t bitmap_22[] = { 0x00, 0x00, 0x01, 0x80, 0x02, 0x40, 0x04, 0x20, 0x04, 0x20, 0x05, 0x80, 0x06, 0x40, 0x04, 0x20, 0x04, 0x20, 0x04, 0x20, 0x04, 0x20, 0x04, 0x20, 0x02, 0x40, 0x01, 0x80, 0x00, 0x00, 0x00, 0x00 };
static const uint8_t bitmap_23[] = { 0x00, 0x00, 0x07, 0xE0, 0x00, 0x20, 0x00, 0x20, 0x00, 0x40, 0x00, 0x40, 0x00, 0x80, 0x00, 0x80, 0x00, 0x80, 0x01, 0x00, 0x01, 0x00, 0x01, 0x00, 0x01, 0x00, 0x01, 0x00, 0x00, 0x00, 0x00, 0x00 };
static const uint8_t bitmap_24[] = { 0x00, 0x00, 0x01, 0x80, 0x02, 0x40, 0x04, 0x20, 0x04, 0x20, 0x04, 0x20, 0x02, 0x40, 0x01, 0x80, 0x02, 0x40, 0x04, 0x20, 0x04, 0x20, 0x04, 0x20, 0x02, 0x40, 0x01, 0x80, 0x00, 0x00, 0x00, 0x00 };
static const uint8_t bitmap_25[] = { 0x00, 0x00, 0x01, 0x80, 0x02, 0x40, 0x04, 0x20, 0x04, 0x20, 0x04, 0x20, 0x04, 0x20, 0x04, 0x20, 0x02, 0x60, 0x01, 0xA0, 0x04, 0x20, 0x04, 0x20, 0x02, 0x40, 0x01, 0x80, 0x00, 0x00, 0x00, 0x00 };
static const uint8_t bitmap_26[] = { 0x00, 0x00, 0x00, 0x00, 0x00, 0x00, 0x00, 0x00, 0x00, 0x00, 0x01, 0x80, 0x01, 0x80, 0x00, 0x00, 0x00, 0x00, 0x00, 0x00, 0x00, 0x00, 0x01, 0x80, 0x01, 0x80, 0x00, 0x00, 0x00, 0x00, 0x00, 0x00 };
static const uint8_t bitmap_27[] = { 0x00, 0x00, 0x00, 0x00, 0x00, 0x00, 0x00, 0x00, 0x00, 0x00, 0x01, 0x80, 0x01, 0x80, 0x00, 0x00, 0x00, 0x00, 0x00, 0x00, 0x00, 0x00, 0x01, 0x80, 0x01, 0x80, 0x00, 0x80, 0x00, 0x80, 0x01, 0x00 };
static const uint8_t bitmap_28[] = { 0x00, 0x00, 0x00, 0x20, 0x00, 0x40, 0x00, 0x80, 0x01, 0x00, 0x02, 0x00, 0x04, 0x00, 0x08, 0x00, 0x08, 0x00, 0x04, 0x00, 0x02, 0x00, 0x01, 0x00, 0x00, 0x80, 0x00, 0x40, 0x00, 0x20, 0x00, 0x00 };
static const uint8_t bitmap_29[] = { 0x00, 0x00, 0x00, 0x00, 0x00, 0x00, 0x00, 0x00, 0x00, 0x00, 0x00, 0x00, 0x0F, 0xE0, 0x00, 0x00, 0x00, 0x00, 0x0F, 0xE0, 0x00, 0x00, 0x00, 0x00, 0x00, 0x00, 0x00, 0x00, 0x00, 0x00, 0x00, 0x00 };
static const uint8_t bitmap_30[] = { 0x00, 0x00, 0x08, 0x00, 0x04, 0x00, 0x02, 0x00, 0x01, 0x00, 0x00, 0x80, 0x00, 0x40, 0x00, 0x20, 0x00, 0x20, 0x00, 0x40, 0x00, 0x80, 0x01, 0x00, 0x02, 0x00, 0x04, 0x00, 0x08, 0x00, 0x00, 0x00 };
static const uint8_t bitmap_31[] = { 0x00, 0x00, 0x03, 0x80, 0x04, 0x40, 0x08, 0x20, 0x08, 0x20, 0x00, 0x20, 0x00, 0x40, 0x00, 0x80, 0x01, 0x00, 0x01, 0x00, 0x00, 0x00, 0x00, 0x00, 0x03, 0x00, 0x03, 0x00, 0x00, 0x00, 0x00, 0x00 };
static const uint8_t bitmap_32[] = { 0x00, 0x00, 0x03, 0x80, 0x04, 0x40, 0x04, 0x40, 0x09, 0x20, 0x0A, 0xA0, 0x0A, 0xA0, 0x0A, 0xA0, 0x0A, 0xA0, 0x0A, 0xA0, 0x09, 0xC0, 0x04, 0x00, 0x04, 0x20, 0x03, 0xC0, 0x00, 0x00, 0x00, 0x00 };
static const uint8_t bitmap_33[] = { 0x00, 0x00, 0x01, 0x00, 0x01, 0x00, 0x02, 0x80, 0x02, 0x80, 0x02, 0x80, 0x04, 0x40, 0x04, 0x40, 0x04, 0x40, 0x07, 0xC0, 0x08, 0x20, 0x08, 0x20, 0x08, 0x20, 0x08, 0x20, 0x00, 0x00, 0x00, 0x00 };
static const uint8_t bitmap_34[] = { 0x00, 0x00, 0x0F, 0x00, 0x08, 0x80, 0x08, 0x40, 0x08, 0x40, 0x08, 0x40, 0x08, 0x80, 0x0F, 0xC0, 0x08, 0x40, 0x08, 0x20, 0x08, 0x20, 0x08, 0x20, 0x08, 0x40, 0x0F, 0x80, 0x00, 0x00, 0x00, 0x00 };
static const uint8_t bitmap_35[] = { 0x00, 0x00, 0x03, 0xC0, 0x04, 0x20, 0x04, 0x20, 0x08, 0x20, 0x08, 0x00, 0x08, 0x00, 0x08, 0x00, 0x08, 0x00, 0x08, 0x00, 0x08, 0x20, 0x04, 0x20, 0x04, 0x40, 0x03, 0x80, 0x00, 0x00, 0x00, 0x00 };
static const uint8_t bitmap_36[] = { 0x00, 0x00, 0x0F, 0x00, 0x08, 0x80, 0x08, 0x40, 0x08, 0x40, 0x08, 0x20, 0x08, 0x20, 0x08, 0x20, 0x08, 0x20, 0x08, 0x20, 0x08, 0x40, 0x08, 0x40, 0x08, 0x80, 0x0F, 0x00, 0x00, 0x00, 0x00, 0x00 };
static const uint8_t bitmap_37[] = { 0x00, 0x00, 0x0F, 0xE0, 0x08, 0x00, 0x08, 0x00, 0x08, 0x00, 0x08, 0x00, 0x08, 0x00, 0x0F, 0xC0, 0x08, 0x00, 0x08, 0x00, 0x08, 0x00, 0x08, 0x00, 0x08, 0x00, 0x0F, 0xE0, 0x00, 0x00, 0x00, 0x00 };
static const uint8_t bitmap_38[] = { 0x00, 0x00, 0x0F, 0xE0, 0x08, 0x00, 0x08, 0x00, 0x08, 0x00, 0x08, 0x00, 0x08, 0x00, 0x0F, 0xC0, 0x08, 0x00, 0x08, 0x00, 0x08, 0x00, 0x08, 0x00, 0x08, 0x00, 0x08, 0x00, 0x00, 0x00, 0x00, 0x00 };
static const uint8_t bitmap_39[] = { 0x00, 0x00, 0x03, 0xC0, 0x04, 0x20, 0x04, 0x20, 0x08, 0x20, 0x08, 0x00, 0x08, 0x00, 0x08, 0x00, 0x09, 0xE0, 0x08, 0x20, 0x08, 0x20, 0x04, 0x20, 0x04, 0x60, 0x03, 0xA0, 0x00, 0x00, 0x00, 0x00 };
static const uint8_t bitmap_40[] = { 0x00, 0x00, 0x08, 0x20, 0x08, 0x20, 0x08, 0x20, 0x08, 0x20, 0x08, 0x20, 0x08, 0x20, 0x0F, 0xE0, 0x08, 0x20, 0x08, 0x20, 0x08, 0x20, 0x08, 0x20, 0x08, 0x20, 0x08, 0x20, 0x00, 0x00, 0x00, 0x00 };
static const uint8_t bitmap_41[] = { 0x00, 0x00, 0x01, 0x00, 0x01, 0x00, 0x01, 0x00, 0x01, 0x00, 0x01, 0x00, 0x01, 0x00, 0x01, 0x00, 0x01, 0x00, 0x01, 0x00, 0x01, 0x00, 0x01, 0x00, 0x01, 0x00, 0x01, 0x00, 0x00, 0x00, 0x00, 0x00 };
static const uint8_t bitmap_42[] = { 0x00, 0x00, 0x00, 0x20, 0x00, 0x20, 0x00, 0x20, 0x00, 0x20, 0x00, 0x20, 0x00, 0x20, 0x00, 0x20, 0x00, 0x20, 0x00, 0x20, 0x08, 0x20, 0x08, 0x20, 0x04, 0x40, 0x03, 0x80, 0x00, 0x00, 0x00, 0x00 };
static const uint8_t bitmap_43[] = { 0x00, 0x00, 0x08, 0x20, 0x08, 0x40, 0x08, 0x80, 0x09, 0x00, 0x0A, 0x00, 0x0C, 0x00, 0x08, 0x00, 0x0C, 0x00, 0x0A, 0x00, 0x09, 0x00, 0x08, 0x80, 0x08, 0x40, 0x08, 0x20, 0x00, 0x00, 0x00, 0x00 };
static const uint8_t bitmap_44[] = { 0x00, 0x00, 0x08, 0x00, 0x08, 0x00, 0x08, 0x00, 0x08, 0x00, 0x08, 0x00, 0x08, 0x00, 0x08, 0x00, 0x08, 0x00, 0x08, 0x00, 0x08, 0x00, 0x08, 0x00, 0x08, 0x00, 0x0F, 0xE0, 0x00, 0x00, 0x00, 0x00 };
static const uint8_t bitmap_45[] = { 0x00, 0x00, 0x08, 0x20, 0x08, 0x20, 0x0C, 0x60, 0x0C, 0x60, 0x0A, 0xA0, 0x0A, 0xA0, 0x0A, 0xA0, 0x09, 0x20, 0x09, 0x20, 0x08, 0x20, 0x08, 0x20, 0x08, 0x20, 0x08, 0x20, 0x00, 0x00, 0x00, 0x00 };
static const uint8_t bitmap_46[] = { 0x00, 0x00, 0x08, 0x20, 0x0C, 0x20, 0x0C, 0x20, 0x0A, 0x20, 0x0A, 0x20, 0x09, 0x20, 0x09, 0x20, 0x08, 0xA0, 0x08, 0xA0, 0x08, 0x60, 0x08, 0x60, 0x08, 0x20, 0x08, 0x20, 0x00, 0x00, 0x00, 0x00 };
static const uint8_t bitmap_47[] = { 0x00, 0x00, 0x03, 0x80, 0x04, 0x40, 0x04, 0x40, 0x08, 0x20, 0x08, 0x20, 0x08, 0x20, 0x08, 0x20, 0x08, 0x20, 0x08, 0x20, 0x08, 0x20, 0x04, 0x40, 0x04, 0x40, 0x03, 0x80, 0x00, 0x00, 0x00, 0x00 };
static const uint8_t bitmap_48[] = { 0x00, 0x00, 0x0F, 0x80, 0x08, 0x40, 0x08, 0x20, 0x08, 0x20, 0x08, 0x20, 0x08, 0x20, 0x08, 0x40, 0x0F, 0x80, 0x08, 0x00, 0x08, 0x00, 0x08, 0x00, 0x08, 0x00, 0x08, 0x00, 0x00, 0x00, 0x00, 0x00 };
static const uint8_t bitmap_49[] = { 0x00, 0x00, 0x03, 0x80, 0x04, 0x40, 0x04, 0x40, 0x08, 0x20, 0x08, 0x20, 0x08, 0x20, 0x09, 0x20, 0x09, 0x20, 0x08, 0xA0, 0x08, 0xA0, 0x04, 0x40, 0x04, 0x40, 0x03, 0xA0, 0x00, 0x20, 0x00, 0x00 };
static const uint8_t bitmap_50[] = { 0x00, 0x00, 0x0F, 0x80, 0x08, 0x40, 0x08, 0x20, 0x08, 0x20, 0x08, 0x20, 0x08, 0x40, 0x0F, 0x80, 0x08, 0x40, 0x08, 0x40, 0x08, 0x20, 0x08, 0x20, 0x08, 0x20, 0x08, 0x20, 0x00, 0x00, 0x00, 0x00 };
static const uint8_t bitmap_51[] = { 0x00, 0x00, 0x03, 0x80, 0x04, 0x40, 0x08, 0x20, 0x08, 0x20, 0x08, 0x00, 0x04, 0x00, 0x03, 0x80, 0x00, 0x40, 0x00, 0x20, 0x08, 0x20, 0x08, 0x20, 0x04, 0x40, 0x03, 0x80, 0x00, 0x00, 0x00, 0x00 };
static const uint8_t bitmap_52[] = { 0x00, 0x00, 0x0F, 0xE0, 0x01, 0x00, 0x01, 0x00, 0x01, 0x00, 0x01, 0x00, 0x01, 0x00, 0x01, 0x00, 0x01, 0x00, 0x01, 0x00, 0x01, 0x00, 0x01, 0x00, 0x01, 0x00, 0x01, 0x00, 0x00, 0x00, 0x00, 0x00 };
static const uint8_t bitmap_53[] = { 0x00, 0x00, 0x08, 0x20, 0x08, 0x20, 0x08, 0x20, 0x08, 0x20, 0x08, 0x20, 0x08, 0x20, 0x08, 0x20, 0x08, 0x20, 0x08, 0x20, 0x08, 0x20, 0x08, 0x20, 0x04, 0x40, 0x03, 0x80, 0x00, 0x00, 0x00, 0x00 };
static const uint8_t bitmap_54[] = { 0x00, 0x00, 0x08, 0x20, 0x08, 0x20, 0x08, 0x20, 0x08, 0x20, 0x04, 0x40, 0x04, 0x40, 0x04, 0x40, 0x04, 0x40, 0x02, 0x80, 0x02, 0x80, 0x02, 0x80, 0x01, 0x00, 0x01, 0x00, 0x00, 0x00, 0x00, 0x00 };
static const uint8_t bitmap_55[] = { 0x00, 0x00, 0x09, 0x20, 0x09, 0x20, 0x09, 0x20, 0x09, 0x20, 0x09, 0x20, 0x09, 0x20, 0x09, 0x20, 0x09, 0x20, 0x05, 0x40, 0x05, 0x40, 0x06, 0xC0, 0x06, 0xC0, 0x06, 0xC0, 0x00, 0x00, 0x00, 0x00 };
static const uint8_t bitmap_56[] = { 0x00, 0x00, 0x08, 0x20, 0x08, 0x20, 0x04, 0x40, 0x04, 0x40, 0x02, 0x80, 0x02, 0x80, 0x01, 0x00, 0x02, 0x80, 0x02, 0x80, 0x04, 0x40, 0x04, 0x40, 0x08, 0x20, 0x08, 0x20, 0x00, 0x00, 0x00, 0x00 };
static const uint8_t bitmap_57[] = { 0x00, 0x00, 0x08, 0x20, 0x08, 0x20, 0x08, 0x20, 0x04, 0x40, 0x04, 0x40, 0x02, 0x80, 0x02, 0x80, 0x01, 0x00, 0x01, 0x00, 0x01, 0x00, 0x01, 0x00, 0x01, 0x00, 0x01, 0x00, 0x00, 0x00, 0x00, 0x00 };
static const uint8_t bitmap_58[] = { 0x00, 0x00, 0x0F, 0xE0, 0x00, 0x20, 0x00, 0x40, 0x00, 0x40, 0x00, 0x80, 0x00, 0x80, 0x01, 0x00, 0x02, 0x00, 0x02, 0x00, 0x04, 0x00, 0x04, 0x00, 0x08, 0x00, 0x0F, 0xE0, 0x00, 0x00, 0x00, 0x00 };
static const uint8_t bitmap_59[] = { 0x03, 0xE0, 0x02, 0x00, 0x02, 0x00, 0x02, 0x00, 0x02, 0x00, 0x02, 0x00, 0x02, 0x00, 0x02, 0x00, 0x02, 0x00, 0x02, 0x00, 0x02, 0x00, 0x02, 0x00, 0x02, 0x00, 0x03, 0xE0, 0x00, 0x00, 0x00, 0x00 };
static const uint8_t bitmap_60[] = { 0x08, 0x00, 0x08, 0x00, 0x04, 0x00, 0x04, 0x00, 0x02, 0x00, 0x02, 0x00, 0x02, 0x00, 0x01, 0x00, 0x01, 0x00, 0x00, 0x80, 0x00, 0x80, 0x00, 0x80, 0x00, 0x40, 0x00, 0x40, 0x00, 0x20, 0x00, 0x20 };
static const uint8_t bitmap_61[] = { 0x07, 0xC0, 0x00, 0x40, 0x00, 0x40, 0x00, 0x40, 0x00, 0x40, 0x00, 0x40, 0x00, 0x40, 0x00, 0x40, 0x00, 0x40, 0x00, 0x40, 0x00, 0x40, 0x00, 0x40, 0x00, 0x40, 0x07, 0xC0, 0x00, 0x00, 0x00, 0x00 };
static const uint8_t bitmap_62[] = { 0x00, 0x00, 0x00, 0x00, 0x00, 0x00, 0x00, 0x00, 0x00, 0x00, 0x00, 0x00, 0x00, 0x00, 0x00, 0x00, 0x00, 0x00, 0x00, 0x00, 0x00, 0x00, 0x00, 0x00, 0x00, 0x00, 0x00, 0x00, 0x0F, 0xE0, 0x00, 0x00 };
static const uint8_t bitmap_63[] = { 0x00, 0x00, 0x00, 0x80, 0x01, 0x00, 0x01, 0x00, 0x01, 0x80, 0x01, 0x80, 0x00, 0x00, 0x00, 0x00, 0x00, 0x00, 0x00, 0x00, 0x00, 0x00, 0x00, 0x00, 0x00, 0x00, 0x00, 0x00, 0x00, 0x00, 0x00, 0x00 };
static const uint8_t bitmap_64[] = { 0x00, 0x00, 0x00, 0x00, 0x00, 0x00, 0x00, 0x00, 0x00, 0x00, 0x07, 0x80, 0x00, 0x40, 0x00, 0x20, 0x00, 0x20, 0x07, 0xE0, 0x08, 0x20, 0x08, 0x20, 0x08, 0x60, 0x07, 0xA0, 0x00, 0x00, 0x00, 0x00 };
static const uint8_t bitmap_65[] = { 0x08, 0x00, 0x08, 0x00, 0x08, 0x00, 0x08, 0x00, 0x08, 0x00, 0x0B, 0x80, 0x0C, 0x40, 0x08, 0x20, 0x08, 0x20, 0x08, 0x20, 0x08, 0x20, 0x08, 0x20, 0x0C, 0x40, 0x0B, 0x80, 0x00, 0x00, 0x00, 0x00 };
static const uint8_t bitmap_66[] = { 0x00, 0x00, 0x00, 0x00, 0x00, 0x00, 0x00, 0x00, 0x00, 0x00, 0x03, 0xC0, 0x04, 0x20, 0x08, 0x20, 0x08, 0x00, 0x08, 0x00, 0x08, 0x00, 0x08, 0x20, 0x04, 0x20, 0x03, 0xC0, 0x00, 0x00, 0x00, 0x00 };
static const uint8_t bitmap_67[] = { 0x00, 0x20, 0x00, 0x20, 0x00, 0x20, 0x00, 0x20, 0x00, 0x20, 0x03, 0xA0, 0x04, 0x60, 0x08, 0x20, 0x08, 0x20, 0x08, 0x20, 0x08, 0x20, 0x08, 0x20, 0x04, 0x60, 0x03, 0xA0, 0x00, 0x00, 0x00, 0x00 };
static const uint8_t bitmap_68[] = { 0x00, 0x00, 0x00, 0x00, 0x00, 0x00, 0x00, 0x00, 0x00, 0x00, 0x03, 0x80, 0x04, 0x40, 0x08, 0x20, 0x08, 0x20, 0x0F, 0xE0, 0x08, 0x00, 0x08, 0x00, 0x04, 0x60, 0x03, 0xC0, 0x00, 0x00, 0x00, 0x00 };
static const uint8_t bitmap_69[] = { 0x00, 0x60, 0x00, 0x80, 0x01, 0x00, 0x01, 0x00, 0x01, 0x00, 0x0F, 0xE0, 0x01, 0x00, 0x01, 0x00, 0x01, 0x00, 0x01, 0x00, 0x01, 0x00, 0x01, 0x00, 0x01, 0x00, 0x01, 0x00, 0x00, 0x00, 0x00, 0x00 };
static const uint8_t bitmap_70[] = { 0x00, 0x00, 0x00, 0x00, 0x00, 0x00, 0x00, 0x00, 0x00, 0x00, 0x03, 0xA0, 0x04, 0x60, 0x08, 0x20, 0x08, 0x20, 0x08, 0x20, 0x08, 0x20, 0x08, 0x20, 0x04, 0x60, 0x03, 0xA0, 0x0C, 0x40, 0x07, 0x80 };
static const uint8_t bitmap_71[] = { 0x08, 0x00, 0x08, 0x00, 0x08, 0x00, 0x08, 0x00, 0x08, 0x00, 0x0B, 0x80, 0x0C, 0x40, 0x08, 0x20, 0x08, 0x20, 0x08, 0x20, 0x08, 0x20, 0x08, 0x20, 0x08, 0x20, 0x08, 0x20, 0x00, 0x00, 0x00, 0x00 };
static const uint8_t bitmap_72[] = { 0x00, 0x00, 0x01, 0x00, 0x01, 0x00, 0x00, 0x00, 0x00, 0x00, 0x01, 0x00, 0x01, 0x00, 0x01, 0x00, 0x01, 0x00, 0x01, 0x00, 0x01, 0x00, 0x01, 0x00, 0x01, 0x00, 0x01, 0x00, 0x00, 0x00, 0x00, 0x00 };
static const uint8_t bitmap_73[] = { 0x00, 0x00, 0x00, 0x20, 0x00, 0x20, 0x00, 0x00, 0x00, 0x00, 0x00, 0x20, 0x00, 0x20, 0x00, 0x20, 0x00, 0x20, 0x00, 0x20, 0x00, 0x20, 0x00, 0x20, 0x08, 0x20, 0x08, 0x20, 0x04, 0x40, 0x03, 0x80 };
static const uint8_t bitmap_74[] = { 0x08, 0x00, 0x08, 0x00, 0x08, 0x00, 0x08, 0x00, 0x08, 0x00, 0x08, 0x20, 0x08, 0x40, 0x08, 0x80, 0x09, 0x00, 0x0E, 0x00, 0x09, 0x00, 0x08, 0x80, 0x08, 0x40, 0x08, 0x20, 0x00, 0x00, 0x00, 0x00 };
static const uint8_t bitmap_75[] = { 0x01, 0x00, 0x01, 0x00, 0x01, 0x00, 0x01, 0x00, 0x01, 0x00, 0x01, 0x00, 0x01, 0x00, 0x01, 0x00, 0x01, 0x00, 0x01, 0x00, 0x01, 0x00, 0x01, 0x00, 0x01, 0x00, 0x01, 0x00, 0x00, 0x00, 0x00, 0x00 };
static const uint8_t bitmap_76[] = { 0x00, 0x00, 0x00, 0x00, 0x00, 0x00, 0x00, 0x00, 0x00, 0x00, 0x0E, 0xC0, 0x09, 0x20, 0x09, 0x20, 0x09, 0x20, 0x09, 0x20, 0x09, 0x20, 0x09, 0x20, 0x09, 0x20, 0x09, 0x20, 0x00, 0x00, 0x00, 0x00 };
static const uint8_t bitmap_77[] = { 0x00, 0x00, 0x00, 0x00, 0x00, 0x00, 0x00, 0x00, 0x00, 0x00, 0x0B, 0x80, 0x0C, 0x40, 0x08, 0x20, 0x08, 0x20, 0x08, 0x20, 0x08, 0x20, 0x08, 0x20, 0x08, 0x20, 0x08, 0x20, 0x00, 0x00, 0x00, 0x00 };
static const uint8_t bitmap_78[] = { 0x00, 0x00, 0x00, 0x00, 0x00, 0x00, 0x00, 0x00, 0x00, 0x00, 0x03, 0x80, 0x04, 0x40, 0x08, 0x20, 0x08, 0x20, 0x08, 0x20, 0x08, 0x20, 0x08, 0x20, 0x04, 0x40, 0x03, 0x80, 0x00, 0x00, 0x00, 0x00 };
static const uint8_t bitmap_79[] = { 0x00, 0x00, 0x00, 0x00, 0x00, 0x00, 0x00, 0x00, 0x00, 0x00, 0x0B, 0x80, 0x0C, 0x40, 0x08, 0x20, 0x08, 0x20, 0x08, 0x20, 0x08, 0x20, 0x08, 0x20, 0x0C, 0x40, 0x0B, 0x80, 0x08, 0x00, 0x08, 0x00 };
static const uint8_t bitmap_80[] = { 0x00, 0x00, 0x00, 0x00, 0x00, 0x00, 0x00, 0x00, 0x00, 0x00, 0x03, 0xA0, 0x04, 0x60, 0x08, 0x20, 0x08, 0x20, 0x08, 0x20, 0x08, 0x20, 0x08, 0x20, 0x04, 0x60, 0x03, 0xA0, 0x00, 0x20, 0x00, 0x20 };
static const uint8_t bitmap_81[] = { 0x00, 0x00, 0x00, 0x00, 0x00, 0x00, 0x00, 0x00, 0x00, 0x00, 0x0B, 0x80, 0x0C, 0x40, 0x08, 0x20, 0x08, 0x20, 0x08, 0x00, 0x08, 0x00, 0x08, 0x00, 0x08, 0x00, 0x08, 0x00, 0x00, 0x00, 0x00, 0x00 };
static const uint8_t bitmap_82[] = { 0x00, 0x00, 0x00, 0x00, 0x00, 0x00, 0x00, 0x00, 0x00, 0x00, 0x07, 0xC0, 0x08, 0x20, 0x08, 0x20, 0x04, 0x00, 0x03, 0x80, 0x00, 0x40, 0x08, 0x20, 0x08, 0x20, 0x07, 0xC0, 0x00, 0x00, 0x00, 0x00 };
static const uint8_t bitmap_83[] = { 0x00, 0x00, 0x00, 0x00, 0x02, 0x00, 0x02, 0x00, 0x02, 0x00, 0x0F, 0xE0, 0x02, 0x00, 0x02, 0x00, 0x02, 0x00, 0x02, 0x00, 0x02, 0x00, 0x02, 0x00, 0x01, 0x00, 0x00, 0xE0, 0x00, 0x00, 0x00, 0x00 };
static const uint8_t bitmap_84[] = { 0x00, 0x00, 0x00, 0x00, 0x00, 0x00, 0x00, 0x00, 0x00, 0x00, 0x08, 0x20, 0x08, 0x20, 0x08, 0x20, 0x08, 0x20, 0x08, 0x20, 0x08, 0x20, 0x08, 0x20, 0x04, 0x60, 0x03, 0xA0, 0x00, 0x00, 0x00, 0x00 };
static const uint8_t bitmap_85[] = { 0x00, 0x00, 0x00, 0x00, 0x00, 0x00, 0x00, 0x00, 0x00, 0x00, 0x08, 0x20, 0x08, 0x20, 0x08, 0x20, 0x04, 0x40, 0x04, 0x40, 0x02, 0x80, 0x02, 0x80, 0x01, 0x00, 0x01, 0x00, 0x00, 0x00, 0x00, 0x00 };
static const uint8_t bitmap_86[] = { 0x00, 0x00, 0x00, 0x00, 0x00, 0x00, 0x00, 0x00, 0x00, 0x00, 0x09, 0x20, 0x09, 0x20, 0x09, 0x20, 0x09, 0x20, 0x09, 0x20, 0x05, 0x40, 0x05, 0x40, 0x06, 0xC0, 0x06, 0xC0, 0x00, 0x00, 0x00, 0x00 };
static const uint8_t bitmap_87[] = { 0x00, 0x00, 0x00, 0x00, 0x00, 0x00, 0x00, 0x00, 0x00, 0x00, 0x08, 0x20, 0x04, 0x40, 0x04, 0x40, 0x02, 0x80, 0x01, 0x00, 0x02, 0x80, 0x04, 0x40, 0x04, 0x40, 0x08, 0x20, 0x00, 0x00, 0x00, 0x00 };
static const uint8_t bitmap_88[] = { 0x00, 0x00, 0x00, 0x00, 0x00, 0x00, 0x00, 0x00, 0x00, 0x00, 0x08, 0x20, 0x08, 0x20, 0x04, 0x40, 0x04, 0x40, 0x02, 0x80, 0x02, 0x80, 0x01, 0x00, 0x01, 0x00, 0x02, 0x00, 0x0A, 0x00, 0x0C, 0x00 };
static const uint8_t bitmap_89[] = { 0x00, 0x00, 0x00, 0x00, 0x00, 0x00, 0x00, 0x00, 0x00, 0x00, 0x0F, 0xE0, 0x00, 0x20, 0x00, 0x40, 0x00, 0x80, 0x01, 0x00, 0x02, 0x00, 0x04, 0x00, 0x08, 0x00, 0x0F, 0xE0, 0x00, 0x00, 0x00, 0x00 };
static const uint8_t bitmap_90[] = { 0x00, 0x00, 0x00, 0x60, 0x00, 0x80, 0x01, 0x00, 0x01, 0x00, 0x01, 0x00, 0x01, 0x00, 0x06, 0x00, 0x01, 0x00, 0x01, 0x00, 0x01, 0x00, 0x01, 0x00, 0x00, 0x80, 0x00, 0x60, 0x00, 0x00, 0x00, 0x00 };
static const uint8_t bitmap_91[] = { 0x01, 0x00, 0x01, 0x00, 0x01, 0x00, 0x01, 0x00, 0x01, 0x00, 0x01, 0x00, 0x01, 0x00, 0x01, 0x00, 0x01, 0x00, 0x01, 0x00, 0x01, 0x00, 0x01, 0x00, 0x01, 0x00, 0x01, 0x00, 0x01, 0x00, 0x01, 0x00 };
static const uint8_t bitmap_92[] = { 0x00, 0x00, 0x06, 0x00, 0x01, 0x00, 0x00, 0x80, 0x00, 0x80, 0x00, 0x80, 0x00, 0x80, 0x00, 0x60, 0x00, 0x80, 0x00, 0x80, 0x00, 0x80, 0x00, 0x80, 0x01, 0x00, 0x06, 0x00, 0x00, 0x00, 0x00, 0x00 };
static const uint8_t bitmap_93[] = { 0x00, 0x00, 0x07, 0x20, 0x08, 0xC0, 0x00, 0x00, 0x00, 0x00, 0x00, 0x00, 0x00, 0x00, 0x00, 0x00, 0x00, 0x00, 0x00, 0x00, 0x00, 0x00, 0x00, 0x00, 0x00, 0x00, 0x00, 0x00, 0x00, 0x00, 0x00, 0x00 };
static const uint8_t bitmap_94[] = { 0x00, 0x00, 0x00, 0x00, 0x00, 0x00, 0x00, 0x00, 0x00, 0x00, 0x00, 0x00, 0x00, 0x00, 0x80, 0xFE, 0x7F, 0x00, 0x00, 0x00, 0x00, 0x00, 0x00, 0x00, 0x00, 0x00, 0x00, 0x00, 0x00, 0x00, 0x00, 0x00 };
static const uint8_t bitmap_95[] = { 0x00, 0x00, 0x80, 0xFE, 0x7F, 0x00, 0x01, 0x00, 0x01, 0x00, 0x01, 0x00, 0x01, 0x00, 0x01, 0x00, 0x01, 0x00, 0x01, 0x00, 0x01, 0x00, 0x01, 0x00, 0x01, 0x00, 0x05, 0x00, 0x03, 0x00, 0x02, 0x00 };
static const uint8_t bitmap_96[] = { 0x18, 0x00, 0x08, 0x00, 0x08, 0x00, 0x08, 0x00, 0x08, 0x0E, 0x08, 0xF0, 0x8F, 0x00, 0x78, 0x00, 0x08, 0x00, 0x08, 0x00, 0x08, 0x00, 0x08, 0x08, 0x08, 0x08, 0x04, 0x08, 0x03, 0xFC, 0x00, 0x00 };
static const uint8_t bitmap_97[] = { 0x00, 0x00, 0x00, 0x00, 0x81, 0xFE, 0x7E, 0x00, 0x02, 0x00, 0x02, 0x00, 0x02, 0x78, 0x03, 0x90, 0x02, 0x10, 0x04, 0x10, 0x04, 0x10, 0x04, 0x20, 0x08, 0x20, 0x09, 0x20, 0x10, 0xC0, 0x60, 0x80 };
static const uint8_t bitmap_98[] = { 0x01, 0x80, 0x00, 0x80, 0x00, 0x80, 0x80, 0xFE, 0x7F, 0x80, 0x00, 0x80, 0x18, 0x80, 0x06, 0x80, 0x01, 0x00, 0x01, 0x80, 0x02, 0x40, 0x02, 0x20, 0x04, 0x10, 0x08, 0x08, 0x30, 0x04, 0xC0, 0x02 };
static const uint8_t bitmap_99[] = { 0x00, 0x00, 0x20, 0xF8, 0x1F, 0x00, 0x00, 0x00, 0x00, 0x00, 0x00, 0x00, 0x10, 0xF0, 0x0F, 0x00, 0x00, 0x00, 0x00, 0x00, 0x00, 0x00, 0x00, 0x00, 0x81, 0xFE, 0x7E, 0x00, 0x00, 0x00, 0x00, 0x00 };
static const uint8_t bitmap_100[] = { 0x06, 0x00, 0x02, 0x00, 0x02, 0x00, 0x02, 0x00, 0x02, 0x00, 0x02, 0xF8, 0x03, 0x00, 0x02, 0x00, 0x02, 0x00, 0x02, 0x00, 0x02, 0x00, 0x02, 0x00, 0x02, 0x00, 0x83, 0xFE, 0x7C, 0x00, 0x00, 0x00 };
static const uint8_t bitmap_101[] = { 0x00, 0x00, 0x80, 0xFE, 0x7F, 0x00, 0x01, 0x00, 0x01, 0x00, 0x01, 0xC0, 0x01, 0x20, 0x01, 0x10, 0x01, 0x08, 0x01, 0x00, 0x01, 0x00, 0x01, 0x00, 0x01, 0x00, 0x01, 0x00, 0x01, 0x00, 0x01, 0x00 };
static const uint8_t bitmap_102[] = { 0x00, 0x00, 0x80, 0xFE, 0x7F, 0x40, 0x00, 0x80, 0x01, 0x00, 0x03, 0x40, 0x05, 0x30, 0x09, 0x08, 0x11, 0x04, 0x21, 0x02, 0xC1, 0x00, 0x01, 0x00, 0x01, 0x00, 0x01, 0x00, 0x01, 0x00, 0x01, 0x00 };
static const uint8_t bitmap_103[] = { 0x04, 0x00, 0x04, 0x78, 0x07, 0x80, 0x04, 0x00, 0x04, 0x00, 0x08, 0x7C, 0x0F, 0x88, 0x18, 0x08, 0x00, 0x08, 0x81, 0xC8, 0x7E, 0x08, 0x00, 0x10, 0x00, 0x10, 0x00, 0xA0, 0x00, 0x60, 0x00, 0x40 };
static const uint8_t bitmap_104[] = { 0x00, 0x00, 0x80, 0xFE, 0x7F, 0x00, 0x01, 0x00, 0x01, 0x38, 0x31, 0xC0, 0x11, 0x00, 0x11, 0x00, 0x11, 0xFE, 0x3F, 0x04, 0x20, 0x04, 0x00, 0x08, 0x00, 0x08, 0x00, 0x50, 0x00, 0x30, 0x00, 0x20 };
static const uint8_t bitmap_105[] = { 0x00, 0x00, 0x41, 0xF0, 0x3E, 0x20, 0x02, 0x20, 0x02, 0x20, 0x02, 0x20, 0x43, 0xE0, 0x3E, 0x20, 0x02, 0x20, 0x04, 0x20, 0x04, 0x20, 0x04, 0x20, 0x04, 0x20, 0x85, 0xFE, 0x7E, 0x00, 0x00, 0x00 };
static const uint8_t bitmap_106[] = { 0x01, 0x00, 0x01, 0x00, 0x01, 0x00, 0x21, 0xF8, 0x1E, 0x00, 0x02, 0x00, 0x83, 0xFE, 0x7C, 0x00, 0x04, 0x00, 0x04, 0xF8, 0x0F, 0x10, 0x08, 0x20, 0x02, 0x40, 0x01, 0x80, 0x00, 0x40, 0x00, 0x40 };
static const uint8_t bitmap_107[] = { 0x00, 0x00, 0x18, 0xF0, 0x0F, 0x20, 0x08, 0x20, 0x08, 0x20, 0x08, 0xE0, 0x0F, 0x20, 0x08, 0x20, 0x08, 0x20, 0x09, 0xE0, 0x0E, 0x20, 0x08, 0x20, 0x08, 0x20, 0x89, 0xFE, 0x7E, 0x00, 0x00, 0x00 };
static const uint8_t bitmap_108[] = { 0x33, 0x30, 0x11, 0x10, 0x11, 0x10, 0x11, 0x10, 0x11, 0x10, 0x91, 0xFE, 0x7F, 0x10, 0x11, 0x10, 0x11, 0x30, 0x11, 0xD0, 0x11, 0x10, 0x10, 0x00, 0x10, 0x00, 0x10, 0xFE, 0x1F, 0x00, 0x10, 0x00 };
static const uint8_t bitmap_109[] = { 0x00, 0x30, 0x00, 0x40, 0x31, 0x80, 0x1E, 0x00, 0x10, 0x00, 0x10, 0x00, 0x10, 0xF8, 0x1F, 0x40, 0x10, 0x40, 0x10, 0x40, 0x10, 0x40, 0x10, 0x40, 0x10, 0x40, 0x91, 0xFE, 0x7E, 0x00, 0x00, 0x00 };
static const uint8_t bitmap_110[] = { 0x00, 0x00, 0x80, 0xFE, 0x7F, 0x00, 0x01, 0x00, 0x01, 0x00, 0x61, 0xFC, 0x3F, 0x08, 0x21, 0x88, 0x22, 0x48, 0x22, 0x28, 0x24, 0x28, 0x28, 0x18, 0x30, 0x08, 0x20, 0x28, 0x20, 0x18, 0x20, 0x10 };
static const uint8_t bitmap_111[] = { 0x00, 0xC0, 0x0C, 0x40, 0x04, 0x40, 0x04, 0x40, 0x04, 0x48, 0x44, 0x48, 0x24, 0x48, 0x24, 0x50, 0x14, 0x50, 0x14, 0x40, 0x04, 0x40, 0x04, 0x40, 0x04, 0x40, 0x85, 0xFE, 0x7E, 0x00, 0x00, 0x00 };
static const uint8_t bitmap_112[] = { 0x18, 0x60, 0x08, 0x20, 0x08, 0x20, 0x08, 0x20, 0x08, 0x20, 0x08, 0x20, 0x14, 0x50, 0x12, 0x48, 0x22, 0x84, 0x20, 0x84, 0x41, 0x02, 0x86, 0x02, 0x18, 0x00, 0x80, 0xFE, 0x7F, 0x00, 0x00, 0x00 };
static const uint8_t bitmap_113[] = { 0x02, 0x00, 0x02, 0x00, 0x02, 0x00, 0x84, 0xFE, 0x7F, 0x00, 0x08, 0x00, 0x0B, 0x00, 0x11, 0x00, 0x11, 0xF8, 0x3F, 0x00, 0x21, 0x30, 0x09, 0x08, 0x11, 0x04, 0x25, 0x02, 0xC3, 0x02, 0x02, 0x00 };
static const uint8_t bitmap_114[] = { 0x08, 0x20, 0x08, 0x20, 0x08, 0x24, 0x12, 0x44, 0x12, 0x48, 0x3E, 0xF8, 0x65, 0x90, 0x04, 0x10, 0x08, 0x20, 0x0B, 0x26, 0x1C, 0x78, 0x61, 0x80, 0x00, 0x00, 0x80, 0xFE, 0x7F, 0x00, 0x00, 0x00 };
static const uint8_t bitmap_115[] = { 0x00, 0x30, 0x00, 0xC0, 0x03, 0x00, 0x3D, 0x00, 0x01, 0x00, 0x41, 0xFC, 0x3F, 0x00, 0x01, 0x00, 0x81, 0xFE, 0x7E, 0x40, 0x02, 0x20, 0x04, 0x10, 0x04, 0x78, 0x0B, 0x84, 0x7C, 0x04, 0x00, 0x00 };
static const uint8_t bitmap_116[] = { 0x00, 0x00, 0x80, 0xFE, 0x7F, 0x40, 0x04, 0x40, 0x04, 0x40, 0xC4, 0xFE, 0x7F, 0x44, 0x44, 0x44, 0x44, 0x44, 0x4A, 0x64, 0x49, 0x94, 0x48, 0x8C, 0x51, 0x04, 0x62, 0x14, 0x40, 0x0C, 0x40, 0x08 };
static const uint8_t bitmap_117[] = { 0x00, 0x00, 0x61, 0xFE, 0x3E, 0x48, 0x12, 0x48, 0x0A, 0x50, 0x0A, 0x50, 0x63, 0xFE, 0x3E, 0x00, 0x20, 0x00, 0x20, 0x00, 0x20, 0x00, 0x20, 0x00, 0x40, 0x00, 0x40, 0x00, 0x80, 0x00, 0x00, 0x00 };
static const uint8_t bitmap_118[] = { 0x03, 0x00, 0x01, 0x00, 0x41, 0xFC, 0x3F, 0x00, 0x01, 0x10, 0x11, 0x10, 0x09, 0x20, 0x09, 0x40, 0x81, 0xFE, 0x7E, 0x08, 0x09, 0x88, 0x08, 0x50, 0x08, 0xA0, 0x0B, 0x18, 0x0C, 0x04, 0x70, 0x02 };
static const uint8_t bitmap_119[] = { 0x01, 0x00, 0x01, 0x80, 0x02, 0x40, 0x02, 0x20, 0x04, 0x10, 0x0B, 0x08, 0x11, 0x04, 0x21, 0x02, 0xC1, 0x00, 0x01, 0x00, 0x01, 0x00, 0x01, 0x00, 0x01, 0x00, 0x01, 0x00, 0x01, 0x00, 0x01, 0x00 };
static const uint8_t bitmap_120[] = { 0x00, 0x18, 0x60, 0x10, 0x10, 0x20, 0x08, 0x20, 0x04, 0x40, 0x02, 0x80, 0x01, 0x00, 0x01, 0x00, 0x01, 0x00, 0x01, 0x00, 0x01, 0x00, 0x01, 0x00, 0x01, 0x00, 0x01, 0x00, 0x01, 0x00, 0x01, 0x00 };
static const uint8_t bitmap_121[] = { 0x03, 0x00, 0x01, 0x00, 0x01, 0x00, 0xC1, 0xFE, 0x7F, 0x04, 0x41, 0x04, 0x41, 0x04, 0x41, 0x04, 0x41, 0xFC, 0x7F, 0x04, 0x41, 0x00, 0x01, 0x00, 0x01, 0x00, 0x01, 0x00, 0x01, 0x00, 0x01, 0x00 };
static const uint8_t bitmap_122[] = { 0x03, 0x00, 0x01, 0x00, 0x21, 0xF8, 0x1F, 0x00, 0x01, 0x00, 0x01, 0x00, 0x11, 0xF0, 0x0F, 0x00, 0x01, 0x00, 0x01, 0x00, 0x81, 0xFE, 0x7F, 0x00, 0x01, 0x00, 0x01, 0x00, 0x01, 0x00, 0x01, 0x00 };
static const uint8_t bitmap_123[] = { 0x03, 0x00, 0x01, 0x00, 0x61, 0xFC, 0x3F, 0x08, 0x21, 0x08, 0x21, 0xF8, 0x3F, 0x08, 0x21, 0x00, 0xC1, 0xFE, 0x7F, 0x04, 0x41, 0x04, 0x41, 0xFC, 0x7F, 0x04, 0x41, 0x00, 0x01, 0x00, 0x01, 0x00 };
static const uint8_t bitmap_124[] = { 0x18, 0x80, 0x08, 0x80, 0xC8, 0x9E, 0x48, 0xE0, 0x49, 0x00, 0x49, 0x60, 0x4A, 0x18, 0x48, 0x00, 0x4B, 0x1E, 0x49, 0xE4, 0x49, 0x24, 0x09, 0x24, 0x09, 0x24, 0x09, 0x3C, 0x09, 0xE4, 0x09, 0x04 };
static const uint8_t bitmap_125[] = { 0x06, 0x00, 0x02, 0x00, 0x02, 0x00, 0x83, 0xF0, 0x7E, 0x20, 0x02, 0x20, 0x22, 0x20, 0x1A, 0x20, 0x04, 0x20, 0x06, 0x20, 0x09, 0x20, 0x08, 0xA0, 0x10, 0xA4, 0x20, 0x24, 0x40, 0x14, 0x80, 0x0E };
static const uint8_t bitmap_126[] = { 0x00, 0x00, 0x18, 0xF8, 0x0F, 0x10, 0x09, 0x10, 0x08, 0x90, 0x08, 0x90, 0x08, 0x10, 0x88, 0xFE, 0x7F, 0x10, 0x08, 0x10, 0x08, 0x10, 0x08, 0x10, 0x10, 0x10, 0x10, 0x50, 0x20, 0x30, 0xC0, 0x20 };
static const uint8_t bitmap_127[] = { 0x03, 0x00, 0x11, 0x00, 0x09, 0x00, 0x09, 0x00, 0x41, 0xFC, 0x3F, 0x08, 0x01, 0x08, 0x01, 0x08, 0x02, 0x88, 0x02, 0x48, 0x04, 0x48, 0x04, 0x10, 0x08, 0x10, 0x10, 0x90, 0x20, 0x60, 0xC0, 0x40 };
static const uint8_t bitmap_128[] = { 0x04, 0x00, 0x03, 0x00, 0x00, 0x80, 0x40, 0xFC, 0x3F, 0x00, 0x01, 0x00, 0x01, 0x00, 0x01, 0x00, 0x21, 0xF8, 0x1F, 0x00, 0x01, 0x00, 0x01, 0x00, 0x01, 0x00, 0x81, 0xFE, 0x7E, 0x00, 0x00, 0x00 };
static const uint8_t bitmap_129[] = { 0x00, 0x00, 0x80, 0xFE, 0x7F, 0x00, 0x00, 0x00, 0x00, 0x00, 0xC6, 0x9E, 0x7A, 0xE4, 0x42, 0x84, 0x62, 0xC4, 0x52, 0xA4, 0x4A, 0x94, 0x4A, 0x94, 0x42, 0x84, 0x4A, 0x94, 0x46, 0x8C, 0x44, 0x88 };
static const uint8_t bitmap_130[] = { 0x02, 0x10, 0x11, 0x10, 0x09, 0x20, 0x89, 0xFE, 0x7F, 0x20, 0x08, 0x10, 0x13, 0x0C, 0x21, 0x02, 0xD1, 0xF8, 0x0F, 0x00, 0x01, 0x00, 0x41, 0xFC, 0x3F, 0x00, 0x01, 0x00, 0x01, 0x00, 0x01, 0x00 };
static const uint8_t bitmap_131[] = { 0x00, 0x00, 0x41, 0xF0, 0x3E, 0x20, 0x04, 0x20, 0x04, 0x40, 0x04, 0x40, 0x04, 0x5E, 0x04, 0xE4, 0x08, 0x04, 0x08, 0x04, 0x08, 0x04, 0x10, 0x08, 0x10, 0x08, 0x20, 0x48, 0x40, 0x30, 0x80, 0x20 };
static const uint8_t bitmap_132[] = { 0x02, 0x00, 0x02, 0x00, 0x02, 0x00, 0x02, 0x70, 0x07, 0x90, 0x04, 0x20, 0x08, 0x20, 0x10, 0x40, 0x20, 0x40, 0x40, 0xC0, 0x01, 0x20, 0x02, 0x10, 0x04, 0x08, 0x08, 0x04, 0x30, 0x04, 0xC0, 0x02 };
static const uint8_t bitmap_133[] = { 0x01, 0x00, 0x01, 0x00, 0x02, 0x00, 0x02, 0x20, 0x04, 0x20, 0x08, 0x40, 0x10, 0x40, 0x20, 0x80, 0xC1, 0x20, 0x01, 0x10, 0x02, 0x08, 0x04, 0x34, 0x09, 0xC4, 0x1E, 0x02, 0xE0, 0x02, 0x00, 0x00 };
static const uint8_t bitmap_134[] = { 0x02, 0x00, 0x01, 0x18, 0x20, 0x88, 0x18, 0x88, 0x04, 0x10, 0x02, 0x10, 0x01, 0x20, 0x00, 0xA0, 0x00, 0x40, 0x00, 0xA0, 0x01, 0x10, 0x02, 0x08, 0x04, 0x08, 0x08, 0x04, 0x30, 0x02, 0xC0, 0x02 };
static const uint8_t bitmap_135[] = { 0x03, 0x00, 0x01, 0x00, 0x01, 0x00, 0x41, 0xF8, 0x3E, 0x10, 0x00, 0x20, 0x00, 0x40, 0x00, 0x80, 0x01, 0x00, 0x02, 0x00, 0x14, 0x00, 0x18, 0x00, 0x24, 0x00, 0x22, 0x00, 0x41, 0x80, 0x80, 0x7E };
static const uint8_t bitmap_136[] = { 0x01, 0x00, 0x02, 0x00, 0x1B, 0xF0, 0x0E, 0x20, 0x08, 0x20, 0x08, 0x20, 0x08, 0x60, 0x08, 0x00, 0x09, 0xFE, 0x0E, 0x04, 0x08, 0x04, 0x81, 0xE4, 0x7E, 0x04, 0x00, 0x24, 0x00, 0x18, 0x00, 0x10 };
static const uint8_t bitmap_137[] = { 0x08, 0x00, 0x08, 0x00, 0x08, 0x00, 0x10, 0xFE, 0x1F, 0x00, 0x21, 0x00, 0x41, 0x78, 0x81, 0x80, 0x01, 0x00, 0x01, 0x00, 0x01, 0x7C, 0x01, 0x80, 0x01, 0x00, 0x01, 0x00, 0x01, 0x00, 0x01, 0x00 };
static const uint8_t bitmap_138[] = { 0x00, 0x18, 0x00, 0x60, 0x03, 0x88, 0x3D, 0x08, 0x10, 0x90, 0x08, 0x90, 0x04, 0xA0, 0x84, 0xFE, 0x7F, 0x80, 0x00, 0x80, 0x00, 0x80, 0x00, 0x80, 0x00, 0x80, 0x05, 0x00, 0x03, 0x00, 0x02, 0x00 };
static const uint8_t bitmap_139[] = { 0x00, 0x38, 0x01, 0xC0, 0x3F, 0x00, 0x01, 0x00, 0x01, 0x00, 0x41, 0xF8, 0x3E, 0x10, 0x00, 0x20, 0x00, 0x40, 0x00, 0x80, 0x11, 0x00, 0x12, 0x00, 0x2C, 0x00, 0x24, 0x00, 0x43, 0x00, 0x80, 0xFE };
static const uint8_t bitmap_140[] = { 0x00, 0x38, 0x31, 0xC0, 0x1F, 0x00, 0x10, 0x00, 0x13, 0x00, 0x11, 0x00, 0x21, 0x00, 0x21, 0xFC, 0x7F, 0x00, 0x41, 0x00, 0x09, 0x20, 0x09, 0x18, 0x11, 0x04, 0x25, 0x02, 0xC3, 0x02, 0x02, 0x00 };
static const uint8_t bitmap_141[] = { 0x00, 0x30, 0x19, 0xC0, 0x0E, 0x00, 0x08, 0x00, 0x08, 0xF8, 0x0F, 0x40, 0x08, 0x40, 0x08, 0x40, 0x08, 0x40, 0x89, 0xFE, 0x7E, 0x00, 0x00, 0x00, 0x02, 0x00, 0x04, 0x00, 0x18, 0x00, 0x60, 0x00 };
static const uint8_t bitmap_142[] = { 0x00, 0x30, 0x19, 0xC0, 0x0E, 0x00, 0x08, 0x00, 0x08, 0xF8, 0x0F, 0x40, 0x08, 0x40, 0x08, 0x40, 0x08, 0x40, 0x89, 0xFE, 0x7E, 0x00, 0x00, 0x80, 0x00, 0x60, 0x00, 0x10, 0x00, 0x08, 0x00, 0x04 };
static const uint8_t bitmap_143[] = { 0x00, 0x38, 0x01, 0xC0, 0x3F, 0x00, 0x01, 0x00, 0x82, 0xFE, 0x7F, 0x80, 0x04, 0x60, 0x08, 0x10, 0x14, 0x68, 0x24, 0x24, 0xC4, 0x22, 0x04, 0x20, 0x08, 0x20, 0x08, 0x20, 0x10, 0x20, 0x60, 0x20 };
static const uint8_t bitmap_144[] = { 0x00, 0x38, 0x03, 0xC0, 0x7D, 0x00, 0x01, 0x00, 0x81, 0xFE, 0x7F, 0x00, 0x09, 0x64, 0x09, 0x24, 0x49, 0x28, 0x39, 0x30, 0x09, 0x20, 0x19, 0x24, 0x29, 0x24, 0xC9, 0x1E, 0x01, 0x00, 0x01, 0x00 };
static const uint8_t bitmap_145[] = { 0x00, 0x70, 0x03, 0x80, 0x3D, 0x00, 0x81, 0xFE, 0x7F, 0x04, 0x09, 0x64, 0x49, 0x28, 0x39, 0x30, 0x09, 0x24, 0x19, 0x1E, 0x6B, 0xC0, 0x05, 0x30, 0x09, 0x08, 0x31, 0x04, 0xC1, 0x02, 0x01, 0x00 };
static const uint8_t bitmap_146[] = { 0x00, 0x00, 0x20, 0xE0, 0x1F, 0x40, 0x00, 0x80, 0x01, 0x00, 0x02, 0x00, 0x04, 0x00, 0x08, 0x00, 0x10, 0x00, 0x20, 0x00, 0x20, 0x00, 0x40, 0x08, 0x40, 0x08, 0x20, 0x08, 0x1F, 0xFC, 0x00, 0x00 };
static const uint8_t bitmap_147[] = { 0x06, 0x00, 0x02, 0x00, 0x02, 0x00, 0x02, 0x00, 0x83, 0xF0, 0x7E, 0x20, 0x02, 0x20, 0x02, 0x20, 0x04, 0x20, 0x04, 0x20, 0x04, 0x20, 0x08, 0x20, 0x08, 0x24, 0x10, 0x24, 0x20, 0x24, 0xC0, 0x1E };
static const uint8_t bitmap_148[] = { 0x08, 0x00, 0x08, 0x00, 0x10, 0xFC, 0x1F, 0x00, 0x20, 0x00, 0x51, 0xE0, 0x8E, 0x40, 0x01, 0x80, 0x02, 0x00, 0x04, 0x00, 0x08, 0x00, 0x10, 0x00, 0x20, 0x04, 0x20, 0x04, 0x10, 0x04, 0x0F, 0xFE };
static const uint8_t bitmap_149[] = { 0x03, 0x00, 0x31, 0x00, 0x11, 0x00, 0x11, 0x18, 0x11, 0x70, 0x11, 0x90, 0x17, 0x10, 0x39, 0x10, 0xD1, 0x10, 0x11, 0x50, 0x11, 0x30, 0x11, 0x20, 0x11, 0x04, 0x10, 0x04, 0x08, 0x04, 0x07, 0xFE };
static const uint8_t bitmap_150[] = { 0x00, 0x00, 0x41, 0xFC, 0x3E, 0x08, 0x00, 0x08, 0x08, 0x08, 0x04, 0x08, 0x02, 0x08, 0x02, 0x08, 0x00, 0x28, 0x00, 0x48, 0x01, 0x88, 0x0E, 0x08, 0x70, 0x08, 0x00, 0x28, 0x00, 0x18, 0x00, 0x10 };
static const uint8_t bitmap_151[] = { 0x01, 0x00, 0x01, 0x00, 0x02, 0x20, 0x02, 0x20, 0x04, 0x44, 0x0B, 0x84, 0x3C, 0x84, 0x01, 0x08, 0x02, 0x38, 0x07, 0xD0, 0x38, 0x10, 0x00, 0x20, 0x00, 0x40, 0x01, 0x80, 0x06, 0x00, 0x78, 0x00 };
static const uint8_t bitmap_152[] = { 0x03, 0x30, 0x01, 0x08, 0x01, 0x04, 0x21, 0xF8, 0x1F, 0x08, 0x01, 0x10, 0x01, 0x10, 0x81, 0xFE, 0x7F, 0x04, 0x01, 0x04, 0x01, 0x04, 0x01, 0x28, 0x01, 0x18, 0x01, 0x10, 0x01, 0x00, 0x01, 0x00 };
static const uint8_t bitmap_153[] = { 0x00, 0x00, 0x81, 0xFE, 0x7E, 0x04, 0x08, 0x48, 0x04, 0x50, 0x22, 0x40, 0x12, 0x40, 0x08, 0x40, 0x08, 0x80, 0x80, 0xFE, 0x7F, 0x80, 0x01, 0x60, 0x02, 0x10, 0x0C, 0x08, 0x30, 0x04, 0xC0, 0x02 };
static const uint8_t bitmap_154[] = { 0x06, 0xC0, 0x18, 0x40, 0xE8, 0x40, 0x08, 0x40, 0x8F, 0x40, 0x78, 0x40, 0x08, 0x40, 0x08, 0x40, 0xCF, 0x40, 0x72, 0x40, 0x42, 0x40, 0x42, 0x40, 0x42, 0x44, 0x4E, 0x44, 0x72, 0x44, 0x42, 0x3E };
static const uint8_t bitmap_155[] = { 0x03, 0x40, 0x0D, 0x40, 0x71, 0x40, 0x92, 0x40, 0x4A, 0x40, 0x48, 0x40, 0x4E, 0x40, 0x32, 0x40, 0x14, 0xC0, 0x09, 0x40, 0x0E, 0x40, 0x34, 0x40, 0xC4, 0x44, 0x14, 0x44, 0x08, 0x44, 0x08, 0x3E };
static const uint8_t bitmap_156[] = { 0x18, 0x40, 0x08, 0x40, 0x8F, 0x40, 0x78, 0x4E, 0x0E, 0xF0, 0x72, 0x80, 0x4F, 0x58, 0x72, 0x68, 0x42, 0x10, 0x4E, 0x20, 0x7A, 0x40, 0x48, 0x40, 0x8F, 0x44, 0x78, 0x84, 0x08, 0x84, 0x08, 0x7E };
static const uint8_t bitmap_157[] = { 0x00, 0x00, 0x20, 0x7C, 0x1F, 0x88, 0x04, 0x30, 0x02, 0x40, 0x01, 0x40, 0x00, 0x80, 0x00, 0x80, 0x00, 0x80, 0x00, 0x80, 0x00, 0x80, 0x00, 0x80, 0x00, 0x80, 0x02, 0x80, 0x01, 0x00, 0x01, 0x00 };
static const uint8_t bitmap_158[] = { 0x00, 0x00, 0x20, 0xF8, 0x1F, 0x10, 0x04, 0x20, 0x02, 0xC0, 0x01, 0x00, 0x81, 0xFE, 0x7F, 0x04, 0x00, 0x88, 0x00, 0x90, 0x00, 0x80, 0x00, 0x80, 0x00, 0x80, 0x02, 0x80, 0x01, 0x00, 0x01, 0x00 };
static const uint8_t bitmap_159[] = { 0x08, 0x00, 0x09, 0xC0, 0x0E, 0x80, 0x11, 0x00, 0x23, 0xF8, 0x7F, 0x10, 0x81, 0xFE, 0x7F, 0x10, 0x01, 0x10, 0x21, 0xF0, 0x1F, 0x10, 0x01, 0x00, 0x01, 0x00, 0x05, 0x00, 0x03, 0x00, 0x02, 0x00 };
static const uint8_t bitmap_160[] = { 0x03, 0x00, 0x81, 0xFE, 0x7F, 0x00, 0x11, 0xF8, 0x1F, 0x10, 0x11, 0xF0, 0x1F, 0x00, 0x21, 0xF8, 0x1F, 0x10, 0x81, 0xFE, 0x7F, 0x10, 0x21, 0xF0, 0x1F, 0x10, 0x05, 0x00, 0x03, 0x00, 0x02, 0x00 };
static const uint8_t bitmap_161[] = { 0x00, 0x00, 0x00, 0x00, 0x00, 0x00, 0x20, 0xF8, 0x1F, 0x00, 0x00, 0x00, 0x00, 0x00, 0x00, 0x00, 0x00, 0x00, 0x00, 0x00, 0x00, 0x00, 0x81, 0xFE, 0x7E, 0x00, 0x00, 0x00, 0x00, 0x00, 0x00, 0x00 };
static const uint8_t bitmap_162[] = { 0x00, 0x00, 0x40, 0xFC, 0x3F, 0x00, 0x01, 0x00, 0x01, 0x00, 0x01, 0x00, 0x81, 0xFE, 0x7F, 0x00, 0x01, 0x00, 0x01, 0x00, 0x01, 0x00, 0x01, 0x00, 0x01, 0x00, 0x05, 0x00, 0x03, 0x00, 0x02, 0x00 };
static const uint8_t bitmap_163[] = { 0x00, 0x00, 0x20, 0xF8, 0x1F, 0x00, 0x00, 0x00, 0x00, 0x00, 0x80, 0xFE, 0x7F, 0x00, 0x08, 0x00, 0x08, 0xF8, 0x1F, 0x10, 0x10, 0x10, 0x00, 0x10, 0x00, 0x20, 0x01, 0x20, 0x00, 0xC0, 0x00, 0x80 };
static const uint8_t bitmap_164[] = { 0x00, 0x00, 0x20, 0xF8, 0x1F, 0x00, 0x00, 0x00, 0x00, 0x00, 0x80, 0xFE, 0x7F, 0x00, 0x02, 0x00, 0x02, 0x00, 0x04, 0x20, 0x04, 0x10, 0x04, 0x18, 0x08, 0xE8, 0x0F, 0x04, 0x70, 0x04, 0x00, 0x00 };
static const uint8_t bitmap_165[] = { 0x00, 0x00, 0x40, 0xFC, 0x3F, 0x00, 0x02, 0x00, 0x02, 0xF8, 0x03, 0x10, 0x04, 0x10, 0x04, 0x20, 0x04, 0x20, 0x09, 0xE0, 0x0E, 0x20, 0x08, 0x40, 0x00, 0x40, 0x81, 0xFE, 0x7E, 0x00, 0x00, 0x00 };
static const uint8_t bitmap_166[] = { 0x00, 0x00, 0x40, 0xFC, 0x3F, 0x00, 0x01, 0x00, 0x01, 0x00, 0x01, 0x00, 0x21, 0xF8, 0x1E, 0x10, 0x02, 0x10, 0x02, 0x10, 0x02, 0x10, 0x04, 0x10, 0x04, 0x10, 0x85, 0xFE, 0x7E, 0x00, 0x00, 0x00 };
static const uint8_t bitmap_167[] = { 0x0C, 0x60, 0x04, 0x20, 0x04, 0x20, 0x04, 0x20, 0x44, 0xFC, 0x3F, 0x20, 0x04, 0x20, 0x04, 0x20, 0x04, 0x20, 0x85, 0xFE, 0x7E, 0x20, 0x08, 0x20, 0x08, 0x20, 0x10, 0x20, 0x20, 0x20, 0xC0, 0x20 };
static const uint8_t bitmap_168[] = { 0x00, 0x00, 0x40, 0xFC, 0x3F, 0x40, 0x04, 0x40, 0x04, 0x40, 0x04, 0x48, 0x44, 0x48, 0x24, 0x48, 0x24, 0x50, 0x14, 0x50, 0x14, 0x40, 0x04, 0x40, 0x04, 0x40, 0x85, 0xFE, 0x7E, 0x00, 0x00, 0x00 };
static const uint8_t bitmap_169[] = { 0x19, 0x80, 0x08, 0x84, 0x6B, 0x84, 0x2C, 0x98, 0x28, 0xE0, 0x29, 0x80, 0x2E, 0x84, 0x38, 0x44, 0xE0, 0x3E, 0x00, 0x00, 0x21, 0xF8, 0x1E, 0x00, 0x00, 0x00, 0x81, 0xFE, 0x7E, 0x00, 0x00, 0x00 };
static const uint8_t bitmap_170[] = { 0x03, 0x00, 0x01, 0x00, 0x01, 0x00, 0x01, 0x00, 0x81, 0xFE, 0x7F, 0x00, 0x10, 0x00, 0x10, 0x00, 0x10, 0x00, 0x10, 0x00, 0x10, 0x00, 0x10, 0x00, 0x10, 0x00, 0x10, 0xFC, 0x1F, 0x00, 0x10, 0x00 };
static const uint8_t bitmap_171[] = { 0x03, 0x00, 0x01, 0x00, 0x81, 0xFE, 0x7F, 0x00, 0x00, 0x00, 0x19, 0xC0, 0x0E, 0x80, 0x08, 0x80, 0x08, 0x80, 0x08, 0x80, 0x08, 0x80, 0x10, 0x80, 0x10, 0x84, 0x20, 0x84, 0x40, 0x44, 0x80, 0x3E };
static const uint8_t bitmap_172[] = { 0x03, 0x00, 0x01, 0x00, 0x81, 0xFE, 0x7E, 0x40, 0x08, 0x20, 0x08, 0x50, 0x14, 0x48, 0x22, 0x44, 0xC1, 0x84, 0x00, 0x80, 0x01, 0x40, 0x02, 0x20, 0x04, 0x10, 0x08, 0x08, 0x30, 0x04, 0xC0, 0x02 };
static const uint8_t bitmap_173[] = { 0x03, 0x00, 0x01, 0x00, 0x81, 0xFE, 0x7F, 0x00, 0x02, 0x40, 0x02, 0x40, 0x04, 0x90, 0x07, 0x90, 0x19, 0x20, 0x02, 0x20, 0x04, 0x40, 0x08, 0xA0, 0x31, 0x10, 0x02, 0x10, 0x0C, 0x08, 0x70, 0x08 };
static const uint8_t bitmap_174[] = { 0x03, 0x00, 0x01, 0x00, 0x01, 0x00, 0x81, 0xFE, 0x7E, 0x40, 0x04, 0x40, 0x04, 0x50, 0x24, 0x48, 0x24, 0x44, 0x24, 0x44, 0x44, 0x42, 0x88, 0x42, 0x08, 0x40, 0x11, 0x40, 0x20, 0xC0, 0xC0, 0x80 };
static const uint8_t bitmap_175[] = { 0x03, 0x00, 0x01, 0x00, 0x41, 0xFC, 0x3F, 0x20, 0x04, 0x20, 0x02, 0x40, 0x62, 0xFE, 0x3F, 0x80, 0x20, 0x00, 0x20, 0x00, 0x20, 0x00, 0x20, 0x00, 0x40, 0x00, 0x40, 0x00, 0x80, 0x00, 0x00, 0x00 };
static const uint8_t bitmap_176[] = { 0x03, 0x00, 0x01, 0x00, 0x81, 0xFE, 0x7F, 0x00, 0x00, 0x00, 0x11, 0xF8, 0x1F, 0x10, 0x11, 0x10, 0x11, 0x10, 0x11, 0xF0, 0x1F, 0x10, 0x11, 0x10, 0x11, 0x10, 0x11, 0xF0, 0x1F, 0x10, 0x10, 0x10 };
static const uint8_t bitmap_177[] = { 0x03, 0x00, 0x81, 0xFE, 0x7E, 0x00, 0x09, 0xF0, 0x0E, 0x20, 0x09, 0xE0, 0x0E, 0x20, 0x21, 0xF8, 0x1E, 0x20, 0x02, 0x40, 0x81, 0xFE, 0x7E, 0x80, 0x00, 0x80, 0x02, 0x80, 0x01, 0x00, 0x01, 0x00 };
static const uint8_t bitmap_178[] = { 0x03, 0x00, 0x01, 0x00, 0x81, 0xFE, 0x7F, 0x00, 0x00, 0x00, 0x31, 0xF8, 0x1E, 0x10, 0x10, 0x10, 0x11, 0xF0, 0x1F, 0x10, 0x11, 0x20, 0x09, 0x10, 0x11, 0x08, 0x25, 0x04, 0xC3, 0x04, 0x02, 0x00 };
static const uint8_t bitmap_179[] = { 0x03, 0x00, 0x41, 0xFC, 0x3E, 0x00, 0x09, 0xF0, 0x0E, 0x20, 0x09, 0xE0, 0x0E, 0x20, 0x41, 0xFE, 0x7E, 0x04, 0x41, 0xF8, 0xBF, 0x00, 0x01, 0x00, 0x01, 0x00, 0x05, 0x00, 0x03, 0x00, 0x02, 0x00 };
static const uint8_t bitmap_180[] = { 0x03, 0x00, 0x01, 0x00, 0x81, 0xFE, 0x7E, 0x00, 0x09, 0xF0, 0x0E, 0x20, 0x09, 0xE0, 0x0E, 0x00, 0x21, 0xFC, 0x3E, 0x08, 0x20, 0xD0, 0x47, 0x80, 0x04, 0x84, 0x08, 0x84, 0x30, 0x84, 0xC0, 0x7E };
static const uint8_t bitmap_181[] = { 0x03, 0x00, 0x01, 0x00, 0x21, 0xF8, 0x1E, 0x20, 0x08, 0x20, 0x04, 0x40, 0x85, 0xFE, 0x7F, 0x00, 0x01, 0x00, 0x41, 0xFC, 0x3F, 0x00, 0x01, 0x40, 0x09, 0x30, 0x15, 0x08, 0x23, 0x04, 0xC2, 0x02 };
static const uint8_t bitmap_182[] = { 0x03, 0x00, 0x01, 0x00, 0x01, 0x00, 0x01, 0x00, 0x01, 0x00, 0x01, 0x00, 0x01, 0x80, 0x02, 0x40, 0x02, 0x20, 0x02, 0x10, 0x04, 0x10, 0x04, 0x08, 0x08, 0x04, 0x10, 0x04, 0x20, 0x02, 0xC0, 0x02 };
static const uint8_t bitmap_183[] = { 0x04, 0x00, 0x04, 0x00, 0x04, 0x78, 0x0B, 0x90, 0x08, 0x20, 0x10, 0x40, 0x10, 0x40, 0x30, 0x80, 0x50, 0x80, 0x91, 0x00, 0x11, 0x00, 0x12, 0x04, 0x12, 0x04, 0x12, 0x04, 0x11, 0xFE, 0x10, 0x00 };
static const uint8_t bitmap_184[] = { 0x08, 0xC0, 0x08, 0x40, 0x08, 0x40, 0x10, 0x40, 0x10, 0x40, 0x18, 0x7E, 0x37, 0xC0, 0x50, 0x40, 0x90, 0x40, 0x10, 0x40, 0x10, 0x40, 0x10, 0x40, 0x10, 0x40, 0x10, 0x40, 0x10, 0x40, 0x10, 0x40 };
static const uint8_t bitmap_185[] = { 0x08, 0x00, 0x08, 0x00, 0x08, 0x00, 0x14, 0x78, 0x13, 0x80, 0x20, 0x00, 0x20, 0x00, 0x60, 0x00, 0xA0, 0x00, 0x20, 0x00, 0x20, 0x00, 0x20, 0x00, 0x28, 0x7E, 0x27, 0x80, 0x20, 0x00, 0x20, 0x00 };
static const uint8_t bitmap_186[] = { 0x08, 0x00, 0x0C, 0x3C, 0x0B, 0xC4, 0x12, 0x08, 0x11, 0x08, 0x20, 0x88, 0x20, 0x48, 0x60, 0x50, 0xA0, 0x30, 0x20, 0x10, 0x20, 0x28, 0x20, 0x48, 0x20, 0x84, 0x21, 0x04, 0x22, 0x02, 0x2C, 0x02 };
static const uint8_t bitmap_187[] = { 0x0C, 0xC0, 0x04, 0x40, 0x08, 0x40, 0x08, 0x40, 0x10, 0x40, 0x10, 0x70, 0x30, 0x48, 0x50, 0x44, 0x90, 0x42, 0x10, 0x42, 0x10, 0x40, 0x10, 0x40, 0x10, 0x40, 0x10, 0x40, 0x10, 0x40, 0x10, 0x40 };
static const uint8_t bitmap_188[] = { 0x05, 0x80, 0x04, 0x80, 0x04, 0x80, 0x08, 0x80, 0x08, 0xF8, 0x17, 0x90, 0x10, 0x90, 0x30, 0x90, 0x50, 0x90, 0x91, 0x10, 0x11, 0x10, 0x11, 0x10, 0x12, 0x14, 0x12, 0x14, 0x14, 0x14, 0x18, 0x0E };
static const uint8_t bitmap_189[] = { 0x01, 0x00, 0x01, 0x80, 0x02, 0x40, 0x04, 0x20, 0x0B, 0x10, 0x10, 0x88, 0x20, 0x84, 0xC0, 0x02, 0x21, 0xF8, 0x1E, 0x10, 0x00, 0x20, 0x00, 0x20, 0x00, 0x40, 0x00, 0x80, 0x00, 0x80, 0x01, 0x00 };
static const uint8_t bitmap_190[] = { 0x01, 0x00, 0x02, 0xC0, 0x02, 0x20, 0x04, 0x10, 0x08, 0x08, 0x18, 0x64, 0x2C, 0x22, 0xC4, 0x22, 0x04, 0x20, 0x04, 0x20, 0x04, 0x20, 0x08, 0x20, 0x08, 0x20, 0x10, 0x20, 0x20, 0x20, 0x40, 0x20 };
static const uint8_t bitmap_191[] = { 0x08, 0x00, 0x0C, 0x78, 0x0B, 0x90, 0x11, 0x10, 0x11, 0x10, 0x21, 0x20, 0x21, 0x2E, 0x61, 0x34, 0xA1, 0x24, 0x22, 0x04, 0x22, 0x08, 0x22, 0x08, 0x24, 0x08, 0x24, 0x50, 0x28, 0x30, 0x30, 0x20 };
static const uint8_t bitmap_192[] = { 0x18, 0x60, 0x08, 0x20, 0x08, 0x20, 0x08, 0x20, 0x08, 0x20, 0x08, 0x20, 0x08, 0x20, 0x08, 0x20, 0x14, 0x50, 0x12, 0x48, 0x12, 0x48, 0x22, 0x84, 0x20, 0x84, 0x41, 0x02, 0x86, 0x02, 0x18, 0x02 };
static const uint8_t bitmap_193[] = { 0x01, 0x00, 0x01, 0x80, 0x02, 0x40, 0x04, 0x20, 0x08, 0x10, 0x10, 0x08, 0x28, 0x14, 0xC8, 0x22, 0x08, 0x40, 0x09, 0x80, 0x0E, 0x00, 0x08, 0x00, 0x08, 0x08, 0x08, 0x08, 0x04, 0x08, 0x03, 0xFC };
static const uint8_t bitmap_194[] = { 0x01, 0x00, 0x01, 0x80, 0x02, 0x40, 0x04, 0x20, 0x08, 0x10, 0x10, 0x08, 0x28, 0xF4, 0xCF, 0x22, 0x08, 0x20, 0x08, 0x20, 0x08, 0xA0, 0x08, 0x60, 0x08, 0x48, 0x08, 0x08, 0x04, 0x08, 0x03, 0xFC };
static const uint8_t bitmap_195[] = { 0x08, 0x00, 0x0A, 0x1C, 0x09, 0xE8, 0x10, 0x88, 0x10, 0x50, 0x10, 0x20, 0x30, 0x20, 0x54, 0x3E, 0x93, 0xD0, 0x10, 0x10, 0x10, 0x10, 0x10, 0x10, 0x10, 0x10, 0x10, 0x50, 0x10, 0x20, 0x10, 0x20 };
static const uint8_t bitmap_196[] = { 0x08, 0xC0, 0x0E, 0x40, 0x12, 0x40, 0x12, 0x4C, 0x22, 0x78, 0x22, 0xC8, 0x63, 0x48, 0xAE, 0x48, 0x32, 0x68, 0x22, 0x58, 0x22, 0x50, 0x22, 0x40, 0x22, 0x04, 0x22, 0x04, 0x21, 0x04, 0x20, 0xFE };
static const uint8_t bitmap_197[] = { 0x18, 0x60, 0x08, 0x20, 0x08, 0x20, 0x10, 0x20, 0x18, 0x7E, 0x27, 0xA0, 0x20, 0x20, 0x63, 0x20, 0xA0, 0xC0, 0x20, 0x40, 0x20, 0xA0, 0x20, 0x90, 0x21, 0x08, 0x22, 0x04, 0x24, 0x04, 0x38, 0x02 };
static const uint8_t bitmap_198[] = { 0x08, 0x30, 0x08, 0x10, 0x08, 0x10, 0x10, 0x10, 0x18, 0x3E, 0x37, 0xD0, 0x54, 0x10, 0x92, 0x10, 0x11, 0x10, 0x11, 0x10, 0x10, 0x10, 0x10, 0x10, 0x10, 0x10, 0x10, 0x50, 0x10, 0x30, 0x10, 0x20 };
static const uint8_t bitmap_199[] = { 0x08, 0xC0, 0x08, 0x40, 0x10, 0x40, 0x10, 0x40, 0x20, 0x4C, 0x2C, 0x44, 0x64, 0x44, 0xA4, 0x44, 0x24, 0x44, 0x24, 0x44, 0x24, 0x44, 0x24, 0x44, 0x24, 0x44, 0x24, 0x7C, 0x27, 0x84, 0x24, 0x04 };
static const uint8_t bitmap_200[] = { 0x09, 0x90, 0x08, 0x88, 0x10, 0x84, 0x10, 0x84, 0x20, 0x80, 0x30, 0xFE, 0x6F, 0x80, 0xA0, 0x80, 0x20, 0x40, 0x20, 0x40, 0x20, 0x40, 0x20, 0x20, 0x20, 0x24, 0x20, 0x14, 0x20, 0x0C, 0x20, 0x06 };
static const uint8_t bitmap_201[] = { 0x01, 0x00, 0x01, 0x80, 0x02, 0x40, 0x04, 0x20, 0x09, 0x10, 0x10, 0x88, 0x20, 0x84, 0xC0, 0x02, 0x21, 0xF8, 0x1E, 0x10, 0x00, 0x20, 0x00, 0x20, 0x0E, 0x40, 0x01, 0x80, 0x00, 0x40, 0x00, 0x20 };
static const uint8_t bitmap_202[] = { 0x60, 0x18, 0x24, 0x08, 0x22, 0x08, 0x21, 0x08, 0x20, 0x88, 0x20, 0x88, 0x20, 0x08, 0x20, 0x08, 0x21, 0x10, 0x22, 0x10, 0x24, 0x10, 0x28, 0x28, 0x30, 0x44, 0x60, 0x84, 0x03, 0x02, 0x0C, 0x02 };
static const uint8_t bitmap_203[] = { 0x08, 0x80, 0x08, 0x58, 0x14, 0x48, 0x12, 0x48, 0x21, 0x10, 0x20, 0x90, 0x60, 0x90, 0xA0, 0x50, 0x20, 0x20, 0x20, 0x20, 0x20, 0x50, 0x20, 0x48, 0x20, 0x88, 0x21, 0x04, 0x22, 0x02, 0x2C, 0x02 };
static const uint8_t bitmap_204[] = { 0x14, 0x00, 0x12, 0x4E, 0x11, 0x32, 0x11, 0x02, 0x2C, 0x02, 0x24, 0x02, 0x24, 0x02, 0x64, 0x02, 0xA4, 0x02, 0x24, 0x02, 0x24, 0x02, 0x24, 0x02, 0x24, 0x02, 0x24, 0x0A, 0x24, 0x06, 0x24, 0x04 };
static const uint8_t bitmap_205[] = { 0x08, 0x40, 0x08, 0x40, 0x16, 0xEE, 0x13, 0x32, 0x22, 0x22, 0x22, 0x22, 0x62, 0x22, 0xA2, 0x22, 0x22, 0x22, 0x22, 0xEA, 0x23, 0x26, 0x22, 0x24, 0x2C, 0x20, 0x20, 0x20, 0x20, 0x20, 0x20, 0x20 };
static const uint8_t bitmap_206[] = { 0x08, 0xC0, 0x08, 0x40, 0x10, 0x40, 0x1C, 0x7E, 0x27, 0xC4, 0x24, 0x44, 0x64, 0x44, 0xA4, 0x44, 0x24, 0x7C, 0x27, 0xC4, 0x24, 0x40, 0x20, 0x40, 0x20, 0x40, 0x20, 0x40, 0x20, 0x40, 0x20, 0x40 };
static const uint8_t bitmap_207[] = { 0x08, 0x60, 0x0B, 0x20, 0x09, 0x20, 0x11, 0x3C, 0x13, 0xE0, 0x22, 0x20, 0x24, 0x20, 0x68, 0x20, 0xA8, 0x3E, 0x27, 0xE0, 0x20, 0x20, 0x20, 0x20, 0x20, 0x20, 0x20, 0x20, 0x20, 0x20, 0x20, 0x20 };
static const uint8_t bitmap_208[] = { 0x08, 0x80, 0x08, 0xE0, 0x08, 0x90, 0x11, 0x08, 0x11, 0x04, 0x12, 0x32, 0x37, 0x12, 0x59, 0x10, 0x91, 0x10, 0x11, 0x10, 0x11, 0x10, 0x11, 0x10, 0x12, 0x10, 0x12, 0x10, 0x14, 0x10, 0x18, 0x10 };
static const uint8_t bitmap_209[] = { 0x08, 0x18, 0x08, 0x20, 0x08, 0xC0, 0x17, 0x40, 0x10, 0x40, 0x20, 0x40, 0x20, 0x40, 0x68, 0x7E, 0xA7, 0xC0, 0x20, 0x40, 0x20, 0x40, 0x20, 0x40, 0x20, 0x40, 0x28, 0x7C, 0x27, 0x80, 0x20, 0x00 };
static const uint8_t bitmap_210[] = { 0x08, 0x20, 0x09, 0x60, 0x09, 0x10, 0x11, 0x08, 0x12, 0x08, 0x22, 0x04, 0x26, 0x3A, 0x69, 0xCA, 0xA0, 0x88, 0x20, 0x88, 0x20, 0x88, 0x21, 0x08, 0x21, 0x08, 0x22, 0x50, 0x24, 0x30, 0x28, 0x20 };
static const uint8_t bitmap_211[] = { 0x08, 0xC0, 0x08, 0x40, 0x10, 0x40, 0x14, 0x7E, 0x23, 0xC0, 0x20, 0x80, 0x60, 0xBC, 0xA0, 0xC8, 0x20, 0x88, 0x20, 0x88, 0x21, 0x08, 0x21, 0x08, 0x22, 0x08, 0x24, 0x50, 0x28, 0x30, 0x30, 0x20 };
static const uint8_t bitmap_212[] = { 0x01, 0x00, 0x01, 0x80, 0x02, 0x60, 0x04, 0x10, 0x08, 0x08, 0x13, 0x04, 0x21, 0x02, 0xC1, 0x00, 0x19, 0x78, 0x09, 0x80, 0x09, 0x00, 0x09, 0x00, 0x09, 0x00, 0x89, 0xFE, 0x7E, 0x00, 0x00, 0x00 };
static const uint8_t bitmap_213[] = { 0x08, 0x00, 0x0A, 0x3C, 0x09, 0xC8, 0x10, 0x48, 0x18, 0x7E, 0x27, 0xC8, 0x20, 0x48, 0x60, 0x48, 0xA4, 0x78, 0x23, 0xC8, 0x20, 0x40, 0x20, 0x40, 0x20, 0x80, 0x20, 0x80, 0x21, 0x00, 0x22, 0x00 };
static const uint8_t bitmap_214[] = { 0x08, 0x00, 0x0C, 0x7C, 0x0B, 0x80, 0x10, 0x80, 0x10, 0x80, 0x20, 0x80, 0x28, 0xF8, 0x67, 0x90, 0xA0, 0x90, 0x21, 0x10, 0x21, 0x10, 0x21, 0x10, 0x21, 0x10, 0x31, 0x7E, 0x2F, 0x80, 0x20, 0x00 };
static const uint8_t bitmap_215[] = { 0x09, 0xA0, 0x08, 0x90, 0x10, 0x88, 0x10, 0x88, 0x20, 0x80, 0x30, 0xFE, 0x6F, 0x80, 0xA0, 0xC0, 0x20, 0xA0, 0x21, 0x10, 0x21, 0x10, 0x22, 0x08, 0x22, 0x04, 0x24, 0x04, 0x28, 0x02, 0x30, 0x02 };
static const uint8_t bitmap_216[] = { 0x08, 0xD0, 0x08, 0x48, 0x08, 0x44, 0x10, 0x44, 0x18, 0x7E, 0x17, 0xC0, 0x30, 0x48, 0x50, 0x48, 0x90, 0x50, 0x10, 0x30, 0x10, 0x20, 0x10, 0x60, 0x10, 0x94, 0x13, 0x14, 0x1C, 0x0C, 0x10, 0x06 };
static const uint8_t bitmap_217[] = { 0x08, 0xC0, 0x08, 0x40, 0x08, 0x40, 0x10, 0x40, 0x18, 0x7E, 0x27, 0xC0, 0x20, 0xE0, 0x61, 0x50, 0xA1, 0x48, 0x22, 0x44, 0x22, 0x44, 0x24, 0x42, 0x28, 0x42, 0x20, 0x40, 0x20, 0x40, 0x20, 0x40 };
static const uint8_t bitmap_218[] = { 0x01, 0x00, 0x01, 0x80, 0x02, 0x40, 0x04, 0x20, 0x08, 0x10, 0x10, 0x08, 0x28, 0x24, 0xC8, 0x22, 0x08, 0x20, 0x08, 0x20, 0x08, 0x20, 0x14, 0x50, 0x12, 0x48, 0x22, 0x84, 0x41, 0x02, 0x86, 0x02 };
static const uint8_t bitmap_219[] = { 0x08, 0xD0, 0x08, 0x48, 0x08, 0x48, 0x10, 0x40, 0x18, 0x7E, 0x17, 0xC0, 0x30, 0x70, 0x50, 0xA0, 0x90, 0xA0, 0x10, 0xA0, 0x11, 0x20, 0x11, 0x20, 0x12, 0x24, 0x12, 0x24, 0x14, 0x24, 0x18, 0x1E };
static const uint8_t bitmap_220[] = { 0x08, 0xC0, 0x08, 0x40, 0x08, 0x44, 0x11, 0x44, 0x11, 0x48, 0x11, 0x70, 0x32, 0x40, 0x54, 0x40, 0x90, 0xA0, 0x10, 0x90, 0x10, 0x90, 0x11, 0x08, 0x11, 0x04, 0x12, 0x04, 0x14, 0x02, 0x18, 0x02 };
static const uint8_t bitmap_221[] = { 0x01, 0x00, 0x02, 0x80, 0x02, 0x60, 0x04, 0x10, 0x08, 0x08, 0x18, 0xF4, 0x27, 0x02, 0xC0, 0x02, 0x40, 0xFC, 0x3F, 0x00, 0x02, 0x20, 0x04, 0x10, 0x04, 0x68, 0x0B, 0x88, 0x7C, 0x04, 0x00, 0x04 };
static const uint8_t bitmap_222[] = { 0x01, 0x00, 0x01, 0x80, 0x02, 0x60, 0x04, 0x18, 0x0B, 0x04, 0x31, 0x12, 0xD1, 0x10, 0x09, 0x20, 0x05, 0x20, 0x05, 0x40, 0x81, 0xFE, 0x7F, 0x00, 0x01, 0x00, 0x01, 0x00, 0x01, 0x00, 0x01, 0x00 };
static const uint8_t bitmap_223[] = { 0x08, 0xC0, 0x08, 0x40, 0x0C, 0x7C, 0x13, 0xC0, 0x10, 0x40, 0x32, 0x78, 0x51, 0xC0, 0x90, 0x40, 0x18, 0x7E, 0x17, 0xC4, 0x10, 0x44, 0x10, 0x54, 0x10, 0x4C, 0x10, 0x48, 0x10, 0x40, 0x10, 0x40 };
static const uint8_t bitmap_224[] = { 0x08, 0x40, 0x08, 0x40, 0x08, 0x40, 0x14, 0xBC, 0x13, 0xC0, 0x20, 0x80, 0x29, 0x3E, 0x67, 0xC0, 0xA1, 0x00, 0x22, 0x7C, 0x27, 0x88, 0x24, 0x10, 0x21, 0xA0, 0x20, 0x40, 0x20, 0x20, 0x20, 0x20 };
static const uint8_t bitmap_225[] = { 0x09, 0x00, 0x09, 0x00, 0x11, 0x1E, 0x13, 0xE0, 0x22, 0x40, 0x24, 0x40, 0x6A, 0x7E, 0xA1, 0xC4, 0x20, 0x44, 0x20, 0x84, 0x20, 0x88, 0x21, 0x08, 0x21, 0x08, 0x22, 0x50, 0x24, 0x30, 0x28, 0x20 };
static const uint8_t bitmap_226[] = { 0x08, 0x40, 0x08, 0xA0, 0x10, 0x90, 0x11, 0x08, 0x22, 0x04, 0x25, 0x02, 0x69, 0x08, 0xA1, 0x30, 0x21, 0xC0, 0x21, 0x00, 0x21, 0x00, 0x21, 0x04, 0x21, 0x04, 0x20, 0x84, 0x20, 0x7E, 0x20, 0x00 };
static const uint8_t bitmap_227[] = { 0x08, 0xC0, 0x0A, 0x40, 0x09, 0x40, 0x11, 0x40, 0x14, 0x7E, 0x23, 0xC4, 0x20, 0x44, 0x60, 0x44, 0xA0, 0xA4, 0x20, 0x94, 0x20, 0x94, 0x21, 0x08, 0x21, 0x08, 0x22, 0x48, 0x24, 0x30, 0x28, 0x20 };
static const uint8_t bitmap_228[] = { 0x08, 0x40, 0x08, 0x40, 0x10, 0x80, 0x16, 0xBE, 0x23, 0xC4, 0x22, 0x04, 0x62, 0x04, 0xA2, 0x04, 0x22, 0x3C, 0x23, 0xC4, 0x22, 0x04, 0x22, 0x04, 0x22, 0x04, 0x22, 0x3C, 0x23, 0xC4, 0x22, 0x04 };
static const uint8_t bitmap_229[] = { 0x08, 0xC0, 0x08, 0x40, 0x10, 0x40, 0x10, 0x40, 0x18, 0x7E, 0x27, 0xC0, 0x20, 0x40, 0x60, 0x40, 0xA6, 0x7C, 0x23, 0xC8, 0x22, 0x08, 0x22, 0x08, 0x22, 0x08, 0x22, 0x38, 0x23, 0xC8, 0x22, 0x08 };
static const uint8_t bitmap_230[] = { 0x08, 0xC8, 0x0A, 0x48, 0x0A, 0x50, 0x11, 0x50, 0x11, 0x40, 0x28, 0x7C, 0x27, 0xC0, 0x60, 0x40, 0xA0, 0x40, 0x30, 0x7E, 0x2F, 0xC0, 0x20, 0x40, 0x20, 0x40, 0x20, 0x40, 0x20, 0x40, 0x20, 0x40 };
static const uint8_t bitmap_231[] = { 0x08, 0x80, 0x08, 0xC0, 0x09, 0x20, 0x11, 0x10, 0x12, 0x88, 0x12, 0x44, 0x34, 0x44, 0x58, 0x7A, 0x97, 0x88, 0x10, 0x08, 0x10, 0x10, 0x11, 0x10, 0x10, 0xA0, 0x10, 0x40, 0x10, 0x20, 0x10, 0x20 };
static const uint8_t bitmap_232[] = { 0x08, 0xC0, 0x08, 0x40, 0x08, 0x40, 0x16, 0x7E, 0x13, 0xC4, 0x22, 0x44, 0x22, 0x7C, 0x63, 0xC4, 0xA2, 0x44, 0x22, 0x7C, 0x23, 0xC4, 0x22, 0x40, 0x20, 0x40, 0x20, 0x40, 0x20, 0x40, 0x20, 0x40 };
static const uint8_t bitmap_233[] = { 0x08, 0x00, 0x0A, 0x7E, 0x09, 0x84, 0x10, 0x04, 0x14, 0xF4, 0x23, 0x04, 0x20, 0x04, 0x66, 0xF4, 0xA3, 0x24, 0x22, 0x24, 0x22, 0xE4, 0x23, 0x24, 0x20, 0x04, 0x20, 0x14, 0x20, 0x0C, 0x20, 0x08 };
static const uint8_t bitmap_234[] = { 0x0E, 0x18, 0x0B, 0x08, 0x12, 0x88, 0x12, 0x48, 0x22, 0x48, 0x22, 0x28, 0x62, 0x28, 0xA2, 0x08, 0x22, 0x08, 0x22, 0x48, 0x22, 0x90, 0x23, 0x18, 0x26, 0x24, 0x20, 0x44, 0x21, 0x82, 0x26, 0x02 };
static const uint8_t bitmap_235[] = { 0x08, 0x00, 0x0A, 0x3E, 0x0B, 0xC4, 0x12, 0x44, 0x12, 0x44, 0x22, 0x44, 0x22, 0x7C, 0x63, 0xC4, 0xA2, 0x44, 0x22, 0x44, 0x22, 0x44, 0x22, 0x44, 0x22, 0x44, 0x22, 0x7C, 0x23, 0xC4, 0x22, 0x04 };
static const uint8_t bitmap_236[] = { 0x08, 0x00, 0x0A, 0x7C, 0x13, 0x88, 0x12, 0x08, 0x22, 0x08, 0x22, 0x78, 0x63, 0x88, 0xA2, 0x08, 0x22, 0x08, 0x22, 0x78, 0x23, 0x88, 0x22, 0x00, 0x20, 0x00, 0x28, 0x7E, 0x27, 0x80, 0x20, 0x00 };
static const uint8_t bitmap_237[] = { 0x08, 0xC0, 0x08, 0x40, 0x08, 0x40, 0x10, 0x40, 0x14, 0x7C, 0x23, 0x80, 0x20, 0x08, 0x62, 0x08, 0xA2, 0x10, 0x21, 0x10, 0x21, 0x10, 0x21, 0x20, 0x21, 0x20, 0x28, 0x7E, 0x27, 0x80, 0x20, 0x00 };
static const uint8_t bitmap_238[] = { 0x08, 0x18, 0x0E, 0x60, 0x13, 0xA0, 0x12, 0x20, 0x22, 0x20, 0x22, 0x3E, 0x63, 0xE0, 0xA2, 0x20, 0x22, 0x10, 0x22, 0x10, 0x22, 0x10, 0x22, 0x52, 0x22, 0x8A, 0x23, 0x4C, 0x2C, 0x26, 0x20, 0x22 };
static const uint8_t bitmap_239[] = { 0x09, 0x80, 0x08, 0x40, 0x10, 0x40, 0x18, 0x3C, 0x27, 0xC0, 0x20, 0x40, 0x60, 0x40, 0xA0, 0x40, 0x24, 0x78, 0x23, 0xC0, 0x20, 0x40, 0x20, 0x40, 0x20, 0x40, 0x28, 0x7E, 0x27, 0x80, 0x20, 0x00 };
static const uint8_t bitmap_240[] = { 0x08, 0x40, 0x08, 0x40, 0x08, 0x40, 0x10, 0x80, 0x18, 0xBE, 0x27, 0xC0, 0x21, 0x00, 0x61, 0x00, 0xA2, 0x3C, 0x25, 0xC0, 0x28, 0x40, 0x30, 0x40, 0x20, 0x40, 0x28, 0x7E, 0x27, 0x80, 0x20, 0x00 };
static const uint8_t bitmap_241[] = { 0x08, 0x80, 0x08, 0x80, 0x10, 0x80, 0x18, 0xBE, 0x17, 0xC0, 0x20, 0x80, 0x21, 0x00, 0x61, 0x00, 0xA2, 0x7C, 0x27, 0x88, 0x2A, 0x08, 0x32, 0x08, 0x22, 0x08, 0x22, 0x78, 0x23, 0x88, 0x22, 0x08 };
static const uint8_t bitmap_242[] = { 0x08, 0xC0, 0x08, 0x40, 0x10, 0x40, 0x10, 0x40, 0x28, 0x7E, 0x27, 0xE0, 0x61, 0x50, 0xA1, 0x50, 0x22, 0x48, 0x22, 0x44, 0x24, 0x44, 0x2C, 0x7A, 0x33, 0xC2, 0x20, 0x40, 0x20, 0x40, 0x20, 0x40 };
static const uint8_t bitmap_243[] = { 0x08, 0x00, 0x08, 0x00, 0x08, 0x3E, 0x17, 0xC8, 0x10, 0x08, 0x20, 0x08, 0x2D, 0xE8, 0x66, 0x48, 0xA4, 0x48, 0x24, 0x48, 0x25, 0xC8, 0x26, 0x48, 0x24, 0x08, 0x20, 0x28, 0x20, 0x18, 0x20, 0x10 };
static const uint8_t bitmap_244[] = { 0x01, 0x00, 0x02, 0xC0, 0x02, 0x20, 0x04, 0x10, 0x08, 0x08, 0x11, 0xF4, 0x2F, 0x02, 0xC1, 0x00, 0x41, 0xFC, 0x3F, 0x00, 0x01, 0x20, 0x09, 0x10, 0x11, 0x08, 0x25, 0x04, 0xC3, 0x04, 0x02, 0x00 };
static const uint8_t bitmap_245[] = { 0x13, 0x60, 0x11, 0x20, 0x19, 0x7E, 0x17, 0xA4, 0x21, 0x24, 0x2D, 0x7C, 0x67, 0xA4, 0x65, 0x20, 0xA5, 0x7E, 0x2F, 0xA2, 0x29, 0x22, 0x21, 0x34, 0x22, 0x2C, 0x22, 0x28, 0x24, 0x20, 0x38, 0x20 };
static const uint8_t bitmap_246[] = { 0x08, 0x80, 0x08, 0x80, 0x08, 0x80, 0x09, 0x3E, 0x11, 0xC0, 0x12, 0x40, 0x34, 0x5C, 0x58, 0x60, 0x90, 0x40, 0x10, 0x40, 0x10, 0x5E, 0x10, 0x60, 0x10, 0x40, 0x10, 0x40, 0x10, 0x40, 0x10, 0x40 };
static const uint8_t bitmap_247[] = { 0x08, 0x80, 0x08, 0x80, 0x08, 0x80, 0x10, 0x9E, 0x11, 0xE4, 0x31, 0x28, 0x32, 0x20, 0x54, 0x28, 0x91, 0x24, 0x11, 0x24, 0x12, 0x22, 0x12, 0x22, 0x14, 0x22, 0x18, 0xA0, 0x10, 0x60, 0x10, 0x40 };
static const uint8_t bitmap_248[] = { 0x08, 0x00, 0x0E, 0x3E, 0x0B, 0xC4, 0x0A, 0x44, 0x12, 0x7C, 0x13, 0xC4, 0x32, 0x44, 0x52, 0x44, 0x92, 0x7C, 0x13, 0xC4, 0x12, 0x44, 0x12, 0x44, 0x14, 0x44, 0x14, 0x54, 0x18, 0x4C, 0x10, 0x08 };
static const uint8_t bitmap_249[] = { 0x10, 0x00, 0x1C, 0x7C, 0x17, 0x88, 0x14, 0x08, 0x26, 0x78, 0x25, 0xC8, 0x24, 0x48, 0x67, 0x78, 0xA5, 0xC8, 0x25, 0x48, 0x25, 0x5A, 0x29, 0x5A, 0x29, 0x74, 0x29, 0x54, 0x30, 0x46, 0x20, 0x42 };
static const uint8_t bitmap_250[] = { 0x08, 0xC0, 0x08, 0x40, 0x0C, 0x7C, 0x13, 0xC0, 0x10, 0x40, 0x28, 0x7E, 0x27, 0x80, 0x60, 0x40, 0xA0, 0x40, 0x24, 0x7C, 0x23, 0xC0, 0x20, 0x40, 0x20, 0x40, 0x28, 0x7E, 0x27, 0x80, 0x20, 0x00 };
static const uint8_t bitmap_251[] = { 0x08, 0xC0, 0x08, 0x40, 0x08, 0x7E, 0x17, 0xC0, 0x10, 0x40, 0x2C, 0x7E, 0x27, 0xC4, 0x64, 0x44, 0xA4, 0x7C, 0x27, 0xC4, 0x24, 0x40, 0x21, 0xC0, 0x20, 0xB0, 0x21, 0x08, 0x22, 0x04, 0x2C, 0x02 };
static const uint8_t bitmap_252[] = { 0x08, 0x00, 0x0C, 0x3E, 0x0B, 0xC0, 0x10, 0x90, 0x10, 0x88, 0x21, 0x18, 0x21, 0xE4, 0x66, 0x44, 0xA0, 0x40, 0x24, 0x7C, 0x23, 0xC0, 0x20, 0x40, 0x20, 0x40, 0x28, 0x7E, 0x27, 0x80, 0x20, 0x00 };
static const uint8_t bitmap_253[] = { 0x08, 0x80, 0x08, 0xBC, 0x09, 0xC8, 0x12, 0x10, 0x15, 0x10, 0x20, 0xA0, 0x20, 0xC0, 0x63, 0x40, 0xAC, 0x5E, 0x20, 0xE4, 0x21, 0x08, 0x2E, 0x88, 0x20, 0x50, 0x20, 0x60, 0x21, 0x80, 0x2E, 0x00 };
static const uint8_t bitmap_254[] = { 0x10, 0x0C, 0x19, 0xE4, 0x16, 0x04, 0x12, 0x34, 0x22, 0xD4, 0x23, 0x54, 0x62, 0x54, 0xA6, 0x54, 0x25, 0x94, 0x28, 0x94, 0x31, 0x14, 0x21, 0x04, 0x22, 0x04, 0x24, 0x14, 0x28, 0x0C, 0x30, 0x08 };
static const uint8_t bitmap_255[] = { 0x08, 0xC0, 0x08, 0x40, 0x0C, 0x7C, 0x13, 0xC0, 0x10, 0x40, 0x18, 0x7E, 0x37, 0x88, 0x50, 0x08, 0x94, 0x7E, 0x13, 0x88, 0x11, 0x08, 0x10, 0x88, 0x10, 0x88, 0x10, 0x28, 0x10, 0x18, 0x10, 0x10 };
static const uint8_t bitmap_256[] = { 0x08, 0x30, 0x09, 0x90, 0x08, 0x90, 0x10, 0x90, 0x14, 0xBC, 0x23, 0xD0, 0x20, 0x90, 0x60, 0x90, 0xA0, 0x90, 0x28, 0xBE, 0x27, 0xC0, 0x20, 0x10, 0x21, 0x08, 0x22, 0x04, 0x24, 0x02, 0x28, 0x02 };
static const uint8_t bitmap_257[] = { 0x08, 0xC0, 0x08, 0x40, 0x10, 0x40, 0x18, 0x7E, 0x27, 0x80, 0x21, 0x04, 0x61, 0x84, 0xA2, 0x48, 0x26, 0x28, 0x2A, 0x10, 0x32, 0x10, 0x22, 0x08, 0x22, 0xC4, 0x23, 0x04, 0x2E, 0x02, 0x20, 0x02 };
static const uint8_t bitmap_258[] = { 0x08, 0xC0, 0x08, 0x40, 0x10, 0x40, 0x18, 0x7C, 0x27, 0xC0, 0x24, 0x48, 0x62, 0x48, 0xA1, 0x50, 0x31, 0x5E, 0x2F, 0xE0, 0x20, 0x90, 0x20, 0x88, 0x21, 0x08, 0x21, 0x04, 0x22, 0x02, 0x2C, 0x02 };
static const uint8_t bitmap_259[] = { 0x08, 0x00, 0x0B, 0x3C, 0x09, 0xC8, 0x11, 0x08, 0x11, 0x08, 0x11, 0x38, 0x31, 0xC8, 0x51, 0x00, 0x96, 0x3E, 0x13, 0xC4, 0x12, 0x04, 0x12, 0x04, 0x12, 0x04, 0x12, 0x3C, 0x13, 0xC4, 0x12, 0x04 };
static const uint8_t bitmap_260[] = { 0x09, 0x80, 0x08, 0x80, 0x0C, 0xBC, 0x13, 0xC8, 0x10, 0x50, 0x10, 0x50, 0x30, 0x24, 0x50, 0xD4, 0x97, 0x0E, 0x10, 0x00, 0x18, 0x7C, 0x17, 0xA0, 0x11, 0x20, 0x11, 0x24, 0x12, 0x24, 0x1C, 0x1E };
static const uint8_t bitmap_261[] = { 0x08, 0xC0, 0x08, 0x5C, 0x10, 0x60, 0x10, 0x40, 0x16, 0x7C, 0x23, 0x88, 0x62, 0x48, 0xA2, 0x48, 0x22, 0x48, 0x22, 0x48, 0x22, 0x48, 0x22, 0x48, 0x20, 0xA0, 0x20, 0x98, 0x23, 0x04, 0x2C, 0x02 };
static const uint8_t bitmap_262[] = { 0x10, 0x06, 0x1D, 0xC2, 0x16, 0x72, 0x24, 0x52, 0x25, 0x52, 0x25, 0x52, 0x65, 0x52, 0xA5, 0x52, 0x25, 0x52, 0x25, 0x52, 0x25, 0x52, 0x25, 0x42, 0x21, 0x02, 0x22, 0x8A, 0x24, 0x46, 0x38, 0x44 };
static const uint8_t bitmap_263[] = { 0x08, 0x0C, 0x08, 0x70, 0x0B, 0xC0, 0x10, 0x40, 0x14, 0x5E, 0x13, 0xE0, 0x30, 0x50, 0x50, 0x88, 0x91, 0xB4, 0x16, 0x92, 0x10, 0x90, 0x10, 0x90, 0x11, 0x10, 0x11, 0x10, 0x12, 0x10, 0x14, 0x10 };
static const uint8_t bitmap_264[] = { 0x09, 0x00, 0x09, 0x00, 0x12, 0x3E, 0x13, 0xC0, 0x24, 0x00, 0x26, 0x7C, 0x6B, 0x88, 0xB2, 0x48, 0x2A, 0x7E, 0x2F, 0x88, 0x22, 0x48, 0x22, 0x7E, 0x27, 0x90, 0x24, 0x50, 0x20, 0x30, 0x20, 0x20 };
static const uint8_t bitmap_265[] = { 0x08, 0x00, 0x0A, 0x78, 0x09, 0x90, 0x10, 0x10, 0x18, 0x7E, 0x27, 0x80, 0x22, 0x00, 0x62, 0x3C, 0xA3, 0xC0, 0x24, 0x40, 0x28, 0x7E, 0x27, 0xC0, 0x20, 0xB0, 0x21, 0x08, 0x22, 0x04, 0x2C, 0x02 };
static const uint8_t bitmap_266[] = { 0x08, 0x00, 0x0A, 0x7C, 0x11, 0x88, 0x12, 0x78, 0x21, 0x88, 0x22, 0x78, 0x61, 0x80, 0xA4, 0x7E, 0x27, 0x84, 0x24, 0x78, 0x2B, 0x90, 0x20, 0xD0, 0x20, 0x20, 0x20, 0x58, 0x21, 0x84, 0x2E, 0x02 };
static const uint8_t bitmap_267[] = { 0x08, 0x00, 0x08, 0x3E, 0x0F, 0xC0, 0x14, 0x7C, 0x13, 0xC8, 0x22, 0x78, 0x63, 0xC8, 0xA2, 0x48, 0x22, 0x78, 0x23, 0xC8, 0x22, 0x40, 0x21, 0x40, 0x20, 0xE0, 0x20, 0x98, 0x23, 0x04, 0x2C, 0x02 };
static const uint8_t bitmap_268[] = { 0x08, 0x00, 0x0E, 0x3C, 0x13, 0xC8, 0x12, 0x08, 0x22, 0x08, 0x22, 0x38, 0x63, 0xC8, 0xA2, 0x40, 0x20, 0x40, 0x26, 0x5C, 0x22, 0x60, 0x22, 0x40, 0x23, 0x40, 0x24, 0xC0, 0x28, 0x60, 0x30, 0x1E };
static const uint8_t bitmap_269[] = { 0x10, 0x60, 0x10, 0xA8, 0x13, 0x24, 0x2E, 0x24, 0x22, 0x20, 0x32, 0x7E, 0x6F, 0xA0, 0xA2, 0x28, 0x22, 0xA8, 0x23, 0x28, 0x2E, 0x10, 0x22, 0x12, 0x22, 0x2A, 0x2A, 0xCC, 0x27, 0x06, 0x24, 0x02 };
static const uint8_t bitmap_270[] = { 0x08, 0x80, 0x08, 0x90, 0x11, 0x18, 0x12, 0x74, 0x2F, 0x84, 0x21, 0x30, 0x61, 0x08, 0xA2, 0x84, 0x2C, 0x84, 0x21, 0x78, 0x21, 0x90, 0x22, 0x60, 0x2C, 0x20, 0x20, 0xD8, 0x23, 0x04, 0x3C, 0x02 };
static const uint8_t bitmap_271[] = { 0x0C, 0xC4, 0x0A, 0x44, 0x09, 0x48, 0x11, 0x50, 0x16, 0x7E, 0x23, 0xC4, 0x22, 0x04, 0x62, 0x3C, 0xA3, 0xC4, 0x22, 0x04, 0x22, 0x3C, 0x23, 0xC4, 0x22, 0x04, 0x22, 0x14, 0x22, 0x0C, 0x22, 0x08 };
static const uint8_t bitmap_272[] = { 0x10, 0xC6, 0x13, 0x02, 0x1D, 0x32, 0x11, 0x12, 0x29, 0xD2, 0x27, 0x12, 0x21, 0x12, 0x63, 0x92, 0xA3, 0x52, 0x25, 0x52, 0x25, 0x12, 0x29, 0x02, 0x31, 0x02, 0x21, 0x0A, 0x21, 0x06, 0x21, 0x04 };
static const uint8_t bitmap_273[] = { 0x08, 0x00, 0x09, 0x30, 0x11, 0x08, 0x12, 0x44, 0x24, 0x62, 0x28, 0x90, 0x61, 0x08, 0xA1, 0x04, 0x22, 0x02, 0x26, 0x3C, 0x2B, 0xC8, 0x22, 0x08, 0x22, 0x08, 0x22, 0x38, 0x23, 0xC8, 0x22, 0x08 };
static const uint8_t bitmap_274[] = { 0x10, 0x18, 0x10, 0x64, 0x17, 0x88, 0x12, 0x48, 0x21, 0x50, 0x25, 0x3C, 0x23, 0xC8, 0x60, 0x10, 0xA0, 0xA0, 0x28, 0x7E, 0x27, 0xA0, 0x20, 0x20, 0x20, 0x20, 0x21, 0x40, 0x20, 0xC0, 0x20, 0x80 };
static const uint8_t bitmap_275[] = { 0x08, 0x00, 0x0E, 0x3C, 0x13, 0xC8, 0x12, 0x08, 0x22, 0x08, 0x22, 0x38, 0x63, 0xC8, 0xA2, 0x40, 0x30, 0x7E, 0x2F, 0xC0, 0x21, 0x60, 0x21, 0x50, 0x22, 0x48, 0x24, 0x44, 0x38, 0x42, 0x20, 0x40 };
static const uint8_t bitmap_276[] = { 0x08, 0xC0, 0x08, 0x40, 0x14, 0x7E, 0x13, 0xC0, 0x10, 0x00, 0x22, 0x3C, 0x21, 0xC0, 0x62, 0x3C, 0xA1, 0xC0, 0x20, 0x00, 0x26, 0x3E, 0x23, 0xC4, 0x22, 0x04, 0x22, 0x3C, 0x23, 0xC4, 0x22, 0x04 };
static const uint8_t bitmap_277[] = { 0x10, 0x00, 0x18, 0x3E, 0x17, 0xE0, 0x10, 0xA0, 0x2C, 0xBE, 0x27, 0xE4, 0x24, 0xA4, 0x64, 0xA4, 0xA4, 0xB4, 0x25, 0x6C, 0x25, 0x24, 0x26, 0x44, 0x24, 0x84, 0x24, 0x14, 0x24, 0x0C, 0x24, 0x08 };
static const uint8_t bitmap_278[] = { 0x08, 0x80, 0x08, 0xC0, 0x10, 0xA0, 0x11, 0x10, 0x21, 0x08, 0x22, 0x74, 0x65, 0x82, 0xA9, 0x04, 0x20, 0x84, 0x24, 0x48, 0x22, 0x48, 0x21, 0x10, 0x21, 0x20, 0x28, 0x7E, 0x27, 0x80, 0x20, 0x00 };
static const uint8_t bitmap_279[] = { 0x08, 0x80, 0x08, 0x80, 0x10, 0xBC, 0x11, 0xC8, 0x29, 0x68, 0x2A, 0x10, 0x68, 0x28, 0xA8, 0xC4, 0x2B, 0x22, 0x28, 0x28, 0x28, 0xCA, 0x2B, 0x12, 0x28, 0x64, 0x21, 0x88, 0x20, 0x30, 0x21, 0xC0 };
static const uint8_t bitmap_280[] = { 0x10, 0xC0, 0x10, 0x40, 0x1C, 0x7E, 0x17, 0x80, 0x24, 0x98, 0x24, 0x88, 0x24, 0x8E, 0x65, 0x78, 0xA5, 0x48, 0x27, 0x28, 0x25, 0x28, 0x25, 0x08, 0x29, 0x08, 0x29, 0x28, 0x31, 0x18, 0x21, 0x10 };
static const uint8_t bitmap_281[] = { 0x08, 0x00, 0x0A, 0x7C, 0x13, 0x88, 0x12, 0x08, 0x22, 0x78, 0x23, 0x88, 0x62, 0x78, 0xA3, 0x88, 0x22, 0x78, 0x23, 0x88, 0x22, 0x08, 0x2A, 0x7E, 0x27, 0x80, 0x21, 0x18, 0x22, 0x04, 0x2C, 0x02 };
static const uint8_t bitmap_282[] = { 0x08, 0xC0, 0x08, 0x40, 0x08, 0x7C, 0x17, 0xA0, 0x10, 0xD8, 0x11, 0x44, 0x32, 0x7A, 0x57, 0xCA, 0x9A, 0x78, 0x13, 0xC8, 0x12, 0x78, 0x13, 0xC8, 0x12, 0x44, 0x10, 0x44, 0x10, 0x24, 0x10, 0x1E };
static const uint8_t bitmap_283[] = { 0x08, 0xC0, 0x08, 0x40, 0x14, 0x7C, 0x13, 0x90, 0x21, 0x10, 0x20, 0xA0, 0x70, 0xBE, 0xAF, 0xC0, 0x20, 0x00, 0x26, 0x3C, 0x23, 0xC8, 0x22, 0x08, 0x22, 0x08, 0x22, 0x38, 0x23, 0xC8, 0x22, 0x08 };
static const uint8_t bitmap_284[] = { 0x10, 0x06, 0x18, 0xC2, 0x17, 0x32, 0x12, 0x92, 0x24, 0xD2, 0x27, 0x52, 0x7D, 0x32, 0xA1, 0x12, 0x29, 0xD2, 0x27, 0x12, 0x21, 0x12, 0x21, 0x02, 0x21, 0xC2, 0x23, 0x0A, 0x2C, 0x06, 0x20, 0x04 };
static const uint8_t bitmap_285[] = { 0x10, 0x00, 0x1C, 0x7E, 0x17, 0x84, 0x14, 0x04, 0x24, 0x7C, 0x27, 0x80, 0x24, 0x24, 0x65, 0x24, 0xA5, 0x3C, 0x25, 0xE4, 0x25, 0x20, 0x2A, 0x22, 0x2A, 0x22, 0x2A, 0x3E, 0x33, 0xC2, 0x22, 0x02 };
static const uint8_t bitmap_286[] = { 0x10, 0xC8, 0x14, 0x48, 0x12, 0x50, 0x11, 0x40, 0x2C, 0x7E, 0x27, 0xC4, 0x24, 0x04, 0x65, 0x34, 0xA5, 0xD4, 0x25, 0x14, 0x25, 0x14, 0x25, 0x34, 0x25, 0xD4, 0x25, 0x14, 0x24, 0x0C, 0x24, 0x08 };
static const uint8_t bitmap_287[] = { 0x08, 0x00, 0x0A, 0x78, 0x09, 0x90, 0x10, 0x10, 0x14, 0x3E, 0x2B, 0xC0, 0x29, 0x00, 0x69, 0x3C, 0xAB, 0xC0, 0x2A, 0x40, 0x2C, 0x7E, 0x2B, 0xC0, 0x28, 0xB0, 0x29, 0x08, 0x22, 0x04, 0x2C, 0x02 };
static const uint8_t bitmap_288[] = { 0x10, 0xC0, 0x10, 0x40, 0x14, 0x7C, 0x13, 0xA0, 0x20, 0x90, 0x21, 0x08, 0x2A, 0x7E, 0x67, 0x88, 0xA0, 0x08, 0x25, 0xE8, 0x26, 0x48, 0x24, 0xC8, 0x27, 0x48, 0x24, 0x28, 0x20, 0x18, 0x20, 0x10 };
static const uint8_t bitmap_289[] = { 0x0B, 0x60, 0x09, 0x20, 0x15, 0x7C, 0x13, 0xA0, 0x11, 0x20, 0x29, 0x7E, 0x27, 0x80, 0x60, 0x00, 0xA6, 0x7C, 0x23, 0x88, 0x22, 0x78, 0x23, 0x88, 0x22, 0x08, 0x22, 0x78, 0x23, 0x88, 0x22, 0x08 };
static const uint8_t bitmap_290[] = { 0x10, 0x00, 0x16, 0x7C, 0x13, 0x88, 0x12, 0x78, 0x23, 0x88, 0x22, 0x78, 0x23, 0x88, 0x62, 0x00, 0xAC, 0x7E, 0x27, 0x84, 0x24, 0x7C, 0x27, 0x84, 0x24, 0x04, 0x24, 0x7C, 0x27, 0x84, 0x24, 0x04 };
static const uint8_t bitmap_291[] = { 0x14, 0xC8, 0x12, 0x48, 0x11, 0x50, 0x14, 0xFC, 0x23, 0x80, 0x20, 0x80, 0x29, 0x7E, 0x67, 0x90, 0xA2, 0x08, 0x23, 0x74, 0x25, 0x92, 0x29, 0x10, 0x31, 0x30, 0x21, 0x24, 0x20, 0x84, 0x20, 0x7E };
static const uint8_t bitmap_292[] = { 0x08, 0xC0, 0x0C, 0x7C, 0x13, 0xC0, 0x12, 0x78, 0x11, 0xC0, 0x28, 0x7E, 0x27, 0x80, 0x62, 0x7C, 0xA3, 0x88, 0x22, 0x48, 0x22, 0x48, 0x22, 0x48, 0x22, 0x60, 0x20, 0x98, 0x23, 0x04, 0x2C, 0x02 };
static const uint8_t bitmap_293[] = { 0x10, 0xC0, 0x18, 0x7E, 0x17, 0xC0, 0x20, 0x40, 0x26, 0x7C, 0x23, 0xC8, 0x62, 0x38, 0xA3, 0xC8, 0x22, 0x38, 0x23, 0xC8, 0x22, 0x38, 0x23, 0xC8, 0x22, 0x08, 0x2A, 0x3E, 0x27, 0xC0, 0x20, 0x00 };
static const uint8_t bitmap_294[] = { 0x08, 0x00, 0x09, 0x1E, 0x10, 0xE0, 0x10, 0x20, 0x29, 0xBE, 0x28, 0xE4, 0x6A, 0x84, 0xAC, 0xA4, 0x28, 0xA4, 0x28, 0xA4, 0x2A, 0xA4, 0x2C, 0xA4, 0x28, 0x50, 0x20, 0x48, 0x20, 0x84, 0x23, 0x02 };
static const uint8_t bitmap_295[] = { 0x10, 0x00, 0x1D, 0xCE, 0x16, 0xB4, 0x14, 0x84, 0x25, 0x8C, 0x26, 0xB4, 0x24, 0x00, 0x65, 0xCE, 0xA6, 0x34, 0x24, 0x44, 0x25, 0xA8, 0x26, 0x10, 0x24, 0x18, 0x24, 0x24, 0x24, 0x42, 0x25, 0x82 };
static const uint8_t bitmap_296[] = { 0x08, 0x00, 0x0A, 0x3C, 0x13, 0xC8, 0x12, 0x78, 0x23, 0xC8, 0x22, 0x48, 0x62, 0x78, 0xA3, 0x80, 0x28, 0x7E, 0x27, 0x80, 0x22, 0x64, 0x22, 0x14, 0x22, 0x28, 0x22, 0xC4, 0x23, 0x04, 0x2C, 0x02 };
static const uint8_t bitmap_297[] = { 0x08, 0xC0, 0x08, 0x40, 0x0E, 0x7C, 0x13, 0xC8, 0x12, 0x08, 0x12, 0x38, 0x23, 0xC8, 0x62, 0x00, 0xA2, 0x3E, 0x27, 0xE4, 0x26, 0xA4, 0x2A, 0xBC, 0x33, 0xE4, 0x22, 0xB4, 0x22, 0xAC, 0x22, 0x08 };
static const uint8_t bitmap_298[] = { 0x16, 0x20, 0x12, 0x20, 0x12, 0x20, 0x13, 0xC0, 0x2E, 0x4E, 0x22, 0x78, 0x22, 0x88, 0x6B, 0xC8, 0xAC, 0xA8, 0x28, 0x90, 0x28, 0x98, 0x2B, 0xA8, 0x2C, 0xA4, 0x28, 0x44, 0x20, 0x82, 0x23, 0x02 };
static const uint8_t bitmap_299[] = { 0x08, 0xC0, 0x08, 0x7C, 0x17, 0xC0, 0x11, 0x38, 0x11, 0xD0, 0x21, 0x30, 0x61, 0xC0, 0xA4, 0x3E, 0x27, 0xC4, 0x24, 0x3C, 0x2B, 0xC0, 0x20, 0x40, 0x20, 0x40, 0x21, 0x40, 0x20, 0xC0, 0x20, 0x80 };
static const uint8_t bitmap_300[] = { 0x08, 0x60, 0x08, 0x20, 0x15, 0x3C, 0x1E, 0xE8, 0x25, 0x3E, 0x24, 0xE8, 0x69, 0x38, 0xAA, 0xE8, 0x2F, 0x3C, 0x32, 0xE0, 0x2A, 0x20, 0x2B, 0x3E, 0x24, 0xE0, 0x2A, 0x20, 0x31, 0x80, 0x20, 0x7E };
static const uint8_t bitmap_301[] = { 0x08, 0x00, 0x0E, 0x7C, 0x0B, 0xC8, 0x12, 0x78, 0x13, 0xC8, 0x22, 0x48, 0x22, 0x78, 0x63, 0xC0, 0xAC, 0x7E, 0x27, 0xC2, 0x24, 0x52, 0x24, 0x4A, 0x24, 0x7A, 0x27, 0x8A, 0x24, 0x06, 0x24, 0x04 };
static const uint8_t bitmap_302[] = { 0x10, 0xC0, 0x10, 0xA0, 0x11, 0x10, 0x11, 0x08, 0x22, 0x3C, 0x27, 0xC2, 0x28, 0x0C, 0x75, 0xD4, 0xA6, 0x54, 0x25, 0xD4, 0x26, 0x54, 0x25, 0xD4, 0x26, 0x44, 0x25, 0x54, 0x24, 0xCC, 0x24, 0x88 };
static const uint8_t bitmap_303[] = { 0x12, 0xC8, 0x11, 0x50, 0x15, 0x7E, 0x17, 0x84, 0x24, 0x08, 0x2A, 0x38, 0x21, 0xC0, 0x60, 0x00, 0xA8, 0x3E, 0x27, 0xC0, 0x20, 0x90, 0x20, 0x88, 0x21, 0x18, 0x21, 0xE4, 0x27, 0x04, 0x20, 0x04 };
static const uint8_t bitmap_304[] = { 0x10, 0xD8, 0x10, 0x44, 0x18, 0x7E, 0x17, 0xC0, 0x20, 0x7C, 0x23, 0xC8, 0x22, 0x78, 0x63, 0xC8, 0xA2, 0x78, 0x23, 0xC8, 0x22, 0x50, 0x28, 0x3E, 0x27, 0xD0, 0x21, 0x10, 0x20, 0xB0, 0x20, 0x20 };
static const uint8_t bitmap_305[] = { 0x08, 0xC0, 0x08, 0x40, 0x14, 0x7C, 0x13, 0x90, 0x21, 0x10, 0x29, 0x7E, 0x6F, 0xC4, 0xA8, 0x48, 0x38, 0x7E, 0x27, 0x80, 0x21, 0x38, 0x21, 0xD0, 0x22, 0x10, 0x22, 0xA0, 0x24, 0x60, 0x38, 0x40 };
static const uint8_t bitmap_306[] = { 0x10, 0x60, 0x10, 0x28, 0x19, 0x38, 0x14, 0xE8, 0x24, 0x30, 0x21, 0x3E, 0x76, 0xE0, 0xAC, 0x40, 0x24, 0xDC, 0x25, 0x68, 0x24, 0x58, 0x25, 0x68, 0x26, 0x48, 0x2C, 0x58, 0x20, 0x68, 0x20, 0x48 };
static const uint8_t bitmap_307[] = { 0x08, 0x44, 0x0A, 0x44, 0x0A, 0x7C, 0x13, 0xD0, 0x11, 0x10, 0x21, 0x3E, 0x23, 0xE0, 0x66, 0x20, 0xAA, 0x3C, 0x33, 0xE0, 0x22, 0x3C, 0x23, 0xE0, 0x22, 0x20, 0x22, 0x3E, 0x23, 0xC0, 0x22, 0x00 };
static const uint8_t bitmap_308[] = { 0x16, 0x10, 0x12, 0x10, 0x1B, 0x90, 0x16, 0x20, 0x2B, 0xAE, 0x26, 0x78, 0x33, 0xC8, 0x6E, 0x28, 0xA4, 0x28, 0x25, 0x98, 0x26, 0x88, 0x24, 0x94, 0x28, 0x94, 0x2D, 0x22, 0x33, 0x42, 0x22, 0x82 };
static const uint8_t bitmap_309[] = { 0x10, 0xC0, 0x1C, 0xBE, 0x17, 0xD4, 0x15, 0x24, 0x24, 0xD4, 0x25, 0x3C, 0x27, 0xD0, 0x61, 0x08, 0xA2, 0x84, 0x2C, 0xBA, 0x21, 0xC8, 0x23, 0x10, 0x2C, 0xA0, 0x20, 0x70, 0x21, 0x8C, 0x2E, 0x02 };
static const uint8_t bitmap_310[] = { 0x08, 0x80, 0x08, 0xB0, 0x11, 0xE0, 0x11, 0x40, 0x22, 0x7C, 0x2F, 0xC8, 0x62, 0x48, 0xA2, 0xB8, 0x23, 0xC4, 0x21, 0x24, 0x26, 0x58, 0x21, 0xB4, 0x26, 0x54, 0x21, 0x92, 0x26, 0x62, 0x20, 0x40 };
static const uint8_t bitmap_311[] = { 0x08, 0xC0, 0x08, 0x40, 0x14, 0x7C, 0x13, 0xE2, 0x29, 0x14, 0x25, 0x08, 0x62, 0x7C, 0xA7, 0x92, 0x2A, 0x70, 0x23, 0x90, 0x22, 0x70, 0x23, 0xD0, 0x22, 0x48, 0x25, 0x44, 0x28, 0xC2, 0x30, 0x82 };
static const uint8_t bitmap_312[] = { 0x0A, 0x10, 0x09, 0x10, 0x15, 0x7E, 0x17, 0xC4, 0x14, 0x54, 0x25, 0x64, 0x64, 0x7C, 0xA7, 0x80, 0x22, 0x7C, 0x23, 0x88, 0x22, 0x78, 0x23, 0x88, 0x22, 0x08, 0x22, 0x78, 0x23, 0x88, 0x22, 0x08 };
static const uint8_t bitmap_313[] = { 0x10, 0x00, 0x18, 0x7C, 0x17, 0x80, 0x10, 0x78, 0x23, 0xC8, 0x22, 0x78, 0x23, 0xC8, 0x6A, 0x7E, 0xA7, 0x80, 0x20, 0x78, 0x23, 0xC8, 0x22, 0x78, 0x23, 0xC8, 0x32, 0x7E, 0x2F, 0xC0, 0x20, 0x00 };
static const uint8_t bitmap_314[] = { 0x10, 0x30, 0x15, 0x90, 0x16, 0xDE, 0x14, 0xB4, 0x24, 0xA4, 0x25, 0xA4, 0x66, 0xAE, 0xA4, 0x70, 0x25, 0x90, 0x26, 0x90, 0x2C, 0xDE, 0x34, 0xF0, 0x25, 0x90, 0x26, 0x90, 0x24, 0x90, 0x20, 0x10 };
static const uint8_t bitmap_315[] = { 0x10, 0x00, 0x14, 0x3C, 0x13, 0xC0, 0x28, 0x7E, 0x2F, 0xC4, 0x28, 0x58, 0x73, 0x50, 0xA2, 0x40, 0x28, 0x3E, 0x27, 0xC0, 0x2D, 0x3E, 0x27, 0xD2, 0x24, 0x92, 0x24, 0x9A, 0x24, 0x96, 0x24, 0x04 };
static const uint8_t bitmap_316[] = { 0x0C, 0xC0, 0x04, 0x40, 0x04, 0x40, 0x04, 0x40, 0x04, 0x40, 0x04, 0x40, 0x04, 0x40, 0x04, 0x40, 0x08, 0x40, 0x08, 0x40, 0x08, 0x40, 0x10, 0x40, 0x10, 0x44, 0x20, 0x44, 0x40, 0x24, 0x80, 0x1E };
static const uint8_t bitmap_317[] = { 0x02, 0x00, 0x02, 0x00, 0x02, 0x20, 0x04, 0x10, 0x04, 0x38, 0x0B, 0xC4, 0x7C, 0x84, 0x04, 0x80, 0x04, 0x80, 0x04, 0x80, 0x04, 0x80, 0x08, 0x80, 0x08, 0x84, 0x10, 0x84, 0x20, 0x44, 0xC0, 0x3E };
static const uint8_t bitmap_318[] = { 0x00, 0x00, 0x20, 0xF8, 0x1F, 0x00, 0x00, 0x00, 0x00, 0x00, 0x81, 0xFE, 0x7E, 0x80, 0x04, 0x80, 0x04, 0x80, 0x04, 0x80, 0x04, 0x80, 0x08, 0x80, 0x08, 0x84, 0x10, 0x84, 0x20, 0x44, 0xC0, 0x3E };
static const uint8_t bitmap_319[] = { 0x00, 0x00, 0x30, 0xF8, 0x1F, 0x10, 0x10, 0x10, 0x10, 0x10, 0x10, 0x10, 0x10, 0x10, 0x11, 0xF0, 0x1E, 0x90, 0x14, 0x80, 0x04, 0x80, 0x08, 0x80, 0x08, 0x84, 0x10, 0x84, 0x20, 0x44, 0xC0, 0x3E };
static const uint8_t bitmap_320[] = { 0x03, 0x00, 0x01, 0x00, 0x81, 0xFE, 0x7E, 0x00, 0x02, 0x20, 0x04, 0x10, 0x04, 0xF8, 0x1F, 0x84, 0x64, 0x84, 0x04, 0x80, 0x04, 0x80, 0x08, 0x80, 0x08, 0x84, 0x10, 0x84, 0x20, 0x44, 0xC0, 0x3E };
static const uint8_t bitmap_321[] = { 0x0D, 0x80, 0x04, 0x88, 0x44, 0x88, 0x24, 0x90, 0x14, 0xA0, 0x14, 0x80, 0x04, 0xC0, 0x0C, 0xB0, 0x34, 0x88, 0xC4, 0x84, 0x04, 0x84, 0x08, 0x80, 0x08, 0x84, 0x10, 0x84, 0x20, 0x44, 0xC0, 0x3E };
static const uint8_t bitmap_322[] = { 0x03, 0x00, 0x19, 0x00, 0x09, 0x00, 0x11, 0xF8, 0x1F, 0x00, 0x21, 0x00, 0x41, 0x00, 0x81, 0xFE, 0x7E, 0x80, 0x04, 0x80, 0x04, 0x80, 0x08, 0x80, 0x08, 0x84, 0x10, 0x84, 0x20, 0x44, 0xC0, 0x3E };
static const uint8_t bitmap_323[] = { 0x03, 0x00, 0x01, 0x08, 0x21, 0x08, 0x11, 0x10, 0x09, 0x20, 0x09, 0x40, 0x81, 0xFE, 0x7E, 0x80, 0x04, 0x80, 0x04, 0x80, 0x04, 0x80, 0x08, 0x80, 0x08, 0x84, 0x10, 0x84, 0x20, 0x44, 0xC0, 0x3E };
static const uint8_t bitmap_324[] = { 0x03, 0x00, 0x01, 0x00, 0x81, 0xFE, 0x7F, 0x00, 0x01, 0x00, 0x31, 0xF8, 0x1F, 0x10, 0x10, 0x10, 0x10, 0x10, 0x11, 0xF0, 0x1E, 0x90, 0x14, 0x80, 0x04, 0x84, 0x08, 0x84, 0x30, 0x84, 0xC0, 0x7E };
static const uint8_t bitmap_325[] = { 0x04, 0x00, 0x04, 0xE0, 0x07, 0x40, 0x08, 0x80, 0x11, 0x00, 0x31, 0xFC, 0xDF, 0x08, 0x11, 0x08, 0x11, 0xF8, 0x1F, 0x08, 0x12, 0x80, 0x02, 0x80, 0x04, 0x84, 0x08, 0x84, 0x30, 0x84, 0xC0, 0x7E };
static const uint8_t bitmap_326[] = { 0x10, 0x20, 0x08, 0x20, 0x04, 0x40, 0x04, 0x80, 0x11, 0xF0, 0x1E, 0x20, 0x10, 0x20, 0x10, 0x20, 0x11, 0xE0, 0x1E, 0xA0, 0x14, 0x80, 0x04, 0x80, 0x08, 0x84, 0x10, 0x84, 0x20, 0x44, 0xC0, 0x3E };
static const uint8_t bitmap_327[] = { 0x04, 0x00, 0x04, 0xE0, 0x07, 0x40, 0x08, 0x80, 0x11, 0x00, 0x31, 0xFC, 0xDF, 0x08, 0x11, 0x08, 0x11, 0xF8, 0x1F, 0x08, 0x12, 0x80, 0x02, 0xA0, 0x04, 0x94, 0x08, 0x94, 0x30, 0x44, 0xC0, 0x3E };
static const uint8_t bitmap_328[] = { 0x23, 0x10, 0x11, 0x10, 0x09, 0x20, 0x49, 0xFE, 0x7E, 0x04, 0x40, 0x08, 0x99, 0xF0, 0x0E, 0x20, 0x08, 0x20, 0x09, 0xE0, 0x0E, 0xA0, 0x04, 0x80, 0x04, 0x84, 0x08, 0x84, 0x30, 0x84, 0xC0, 0x7E };
static const uint8_t bitmap_329[] = { 0x09, 0x00, 0x09, 0x00, 0xD2, 0xCE, 0x6F, 0x54, 0x44, 0x44, 0x45, 0xC4, 0x46, 0x44, 0x5C, 0x4C, 0x65, 0xD4, 0x46, 0x44, 0x04, 0x80, 0x04, 0x80, 0x04, 0x84, 0x08, 0x84, 0x30, 0x44, 0xC0, 0x3E };
static const uint8_t bitmap_330[] = { 0x30, 0x60, 0x10, 0x20, 0x9F, 0x3C, 0x70, 0xE0, 0x10, 0x20, 0xDE, 0xBC, 0x64, 0xC8, 0x44, 0x88, 0x4C, 0xB8, 0x74, 0xD0, 0x29, 0x50, 0x2A, 0x50, 0x2C, 0x94, 0x48, 0x94, 0x59, 0x14, 0x86, 0x0E };
static const uint8_t bitmap_331[] = { 0x01, 0x00, 0x07, 0x80, 0x01, 0x00, 0x01, 0x00, 0x01, 0x00, 0x01, 0x00, 0x01, 0x00, 0x02, 0x80, 0x02, 0x40, 0x02, 0x20, 0x04, 0x10, 0x04, 0x08, 0x08, 0x08, 0x10, 0x04, 0x20, 0x02, 0xC0, 0x02 };
static const uint8_t bitmap_332[] = { 0x01, 0x00, 0x01, 0x80, 0x02, 0x60, 0x04, 0x10, 0x08, 0x08, 0x10, 0xF4, 0x2F, 0x02, 0xC1, 0x00, 0x01, 0x00, 0x11, 0xF0, 0x0F, 0x00, 0x01, 0x00, 0x01, 0x00, 0x41, 0xFC, 0x3E, 0x00, 0x00, 0x00 };
static const uint8_t bitmap_333[] = { 0x00, 0x80, 0x03, 0xC0, 0x00, 0x80, 0x0C, 0x40, 0x04, 0x40, 0x04, 0x20, 0x04, 0x20, 0x04, 0x10, 0x08, 0x10, 0x08, 0x08, 0x08, 0x08, 0x10, 0x04, 0x10, 0x04, 0x20, 0x02, 0x40, 0x02, 0x80, 0x02 };
static const uint8_t bitmap_334[] = { 0x00, 0x40, 0x04, 0xC0, 0x04, 0x20, 0x08, 0x10, 0x08, 0x08, 0x11, 0x04, 0x11, 0x04, 0x21, 0x02, 0x42, 0x02, 0x82, 0x20, 0x02, 0x10, 0x04, 0x08, 0x04, 0xF8, 0x0F, 0x04, 0x70, 0x04, 0x00, 0x00 };
static const uint8_t bitmap_335[] = { 0x03, 0x00, 0x01, 0x00, 0x01, 0x00, 0x01, 0x00, 0x81, 0xFE, 0x7E, 0x00, 0x00, 0x00, 0x08, 0x40, 0x04, 0x20, 0x04, 0x10, 0x08, 0x08, 0x08, 0x08, 0x10, 0x04, 0x20, 0x04, 0x40, 0x00, 0x00, 0x00 };
static const uint8_t bitmap_336[] = { 0x08, 0x20, 0x04, 0x20, 0x02, 0x40, 0x42, 0xFC, 0x3F, 0x00, 0x00, 0x00, 0x00, 0x00, 0x00, 0x00, 0x21, 0xF8, 0x1E, 0x00, 0x00, 0x00, 0x00, 0x00, 0x00, 0x00, 0x81, 0xFE, 0x7E, 0x00, 0x00, 0x00 };
static const uint8_t bitmap_337[] = { 0x0C, 0xC0, 0x04, 0x40, 0x04, 0x40, 0x44, 0xFC, 0x3F, 0x40, 0x04, 0x40, 0x04, 0x40, 0x04, 0x40, 0x85, 0xFE, 0x7E, 0x00, 0x00, 0x20, 0x04, 0x10, 0x08, 0x08, 0x10, 0x04, 0x20, 0x02, 0xC0, 0x02 };
static const uint8_t bitmap_338[] = { 0x08, 0x20, 0x04, 0x20, 0x02, 0x40, 0x42, 0xFC, 0x3F, 0x00, 0x01, 0x00, 0x01, 0x00, 0x81, 0xFE, 0x7F, 0x00, 0x01, 0x80, 0x02, 0x40, 0x02, 0x20, 0x04, 0x10, 0x08, 0x08, 0x30, 0x04, 0xC0, 0x02 };
static const uint8_t bitmap_339[] = { 0x00, 0x08, 0x04, 0x08, 0x22, 0x08, 0x11, 0x10, 0x11, 0x10, 0x09, 0x20, 0x08, 0x20, 0x00, 0x40, 0x81, 0xFE, 0x7E, 0x00, 0x00, 0x20, 0x04, 0x10, 0x08, 0x08, 0x10, 0x04, 0x20, 0x02, 0xC0, 0x02 };
static const uint8_t bitmap_340[] = { 0x00, 0x30, 0x19, 0xC0, 0x0E, 0x00, 0x08, 0x00, 0x08, 0xF8, 0x0F, 0x40, 0x08, 0x40, 0x08, 0x40, 0x08, 0x40, 0x89, 0xFE, 0x7E, 0x00, 0x00, 0x40, 0x04, 0x30, 0x08, 0x08, 0x30, 0x04, 0xC0, 0x02 };
static const uint8_t bitmap_341[] = { 0x0C, 0x60, 0x04, 0x20, 0x44, 0xFC, 0x3F, 0x20, 0x04, 0xE0, 0x07, 0x20, 0x04, 0x20, 0x04, 0xE0, 0x07, 0x20, 0x04, 0x20, 0x84, 0xFE, 0x7F, 0x00, 0x04, 0x60, 0x08, 0x18, 0x30, 0x04, 0xC0, 0x02 };
static const uint8_t bitmap_342[] = { 0x00, 0x00, 0x19, 0xF0, 0x0E, 0x20, 0x08, 0x20, 0x09, 0xE0, 0x0E, 0x20, 0x09, 0xE0, 0x0E, 0x20, 0x09, 0xE0, 0x0E, 0x20, 0x08, 0x20, 0x89, 0xFE, 0x7E, 0x40, 0x04, 0x30, 0x18, 0x08, 0x60, 0x04 };
static const uint8_t bitmap_343[] = { 0x0C, 0xC0, 0x04, 0x40, 0x04, 0x40, 0x65, 0xFC, 0x3E, 0x48, 0x24, 0x48, 0x25, 0xF8, 0x3E, 0x48, 0x24, 0x48, 0x24, 0x48, 0xA5, 0xFE, 0x7E, 0x00, 0x04, 0x60, 0x08, 0x18, 0x30, 0x04, 0xC0, 0x02 };
static const uint8_t bitmap_344[] = { 0x08, 0x20, 0x04, 0x20, 0x02, 0x40, 0x82, 0xFE, 0x7F, 0x10, 0x08, 0x10, 0x10, 0x20, 0x14, 0x28, 0x24, 0x48, 0x38, 0x70, 0x48, 0x90, 0x14, 0x20, 0x24, 0x24, 0x3E, 0x5C, 0xC3, 0xE2, 0x02, 0x02 };
static const uint8_t bitmap_345[] = { 0x04, 0x20, 0x02, 0x40, 0x42, 0xFC, 0x3F, 0x00, 0x21, 0xF8, 0x1E, 0x00, 0x83, 0xFE, 0x7E, 0x20, 0x08, 0xD8, 0x34, 0x44, 0xC4, 0x42, 0x04, 0x40, 0x08, 0x40, 0x08, 0x40, 0x10, 0x40, 0x60, 0x40 };
static const uint8_t bitmap_346[] = { 0x04, 0x20, 0x02, 0x40, 0x42, 0xFC, 0x3F, 0x40, 0x12, 0xFC, 0x0F, 0x48, 0x82, 0xFE, 0x7F, 0x48, 0x02, 0x48, 0x22, 0xF8, 0x1F, 0x48, 0x06, 0x60, 0x0A, 0x50, 0x12, 0x48, 0x22, 0x44, 0xC2, 0x42 };
static const uint8_t bitmap_347[] = { 0x08, 0x20, 0x04, 0x40, 0x35, 0xF8, 0x1F, 0x10, 0x11, 0xF0, 0x1F, 0x10, 0x11, 0xF0, 0x1E, 0x10, 0x81, 0xFE, 0x7E, 0x00, 0x09, 0xF0, 0x0E, 0x20, 0x08, 0x20, 0x09, 0xE0, 0x0E, 0x20, 0x08, 0x20 };
static const uint8_t bitmap_348[] = { 0x05, 0x8C, 0x9C, 0xB0, 0x64, 0xC4, 0x0C, 0x84, 0x34, 0xFE, 0xDF, 0x10, 0x11, 0xF0, 0x1F, 0x10, 0x11, 0xF0, 0x1F, 0x40, 0x44, 0xFC, 0x3F, 0x40, 0x84, 0xFE, 0x7F, 0x20, 0x08, 0x18, 0x70, 0x04 };
static const uint8_t bitmap_349[] = { 0x03, 0x00, 0x01, 0x00, 0x01, 0x00, 0x61, 0xFE, 0x3F, 0x04, 0x21, 0x04, 0x21, 0x84, 0x22, 0x44, 0x22, 0x24, 0x24, 0x14, 0x28, 0x14, 0x30, 0x04, 0x20, 0x04, 0x20, 0x14, 0x20, 0x0C, 0x20, 0x08 };
static const uint8_t bitmap_350[] = { 0x00, 0x00, 0xC0, 0xFE, 0x7F, 0x02, 0x40, 0x22, 0x40, 0x22, 0x4C, 0x22, 0x42, 0x42, 0x41, 0x42, 0x40, 0x82, 0x41, 0x42, 0x41, 0x22, 0x42, 0x12, 0x44, 0x12, 0x58, 0x0A, 0x40, 0x06, 0x40, 0x04 };
static const uint8_t bitmap_351[] = { 0x03, 0x00, 0x01, 0x00, 0x01, 0x00, 0x31, 0xF8, 0x1F, 0x10, 0x11, 0x10, 0x11, 0xF0, 0x1F, 0x10, 0x11, 0x10, 0x91, 0xFE, 0x7E, 0x10, 0x10, 0x10, 0x10, 0x10, 0x10, 0x50, 0x10, 0x30, 0x10, 0x20 };
static const uint8_t bitmap_352[] = { 0x00, 0x00, 0x6E, 0xDC, 0x34, 0x68, 0x24, 0x48, 0x24, 0x48, 0x24, 0x48, 0xA4, 0xFE, 0x7F, 0x48, 0x24, 0x48, 0x24, 0x48, 0x24, 0x48, 0x24, 0x88, 0x24, 0x88, 0x55, 0x28, 0x4E, 0x18, 0x88, 0x10 };
static const uint8_t bitmap_353[] = { 0x00, 0x00, 0x80, 0xFE, 0x7F, 0x00, 0x01, 0x00, 0x31, 0xF8, 0x1F, 0x10, 0x11, 0x10, 0x11, 0xF0, 0x1F, 0x10, 0x11, 0x10, 0x91, 0xFE, 0x7E, 0x10, 0x10, 0x10, 0x10, 0x50, 0x10, 0x30, 0x10, 0x20 };
static const uint8_t bitmap_354[] = { 0x00, 0x00, 0x60, 0xFE, 0x3F, 0x04, 0x28, 0xF4, 0x27, 0x04, 0x28, 0xF4, 0x27, 0x00, 0x08, 0xF8, 0x0F, 0x10, 0x08, 0xF0, 0x0F, 0x10, 0x08, 0xF0, 0x0F, 0x10, 0x08, 0xF0, 0x0F, 0x10, 0x08, 0x10 };
static const uint8_t bitmap_355[] = { 0x00, 0x00, 0x41, 0xFE, 0x7E, 0x04, 0x40, 0x08, 0x80, 0x00, 0x19, 0xC0, 0x0E, 0x80, 0x08, 0x80, 0x08, 0x80, 0x08, 0x80, 0x08, 0x80, 0x08, 0x80, 0x10, 0x84, 0x10, 0x84, 0x20, 0x44, 0xC0, 0x3E };
static const uint8_t bitmap_356[] = { 0x00, 0x00, 0x40, 0xFE, 0x7F, 0x04, 0x44, 0x08, 0x84, 0xE0, 0x0F, 0x00, 0x08, 0x00, 0x08, 0xFC, 0x1F, 0x08, 0x10, 0x08, 0x81, 0xC8, 0x7E, 0x10, 0x00, 0x10, 0x00, 0xA0, 0x00, 0x60, 0x00, 0x40 };
static const uint8_t bitmap_357[] = { 0x00, 0x00, 0x40, 0xFE, 0x7F, 0x04, 0x42, 0x08, 0xC2, 0xFC, 0x3F, 0x00, 0x04, 0x00, 0x0B, 0x00, 0x11, 0xF8, 0x3F, 0x00, 0x21, 0x00, 0x81, 0xFE, 0x7F, 0x00, 0x01, 0x00, 0x01, 0x00, 0x01, 0x00 };
static const uint8_t bitmap_358[] = { 0x03, 0x00, 0x01, 0x00, 0x01, 0x00, 0x42, 0xFE, 0x7F, 0x04, 0x42, 0x08, 0x85, 0x04, 0x08, 0x88, 0x18, 0x50, 0x28, 0x20, 0xC8, 0x10, 0x08, 0x88, 0x09, 0x08, 0x0A, 0x04, 0x0C, 0x02, 0x70, 0x02 };
static const uint8_t bitmap_359[] = { 0x00, 0x00, 0x40, 0xFE, 0x7F, 0x04, 0x40, 0x18, 0xA6, 0x08, 0x18, 0x8E, 0x00, 0x78, 0x8F, 0x88, 0x74, 0x48, 0x24, 0x48, 0x24, 0x08, 0x24, 0x28, 0x24, 0x18, 0x44, 0x14, 0x42, 0x04, 0x81, 0xFE };
static const uint8_t bitmap_360[] = { 0x00, 0x00, 0x41, 0xFE, 0x7E, 0x04, 0x44, 0x08, 0x84, 0xE0, 0x0F, 0x40, 0x10, 0x80, 0x21, 0xFC, 0xFF, 0x08, 0x21, 0x08, 0x21, 0xF8, 0x3F, 0x28, 0x22, 0x94, 0x04, 0x94, 0x18, 0x84, 0xE0, 0x7E };
static const uint8_t bitmap_361[] = { 0x00, 0x00, 0x40, 0xFE, 0x7F, 0x04, 0x40, 0x08, 0x99, 0xF0, 0x0E, 0x20, 0x09, 0xE0, 0x0E, 0x20, 0x09, 0xE0, 0x0F, 0x20, 0x09, 0x00, 0x81, 0xFE, 0x7E, 0x40, 0x04, 0x30, 0x18, 0x08, 0x60, 0x04 };
static const uint8_t bitmap_362[] = { 0x04, 0x00, 0x04, 0x00, 0x04, 0xF0, 0x0F, 0x20, 0x10, 0x20, 0x2C, 0x40, 0xC2, 0x80, 0x01, 0x80, 0x02, 0x60, 0x05, 0x18, 0x08, 0x84, 0x30, 0x42, 0xC6, 0x00, 0x01, 0x80, 0x00, 0x40, 0x00, 0x20 };
static const uint8_t bitmap_363[] = { 0x00, 0x00, 0x44, 0x78, 0x23, 0x90, 0x20, 0x10, 0x11, 0x20, 0x01, 0x20, 0x0A, 0x20, 0x12, 0x7E, 0x17, 0x84, 0x24, 0x04, 0x28, 0x74, 0xC7, 0x84, 0x20, 0x08, 0x20, 0x48, 0x20, 0x30, 0x20, 0x20 };
static const uint8_t bitmap_364[] = { 0x00, 0xC0, 0x40, 0x40, 0x20, 0x44, 0x20, 0x44, 0x13, 0x48, 0x0D, 0x50, 0x01, 0x60, 0x12, 0x50, 0x12, 0x48, 0x22, 0x48, 0x24, 0x44, 0xC4, 0x44, 0x28, 0x42, 0x31, 0x42, 0x20, 0xC0, 0x20, 0x80 };
static const uint8_t bitmap_365[] = { 0x00, 0xC0, 0x40, 0x40, 0x20, 0x40, 0x20, 0x40, 0x14, 0x7E, 0x07, 0xC4, 0x0C, 0x44, 0x14, 0x44, 0x14, 0x44, 0x14, 0x7C, 0x27, 0xC4, 0x24, 0x40, 0xC0, 0x40, 0x20, 0x40, 0x20, 0x40, 0x20, 0x40 };
static const uint8_t bitmap_366[] = { 0x01, 0x80, 0x40, 0x80, 0x20, 0x80, 0x24, 0xF8, 0x13, 0x90, 0x00, 0x90, 0x10, 0x90, 0x18, 0xFE, 0x17, 0x80, 0x21, 0x40, 0x21, 0x20, 0xC2, 0x10, 0x22, 0x08, 0x24, 0x04, 0x28, 0x04, 0x30, 0x02 };
static const uint8_t bitmap_367[] = { 0x00, 0x00, 0x46, 0x7C, 0x23, 0x88, 0x22, 0x08, 0x12, 0x08, 0x02, 0x08, 0x0A, 0x78, 0x13, 0xA8, 0x12, 0xA0, 0x21, 0x20, 0x21, 0x20, 0xC2, 0x20, 0x22, 0x24, 0x24, 0x24, 0x28, 0x24, 0x30, 0x1E };
static const uint8_t bitmap_368[] = { 0x00, 0x80, 0x40, 0x80, 0x20, 0xA0, 0x21, 0x10, 0x11, 0x38, 0x01, 0xC4, 0x0E, 0x04, 0x10, 0x00, 0x16, 0x7C, 0x23, 0x88, 0x22, 0x08, 0xC2, 0x08, 0x22, 0x08, 0x22, 0x78, 0x23, 0x88, 0x22, 0x08 };
static const uint8_t bitmap_369[] = { 0x00, 0x80, 0x40, 0xC0, 0x21, 0x20, 0x21, 0x10, 0x12, 0x88, 0x02, 0x44, 0x14, 0x42, 0x18, 0x3C, 0x17, 0xC8, 0x20, 0x08, 0x20, 0x10, 0xC1, 0x10, 0x20, 0xA0, 0x20, 0x40, 0x20, 0x20, 0x20, 0x20 };
static const uint8_t bitmap_370[] = { 0x00, 0x40, 0x40, 0x40, 0x20, 0x40, 0x24, 0x9E, 0x13, 0xE0, 0x00, 0x80, 0x09, 0x60, 0x11, 0x20, 0x12, 0x3C, 0x23, 0xE0, 0x22, 0x28, 0xC1, 0x24, 0x21, 0x24, 0x22, 0xA2, 0x2C, 0x62, 0x20, 0x40 };
static const uint8_t bitmap_371[] = { 0x00, 0x80, 0x40, 0xB8, 0x21, 0xD0, 0x21, 0x20, 0x12, 0x7C, 0x05, 0xC8, 0x08, 0x7E, 0x17, 0xC8, 0x10, 0x48, 0x24, 0x78, 0x23, 0xC8, 0xC0, 0x40, 0x20, 0x40, 0x21, 0x40, 0x20, 0xC0, 0x20, 0x80 };
static const uint8_t bitmap_372[] = { 0x01, 0x80, 0x80, 0x80, 0x48, 0xFC, 0x2F, 0x80, 0x24, 0xF8, 0x13, 0x90, 0x18, 0xFE, 0x17, 0x90, 0x24, 0xF0, 0x23, 0x80, 0x32, 0xFE, 0xCF, 0x10, 0x22, 0x20, 0x27, 0x60, 0x21, 0x98, 0x2E, 0x04 };
static const uint8_t bitmap_373[] = { 0x00, 0x88, 0x40, 0x88, 0x21, 0x10, 0x11, 0x3E, 0x13, 0xE0, 0x0A, 0x20, 0x0E, 0x3C, 0x13, 0xE0, 0x12, 0x20, 0x22, 0x3C, 0x23, 0xE0, 0xC2, 0x20, 0x22, 0x20, 0x22, 0x3E, 0x23, 0xC0, 0x22, 0x00 };
static const uint8_t bitmap_374[] = { 0x00, 0xC0, 0x40, 0x40, 0x24, 0x7E, 0x27, 0xC0, 0x10, 0x00, 0x06, 0x3C, 0x13, 0xC8, 0x12, 0x08, 0x12, 0x38, 0x23, 0xC8, 0x24, 0x40, 0xC2, 0x48, 0x22, 0x44, 0x25, 0x42, 0x28, 0xC2, 0x20, 0x80 };
static const uint8_t bitmap_375[] = { 0x00, 0xC0, 0x42, 0x78, 0x21, 0xC0, 0x20, 0x40, 0x18, 0x7C, 0x07, 0x80, 0x10, 0x98, 0x11, 0x04, 0x12, 0x82, 0x2C, 0xB8, 0x20, 0xD0, 0xC1, 0x50, 0x26, 0x20, 0x20, 0x58, 0x21, 0x84, 0x2E, 0x02 };
static const uint8_t bitmap_376[] = { 0x00, 0x6C, 0x40, 0x22, 0x20, 0x20, 0x24, 0x3E, 0x17, 0xE0, 0x04, 0x20, 0x0E, 0xE4, 0x15, 0x14, 0x14, 0xD4, 0x27, 0x54, 0x26, 0xD8, 0xCB, 0x4A, 0x28, 0x1A, 0x30, 0x24, 0x20, 0xC6, 0x23, 0x02 };
static const uint8_t bitmap_377[] = { 0x00, 0xC0, 0x40, 0x40, 0x28, 0x7C, 0x27, 0xC0, 0x14, 0x7C, 0x03, 0x80, 0x08, 0xFE, 0x17, 0x90, 0x11, 0x38, 0x23, 0xC4, 0x24, 0x7A, 0xCB, 0xC0, 0x20, 0xA0, 0x21, 0x10, 0x22, 0x08, 0x3C, 0x04 };
static const uint8_t bitmap_378[] = { 0x00, 0x40, 0x48, 0x7E, 0x27, 0x80, 0x20, 0x7C, 0x13, 0xA8, 0x02, 0xE8, 0x0A, 0x88, 0x12, 0x78, 0x13, 0x80, 0x24, 0x78, 0x23, 0x80, 0xC8, 0x7E, 0x27, 0xC8, 0x25, 0x44, 0x28, 0xC2, 0x30, 0x82 };
static const uint8_t bitmap_379[] = { 0x04, 0xC0, 0x87, 0x2E, 0x44, 0xB4, 0x24, 0x98, 0x2B, 0xC8, 0x08, 0x9E, 0x14, 0x74, 0x17, 0x98, 0x2A, 0x50, 0x2A, 0x56, 0x2F, 0xD8, 0xC2, 0x50, 0x25, 0x70, 0x24, 0xD0, 0x28, 0x88, 0x11, 0x06 };
static const uint8_t bitmap_380[] = { 0x00, 0x00, 0x19, 0xE0, 0x0E, 0x40, 0x08, 0x40, 0x08, 0x40, 0x08, 0x40, 0x08, 0x40, 0x08, 0x40, 0x08, 0x40, 0x08, 0x40, 0x10, 0x40, 0x10, 0x40, 0x10, 0x44, 0x20, 0x44, 0x40, 0x24, 0x80, 0x1E };
static const uint8_t bitmap_381[] = { 0x00, 0x00, 0x31, 0xE0, 0x1E, 0x40, 0x10, 0x40, 0x10, 0x40, 0x18, 0x40, 0x14, 0x40, 0x12, 0x40, 0x12, 0x40, 0x12, 0x40, 0x10, 0x40, 0x20, 0x40, 0x20, 0x44, 0x20, 0x44, 0x40, 0x24, 0x80, 0x1E };
static const uint8_t bitmap_382[] = { 0x00, 0x00, 0x61, 0xFC, 0x3E, 0x08, 0x20, 0x08, 0x29, 0xE8, 0x26, 0x48, 0x28, 0x48, 0x24, 0x48, 0x22, 0x88, 0x21, 0x88, 0x21, 0x4A, 0x22, 0x2A, 0x44, 0x2A, 0x58, 0x04, 0x40, 0x06, 0x80, 0x02 };
static const uint8_t bitmap_383[] = { 0x10, 0x18, 0x10, 0x60, 0x13, 0xC0, 0x28, 0x7E, 0x67, 0xC0, 0xA0, 0x40, 0x24, 0x7C, 0x23, 0x80, 0x00, 0x00, 0x19, 0xE0, 0x0E, 0x40, 0x08, 0x40, 0x08, 0x44, 0x10, 0x44, 0x20, 0x24, 0xC0, 0x1E };
static const uint8_t bitmap_384[] = { 0x18, 0x00, 0x49, 0xDC, 0x49, 0x68, 0x4F, 0x48, 0x71, 0x48, 0x40, 0x48, 0x8F, 0x48, 0x72, 0x48, 0x02, 0x48, 0x4E, 0x48, 0x72, 0x48, 0x40, 0x48, 0x43, 0x4A, 0x5C, 0x8A, 0xE0, 0x8C, 0x03, 0x06 };
static const uint8_t bitmap_385[] = { 0x00, 0x00, 0x31, 0xF8, 0x1E, 0x10, 0x13, 0xD0, 0x16, 0x50, 0x15, 0xD0, 0x16, 0x50, 0x15, 0xD0, 0x16, 0x10, 0x19, 0xF0, 0x27, 0x12, 0x29, 0xCA, 0x27, 0x0C, 0x51, 0xF4, 0x9E, 0x06, 0x00, 0x02 };
static const uint8_t bitmap_386[] = { 0x01, 0x10, 0x1F, 0x92, 0x42, 0x64, 0x35, 0xD8, 0x0E, 0x04, 0x31, 0xF2, 0xCE, 0x20, 0x09, 0xE0, 0x0E, 0x40, 0x85, 0xFE, 0x7E, 0x00, 0x09, 0xE0, 0x0E, 0x40, 0x08, 0x44, 0x10, 0x24, 0xE0, 0x1E };
static const uint8_t bitmap_387[] = { 0x00, 0x20, 0xC0, 0x26, 0x40, 0x22, 0x4C, 0x42, 0x42, 0x42, 0x41, 0x42, 0x40, 0x82, 0x41, 0x42, 0x41, 0x22, 0x42, 0x12, 0x44, 0x0A, 0x58, 0x0A, 0x40, 0x02, 0x43, 0xFE, 0x7C, 0x02, 0x40, 0x02 };
static const uint8_t bitmap_388[] = { 0x00, 0x00, 0x0D, 0xE0, 0x06, 0x40, 0x04, 0x40, 0x04, 0x40, 0x04, 0x40, 0xCC, 0x5E, 0x74, 0x64, 0x40, 0x04, 0x40, 0x04, 0x40, 0x04, 0x40, 0x04, 0x40, 0x04, 0x41, 0xFC, 0x7E, 0x04, 0x40, 0x04 };
static const uint8_t bitmap_389[] = { 0x00, 0x00, 0x00, 0x00, 0xDE, 0xDE, 0x64, 0x64, 0x44, 0x44, 0x44, 0x44, 0x44, 0x44, 0x44, 0x44, 0x45, 0xC4, 0x46, 0x44, 0x44, 0x04, 0x40, 0x04, 0x40, 0x04, 0x41, 0xFC, 0x7E, 0x04, 0x40, 0x04 };
static const uint8_t bitmap_390[] = { 0x03, 0x00, 0x21, 0x08, 0x21, 0x08, 0x21, 0x08, 0x21, 0x08, 0x21, 0xF8, 0x3F, 0x08, 0x21, 0x00, 0x01, 0x04, 0x41, 0x04, 0x41, 0x04, 0x41, 0x04, 0x41, 0x04, 0x41, 0xFC, 0x7E, 0x04, 0x40, 0x04 };
static const uint8_t bitmap_391[] = { 0x03, 0x00, 0x01, 0x00, 0x01, 0x00, 0x21, 0xF8, 0x1F, 0x00, 0x01, 0x00, 0x01, 0x00, 0x81, 0xFE, 0x7F, 0x00, 0x01, 0x08, 0x21, 0x08, 0x21, 0x08, 0x21, 0x08, 0x21, 0xF8, 0x3E, 0x08, 0x20, 0x08 };
static const uint8_t bitmap_392[] = { 0x00, 0x00, 0x20, 0xF0, 0x1F, 0x20, 0x00, 0x40, 0x12, 0x94, 0xC9, 0x94, 0x45, 0x64, 0x45, 0x84, 0x43, 0x44, 0x4D, 0x24, 0x71, 0x14, 0x43, 0x14, 0x42, 0x04, 0x41, 0xFC, 0x7E, 0x04, 0x40, 0x04 };
static const uint8_t bitmap_393[] = { 0x06, 0x88, 0x22, 0x88, 0x12, 0x90, 0x8B, 0xFE, 0x7E, 0x40, 0x04, 0x40, 0xC2, 0x8C, 0x49, 0xE4, 0x47, 0x04, 0x41, 0x04, 0x51, 0xF4, 0x4F, 0x04, 0x41, 0x04, 0x41, 0xFC, 0x7E, 0x04, 0x40, 0x04 };
static const uint8_t bitmap_394[] = { 0x00, 0x00, 0x00, 0x00, 0x40, 0xFE, 0x3F, 0x04, 0x02, 0x04, 0x02, 0x04, 0x02, 0x04, 0x02, 0x04, 0x02, 0x04, 0x04, 0x04, 0x04, 0x08, 0x08, 0x08, 0x08, 0x08, 0x10, 0x50, 0x20, 0x30, 0xC0, 0x20 };
static const uint8_t bitmap_395[] = { 0x00, 0x00, 0x00, 0x00, 0x40, 0xFE, 0x3F, 0x04, 0x00, 0x04, 0x00, 0x14, 0x00, 0x24, 0x00, 0x44, 0x00, 0x84, 0x01, 0x04, 0x06, 0x08, 0x18, 0x08, 0x60, 0x08, 0x00, 0x50, 0x00, 0x30, 0x00, 0x20 };
static const uint8_t bitmap_396[] = { 0x00, 0x00, 0x80, 0xFE, 0x7F, 0x04, 0x01, 0x04, 0x01, 0x04, 0x09, 0x04, 0x09, 0x04, 0x12, 0x04, 0x12, 0x04, 0x62, 0x04, 0x04, 0x08, 0x04, 0x08, 0x08, 0x08, 0x10, 0x50, 0x20, 0x30, 0xC0, 0x20 };
static const uint8_t bitmap_397[] = { 0x00, 0x80, 0x05, 0x80, 0x04, 0x40, 0x08, 0x20, 0x08, 0x10, 0x10, 0x08, 0x20, 0xFC, 0x5F, 0x0A, 0x82, 0x08, 0x02, 0x08, 0x04, 0x08, 0x04, 0x10, 0x08, 0x10, 0x10, 0xA0, 0x20, 0x60, 0xC0, 0x40 };
static const uint8_t bitmap_398[] = { 0x60, 0x00, 0x20, 0x00, 0x22, 0x3E, 0x21, 0xE2, 0x26, 0x22, 0x28, 0x22, 0x30, 0x22, 0xE0, 0x22, 0x20, 0x42, 0x22, 0x44, 0x24, 0x44, 0x28, 0x84, 0x30, 0x84, 0x61, 0x28, 0x02, 0x18, 0x0C, 0x10 };
static const uint8_t bitmap_399[] = { 0x00, 0x06, 0x47, 0x02, 0x38, 0x62, 0x08, 0x22, 0x08, 0x22, 0x08, 0x22, 0x8F, 0xA2, 0x78, 0x22, 0x08, 0x22, 0x08, 0x22, 0x08, 0x02, 0x08, 0x02, 0x08, 0x02, 0x08, 0x0A, 0x08, 0x06, 0x08, 0x04 };
static const uint8_t bitmap_400[] = { 0x00, 0x0C, 0x47, 0x84, 0x3A, 0x64, 0x12, 0x24, 0x12, 0x24, 0x12, 0x24, 0x97, 0xA4, 0x7A, 0x24, 0x12, 0x24, 0x12, 0x24, 0x12, 0x04, 0x12, 0x04, 0x22, 0x04, 0x22, 0x14, 0x42, 0x0C, 0x82, 0x08 };
static const uint8_t bitmap_401[] = { 0x18, 0x0C, 0x0A, 0x04, 0x09, 0x64, 0x09, 0x24, 0x8F, 0xA4, 0x78, 0x24, 0x09, 0x24, 0x09, 0x24, 0x09, 0x24, 0x0A, 0x24, 0x06, 0x04, 0x04, 0x04, 0x0A, 0x44, 0x11, 0x54, 0x20, 0xCC, 0xC0, 0x48 };
static const uint8_t bitmap_402[] = { 0x00, 0x0C, 0x87, 0x84, 0x78, 0x64, 0x10, 0x24, 0x13, 0xA4, 0x1D, 0x24, 0x11, 0x24, 0x21, 0x24, 0x32, 0x24, 0x4A, 0x24, 0x84, 0x24, 0x04, 0x04, 0x08, 0x04, 0x10, 0x14, 0x20, 0x0C, 0xC0, 0x08 };
static const uint8_t bitmap_403[] = { 0x18, 0x0C, 0x08, 0x04, 0x08, 0x64, 0x8F, 0xA4, 0x72, 0x24, 0x02, 0x24, 0x42, 0x24, 0x24, 0x24, 0x14, 0x24, 0x08, 0x24, 0x0C, 0x24, 0x12, 0x04, 0x21, 0x04, 0x41, 0x14, 0x80, 0x0C, 0x00, 0x08 };
static const uint8_t bitmap_404[] = { 0x00, 0x0C, 0xCF, 0x84, 0x71, 0x64, 0x41, 0x24, 0x59, 0x24, 0x49, 0x24, 0x49, 0x24, 0x49, 0x24, 0x49, 0x24, 0x49, 0x24, 0x49, 0x24, 0x49, 0x04, 0x14, 0x04, 0x12, 0x14, 0x21, 0x0C, 0xC1, 0x08 };
static const uint8_t bitmap_405[] = { 0x00, 0x06, 0x87, 0xC2, 0xF8, 0xB2, 0x82, 0x92, 0x82, 0x92, 0xA2, 0x92, 0x94, 0x92, 0x94, 0x92, 0x88, 0x92, 0x88, 0x92, 0x94, 0x92, 0x92, 0x82, 0xA2, 0x82, 0xC0, 0x8A, 0x81, 0x86, 0x81, 0x04 };
static const uint8_t bitmap_406[] = { 0x08, 0x0C, 0x0C, 0x04, 0x12, 0x64, 0x11, 0x24, 0x21, 0x24, 0x4E, 0xA4, 0xB2, 0xA4, 0x22, 0x24, 0x22, 0x24, 0x2A, 0x24, 0x26, 0x04, 0x24, 0x04, 0x21, 0x04, 0x11, 0x14, 0x0F, 0x8C, 0x00, 0x08 };
static const uint8_t bitmap_407[] = { 0x30, 0x00, 0x10, 0x00, 0x12, 0x1E, 0x9D, 0xE4, 0x64, 0x44, 0x08, 0x44, 0x0A, 0x44, 0x14, 0x44, 0x38, 0x44, 0x54, 0x84, 0x92, 0x88, 0x12, 0x88, 0x11, 0x08, 0x12, 0x50, 0x14, 0x30, 0x18, 0x20 };
static const uint8_t bitmap_408[] = { 0x00, 0x06, 0x5D, 0xC2, 0x2A, 0xB2, 0x2A, 0x92, 0x2A, 0x92, 0x2A, 0x92, 0xAB, 0xF2, 0x7E, 0x92, 0x2A, 0x92, 0x2A, 0x92, 0x2A, 0x92, 0x2A, 0x82, 0x2A, 0x82, 0x4A, 0x8A, 0x5D, 0x86, 0x95, 0x04 };
static const uint8_t bitmap_409[] = { 0x19, 0x0C, 0x49, 0x04, 0x4A, 0x64, 0x2A, 0x24, 0x28, 0x24, 0x4F, 0x24, 0x38, 0x24, 0x08, 0x24, 0x08, 0x24, 0x8F, 0xA4, 0x78, 0x24, 0x08, 0x04, 0x10, 0x04, 0x10, 0x14, 0x20, 0x0C, 0x40, 0x08 };
static const uint8_t bitmap_410[] = { 0x10, 0x0C, 0x10, 0x04, 0x17, 0x64, 0x39, 0x24, 0x21, 0x24, 0x4D, 0x24, 0xB5, 0x24, 0x25, 0x24, 0x2D, 0x24, 0x35, 0x24, 0x23, 0x24, 0x22, 0x04, 0x20, 0x84, 0x20, 0x94, 0x10, 0x8C, 0x0F, 0xC8 };
static const uint8_t bitmap_411[] = { 0x03, 0x0C, 0x0C, 0x04, 0x78, 0x64, 0x08, 0x24, 0x8F, 0xA4, 0x78, 0x24, 0x1C, 0x24, 0x1A, 0x24, 0x29, 0x24, 0x29, 0x24, 0x48, 0x24, 0x88, 0x04, 0x08, 0x04, 0x08, 0x14, 0x08, 0x0C, 0x08, 0x08 };
static const uint8_t bitmap_412[] = { 0x00, 0x0C, 0x67, 0x84, 0x39, 0x64, 0x21, 0x24, 0x21, 0x24, 0x27, 0x24, 0x39, 0x24, 0x28, 0x24, 0x8B, 0xA4, 0x7D, 0x24, 0x11, 0x04, 0x11, 0x04, 0x21, 0x04, 0x2A, 0x14, 0x46, 0x0C, 0x84, 0x08 };
static const uint8_t bitmap_413[] = { 0x03, 0x06, 0x0C, 0x02, 0xF8, 0x62, 0x08, 0x22, 0x08, 0x22, 0x8F, 0xA2, 0x78, 0x22, 0x08, 0x22, 0x08, 0x22, 0xCF, 0xA2, 0x79, 0x02, 0x41, 0x02, 0x41, 0x02, 0x4F, 0x0A, 0x71, 0x06, 0x41, 0x04 };
static const uint8_t bitmap_414[] = { 0x00, 0x0C, 0x87, 0x04, 0x78, 0xC4, 0x14, 0x44, 0x12, 0x44, 0x26, 0x44, 0x39, 0x44, 0xD1, 0x44, 0x10, 0x44, 0x9E, 0x44, 0x70, 0x44, 0x11, 0x04, 0x16, 0x04, 0x18, 0x14, 0xE0, 0x0C, 0x00, 0x08 };
static const uint8_t bitmap_415[] = { 0x28, 0x0C, 0x28, 0x04, 0x2F, 0x64, 0x78, 0x24, 0x48, 0x24, 0x8F, 0xA4, 0x78, 0x24, 0x08, 0x24, 0xCF, 0xA4, 0x79, 0x24, 0x49, 0x24, 0x49, 0x04, 0x4D, 0x04, 0x4B, 0x14, 0x4A, 0x0C, 0x08, 0x08 };
static const uint8_t bitmap_416[] = { 0x00, 0x06, 0x63, 0xC2, 0x3C, 0xB2, 0x20, 0x92, 0x23, 0x92, 0x3E, 0x92, 0x22, 0x12, 0x3B, 0xD2, 0x2E, 0x92, 0x2A, 0x92, 0x2A, 0x82, 0x2A, 0x82, 0x4B, 0x82, 0x4A, 0x8A, 0x82, 0x06, 0x02, 0x04 };
static const uint8_t bitmap_417[] = { 0x03, 0x10, 0x11, 0x10, 0x09, 0x20, 0x49, 0xFC, 0x3F, 0x00, 0x02, 0x00, 0x82, 0xFE, 0x7F, 0x20, 0x08, 0x18, 0x10, 0xE4, 0x2F, 0x22, 0xC2, 0x20, 0x02, 0x20, 0x05, 0x40, 0x08, 0xC0, 0x30, 0x80 };
static const uint8_t bitmap_418[] = { 0x02, 0x06, 0x62, 0x02, 0x14, 0x62, 0x0C, 0x22, 0x12, 0x22, 0x21, 0x22, 0xD9, 0x22, 0x08, 0x22, 0x8F, 0xA2, 0x78, 0x22, 0x0A, 0x22, 0x29, 0x02, 0x28, 0x82, 0x48, 0x8A, 0x98, 0x06, 0x10, 0x04 };
static const uint8_t bitmap_419[] = { 0x18, 0x0C, 0x08, 0x64, 0x8F, 0xA4, 0x78, 0x24, 0x08, 0x24, 0xCF, 0xA4, 0x79, 0x24, 0x49, 0x24, 0x4B, 0x24, 0x59, 0x24, 0x1C, 0x24, 0x2A, 0x04, 0x29, 0x04, 0x48, 0x94, 0x88, 0x0C, 0x08, 0x08 };
static const uint8_t bitmap_420[] = { 0x18, 0x0C, 0x08, 0x64, 0x08, 0x24, 0x8F, 0xA4, 0x7A, 0x24, 0x12, 0x24, 0x24, 0x24, 0x3D, 0x24, 0x49, 0x24, 0x12, 0x24, 0x22, 0x24, 0xC4, 0x04, 0x0A, 0x04, 0x11, 0x14, 0x20, 0x8C, 0xC0, 0x88 };
static const uint8_t bitmap_421[] = { 0x18, 0x0C, 0x08, 0x64, 0x8F, 0xA4, 0x7A, 0x24, 0x22, 0x24, 0x14, 0x24, 0x0E, 0x24, 0x11, 0x24, 0x32, 0xA4, 0xD2, 0x24, 0x12, 0x04, 0x12, 0x04, 0x22, 0x04, 0x22, 0x14, 0x42, 0x0C, 0x82, 0x08 };
static const uint8_t bitmap_422[] = { 0x44, 0x0C, 0x24, 0x04, 0xAF, 0x64, 0x79, 0x24, 0x09, 0x24, 0x4F, 0x24, 0x79, 0x24, 0x48, 0x24, 0x4F, 0xA4, 0xF8, 0xA4, 0x98, 0xA4, 0x2D, 0x04, 0x2B, 0x04, 0x4A, 0x14, 0x88, 0x0C, 0x08, 0x08 };
static const uint8_t bitmap_423[] = { 0x99, 0x0C, 0x49, 0x64, 0x2A, 0x24, 0x2A, 0x24, 0xCF, 0xA4, 0x71, 0x24, 0x41, 0x24, 0x4F, 0x24, 0x71, 0x24, 0x41, 0x24, 0x4F, 0x04, 0x71, 0x04, 0x41, 0x04, 0x45, 0x14, 0x43, 0x0C, 0x42, 0x08 };
static const uint8_t bitmap_424[] = { 0x08, 0x40, 0x04, 0x40, 0x84, 0xFE, 0x7F, 0x00, 0x00, 0x18, 0x6E, 0xC8, 0x32, 0x48, 0x2E, 0x48, 0x32, 0x48, 0x22, 0x48, 0x2E, 0x48, 0x32, 0x48, 0x22, 0x08, 0x2A, 0x28, 0x26, 0x18, 0x24, 0x10 };
static const uint8_t bitmap_425[] = { 0x04, 0x06, 0x04, 0x32, 0x0A, 0x12, 0x09, 0x12, 0x10, 0x92, 0x2B, 0x52, 0x44, 0x52, 0x90, 0x92, 0x08, 0x92, 0x44, 0x92, 0x25, 0x02, 0x11, 0x02, 0x11, 0xC2, 0x0E, 0x0A, 0xF0, 0x06, 0x00, 0x04 };
static const uint8_t bitmap_426[] = { 0x00, 0x0C, 0x67, 0x04, 0x3A, 0x64, 0x26, 0x24, 0x3A, 0x24, 0x26, 0x24, 0x3A, 0x24, 0x10, 0x24, 0x27, 0xA4, 0x7A, 0xA4, 0x92, 0xA4, 0x24, 0x84, 0xC9, 0x04, 0x31, 0x14, 0xC6, 0x0C, 0x04, 0x08 };
static const uint8_t bitmap_427[] = { 0x18, 0x0C, 0x08, 0x04, 0x4F, 0x64, 0x32, 0x24, 0x22, 0x24, 0x14, 0x24, 0x97, 0xA4, 0x78, 0x24, 0x00, 0x24, 0x67, 0xA4, 0x39, 0x24, 0x21, 0x04, 0x21, 0x04, 0x27, 0x14, 0x39, 0x0C, 0x21, 0x08 };
static const uint8_t bitmap_428[] = { 0x00, 0x0C, 0x4E, 0x04, 0x32, 0x64, 0x4E, 0x24, 0x34, 0x24, 0x04, 0x24, 0x8F, 0xA4, 0x79, 0x24, 0x49, 0x24, 0x2A, 0x24, 0x2C, 0x24, 0x1A, 0x04, 0x29, 0x04, 0xE8, 0x94, 0x18, 0x0C, 0x10, 0x08 };
static const uint8_t bitmap_429[] = { 0x00, 0x0C, 0xC7, 0x84, 0x79, 0x64, 0x41, 0x24, 0x47, 0x24, 0x7D, 0x24, 0x44, 0x24, 0x67, 0xA4, 0x5C, 0x24, 0x44, 0x24, 0x77, 0xA4, 0x59, 0x04, 0x91, 0x04, 0x97, 0x14, 0x19, 0x0C, 0x11, 0x08 };
static const uint8_t bitmap_430[] = { 0x03, 0x0C, 0x0C, 0x04, 0x78, 0x64, 0x8F, 0xA4, 0x78, 0x24, 0x2A, 0x24, 0xAB, 0xA4, 0x6A, 0x24, 0x2A, 0xA4, 0x69, 0xA4, 0x9C, 0x24, 0x2A, 0x04, 0x29, 0x04, 0x49, 0x14, 0x88, 0x0C, 0x08, 0x08 };
static const uint8_t bitmap_431[] = { 0x10, 0x40, 0x08, 0x40, 0x89, 0xFE, 0x7E, 0x00, 0x46, 0x18, 0x7A, 0xC8, 0x46, 0x48, 0x7A, 0x48, 0x46, 0x18, 0x7A, 0x10, 0xC3, 0xFE, 0x7E, 0x04, 0x02, 0x04, 0x04, 0x28, 0x18, 0x18, 0xE0, 0x10 };
static const uint8_t bitmap_432[] = { 0x00, 0x0C, 0x8F, 0x84, 0x70, 0x64, 0x2F, 0x24, 0x32, 0x24, 0x22, 0x24, 0x2E, 0x24, 0x30, 0x24, 0xCF, 0xA4, 0x79, 0x24, 0x4F, 0x24, 0x79, 0x04, 0x49, 0x04, 0x4F, 0x14, 0x71, 0x0C, 0x41, 0x08 };
static const uint8_t bitmap_433[] = { 0x18, 0x0C, 0x09, 0x04, 0x4F, 0xE4, 0x79, 0x24, 0x88, 0x24, 0x4F, 0x24, 0x38, 0x24, 0x4F, 0x24, 0x38, 0x24, 0x8F, 0xA4, 0x78, 0x04, 0x2F, 0x04, 0x39, 0x04, 0x27, 0x14, 0x39, 0x0C, 0x21, 0x08 };
static const uint8_t bitmap_434[] = { 0x24, 0x8C, 0x49, 0x04, 0x92, 0x64, 0x49, 0x24, 0x27, 0x24, 0x79, 0x24, 0x4F, 0x24, 0x79, 0x24, 0x4F, 0x24, 0x78, 0x24, 0x8F, 0xA4, 0x78, 0x04, 0x1E, 0x04, 0x29, 0x14, 0x49, 0x0C, 0x88, 0x08 };
static const uint8_t bitmap_435[] = { 0x00, 0x20, 0x6F, 0xBC, 0x32, 0xC8, 0x2E, 0x50, 0x31, 0x3E, 0x26, 0xE0, 0x5A, 0x20, 0x53, 0x3C, 0x96, 0xE0, 0x1A, 0x20, 0x81, 0xFE, 0x7E, 0x04, 0x02, 0x04, 0x04, 0x28, 0x18, 0x18, 0xE0, 0x10 };
static const uint8_t bitmap_436[] = { 0x03, 0x00, 0x01, 0x00, 0x01, 0x00, 0x01, 0x00, 0x41, 0xFC, 0x3F, 0x08, 0x01, 0x08, 0x01, 0x08, 0x02, 0x08, 0x02, 0x08, 0x02, 0x08, 0x04, 0x10, 0x04, 0x10, 0x08, 0x90, 0x30, 0x60, 0xC0, 0x40 };
static const uint8_t bitmap_437[] = { 0x00, 0x60, 0x00, 0x20, 0x8E, 0x20, 0x74, 0x20, 0x06, 0x3E, 0x45, 0xE2, 0x28, 0x22, 0x18, 0x22, 0x08, 0x22, 0x14, 0x42, 0x14, 0x42, 0x22, 0x42, 0x22, 0x84, 0x40, 0x94, 0x81, 0x0C, 0x06, 0x08 };
static const uint8_t bitmap_438[] = { 0x03, 0x00, 0x01, 0x00, 0x01, 0x00, 0x01, 0x00, 0x41, 0xF8, 0x3F, 0x10, 0x01, 0x10, 0x11, 0x18, 0x12, 0x14, 0x22, 0x12, 0x22, 0x12, 0xC4, 0x22, 0x04, 0x20, 0x09, 0x20, 0x30, 0xC0, 0xC0, 0x80 };
static const uint8_t bitmap_439[] = { 0x00, 0xC0, 0x00, 0x40, 0x8C, 0x40, 0x70, 0x40, 0x12, 0x7E, 0x11, 0xC4, 0x10, 0x44, 0x10, 0x44, 0x12, 0x44, 0x1C, 0x84, 0x30, 0x88, 0xC1, 0x08, 0x01, 0x08, 0x02, 0x50, 0x04, 0x30, 0x18, 0x20 };
static const uint8_t bitmap_440[] = { 0x18, 0x00, 0x08, 0x00, 0x08, 0x00, 0x8F, 0xE6, 0x79, 0x3A, 0x11, 0x22, 0x11, 0x22, 0x11, 0x22, 0x11, 0x22, 0x11, 0x22, 0x21, 0x22, 0x22, 0x22, 0x4A, 0x2E, 0x46, 0x32, 0x84, 0x22, 0x04, 0x00 };
static const uint8_t bitmap_441[] = { 0x04, 0x00, 0x04, 0xF0, 0x07, 0x20, 0x08, 0x20, 0x36, 0x40, 0xC1, 0x80, 0x02, 0x60, 0x0D, 0x18, 0x31, 0x06, 0xC1, 0xF8, 0x3F, 0x10, 0x02, 0x10, 0x02, 0x10, 0x04, 0xA0, 0x18, 0x60, 0xE0, 0x40 };
static const uint8_t bitmap_442[] = { 0x03, 0x00, 0x19, 0x18, 0x09, 0x04, 0x11, 0x22, 0x21, 0x42, 0x40, 0x80, 0x83, 0x00, 0x0D, 0x00, 0xF1, 0x00, 0x41, 0xFC, 0x3F, 0x08, 0x02, 0x08, 0x02, 0x08, 0x04, 0x50, 0x18, 0x30, 0xE0, 0x20 };
static const uint8_t bitmap_443[] = { 0x00, 0x60, 0x4E, 0x20, 0x30, 0x20, 0x00, 0x20, 0x01, 0x3E, 0x8E, 0xE2, 0x70, 0x22, 0x14, 0x22, 0x12, 0x22, 0x22, 0x22, 0x2D, 0x42, 0x31, 0x42, 0xC0, 0x44, 0x00, 0x94, 0x01, 0x0C, 0x06, 0x08 };
static const uint8_t bitmap_444[] = { 0x00, 0x60, 0xDE, 0x20, 0x64, 0x20, 0x44, 0x20, 0x5E, 0x3E, 0x65, 0xE2, 0x44, 0x22, 0x44, 0x22, 0x5C, 0x22, 0x64, 0x22, 0x45, 0x42, 0x46, 0x44, 0x58, 0x84, 0x60, 0xA4, 0xC1, 0x18, 0x06, 0x10 };
static const uint8_t bitmap_445[] = { 0x30, 0x00, 0x11, 0x1C, 0x9E, 0xE4, 0x72, 0x48, 0x24, 0x30, 0x64, 0x28, 0x18, 0x44, 0x15, 0x84, 0x25, 0x02, 0xC1, 0xFC, 0x3F, 0x08, 0x02, 0x08, 0x02, 0x08, 0x04, 0x50, 0x18, 0x30, 0x60, 0x20 };
static const uint8_t bitmap_446[] = { 0x18, 0x60, 0x08, 0x20, 0x08, 0x20, 0x4E, 0x20, 0x39, 0x3E, 0x08, 0xE2, 0x08, 0x22, 0x8F, 0x22, 0x70, 0x22, 0x14, 0x22, 0x12, 0x42, 0x22, 0x42, 0x2D, 0x44, 0x31, 0x94, 0xC1, 0x0C, 0x02, 0x08 };
static const uint8_t bitmap_447[] = { 0x00, 0x60, 0x67, 0xA0, 0x38, 0x20, 0x20, 0x20, 0x27, 0x3E, 0x38, 0xE4, 0x28, 0x24, 0x2B, 0xA4, 0x2D, 0x24, 0x29, 0x24, 0x29, 0x24, 0x29, 0x24, 0x49, 0x44, 0x52, 0x68, 0x96, 0x98, 0x25, 0x10 };
static const uint8_t bitmap_448[] = { 0x00, 0x60, 0x8E, 0x20, 0x74, 0x20, 0x04, 0x20, 0x09, 0x3E, 0x14, 0xE4, 0x22, 0x24, 0xC1, 0x24, 0x00, 0x24, 0x4F, 0x24, 0x38, 0x24, 0x08, 0x44, 0x0B, 0x44, 0x0C, 0xA8, 0xF0, 0x98, 0x03, 0x10 };
static const uint8_t bitmap_449[] = { 0x04, 0x40, 0x85, 0xFE, 0x7E, 0x40, 0x04, 0x04, 0x41, 0xFE, 0x7F, 0x04, 0x41, 0x08, 0x81, 0x00, 0x21, 0xF8, 0x1F, 0x10, 0x02, 0x10, 0x02, 0x10, 0x04, 0x10, 0x08, 0xA0, 0x10, 0x60, 0x60, 0x40 };
static const uint8_t bitmap_450[] = { 0x31, 0x80, 0x10, 0x80, 0x9C, 0xF8, 0x73, 0x90, 0x14, 0x92, 0x39, 0x94, 0xD0, 0xC8, 0x51, 0x2C, 0x32, 0x06, 0x2D, 0x00, 0x41, 0xFC, 0x3F, 0x08, 0x02, 0x08, 0x02, 0x48, 0x0C, 0x30, 0x70, 0x20 };
static const uint8_t bitmap_451[] = { 0x18, 0x60, 0x08, 0x20, 0x8F, 0x20, 0x78, 0x20, 0x09, 0x3E, 0x4F, 0xE4, 0x71, 0x24, 0x4E, 0x24, 0xB4, 0x24, 0x09, 0x24, 0x16, 0x24, 0x38, 0x44, 0xC8, 0x44, 0x28, 0xA8, 0x11, 0x18, 0x16, 0x10 };
static const uint8_t bitmap_452[] = { 0x00, 0x00, 0x10, 0xF0, 0x0F, 0x20, 0x02, 0x40, 0x11, 0xF8, 0x1F, 0x10, 0x11, 0xF0, 0x1F, 0x10, 0x11, 0xF0, 0x1F, 0x10, 0x51, 0xFC, 0x3F, 0x08, 0x02, 0x08, 0x04, 0x48, 0x18, 0x30, 0xE0, 0x20 };
static const uint8_t bitmap_453[] = { 0x20, 0x60, 0x20, 0x20, 0x2C, 0x20, 0x74, 0x20, 0x49, 0x3E, 0xDF, 0xE4, 0x72, 0x24, 0x52, 0x24, 0x5E, 0x44, 0x72, 0x44, 0x18, 0xA8, 0x28, 0x98, 0x29, 0x10, 0x4A, 0x04, 0x44, 0x04, 0x83, 0xFE };
static const uint8_t bitmap_454[] = { 0x00, 0x60, 0x6E, 0x20, 0x34, 0x20, 0x24, 0x20, 0x2C, 0xBE, 0x30, 0xE4, 0xCF, 0x24, 0x72, 0x24, 0x42, 0x24, 0x52, 0x24, 0x52, 0x24, 0x52, 0x44, 0x5A, 0x44, 0x14, 0xA8, 0x22, 0x98, 0xC1, 0x10 };
static const uint8_t bitmap_455[] = { 0x24, 0x60, 0xAF, 0x20, 0x74, 0x20, 0x2C, 0x20, 0x31, 0x3E, 0xDF, 0xE2, 0x72, 0x22, 0x52, 0x22, 0x5E, 0x22, 0x72, 0x22, 0x50, 0x42, 0x9F, 0x42, 0x70, 0x44, 0x10, 0x94, 0x11, 0x0C, 0x12, 0x08 };
static const uint8_t bitmap_456[] = { 0x22, 0x30, 0x22, 0x10, 0xAF, 0x90, 0x72, 0x10, 0x2E, 0x9E, 0x32, 0xF2, 0x2E, 0x12, 0x32, 0x12, 0x2F, 0x92, 0xF4, 0x22, 0x52, 0x22, 0x51, 0x22, 0x61, 0x44, 0x4F, 0x54, 0x70, 0x8C, 0x41, 0x08 };
static const uint8_t bitmap_457[] = { 0x04, 0x40, 0x85, 0xFE, 0x7E, 0x40, 0x15, 0xF0, 0x0E, 0x20, 0x09, 0xE0, 0x0E, 0x20, 0x09, 0xE0, 0x0E, 0x40, 0x85, 0xFE, 0x7E, 0x10, 0x12, 0xEC, 0xEF, 0x22, 0x04, 0x40, 0x09, 0x40, 0x31, 0x80 };
static const uint8_t bitmap_458[] = { 0x24, 0x60, 0xA7, 0x20, 0x7C, 0x20, 0x24, 0x20, 0x38, 0x2E, 0xCF, 0xF2, 0x79, 0x22, 0x4F, 0x22, 0x78, 0x22, 0x8F, 0x22, 0x78, 0x22, 0x8F, 0x42, 0x79, 0x44, 0x0E, 0x54, 0xF0, 0x8C, 0x03, 0x08 };
static const uint8_t bitmap_459[] = { 0x08, 0x00, 0x08, 0x00, 0x08, 0x00, 0x10, 0xFE, 0x1F, 0x04, 0x20, 0x04, 0x2C, 0x04, 0x42, 0x04, 0x81, 0x04, 0x01, 0x04, 0x00, 0x04, 0x00, 0x08, 0x00, 0x08, 0x00, 0x48, 0x00, 0x30, 0x00, 0x20 };
static const uint8_t bitmap_460[] = { 0x08, 0x00, 0x08, 0x00, 0x08, 0x00, 0x10, 0xFE, 0x1F, 0x04, 0x22, 0x04, 0x42, 0x04, 0x84, 0x04, 0x04, 0x84, 0x08, 0x44, 0x09, 0xC4, 0x16, 0x28, 0x78, 0x28, 0x00, 0x48, 0x00, 0x30, 0x00, 0x20 };
static const uint8_t bitmap_461[] = { 0x08, 0x00, 0x08, 0x00, 0x08, 0x00, 0x10, 0xFE, 0x1F, 0x44, 0x22, 0x44, 0x42, 0x44, 0x84, 0x44, 0x08, 0x84, 0x10, 0x88, 0x61, 0x08, 0x02, 0x08, 0x04, 0x10, 0x08, 0x90, 0x70, 0x60, 0x00, 0x40 };
static const uint8_t bitmap_462[] = { 0x08, 0x00, 0x08, 0x00, 0x08, 0xFE, 0x1F, 0x04, 0x10, 0x04, 0x24, 0x04, 0x42, 0x04, 0x81, 0x04, 0x01, 0x04, 0x00, 0x64, 0x01, 0x84, 0x06, 0x08, 0x38, 0x08, 0x00, 0x48, 0x00, 0x30, 0x00, 0x20 };
static const uint8_t bitmap_463[] = { 0x10, 0x00, 0x10, 0x00, 0x10, 0xFC, 0x3F, 0x08, 0x20, 0x08, 0x63, 0xC8, 0x9C, 0x88, 0x10, 0x88, 0x13, 0x88, 0x1C, 0x88, 0x10, 0x50, 0x10, 0x30, 0x10, 0x24, 0x10, 0x04, 0x08, 0x04, 0x07, 0xFE };
static const uint8_t bitmap_464[] = { 0x08, 0x00, 0x08, 0x00, 0x08, 0x7E, 0x1F, 0x92, 0x11, 0x12, 0x21, 0x22, 0x5A, 0x22, 0x86, 0x42, 0x09, 0x44, 0x30, 0x84, 0xC1, 0x44, 0x02, 0x28, 0x04, 0x08, 0x18, 0x50, 0x60, 0x30, 0x00, 0x20 };
static const uint8_t bitmap_465[] = { 0x10, 0x00, 0x10, 0x00, 0x10, 0xFE, 0x1F, 0x02, 0x20, 0x82, 0x20, 0xA2, 0x49, 0x22, 0xA5, 0x22, 0x22, 0x22, 0x25, 0x22, 0x28, 0xA4, 0x21, 0xE4, 0x3E, 0x24, 0x20, 0x28, 0x00, 0x18, 0x00, 0x10 };
static const uint8_t bitmap_466[] = { 0x00, 0x00, 0x30, 0x00, 0x10, 0x08, 0x10, 0x10, 0x10, 0x20, 0x10, 0x40, 0x11, 0x80, 0x16, 0x00, 0x18, 0x00, 0x10, 0x00, 0x10, 0x00, 0x10, 0x00, 0x10, 0x08, 0x10, 0x08, 0x08, 0x08, 0x07, 0xFC };
static const uint8_t bitmap_467[] = { 0x0B, 0x00, 0x09, 0x00, 0x09, 0x04, 0x11, 0x04, 0x11, 0x08, 0x11, 0x10, 0x31, 0x20, 0x51, 0xC0, 0x97, 0x00, 0x11, 0x00, 0x11, 0x00, 0x11, 0x00, 0x11, 0x04, 0x11, 0x04, 0x10, 0x84, 0x10, 0x7E };
static const uint8_t bitmap_468[] = { 0x0D, 0x80, 0x04, 0x80, 0x04, 0x80, 0x04, 0x80, 0x04, 0x8C, 0x9C, 0x90, 0x64, 0xE0, 0x04, 0x80, 0x04, 0x80, 0x04, 0x80, 0x0C, 0x80, 0x34, 0x80, 0xC4, 0x84, 0x04, 0x84, 0x04, 0x44, 0x04, 0x3E };
static const uint8_t bitmap_469[] = { 0x00, 0xC0, 0x6F, 0x40, 0x32, 0x44, 0x2E, 0x44, 0x32, 0x48, 0x2E, 0x70, 0x30, 0x40, 0x8F, 0x40, 0x78, 0x40, 0x08, 0x44, 0x6B, 0x44, 0x2C, 0x24, 0x28, 0x1E, 0x58, 0x00, 0x46, 0x00, 0x81, 0xFE };
static const uint8_t bitmap_470[] = { 0x00, 0x00, 0xC0, 0xFE, 0x7F, 0x00, 0x40, 0x30, 0x4C, 0xC0, 0x47, 0x00, 0x44, 0x7C, 0x47, 0xC0, 0x44, 0x40, 0x44, 0x40, 0x44, 0x40, 0x48, 0x40, 0x50, 0x40, 0x40, 0xFE, 0x7F, 0x00, 0x40, 0x00 };
static const uint8_t bitmap_471[] = { 0x00, 0x00, 0xC0, 0x7C, 0x7F, 0x80, 0x40, 0x00, 0x58, 0xF8, 0x4F, 0x88, 0x48, 0xF8, 0x4F, 0x88, 0x48, 0x88, 0x48, 0xF8, 0x4F, 0x88, 0x48, 0x80, 0x40, 0x80, 0x40, 0xFE, 0x7F, 0x00, 0x40, 0x00 };
static const uint8_t bitmap_472[] = { 0x00, 0x00, 0xC0, 0xFE, 0x7F, 0x00, 0x42, 0xC0, 0x42, 0x5C, 0x5E, 0x60, 0x42, 0x58, 0x5E, 0x60, 0x42, 0x40, 0x42, 0x5C, 0x5E, 0x60, 0x42, 0x40, 0x42, 0x40, 0x42, 0xFE, 0x7F, 0x00, 0x40, 0x00 };
static const uint8_t bitmap_473[] = { 0x00, 0x00, 0xC0, 0xFC, 0x7F, 0x80, 0x44, 0x80, 0x44, 0x80, 0x44, 0x80, 0x44, 0x88, 0x44, 0x88, 0x48, 0x88, 0x48, 0x7C, 0x50, 0x00, 0x60, 0x00, 0x40, 0x00, 0x40, 0xFE, 0x7F, 0x00, 0x40, 0x00 };
static const uint8_t bitmap_474[] = { 0x00, 0x00, 0xC0, 0xFC, 0x7F, 0x00, 0x40, 0x20, 0x40, 0x20, 0x4E, 0x40, 0x41, 0x40, 0x40, 0xC0, 0x40, 0xA0, 0x41, 0x10, 0x42, 0x08, 0x44, 0x08, 0x58, 0x00, 0x40, 0xFE, 0x7F, 0x00, 0x40, 0x00 };
static const uint8_t bitmap_475[] = { 0x00, 0x00, 0xC0, 0xFE, 0x7F, 0x00, 0x44, 0x00, 0x44, 0xF8, 0x47, 0x80, 0x48, 0x80, 0x48, 0xFC, 0x5F, 0xC0, 0x61, 0x20, 0x42, 0x10, 0x42, 0x08, 0x44, 0x08, 0x49, 0xFE, 0x7E, 0x00, 0x40, 0x00 };
static const uint8_t bitmap_476[] = { 0x00, 0x00, 0xC0, 0xFE, 0x7F, 0x80, 0x40, 0xFC, 0x5F, 0x08, 0x48, 0xF8, 0x4F, 0x00, 0x48, 0xFC, 0x4F, 0x48, 0x55, 0xF8, 0x57, 0x48, 0x65, 0x58, 0x44, 0x10, 0x45, 0xFE, 0x7E, 0x00, 0x40, 0x00 };
static const uint8_t bitmap_477[] = { 0x00, 0x00, 0xC0, 0xFC, 0x7F, 0x20, 0x52, 0xF8, 0x4F, 0x20, 0x42, 0x40, 0x62, 0xFC, 0x5F, 0x00, 0x42, 0xF8, 0x47, 0x20, 0x4C, 0x20, 0x74, 0xE0, 0x47, 0x00, 0x40, 0xFE, 0x7F, 0x00, 0x40, 0x00 };
static const uint8_t bitmap_478[] = { 0x03, 0x00, 0x01, 0x00, 0x01, 0x00, 0x01, 0x00, 0x01, 0x00, 0x01, 0x00, 0x81, 0xFE, 0x7F, 0x00, 0x01, 0x00, 0x01, 0x00, 0x01, 0x00, 0x01, 0x00, 0x01, 0x00, 0x01, 0x00, 0x01, 0x00, 0x01, 0x00 };
static const uint8_t bitmap_479[] = { 0x00, 0x30, 0x00, 0xC0, 0x07, 0x00, 0x39, 0x00, 0x01, 0x00, 0x01, 0x00, 0x01, 0x00, 0x81, 0xFE, 0x7F, 0x00, 0x01, 0x00, 0x01, 0x00, 0x01, 0x00, 0x01, 0x00, 0x01, 0x00, 0x01, 0x00, 0x01, 0x00 };
static const uint8_t bitmap_480[] = { 0x03, 0x60, 0x04, 0x20, 0x1C, 0x20, 0x64, 0x20, 0x04, 0x20, 0x04, 0x20, 0x84, 0xFE, 0x7F, 0x20, 0x04, 0x20, 0x04, 0x20, 0x08, 0x20, 0x08, 0x20, 0x10, 0x20, 0x10, 0x20, 0x20, 0x20, 0xC0, 0x20 };
static const uint8_t bitmap_481[] = { 0x08, 0x00, 0x08, 0x00, 0x08, 0x00, 0x10, 0xF8, 0x1F, 0x00, 0x21, 0x00, 0x41, 0x00, 0x01, 0x00, 0x81, 0xFE, 0x7F, 0x00, 0x01, 0x00, 0x01, 0x00, 0x01, 0x00, 0x01, 0x00, 0x01, 0x00, 0x01, 0x00 };
static const uint8_t bitmap_482[] = { 0x03, 0x00, 0x01, 0x00, 0x41, 0xFC, 0x3F, 0x00, 0x01, 0x30, 0x19, 0x10, 0x09, 0x10, 0x08, 0x10, 0x89, 0xFE, 0x7E, 0x10, 0x08, 0x10, 0x10, 0x10, 0x10, 0x10, 0x20, 0x10, 0x40, 0x10, 0x80, 0x10 };
static const uint8_t bitmap_483[] = { 0x03, 0x08, 0x21, 0x08, 0x11, 0x10, 0x09, 0x10, 0x09, 0x20, 0x41, 0xF8, 0x3F, 0x00, 0x01, 0x00, 0x01, 0x00, 0x81, 0xFE, 0x7F, 0x00, 0x01, 0x00, 0x01, 0x00, 0x01, 0x00, 0x01, 0x00, 0x01, 0x00 };
static const uint8_t bitmap_484[] = { 0x04, 0x80, 0x04, 0x84, 0x08, 0x88, 0x08, 0xB0, 0x10, 0xC0, 0x37, 0x84, 0xD0, 0x84, 0x10, 0x7E, 0x13, 0x00, 0x01, 0x00, 0x81, 0xFE, 0x7F, 0x00, 0x01, 0x00, 0x01, 0x00, 0x01, 0x00, 0x01, 0x00 };
static const uint8_t bitmap_485[] = { 0x30, 0xC0, 0x10, 0x40, 0x10, 0x40, 0x98, 0x40, 0x74, 0x7C, 0x13, 0xC8, 0x10, 0x48, 0x12, 0x4C, 0x12, 0x8A, 0x14, 0x8A, 0x18, 0x8A, 0x11, 0x08, 0x11, 0x10, 0x12, 0x50, 0x14, 0x30, 0x18, 0x20 };
static const uint8_t bitmap_486[] = { 0x02, 0x00, 0x02, 0x00, 0x35, 0xF8, 0x1F, 0x10, 0x11, 0x10, 0x11, 0xF0, 0x1F, 0x10, 0x11, 0x10, 0x11, 0xF0, 0x1E, 0x10, 0x02, 0x80, 0x85, 0xFE, 0x7E, 0x80, 0x00, 0x80, 0x00, 0x80, 0x00, 0x80 };
static const uint8_t bitmap_487[] = { 0x03, 0x00, 0x01, 0x00, 0x41, 0xFC, 0x3E, 0x20, 0x08, 0x20, 0x08, 0x50, 0x14, 0x48, 0x12, 0x84, 0x61, 0x00, 0x81, 0xFE, 0x7F, 0x00, 0x01, 0x00, 0x01, 0x00, 0x01, 0x00, 0x01, 0x00, 0x01, 0x00 };
static const uint8_t bitmap_488[] = { 0x03, 0x00, 0x01, 0x3C, 0x01, 0xC0, 0x01, 0x00, 0x19, 0xF8, 0x0F, 0x10, 0x08, 0xF0, 0x0F, 0x10, 0x08, 0x10, 0x08, 0xF0, 0x0F, 0x10, 0x01, 0x00, 0x81, 0xFE, 0x7F, 0x00, 0x01, 0x00, 0x01, 0x00 };
static const uint8_t bitmap_489[] = { 0x10, 0x30, 0x08, 0x40, 0x04, 0x80, 0x35, 0xF8, 0x1F, 0x10, 0x11, 0xF0, 0x1F, 0x10, 0x11, 0x10, 0x11, 0xF0, 0x1F, 0x10, 0x11, 0x00, 0x81, 0xFE, 0x7F, 0x00, 0x01, 0x00, 0x01, 0x00, 0x01, 0x00 };
static const uint8_t bitmap_490[] = { 0x03, 0x00, 0x01, 0x00, 0x41, 0xFC, 0x3F, 0x00, 0x01, 0x00, 0x81, 0xFE, 0x7E, 0x04, 0x04, 0x48, 0x12, 0x50, 0x0A, 0x80, 0x88, 0xFE, 0x7F, 0x80, 0x01, 0x60, 0x06, 0x18, 0x18, 0x04, 0xE0, 0x02 };
static const uint8_t bitmap_491[] = { 0x03, 0x00, 0x01, 0x00, 0x81, 0xFE, 0x7F, 0x00, 0x01, 0x00, 0x61, 0xFC, 0x3F, 0x48, 0x22, 0x88, 0x2A, 0xE8, 0x27, 0x08, 0x21, 0x08, 0x29, 0xE8, 0x27, 0x08, 0x21, 0x28, 0x21, 0x18, 0x21, 0x10 };
static const uint8_t bitmap_492[] = { 0x30, 0xD8, 0x10, 0x44, 0x14, 0x7E, 0x13, 0xC0, 0x9E, 0x7C, 0x73, 0xC8, 0x12, 0x78, 0x13, 0xC8, 0x12, 0x78, 0x13, 0xC8, 0x1A, 0x7E, 0x17, 0x88, 0x11, 0x08, 0x10, 0xC8, 0x10, 0x18, 0x10, 0x10 };
static const uint8_t bitmap_493[] = { 0x06, 0x00, 0x02, 0x00, 0x02, 0x00, 0x02, 0x00, 0x02, 0x00, 0x03, 0x80, 0x02, 0x60, 0x02, 0x10, 0x02, 0x08, 0x02, 0x00, 0x02, 0x00, 0x02, 0x00, 0x02, 0x00, 0x02, 0x00, 0x02, 0x00, 0x02, 0x00 };
static const uint8_t bitmap_494[] = { 0x03, 0x00, 0x01, 0x00, 0x01, 0x00, 0x01, 0x7C, 0x01, 0x80, 0x01, 0x00, 0x01, 0x00, 0x01, 0x00, 0x31, 0xF8, 0x1E, 0x10, 0x10, 0x10, 0x10, 0x10, 0x10, 0x10, 0x11, 0xF0, 0x1E, 0x10, 0x10, 0x10 };
static const uint8_t bitmap_495[] = { 0x03, 0x00, 0x01, 0x00, 0x01, 0x78, 0x01, 0x80, 0x01, 0x00, 0x01, 0x00, 0x81, 0xFE, 0x7E, 0x00, 0x01, 0x00, 0x01, 0xC0, 0x01, 0x30, 0x01, 0x08, 0x01, 0x04, 0x01, 0x00, 0x01, 0x00, 0x01, 0x00 };
static const uint8_t bitmap_496[] = { 0x03, 0x00, 0x01, 0x7C, 0x01, 0x80, 0x01, 0x00, 0x31, 0xF8, 0x1E, 0x10, 0x10, 0x10, 0x10, 0x10, 0x11, 0xF0, 0x1E, 0x10, 0x10, 0x10, 0x10, 0x00, 0x20, 0x00, 0x20, 0x00, 0x40, 0x00, 0x80, 0x00 };
static const uint8_t bitmap_497[] = { 0x03, 0x00, 0x01, 0x00, 0x01, 0x7E, 0x01, 0x80, 0x01, 0x00, 0x61, 0xFC, 0x3E, 0x48, 0x28, 0x48, 0x26, 0x88, 0x21, 0x88, 0x21, 0x48, 0x22, 0x28, 0x24, 0x18, 0x29, 0xF8, 0x3E, 0x08, 0x20, 0x08 };
static const uint8_t bitmap_498[] = { 0x18, 0x60, 0x08, 0x20, 0x4F, 0x20, 0x38, 0x20, 0x08, 0x20, 0x8F, 0xB0, 0x70, 0x28, 0x18, 0x24, 0x08, 0x22, 0x4F, 0x22, 0x38, 0x20, 0x09, 0xA0, 0x0E, 0x20, 0x18, 0x20, 0xE0, 0x20, 0x00, 0x20 };
static const uint8_t bitmap_499[] = { 0x00, 0x60, 0xC7, 0xA0, 0x78, 0x20, 0x48, 0x20, 0x48, 0x20, 0x4F, 0xB0, 0x71, 0x28, 0x41, 0x24, 0x4F, 0x22, 0x79, 0x22, 0x48, 0x20, 0x48, 0x20, 0x4F, 0xA0, 0x70, 0x20, 0x40, 0x20, 0x00, 0x20 };
static const uint8_t bitmap_500[] = { 0x00, 0x00, 0x41, 0xFC, 0x3F, 0x08, 0x01, 0x08, 0x01, 0x08, 0x01, 0x08, 0x01, 0x08, 0x01, 0x28, 0x01, 0x18, 0x01, 0x10, 0x01, 0x00, 0x01, 0x00, 0x01, 0x00, 0x81, 0xFE, 0x7E, 0x00, 0x00, 0x00 };
static const uint8_t bitmap_501[] = { 0x06, 0x00, 0x08, 0x00, 0xD0, 0xCE, 0x66, 0x72, 0x42, 0x42, 0x42, 0x42, 0x42, 0x42, 0x42, 0x42, 0x42, 0x42, 0x46, 0x4A, 0x5A, 0x46, 0x62, 0x44, 0xC4, 0x40, 0x04, 0x40, 0x08, 0x40, 0x30, 0x40 };
static const uint8_t bitmap_502[] = { 0x03, 0x00, 0x04, 0x00, 0xD9, 0x9E, 0x60, 0xE4, 0x40, 0x84, 0x40, 0x84, 0x4E, 0x84, 0x70, 0x84, 0x40, 0x84, 0x40, 0x84, 0x42, 0xB4, 0x4C, 0x8C, 0x70, 0x88, 0xC0, 0x80, 0x00, 0x80, 0x00, 0x80 };
static const uint8_t bitmap_503[] = { 0x08, 0x00, 0x09, 0xE0, 0x0E, 0x40, 0x10, 0x80, 0x21, 0xFE, 0x7F, 0x00, 0xA0, 0x00, 0x2C, 0xF0, 0x27, 0x20, 0x24, 0x20, 0x24, 0xA0, 0x24, 0x60, 0x44, 0x44, 0x44, 0x04, 0x82, 0x04, 0x01, 0xFE };
static const uint8_t bitmap_504[] = { 0x00, 0x00, 0xCE, 0xCE, 0x72, 0x72, 0x4E, 0x42, 0x72, 0x42, 0x42, 0x42, 0x4E, 0x42, 0x72, 0x42, 0x4A, 0x42, 0x44, 0x4A, 0x42, 0x46, 0x46, 0x44, 0x59, 0x40, 0x61, 0x40, 0xC0, 0x40, 0x00, 0x40 };
static const uint8_t bitmap_505[] = { 0x18, 0x00, 0x08, 0x6E, 0x4F, 0x32, 0x38, 0x22, 0x08, 0x22, 0x08, 0x22, 0x8F, 0xA2, 0x78, 0x22, 0x0C, 0x22, 0x0A, 0x2A, 0x11, 0x26, 0x11, 0x24, 0x17, 0xA0, 0x38, 0xA0, 0xC0, 0xA0, 0x00, 0x20 };
static const uint8_t bitmap_506[] = { 0x01, 0x00, 0x03, 0x00, 0x64, 0xDE, 0x3A, 0x64, 0x22, 0x44, 0x32, 0x64, 0x2A, 0x54, 0x2A, 0x54, 0x26, 0x44, 0x2A, 0x44, 0x32, 0x54, 0xC4, 0x4C, 0x04, 0x48, 0x08, 0x40, 0x10, 0x40, 0x60, 0x40 };
static const uint8_t bitmap_507[] = { 0x03, 0x10, 0x11, 0x20, 0x09, 0x40, 0x49, 0xFC, 0x3E, 0x00, 0x02, 0x00, 0x85, 0xFE, 0x7E, 0x20, 0x08, 0x18, 0x19, 0xE4, 0x2E, 0x22, 0x49, 0x20, 0x88, 0xC8, 0x08, 0x48, 0x08, 0x08, 0x07, 0xFC };
static const uint8_t bitmap_508[] = { 0x20, 0x00, 0x20, 0x00, 0x27, 0xCE, 0x38, 0x72, 0x48, 0x42, 0x48, 0x42, 0x8F, 0x42, 0x78, 0x42, 0x08, 0x42, 0x0B, 0x42, 0x6C, 0x4A, 0x28, 0x46, 0x2B, 0x44, 0x2C, 0x40, 0x30, 0x40, 0xC0, 0x40 };
static const uint8_t bitmap_509[] = { 0x08, 0x00, 0x0E, 0x36, 0xD2, 0xDA, 0x63, 0x52, 0x5A, 0xD2, 0x4B, 0x52, 0x4A, 0x52, 0x4A, 0xD2, 0x5B, 0x52, 0x6A, 0x1A, 0xCA, 0x96, 0x92, 0x54, 0x12, 0xD0, 0x23, 0x50, 0x46, 0x10, 0x80, 0x10 };
static const uint8_t bitmap_510[] = { 0x00, 0x00, 0x60, 0x7E, 0x3F, 0x80, 0x20, 0x00, 0x20, 0x00, 0x20, 0x00, 0x20, 0x00, 0x20, 0x00, 0x20, 0x00, 0x20, 0x00, 0x20, 0x00, 0x20, 0x00, 0x40, 0x00, 0x40, 0x00, 0x80, 0x00, 0x00, 0x00 };
static const uint8_t bitmap_511[] = { 0x00, 0x00, 0x60, 0x7E, 0x3F, 0x80, 0x20, 0x00, 0x20, 0x00, 0x28, 0x7C, 0x27, 0xC0, 0x20, 0x40, 0x20, 0x40, 0x20, 0x40, 0x20, 0x40, 0x20, 0x40, 0x40, 0x40, 0x41, 0x40, 0x80, 0xC0, 0x00, 0x80 };
static const uint8_t bitmap_512[] = { 0x00, 0x00, 0x30, 0x7E, 0x1F, 0x80, 0x10, 0x80, 0x10, 0x80, 0x10, 0x80, 0x18, 0xFC, 0x17, 0x88, 0x10, 0x88, 0x10, 0x88, 0x21, 0x08, 0x21, 0x08, 0x22, 0x08, 0x42, 0x50, 0x84, 0x30, 0x18, 0x20 };
static const uint8_t bitmap_513[] = { 0x00, 0x00, 0x30, 0x7E, 0x1F, 0x80, 0x10, 0x00, 0x18, 0xFE, 0x17, 0x80, 0x10, 0x80, 0x10, 0xBC, 0x10, 0xC8, 0x10, 0x88, 0x21, 0x08, 0x21, 0x08, 0x22, 0x08, 0x42, 0x50, 0x84, 0x30, 0x08, 0x20 };
static const uint8_t bitmap_514[] = { 0x00, 0x00, 0x30, 0x7C, 0x1F, 0x80, 0x10, 0x00, 0x11, 0x80, 0x10, 0x80, 0x10, 0x80, 0x18, 0xF8, 0x17, 0x80, 0x10, 0xA0, 0x20, 0x90, 0x20, 0x90, 0x20, 0x80, 0x50, 0xFE, 0x8F, 0x00, 0x00, 0x00 };
static const uint8_t bitmap_515[] = { 0x00, 0x00, 0x60, 0x7E, 0x3F, 0x80, 0x20, 0x90, 0x20, 0x88, 0x20, 0x84, 0x30, 0xFE, 0x2F, 0x80, 0x20, 0xC0, 0x20, 0xA0, 0x21, 0x10, 0x21, 0x08, 0x42, 0x04, 0x44, 0x04, 0x88, 0x02, 0x30, 0x02 };
static const uint8_t bitmap_516[] = { 0x00, 0x00, 0x60, 0xFE, 0x3F, 0x00, 0x20, 0x0C, 0x2B, 0xB4, 0x2C, 0x94, 0x2A, 0x94, 0x2A, 0x94, 0x2A, 0x94, 0x2A, 0x94, 0x2A, 0x94, 0x2A, 0x84, 0x42, 0x04, 0x45, 0x14, 0x88, 0x8C, 0x30, 0x88 };
static const uint8_t bitmap_517[] = { 0x00, 0x00, 0x60, 0xFE, 0x3F, 0x00, 0x24, 0xF8, 0x27, 0x90, 0x24, 0xF0, 0x27, 0x90, 0x24, 0xF0, 0x27, 0x90, 0x24, 0x80, 0x30, 0xF8, 0x2F, 0x80, 0x40, 0x80, 0x60, 0xFE, 0x9F, 0x00, 0x00, 0x00 };
static const uint8_t bitmap_518[] = { 0x00, 0x00, 0x60, 0xFE, 0x3F, 0x00, 0x24, 0xF8, 0x27, 0x10, 0x24, 0xF0, 0x27, 0x10, 0x2C, 0xF8, 0x27, 0x20, 0x21, 0x40, 0x30, 0xFE, 0x2F, 0x80, 0x40, 0x40, 0x41, 0x40, 0x80, 0x80, 0x00, 0x80 };
static const uint8_t bitmap_519[] = { 0x00, 0x00, 0x60, 0x7E, 0x3F, 0x80, 0x21, 0x00, 0x2D, 0x78, 0x27, 0x90, 0x24, 0x70, 0x27, 0x90, 0x24, 0x10, 0x24, 0x70, 0x27, 0x90, 0x24, 0x90, 0x44, 0x88, 0x4A, 0x84, 0x91, 0x84, 0x21, 0x02 };
static const uint8_t bitmap_520[] = { 0x00, 0x00, 0x60, 0xFE, 0x3F, 0x00, 0x22, 0xDC, 0x22, 0x64, 0x33, 0xC4, 0x2E, 0x5C, 0x22, 0x64, 0x27, 0x44, 0x26, 0xDC, 0x2A, 0x64, 0x2A, 0x44, 0x52, 0x44, 0x42, 0x5C, 0x82, 0x64, 0x02, 0x44 };
static const uint8_t bitmap_521[] = { 0x00, 0x00, 0x60, 0xFE, 0x3F, 0x00, 0x30, 0xFC, 0x2F, 0x00, 0x22, 0xF0, 0x27, 0x10, 0x24, 0xF0, 0x27, 0x10, 0x24, 0xF0, 0x27, 0x20, 0x22, 0xF0, 0x4E, 0x40, 0x71, 0xB0, 0x86, 0x08, 0x38, 0x06 };
static const uint8_t bitmap_522[] = { 0x00, 0x00, 0x60, 0x7E, 0x3F, 0x80, 0x20, 0x18, 0x33, 0x88, 0x2C, 0x08, 0x2B, 0x9E, 0x2D, 0x68, 0x29, 0x48, 0x2B, 0x28, 0x2D, 0x28, 0x32, 0x08, 0x4A, 0xC8, 0x4F, 0x28, 0xB8, 0x18, 0x00, 0x10 };
static const uint8_t bitmap_523[] = { 0x03, 0x00, 0x01, 0x00, 0x01, 0x00, 0x21, 0xF8, 0x1F, 0x00, 0x01, 0x00, 0x01, 0x00, 0x81, 0xFE, 0x7F, 0x00, 0x02, 0x40, 0x02, 0x20, 0x04, 0x10, 0x04, 0x78, 0x0B, 0x84, 0x7C, 0x04, 0x00, 0x00 };
static const uint8_t bitmap_524[] = { 0x00, 0x00, 0x18, 0xF0, 0x0F, 0x20, 0x08, 0x20, 0x08, 0xE0, 0x0F, 0x20, 0x08, 0xE0, 0x0F, 0x20, 0x08, 0x20, 0x88, 0xFE, 0x7F, 0x40, 0x04, 0x20, 0x04, 0x70, 0x0B, 0x88, 0x7C, 0x08, 0x00, 0x00 };
static const uint8_t bitmap_525[] = { 0x02, 0x20, 0x02, 0x10, 0x04, 0xF8, 0x7F, 0x04, 0x02, 0x00, 0x83, 0xFE, 0x7E, 0x20, 0x04, 0x18, 0x08, 0xF4, 0x37, 0x02, 0xC8, 0xF0, 0x07, 0x00, 0x00, 0x00, 0x20, 0xFC, 0x1F, 0x00, 0x00, 0x00 };
static const uint8_t bitmap_526[] = { 0x02, 0x20, 0x02, 0x10, 0x04, 0xF8, 0x7F, 0x04, 0x02, 0x00, 0x83, 0xFE, 0x7E, 0x20, 0x04, 0x98, 0x08, 0xA4, 0x31, 0x22, 0xC6, 0x48, 0x18, 0x88, 0x03, 0x10, 0x0C, 0x20, 0x00, 0xC0, 0x1F, 0x00 };
static const uint8_t bitmap_527[] = { 0x00, 0x00, 0x00, 0x00, 0x20, 0xF8, 0x1F, 0x10, 0x08, 0x20, 0x04, 0x20, 0x02, 0x40, 0x01, 0x40, 0x00, 0x80, 0x00, 0xC0, 0x01, 0x20, 0x02, 0x10, 0x04, 0x08, 0x08, 0x04, 0x30, 0x04, 0xC0, 0x02 };
static const uint8_t bitmap_528[] = { 0x00, 0x00, 0x40, 0xF8, 0x3F, 0x10, 0x12, 0x10, 0x09, 0x20, 0x09, 0x20, 0x04, 0x40, 0x02, 0x40, 0x01, 0x80, 0x00, 0x80, 0x01, 0x40, 0x02, 0x20, 0x04, 0x10, 0x08, 0x08, 0x30, 0x04, 0xC0, 0x02 };
static const uint8_t bitmap_529[] = { 0x00, 0x00, 0x21, 0xE0, 0x1E, 0x20, 0x04, 0x20, 0x04, 0x40, 0x04, 0x40, 0x06, 0x78, 0x05, 0x88, 0x08, 0x90, 0x08, 0x50, 0x10, 0x20, 0x10, 0x50, 0x20, 0x88, 0x41, 0x04, 0x86, 0x04, 0x38, 0x02 };
static const uint8_t bitmap_530[] = { 0x02, 0x00, 0x02, 0x00, 0x02, 0x00, 0x82, 0xFE, 0x7F, 0x00, 0x02, 0x00, 0x02, 0xF0, 0x07, 0x20, 0x04, 0x20, 0x0B, 0x40, 0x08, 0xC0, 0x10, 0xA0, 0x21, 0x10, 0xC2, 0x08, 0x0C, 0x04, 0x70, 0x02 };
static const uint8_t bitmap_531[] = { 0x00, 0x00, 0x47, 0x1C, 0x3A, 0xE4, 0x02, 0x04, 0x22, 0x88, 0x14, 0x48, 0x0C, 0x28, 0x04, 0x10, 0x0A, 0x10, 0x0A, 0x28, 0x11, 0x28, 0x11, 0x44, 0x20, 0x44, 0x20, 0x82, 0x41, 0x02, 0x86, 0x02 };
static const uint8_t bitmap_532[] = { 0x00, 0x18, 0x30, 0xE0, 0x1F, 0x00, 0x10, 0x00, 0x10, 0x00, 0x10, 0xF8, 0x1F, 0x10, 0x14, 0x10, 0x12, 0x20, 0x11, 0xA0, 0x20, 0x40, 0x20, 0xA0, 0x41, 0x10, 0x82, 0x08, 0x0C, 0x04, 0x30, 0x02 };
static const uint8_t bitmap_533[] = { 0x02, 0x20, 0x12, 0x10, 0x12, 0x08, 0x22, 0xFE, 0x3F, 0x00, 0x62, 0x00, 0x02, 0xF0, 0x07, 0x20, 0x04, 0x20, 0x0B, 0x40, 0x08, 0xC0, 0x10, 0xA0, 0x21, 0x10, 0xC2, 0x08, 0x0C, 0x04, 0x70, 0x02 };
static const uint8_t bitmap_534[] = { 0x18, 0x00, 0x08, 0x00, 0x0F, 0x1C, 0x08, 0xE4, 0x08, 0x88, 0x8F, 0x48, 0x78, 0x28, 0x0C, 0x28, 0x6A, 0x10, 0x2A, 0x10, 0x29, 0x28, 0x49, 0x28, 0x48, 0x44, 0xA8, 0x44, 0x18, 0x82, 0x13, 0x02 };
static const uint8_t bitmap_535[] = { 0x00, 0x00, 0x87, 0x80, 0x7A, 0x9C, 0x22, 0x64, 0x2E, 0x84, 0x32, 0x48, 0x22, 0x28, 0x2E, 0x28, 0x32, 0x10, 0x23, 0x10, 0x26, 0x28, 0x3A, 0x28, 0x22, 0x44, 0xC2, 0x84, 0x03, 0x02, 0x02, 0x02 };
static const uint8_t bitmap_536[] = { 0x00, 0x38, 0x01, 0xC8, 0x3F, 0x10, 0x11, 0x10, 0x08, 0xA0, 0x44, 0xFE, 0x7F, 0x04, 0x40, 0x08, 0xA1, 0xF0, 0x1E, 0x20, 0x03, 0x40, 0x00, 0x80, 0x01, 0x60, 0x06, 0x18, 0x18, 0x04, 0xE0, 0x02 };
static const uint8_t bitmap_537[] = { 0x03, 0x00, 0x01, 0x00, 0x81, 0xFE, 0x7E, 0x40, 0x04, 0x50, 0x24, 0x48, 0x24, 0x44, 0x44, 0x04, 0x91, 0xF0, 0x0E, 0x20, 0x03, 0x40, 0x00, 0x80, 0x01, 0x60, 0x06, 0x18, 0x18, 0x04, 0xE0, 0x02 };
static const uint8_t bitmap_538[] = { 0x08, 0x00, 0x14, 0x00, 0x13, 0x1C, 0x22, 0xE4, 0x4E, 0x84, 0xB8, 0x48, 0x08, 0x28, 0x8F, 0x28, 0x78, 0x10, 0x4A, 0x10, 0x2A, 0x28, 0x29, 0x28, 0x49, 0x44, 0x68, 0x44, 0x98, 0x82, 0x13, 0x02 };
static const uint8_t bitmap_539[] = { 0x30, 0x04, 0x92, 0x98, 0x52, 0xE0, 0x54, 0x80, 0x10, 0x80, 0x9E, 0x9C, 0x70, 0xE4, 0x10, 0x84, 0x10, 0xC8, 0x9F, 0x28, 0x71, 0x10, 0x12, 0x10, 0x24, 0x28, 0x28, 0x44, 0x41, 0x84, 0x86, 0x02 };
static const uint8_t bitmap_540[] = { 0x00, 0x00, 0x11, 0xE0, 0x0E, 0x40, 0x01, 0xBC, 0x4E, 0x48, 0x32, 0x30, 0x0C, 0x48, 0x53, 0xFE, 0x7E, 0x24, 0x49, 0xE8, 0x8E, 0x20, 0x09, 0xE0, 0x0E, 0x20, 0x89, 0xFE, 0x7E, 0x00, 0x00, 0x00 };
static const uint8_t bitmap_541[] = { 0x00, 0x00, 0x00, 0x00, 0x60, 0xFC, 0x3F, 0x08, 0x20, 0x08, 0x20, 0x08, 0x20, 0x08, 0x20, 0x08, 0x20, 0x08, 0x20, 0x08, 0x20, 0x08, 0x20, 0x08, 0x21, 0xF8, 0x3E, 0x08, 0x20, 0x08, 0x00, 0x00 };
static const uint8_t bitmap_542[] = { 0x03, 0x00, 0x01, 0x00, 0x01, 0x00, 0x81, 0xFE, 0x7F, 0x00, 0x01, 0x00, 0x01, 0x00, 0x01, 0x00, 0x31, 0xF8, 0x1E, 0x10, 0x10, 0x10, 0x10, 0x10, 0x10, 0x10, 0x11, 0xF0, 0x1E, 0x10, 0x10, 0x10 };
static const uint8_t bitmap_543[] = { 0x08, 0x00, 0x08, 0x00, 0x08, 0x7E, 0x1F, 0x84, 0x10, 0x04, 0x20, 0x04, 0x5B, 0xC4, 0x8C, 0x84, 0x08, 0x84, 0x08, 0x84, 0x0B, 0x88, 0x0C, 0x88, 0x08, 0x08, 0x00, 0x50, 0x00, 0x30, 0x00, 0x20 };
static const uint8_t bitmap_544[] = { 0x00, 0x00, 0x18, 0xF8, 0x0F, 0x10, 0x08, 0x10, 0x08, 0x10, 0x09, 0xF0, 0x0F, 0x10, 0x09, 0x00, 0x81, 0xFE, 0x7F, 0x04, 0x01, 0x04, 0x02, 0x04, 0x02, 0x04, 0x04, 0x28, 0x18, 0x18, 0xE0, 0x10 };
static const uint8_t bitmap_545[] = { 0x00, 0x00, 0x9E, 0x3E, 0xE9, 0xC4, 0x88, 0x44, 0x88, 0x44, 0x88, 0x84, 0x88, 0x84, 0x88, 0x84, 0xB8, 0x84, 0xC9, 0x04, 0x81, 0x08, 0x02, 0x08, 0x02, 0x08, 0x04, 0x50, 0x08, 0x30, 0x30, 0x20 };
static const uint8_t bitmap_546[] = { 0x00, 0x00, 0x01, 0x9E, 0xDE, 0xE4, 0x64, 0x84, 0x44, 0x84, 0x44, 0x84, 0x44, 0x84, 0x44, 0x84, 0x44, 0x84, 0x5C, 0xB4, 0x64, 0x8C, 0x40, 0x88, 0x00, 0x80, 0x00, 0x80, 0x00, 0x80, 0x00, 0x80 };
static const uint8_t bitmap_547[] = { 0x00, 0x00, 0x18, 0xF8, 0x0F, 0x10, 0x08, 0x10, 0x08, 0x10, 0x08, 0x10, 0x08, 0x10, 0x08, 0xF0, 0x0F, 0x10, 0x08, 0x60, 0x04, 0x10, 0x08, 0x08, 0x10, 0x04, 0x20, 0x02, 0xC0, 0x02, 0x00, 0x00 };
static const uint8_t bitmap_548[] = { 0x00, 0x0C, 0x01, 0x84, 0xDC, 0x84, 0x68, 0x84, 0x48, 0x84, 0x48, 0x84, 0x48, 0x84, 0x48, 0x84, 0x48, 0x84, 0x58, 0x9C, 0x68, 0xE4, 0x41, 0x84, 0x06, 0x04, 0x00, 0x04, 0x00, 0x04, 0x00, 0x04 };
static const uint8_t bitmap_549[] = { 0x00, 0x00, 0x80, 0xFE, 0x7F, 0x04, 0x02, 0x04, 0x04, 0x04, 0x04, 0x28, 0x18, 0x18, 0xE0, 0x10, 0x10, 0xF8, 0x1F, 0x10, 0x10, 0x10, 0x10, 0x10, 0x10, 0x10, 0x10, 0xF0, 0x1F, 0x10, 0x10, 0x10 };
static const uint8_t bitmap_550[] = { 0x00, 0x20, 0x03, 0x70, 0xD9, 0x20, 0x69, 0x20, 0x49, 0x10, 0x49, 0x10, 0x49, 0x10, 0x49, 0x08, 0x5A, 0x08, 0x6A, 0x04, 0x42, 0x04, 0x04, 0x04, 0x04, 0x02, 0x08, 0x02, 0x10, 0x02, 0x20, 0x02 };
static const uint8_t bitmap_551[] = { 0x00, 0x00, 0x04, 0x3E, 0x9B, 0xE0, 0xE8, 0x20, 0x88, 0x20, 0x88, 0x20, 0x88, 0x20, 0x88, 0x20, 0x88, 0x20, 0x98, 0x20, 0xE8, 0x20, 0x80, 0x20, 0x00, 0x20, 0x00, 0xA0, 0x00, 0x60, 0x00, 0x40 };
static const uint8_t bitmap_552[] = { 0x00, 0x00, 0x81, 0xFE, 0x7E, 0x10, 0x00, 0x10, 0x00, 0x10, 0x37, 0x90, 0x19, 0x10, 0x11, 0x10, 0x11, 0x10, 0x17, 0x10, 0x19, 0x10, 0x11, 0x10, 0x00, 0x10, 0x00, 0x50, 0x00, 0x30, 0x00, 0x20 };
static const uint8_t bitmap_553[] = { 0x02, 0x00, 0x02, 0x00, 0x04, 0x20, 0x04, 0x10, 0x08, 0x38, 0x09, 0xC4, 0x1E, 0x02, 0xE0, 0x02, 0x18, 0xF8, 0x0F, 0x10, 0x08, 0x10, 0x08, 0x10, 0x08, 0x10, 0x08, 0xF0, 0x0F, 0x10, 0x08, 0x10 };
static const uint8_t bitmap_554[] = { 0x03, 0x00, 0x01, 0x00, 0x61, 0xFC, 0x3F, 0x08, 0x21, 0x08, 0x21, 0x08, 0x21, 0xF8, 0x3F, 0x08, 0x21, 0x00, 0x0D, 0x00, 0x02, 0x80, 0x02, 0x60, 0x04, 0x10, 0x08, 0x08, 0x30, 0x04, 0xC0, 0x02 };
static const uint8_t bitmap_555[] = { 0x06, 0x00, 0x02, 0x00, 0x02, 0x00, 0x82, 0xFE, 0x7F, 0x00, 0x04, 0x00, 0x04, 0x00, 0x08, 0x00, 0x08, 0xF8, 0x1F, 0x10, 0x28, 0x10, 0x48, 0x10, 0x88, 0x10, 0x08, 0xF0, 0x0F, 0x10, 0x08, 0x10 };
static const uint8_t bitmap_556[] = { 0x00, 0x60, 0x00, 0x20, 0x00, 0x20, 0xDC, 0x20, 0x68, 0x20, 0x4C, 0x3E, 0x4B, 0xE0, 0x48, 0x20, 0x48, 0x20, 0x58, 0x20, 0x68, 0x20, 0x48, 0x20, 0x00, 0x20, 0x00, 0x20, 0x00, 0x20, 0x00, 0x20 };
static const uint8_t bitmap_557[] = { 0x00, 0x00, 0x18, 0xF0, 0x0F, 0x20, 0x08, 0x20, 0x08, 0xE0, 0x0F, 0x20, 0x08, 0x00, 0x83, 0xFE, 0x7C, 0x00, 0x04, 0xF8, 0x0F, 0x10, 0x08, 0x10, 0x00, 0x20, 0x01, 0x20, 0x00, 0xC0, 0x00, 0x80 };
static const uint8_t bitmap_558[] = { 0x00, 0x00, 0x20, 0xFE, 0x1F, 0x04, 0x00, 0x04, 0x43, 0xE4, 0x3C, 0x04, 0x00, 0x04, 0x1B, 0xC4, 0x0C, 0x84, 0x08, 0x84, 0x08, 0x84, 0x0B, 0x84, 0x0C, 0x84, 0x00, 0x14, 0x00, 0x0C, 0x00, 0x08 };
static const uint8_t bitmap_559[] = { 0x00, 0x00, 0x04, 0x3C, 0x9B, 0xC4, 0xEA, 0x08, 0x89, 0x08, 0x88, 0x88, 0x88, 0x48, 0x88, 0x50, 0x98, 0x30, 0xE8, 0x10, 0x80, 0x28, 0x00, 0x48, 0x00, 0x84, 0x01, 0x04, 0x06, 0x02, 0x18, 0x02 };
static const uint8_t bitmap_560[] = { 0x00, 0x00, 0x00, 0x00, 0xDC, 0xFE, 0x6B, 0x04, 0x48, 0x04, 0x48, 0x14, 0x48, 0x14, 0x48, 0x24, 0x58, 0x44, 0x68, 0x84, 0x41, 0x08, 0x06, 0x08, 0x00, 0x08, 0x00, 0x50, 0x00, 0x30, 0x00, 0x20 };
static const uint8_t bitmap_561[] = { 0x00, 0x00, 0x03, 0x70, 0xDD, 0xA0, 0x69, 0x20, 0x49, 0x20, 0x49, 0x20, 0x49, 0x20, 0x49, 0x20, 0x49, 0x20, 0x59, 0x20, 0x69, 0x20, 0x41, 0x20, 0x02, 0x24, 0x02, 0x24, 0x04, 0x14, 0x18, 0x0E };
static const uint8_t bitmap_562[] = { 0x00, 0x00, 0x02, 0x1C, 0x9D, 0xE0, 0xE8, 0x20, 0x88, 0x20, 0x88, 0x20, 0x8C, 0x3E, 0x8B, 0xE0, 0x88, 0x20, 0xB8, 0x20, 0xC8, 0x20, 0x80, 0x20, 0x00, 0x20, 0x00, 0xA0, 0x00, 0x60, 0x00, 0x40 };
static const uint8_t bitmap_563[] = { 0x01, 0x00, 0x01, 0x00, 0xB9, 0x00, 0xD2, 0x3E, 0x93, 0xC0, 0x94, 0x00, 0x98, 0x00, 0x92, 0x70, 0xB1, 0xA0, 0xD0, 0x40, 0x81, 0x80, 0x02, 0x00, 0x04, 0x04, 0x04, 0x04, 0x02, 0x04, 0x01, 0xFE };
static const uint8_t bitmap_564[] = { 0x02, 0x00, 0x02, 0x00, 0x04, 0xF0, 0x07, 0x20, 0x08, 0x20, 0x16, 0x40, 0x61, 0x80, 0x01, 0x60, 0x02, 0x18, 0x0C, 0x04, 0x31, 0xF2, 0xCE, 0x20, 0x08, 0x20, 0x09, 0xE0, 0x0E, 0x20, 0x08, 0x20 };
static const uint8_t bitmap_565[] = { 0x00, 0x40, 0x00, 0x40, 0xB8, 0x80, 0xD0, 0x90, 0x91, 0x10, 0x91, 0x20, 0x92, 0x20, 0x93, 0xC0, 0x96, 0x50, 0xB0, 0x88, 0xD0, 0x88, 0x81, 0x14, 0x02, 0x64, 0x07, 0x82, 0x18, 0x02, 0x00, 0x00 };
static const uint8_t bitmap_566[] = { 0x01, 0x00, 0x01, 0x00, 0x02, 0xC0, 0x02, 0x20, 0x04, 0x10, 0x08, 0x08, 0x18, 0xF4, 0x27, 0x02, 0xC0, 0x00, 0x18, 0xF8, 0x0F, 0x10, 0x08, 0x10, 0x08, 0x10, 0x08, 0xF0, 0x0F, 0x10, 0x08, 0x10 };
static const uint8_t bitmap_567[] = { 0x03, 0x00, 0x01, 0x00, 0x01, 0x00, 0x81, 0xFE, 0x7F, 0x00, 0x01, 0x00, 0x41, 0xFC, 0x3F, 0x00, 0x00, 0x00, 0x18, 0xF8, 0x0F, 0x10, 0x08, 0x10, 0x08, 0x10, 0x08, 0xF0, 0x0F, 0x10, 0x08, 0x10 };
static const uint8_t bitmap_568[] = { 0x00, 0x00, 0x19, 0xF0, 0x0E, 0x20, 0x08, 0x20, 0x08, 0x20, 0x09, 0xE0, 0x0F, 0x20, 0x09, 0x00, 0x61, 0xFC, 0x3F, 0x08, 0x21, 0x08, 0x21, 0x08, 0x21, 0x28, 0x21, 0x18, 0x21, 0x10, 0x01, 0x00 };
static const uint8_t bitmap_569[] = { 0x00, 0x00, 0x60, 0xFE, 0x3F, 0x04, 0x20, 0x04, 0x28, 0xF4, 0x27, 0x04, 0x20, 0x04, 0x2C, 0xF4, 0x27, 0x24, 0x24, 0x24, 0x24, 0xE4, 0x27, 0x24, 0x24, 0x04, 0x20, 0x14, 0x20, 0x0C, 0x20, 0x08 };
static const uint8_t bitmap_570[] = { 0x01, 0x00, 0x01, 0x00, 0x02, 0x78, 0x07, 0x90, 0x08, 0x20, 0x1C, 0x20, 0x63, 0x40, 0x00, 0x80, 0x01, 0x00, 0x02, 0x7C, 0x0F, 0x88, 0x34, 0x08, 0xC4, 0x08, 0x04, 0x78, 0x07, 0x88, 0x04, 0x08 };
static const uint8_t bitmap_571[] = { 0x00, 0x18, 0x00, 0xE0, 0x63, 0x00, 0x3C, 0x00, 0x20, 0x00, 0x20, 0xFE, 0x3F, 0x00, 0x20, 0x00, 0x2C, 0xFC, 0x27, 0x08, 0x24, 0x08, 0x24, 0x08, 0x44, 0x08, 0x44, 0xF8, 0x87, 0x08, 0x04, 0x08 };
static const uint8_t bitmap_572[] = { 0x03, 0x00, 0x01, 0x00, 0x81, 0xFE, 0x7F, 0x00, 0x01, 0x00, 0x31, 0xF8, 0x1F, 0x10, 0x11, 0x10, 0x11, 0xF0, 0x1F, 0x10, 0x09, 0x00, 0x07, 0x80, 0x02, 0x60, 0x04, 0x18, 0x18, 0x04, 0xE0, 0x02 };
static const uint8_t bitmap_573[] = { 0x00, 0xC0, 0x00, 0x40, 0x00, 0x40, 0xDC, 0x40, 0x68, 0x40, 0x4C, 0x7C, 0x4B, 0xC0, 0x48, 0x40, 0x48, 0x40, 0x48, 0x40, 0x58, 0x40, 0x68, 0x40, 0x40, 0x40, 0x08, 0x7E, 0x07, 0x80, 0x00, 0x00 };
static const uint8_t bitmap_574[] = { 0x01, 0x00, 0x01, 0x00, 0x02, 0x00, 0xC4, 0xFE, 0x7F, 0x04, 0x40, 0x04, 0x4C, 0xE4, 0x47, 0x44, 0x44, 0x44, 0x44, 0x44, 0x44, 0xC4, 0x47, 0x44, 0x44, 0x04, 0x40, 0x14, 0x40, 0x0C, 0x40, 0x08 };
static const uint8_t bitmap_575[] = { 0x00, 0x00, 0x04, 0x3E, 0x03, 0xC0, 0xDC, 0x40, 0x68, 0x40, 0x48, 0x60, 0x48, 0x50, 0x48, 0x48, 0x48, 0x44, 0x58, 0x40, 0x68, 0x40, 0x40, 0x40, 0x00, 0x40, 0x00, 0x40, 0x00, 0x40, 0x00, 0x40 };
static const uint8_t bitmap_576[] = { 0x00, 0x00, 0x18, 0xF8, 0x0F, 0x10, 0x08, 0x10, 0x08, 0x10, 0x08, 0xF0, 0x0F, 0x10, 0x08, 0x00, 0x30, 0xFC, 0x1F, 0x08, 0x10, 0x08, 0x10, 0x08, 0x10, 0x08, 0x10, 0xF8, 0x1F, 0x08, 0x10, 0x08 };
static const uint8_t bitmap_577[] = { 0x00, 0x00, 0x04, 0x78, 0xBB, 0x90, 0xD0, 0x10, 0x91, 0x20, 0x91, 0x20, 0x92, 0x20, 0x92, 0x7E, 0xB7, 0x84, 0xD4, 0x04, 0x88, 0x74, 0x07, 0x84, 0x00, 0x08, 0x00, 0x48, 0x00, 0x30, 0x00, 0x20 };
static const uint8_t bitmap_578[] = { 0x00, 0x00, 0x21, 0xF0, 0x1E, 0x20, 0x02, 0x20, 0x83, 0xFE, 0x7E, 0x20, 0x02, 0x20, 0x23, 0xE0, 0x1E, 0x00, 0x04, 0xF8, 0x0F, 0x10, 0x38, 0x10, 0xC8, 0x10, 0x09, 0xF0, 0x0E, 0x10, 0x08, 0x10 };
static const uint8_t bitmap_579[] = { 0x03, 0x00, 0x01, 0x00, 0x81, 0xFE, 0x7E, 0x20, 0x04, 0x40, 0x02, 0x80, 0x01, 0x40, 0x02, 0x30, 0x0C, 0x0C, 0x30, 0xF2, 0xCF, 0x10, 0x08, 0x10, 0x08, 0x10, 0x08, 0xF0, 0x0F, 0x10, 0x08, 0x10 };
static const uint8_t bitmap_580[] = { 0x00, 0x00, 0x20, 0xF8, 0x1F, 0x00, 0x01, 0x00, 0x82, 0xFE, 0x7F, 0x80, 0x04, 0x60, 0x08, 0x10, 0x10, 0x08, 0x29, 0xF4, 0xCE, 0x22, 0x08, 0x20, 0x08, 0x20, 0x09, 0xE0, 0x0E, 0x20, 0x08, 0x20 };
static const uint8_t bitmap_581[] = { 0x00, 0x20, 0x00, 0x50, 0xDC, 0x48, 0x68, 0x84, 0x49, 0x42, 0x4A, 0x22, 0x4C, 0x20, 0x4A, 0x3C, 0x49, 0xC4, 0x58, 0x08, 0x68, 0x08, 0x40, 0x10, 0x00, 0x10, 0x00, 0x20, 0x00, 0x20, 0x00, 0x40 };
static const uint8_t bitmap_582[] = { 0x00, 0xD0, 0x00, 0x48, 0xDC, 0x44, 0x68, 0x44, 0x48, 0x40, 0x4C, 0x7E, 0x4B, 0xC0, 0x48, 0x40, 0x48, 0xA0, 0x58, 0x90, 0x68, 0x88, 0x41, 0x08, 0x01, 0x04, 0x02, 0x04, 0x04, 0x02, 0x18, 0x02 };
static const uint8_t bitmap_583[] = { 0x00, 0x00, 0x81, 0xFE, 0x7E, 0x80, 0x01, 0x40, 0x03, 0x30, 0x05, 0x08, 0x09, 0x04, 0x31, 0x02, 0xD1, 0xF8, 0x1F, 0x10, 0x10, 0x10, 0x10, 0x10, 0x10, 0x10, 0x11, 0xF0, 0x1E, 0x10, 0x10, 0x10 };
static const uint8_t bitmap_584[] = { 0x00, 0x00, 0x06, 0x3C, 0xBB, 0xC8, 0xD2, 0x48, 0x92, 0x48, 0x92, 0x48, 0x92, 0x48, 0x92, 0x78, 0xB3, 0xC8, 0xD2, 0x00, 0x82, 0x00, 0x02, 0x00, 0x02, 0x04, 0x02, 0x04, 0x01, 0x04, 0x00, 0xFE };
static const uint8_t bitmap_585[] = { 0x00, 0xC0, 0x00, 0x40, 0xB8, 0x40, 0xD4, 0x7C, 0x93, 0xC0, 0x90, 0x58, 0x96, 0x48, 0x92, 0x48, 0xB2, 0x48, 0xD2, 0x78, 0x83, 0xC8, 0x02, 0x40, 0x00, 0x44, 0x00, 0x44, 0x00, 0x24, 0x00, 0x1E };
static const uint8_t bitmap_586[] = { 0x00, 0x20, 0x03, 0x70, 0xB9, 0x20, 0xD1, 0x10, 0x91, 0x08, 0x92, 0x04, 0x92, 0x02, 0x96, 0x7A, 0xB9, 0x88, 0xD0, 0x88, 0x80, 0x88, 0x01, 0x08, 0x01, 0x08, 0x02, 0x50, 0x04, 0x30, 0x18, 0x20 };
static const uint8_t bitmap_587[] = { 0x01, 0x00, 0x01, 0x80, 0x02, 0x60, 0x04, 0x10, 0x09, 0x08, 0x10, 0x84, 0x28, 0xF2, 0xC7, 0x20, 0x00, 0x40, 0x00, 0x80, 0x19, 0xF8, 0x0E, 0x10, 0x08, 0x10, 0x09, 0xF0, 0x0E, 0x10, 0x08, 0x10 };
static const uint8_t bitmap_588[] = { 0x00, 0x0C, 0x03, 0x30, 0xDD, 0xC0, 0x69, 0x00, 0x49, 0x00, 0x49, 0x0E, 0x49, 0xF0, 0x49, 0x10, 0x59, 0x10, 0x69, 0x10, 0x41, 0x10, 0x02, 0x10, 0x02, 0x10, 0x04, 0x10, 0x08, 0x10, 0x00, 0x10 };
static const uint8_t bitmap_589[] = { 0x00, 0xC0, 0x00, 0x40, 0xB0, 0x40, 0xD8, 0x7E, 0x97, 0x80, 0x90, 0x00, 0x93, 0x70, 0x91, 0xA0, 0xB1, 0x20, 0xD1, 0x20, 0x81, 0x20, 0x02, 0x20, 0x02, 0x24, 0x04, 0x24, 0x08, 0x24, 0x30, 0x1E };
static const uint8_t bitmap_590[] = { 0x00, 0x80, 0x00, 0x80, 0xB8, 0x90, 0xD1, 0x08, 0x91, 0x18, 0x91, 0x64, 0x97, 0xA4, 0x91, 0x20, 0xB1, 0x20, 0xD1, 0x20, 0x81, 0x20, 0x02, 0x20, 0x02, 0x24, 0x04, 0x24, 0x08, 0x24, 0x30, 0x1E };
static const uint8_t bitmap_591[] = { 0x03, 0x00, 0x01, 0x00, 0x01, 0x00, 0x31, 0xFC, 0x1E, 0x08, 0x10, 0x08, 0x11, 0xF8, 0x1E, 0x08, 0x10, 0x00, 0x14, 0x7C, 0x17, 0x88, 0x24, 0x08, 0x24, 0x08, 0x44, 0x78, 0x87, 0x88, 0x04, 0x08 };
static const uint8_t bitmap_592[] = { 0x00, 0xC0, 0x00, 0x40, 0xB8, 0x7E, 0xD7, 0xC0, 0x90, 0x40, 0x90, 0x40, 0x94, 0x7C, 0x93, 0x84, 0xB1, 0x08, 0xD0, 0x88, 0x80, 0x50, 0x00, 0x20, 0x00, 0x50, 0x00, 0x88, 0x03, 0x04, 0x0C, 0x02 };
static const uint8_t bitmap_593[] = { 0x00, 0x00, 0x30, 0xF8, 0x1F, 0x10, 0x10, 0x10, 0x10, 0xF0, 0x1F, 0x10, 0x10, 0x00, 0x40, 0xFC, 0x3F, 0x00, 0x01, 0x00, 0x81, 0xFE, 0x7E, 0x80, 0x04, 0x60, 0x08, 0x18, 0x30, 0x04, 0xC0, 0x02 };
static const uint8_t bitmap_594[] = { 0x00, 0x60, 0x00, 0x20, 0xDB, 0x28, 0x69, 0x24, 0x49, 0x22, 0x49, 0x22, 0x4A, 0x20, 0x4A, 0x24, 0x5C, 0x24, 0x68, 0x28, 0x40, 0x08, 0x00, 0x10, 0x00, 0x20, 0x00, 0x40, 0x01, 0x80, 0x06, 0x00 };
static const uint8_t bitmap_595[] = { 0x00, 0x00, 0x04, 0x78, 0x03, 0x88, 0xD8, 0x88, 0x68, 0x90, 0x48, 0x90, 0x48, 0x9E, 0x48, 0xD2, 0x49, 0x24, 0x59, 0x14, 0x6A, 0x08, 0x42, 0x08, 0x04, 0x14, 0x08, 0x24, 0x30, 0xC2, 0x07, 0x02 };
static const uint8_t bitmap_596[] = { 0x00, 0x80, 0x00, 0x80, 0x00, 0x80, 0xDD, 0x1E, 0x69, 0xE4, 0x4A, 0x08, 0x4C, 0x60, 0x48, 0x20, 0x48, 0x20, 0x48, 0x20, 0x58, 0x50, 0x68, 0x48, 0x40, 0x84, 0x00, 0x84, 0x03, 0x02, 0x0C, 0x02 };
static const uint8_t bitmap_597[] = { 0x00, 0x80, 0x00, 0x80, 0x00, 0x80, 0xDD, 0x1E, 0x69, 0xF2, 0x4A, 0x52, 0x4C, 0x52, 0x48, 0x92, 0x48, 0x92, 0x59, 0x22, 0x6A, 0x24, 0x44, 0x44, 0x00, 0x84, 0x01, 0x28, 0x06, 0x18, 0x00, 0x10 };
static const uint8_t bitmap_598[] = { 0x00, 0x30, 0x04, 0xD0, 0xBB, 0x50, 0xD0, 0x90, 0x93, 0x10, 0x91, 0x10, 0x91, 0x10, 0x91, 0xD0, 0x93, 0x10, 0xBD, 0x10, 0xD1, 0x10, 0x81, 0x10, 0x01, 0x14, 0x05, 0x14, 0x03, 0x14, 0x02, 0x0E };
static const uint8_t bitmap_599[] = { 0x00, 0x00, 0x21, 0xF8, 0x1E, 0x00, 0x02, 0x00, 0x23, 0xF0, 0x1E, 0x20, 0x04, 0x20, 0x85, 0xFE, 0x7E, 0x00, 0x00, 0x00, 0x31, 0xF8, 0x1E, 0x10, 0x10, 0x10, 0x11, 0xF0, 0x1E, 0x10, 0x10, 0x10 };
static const uint8_t bitmap_600[] = { 0x00, 0x00, 0x02, 0x3C, 0xB9, 0xD0, 0xD1, 0x10, 0x91, 0x10, 0x92, 0x10, 0x92, 0x3E, 0x97, 0xD0, 0xB4, 0x50, 0xD0, 0x90, 0x80, 0x90, 0x01, 0x10, 0x02, 0x10, 0x04, 0x50, 0x18, 0x30, 0x00, 0x20 };
static const uint8_t bitmap_601[] = { 0x00, 0x00, 0x18, 0xF0, 0x0F, 0x20, 0x08, 0x20, 0x08, 0x20, 0x09, 0xE0, 0x0F, 0x20, 0x09, 0x00, 0x81, 0xFE, 0x7F, 0x80, 0x03, 0x40, 0x05, 0x30, 0x09, 0x08, 0x31, 0x04, 0xC1, 0x02, 0x01, 0x00 };
static const uint8_t bitmap_602[] = { 0x00, 0x00, 0x18, 0xF8, 0x0F, 0x10, 0x08, 0x10, 0x08, 0x10, 0x08, 0xF0, 0x0F, 0x00, 0x40, 0xFC, 0x3F, 0x00, 0x01, 0x00, 0x21, 0xF8, 0x1F, 0x00, 0x01, 0x00, 0x81, 0xFE, 0x7E, 0x00, 0x00, 0x00 };
static const uint8_t bitmap_603[] = { 0x03, 0x00, 0x11, 0x00, 0x11, 0x00, 0x11, 0xF8, 0x3F, 0x00, 0x41, 0x00, 0x81, 0xFE, 0x7F, 0x00, 0x00, 0x00, 0x18, 0xF8, 0x0F, 0x10, 0x08, 0x10, 0x08, 0x10, 0x08, 0xF0, 0x0F, 0x10, 0x08, 0x10 };
static const uint8_t bitmap_604[] = { 0x00, 0xC0, 0x00, 0x40, 0xB8, 0x40, 0xD4, 0x7E, 0x97, 0xC4, 0x94, 0x44, 0x94, 0xA4, 0x94, 0x94, 0x94, 0x94, 0xB5, 0x14, 0xD5, 0x04, 0x86, 0x04, 0x04, 0x04, 0x04, 0x14, 0x04, 0x0C, 0x04, 0x08 };
static const uint8_t bitmap_605[] = { 0x00, 0x00, 0x06, 0x3E, 0xBB, 0xC0, 0xD2, 0x08, 0x92, 0x88, 0x92, 0x48, 0x92, 0x30, 0x92, 0x10, 0x92, 0x28, 0xB2, 0x28, 0xD2, 0x44, 0x82, 0x84, 0x03, 0x00, 0x02, 0x3E, 0x03, 0xC0, 0x02, 0x00 };
static const uint8_t bitmap_606[] = { 0x00, 0x00, 0x18, 0xF8, 0x0F, 0x10, 0x08, 0x10, 0x08, 0xF0, 0x0F, 0x00, 0x30, 0xF8, 0x1F, 0x10, 0x10, 0x10, 0x13, 0x10, 0x11, 0x10, 0x11, 0x10, 0x11, 0x80, 0x02, 0x60, 0x0C, 0x18, 0x70, 0x04 };
static const uint8_t bitmap_607[] = { 0x00, 0x40, 0x00, 0xA0, 0xDC, 0x90, 0x69, 0x08, 0x4A, 0x04, 0x4D, 0x3A, 0x49, 0xD0, 0x49, 0x10, 0x49, 0x10, 0x59, 0x50, 0x69, 0x30, 0x41, 0x20, 0x01, 0x04, 0x00, 0x84, 0x00, 0x7E, 0x00, 0x00 };
static const uint8_t bitmap_608[] = { 0x00, 0x40, 0x00, 0x80, 0x03, 0x3C, 0xD9, 0xC8, 0x69, 0x08, 0x49, 0x08, 0x49, 0x28, 0x49, 0x10, 0x49, 0x3E, 0x49, 0xC2, 0x59, 0x02, 0x68, 0x32, 0x47, 0xC4, 0x00, 0x14, 0x00, 0x0C, 0x00, 0x08 };
static const uint8_t bitmap_609[] = { 0x00, 0x00, 0x06, 0x3C, 0x03, 0xC8, 0xDA, 0x08, 0x6A, 0x38, 0x4B, 0xC8, 0x4A, 0x00, 0x4A, 0x80, 0x4A, 0x8C, 0x5A, 0x90, 0x6A, 0xE0, 0x44, 0x80, 0x04, 0x84, 0x08, 0x84, 0x10, 0x84, 0x00, 0x7E };
static const uint8_t bitmap_610[] = { 0x00, 0x00, 0x60, 0xFE, 0x3F, 0x04, 0x21, 0x04, 0x29, 0xE4, 0x27, 0x04, 0x21, 0x04, 0x31, 0xF4, 0x2E, 0x04, 0x25, 0xE4, 0x26, 0x44, 0x24, 0x44, 0x25, 0xC4, 0x46, 0x54, 0x40, 0x0C, 0x80, 0x08 };
static const uint8_t bitmap_611[] = { 0x00, 0xC0, 0x00, 0x40, 0x00, 0x40, 0xDC, 0x7C, 0x6B, 0xC0, 0x48, 0x40, 0x48, 0x40, 0x4C, 0x7E, 0x4B, 0xE0, 0x58, 0xD0, 0x69, 0x48, 0x49, 0x48, 0x02, 0x44, 0x04, 0x42, 0x18, 0x42, 0x00, 0x40 };
static const uint8_t bitmap_612[] = { 0x00, 0x00, 0x08, 0x3E, 0xB7, 0xC8, 0xD0, 0x08, 0x90, 0x08, 0x96, 0xE8, 0x93, 0x48, 0x92, 0x48, 0x92, 0x48, 0xB2, 0xC8, 0xD3, 0x48, 0x82, 0x08, 0x00, 0x08, 0x00, 0x28, 0x00, 0x18, 0x00, 0x10 };
static const uint8_t bitmap_613[] = { 0x00, 0x60, 0x00, 0x20, 0x06, 0x3E, 0xDB, 0xE2, 0x6A, 0x22, 0x4A, 0x3E, 0x4B, 0xE2, 0x4A, 0x22, 0x4A, 0x22, 0x5A, 0x3E, 0x6B, 0xE2, 0x42, 0x20, 0x00, 0x20, 0x00, 0x20, 0x00, 0x20, 0x00, 0x20 };
static const uint8_t bitmap_614[] = { 0x00, 0x0C, 0x00, 0x30, 0x03, 0xC4, 0xDC, 0x44, 0x6A, 0x28, 0x49, 0x28, 0x48, 0xA8, 0x4C, 0xBE, 0x4B, 0xE0, 0x58, 0x20, 0x68, 0x20, 0x40, 0x20, 0x00, 0x20, 0x01, 0x40, 0x00, 0xC0, 0x00, 0x80 };
static const uint8_t bitmap_615[] = { 0x01, 0x00, 0x02, 0x80, 0x02, 0x60, 0x04, 0x10, 0x08, 0xE8, 0x17, 0x04, 0x20, 0x02, 0x6D, 0xBC, 0xB4, 0xC8, 0x24, 0x88, 0x24, 0x88, 0x2C, 0xA8, 0x34, 0x98, 0x20, 0x90, 0x00, 0x80, 0x00, 0x80 };
static const uint8_t bitmap_616[] = { 0x00, 0x60, 0x00, 0x20, 0xDB, 0x2C, 0x69, 0x24, 0x49, 0x24, 0x49, 0x3C, 0x49, 0xE4, 0x49, 0x24, 0x58, 0x20, 0x6E, 0x26, 0x42, 0x22, 0x02, 0x22, 0x02, 0x22, 0x02, 0x3E, 0x03, 0xC2, 0x02, 0x02 };
static const uint8_t bitmap_617[] = { 0x00, 0x80, 0x00, 0x80, 0x00, 0x80, 0xDD, 0x3E, 0x69, 0xC0, 0x4A, 0x40, 0x4C, 0x5C, 0x48, 0x60, 0x48, 0x40, 0x48, 0x40, 0x58, 0x5E, 0x68, 0x60, 0x40, 0x40, 0x00, 0x40, 0x00, 0x40, 0x00, 0x40 };
static const uint8_t bitmap_618[] = { 0x03, 0x00, 0x0C, 0x00, 0x78, 0x00, 0x08, 0xDE, 0x8F, 0x64, 0x78, 0x44, 0x0C, 0x44, 0x1A, 0x44, 0x29, 0x44, 0x29, 0x44, 0x48, 0x44, 0x88, 0x5C, 0x08, 0x64, 0x08, 0x44, 0x08, 0x00, 0x08, 0x00 };
static const uint8_t bitmap_619[] = { 0x01, 0xC0, 0x00, 0x20, 0xB8, 0x00, 0xD4, 0xE0, 0x93, 0x44, 0x90, 0x44, 0x9B, 0x48, 0x95, 0x68, 0xB1, 0x50, 0xD2, 0x48, 0x82, 0x44, 0x04, 0x44, 0x08, 0x42, 0x11, 0x42, 0x20, 0xC0, 0x00, 0x80 };
static const uint8_t bitmap_620[] = { 0x01, 0x18, 0x01, 0x08, 0xB9, 0x08, 0xD1, 0x08, 0x92, 0x9E, 0x92, 0x68, 0x96, 0x88, 0x9A, 0x88, 0xB2, 0x48, 0xD2, 0x48, 0x82, 0x08, 0x02, 0x08, 0x02, 0x08, 0x02, 0x28, 0x02, 0x18, 0x02, 0x10 };
static const uint8_t bitmap_621[] = { 0x00, 0x00, 0xDE, 0xDE, 0x64, 0x64, 0x44, 0x44, 0x5C, 0x5C, 0x64, 0x64, 0x40, 0x00, 0x0D, 0xE0, 0x06, 0x40, 0x04, 0x40, 0x04, 0x40, 0x04, 0x40, 0x08, 0x44, 0x08, 0x44, 0x30, 0x44, 0xC0, 0x3E };
static const uint8_t bitmap_622[] = { 0x00, 0x60, 0x00, 0x20, 0x00, 0x20, 0xDC, 0x20, 0x6A, 0x3E, 0x49, 0xE0, 0x48, 0x20, 0x48, 0x20, 0x48, 0x20, 0x4B, 0x3E, 0x59, 0xC4, 0x69, 0x04, 0x41, 0x04, 0x01, 0x3C, 0x01, 0xC4, 0x01, 0x04 };
static const uint8_t bitmap_623[] = { 0x03, 0x00, 0x01, 0x00, 0x01, 0x00, 0xB1, 0x00, 0xD9, 0xD6, 0x96, 0x5A, 0x92, 0x52, 0x92, 0x52, 0x92, 0x52, 0x92, 0x52, 0xB2, 0x52, 0xD4, 0x56, 0x84, 0x5A, 0x0A, 0x92, 0x11, 0x80, 0x21, 0x00 };
static const uint8_t bitmap_624[] = { 0x01, 0x80, 0x00, 0xB0, 0xB8, 0x88, 0xD0, 0x84, 0x98, 0xFE, 0x97, 0x80, 0x90, 0xC8, 0x91, 0x48, 0x91, 0x48, 0xB1, 0x48, 0xD1, 0x50, 0x82, 0x50, 0x02, 0x64, 0x04, 0x44, 0x09, 0xA4, 0x10, 0x1E };
static const uint8_t bitmap_625[] = { 0x00, 0x06, 0x08, 0xE2, 0xB7, 0x02, 0xD2, 0x32, 0x92, 0xD2, 0x93, 0x52, 0x94, 0x52, 0x94, 0x52, 0xB4, 0x92, 0xDA, 0x92, 0x81, 0x12, 0x01, 0x02, 0x02, 0x02, 0x04, 0x0A, 0x08, 0x06, 0x30, 0x04 };
static const uint8_t bitmap_626[] = { 0x01, 0x00, 0x01, 0x00, 0x9A, 0x3E, 0x63, 0xC4, 0x04, 0x88, 0x0C, 0xC0, 0x31, 0x40, 0xC2, 0x30, 0x0C, 0x08, 0x30, 0xF6, 0x1F, 0x10, 0x10, 0x10, 0x10, 0x10, 0x11, 0xF0, 0x1E, 0x10, 0x10, 0x10 };
static const uint8_t bitmap_627[] = { 0x00, 0xC4, 0x04, 0x48, 0xB2, 0x48, 0xD1, 0x50, 0x91, 0x50, 0x98, 0x7E, 0x97, 0xC0, 0x90, 0x60, 0xB0, 0xD0, 0xD1, 0x48, 0x81, 0x44, 0x02, 0x44, 0x04, 0x42, 0x18, 0x42, 0x00, 0x40, 0x00, 0x40 };
static const uint8_t bitmap_628[] = { 0x00, 0xC0, 0x00, 0x40, 0xB8, 0x7C, 0xD7, 0x80, 0x91, 0x18, 0x91, 0x04, 0x92, 0x14, 0x94, 0x90, 0xB0, 0x50, 0xD0, 0x20, 0x80, 0x50, 0x00, 0x48, 0x00, 0x88, 0x01, 0x04, 0x02, 0x02, 0x0C, 0x02 };
static const uint8_t bitmap_629[] = { 0x00, 0x40, 0x00, 0x40, 0xB6, 0xBE, 0xD3, 0xC4, 0x92, 0x04, 0x92, 0x3C, 0x93, 0xC4, 0x92, 0x04, 0xB2, 0x04, 0xD2, 0x3C, 0x83, 0xC4, 0x02, 0x04, 0x02, 0x04, 0x02, 0x3C, 0x03, 0xC4, 0x02, 0x04 };
static const uint8_t bitmap_630[] = { 0x00, 0xC0, 0x00, 0x40, 0xD8, 0x40, 0x6C, 0x7E, 0x4B, 0xC0, 0x48, 0x90, 0x48, 0x90, 0x49, 0x64, 0x4B, 0xA4, 0x58, 0x48, 0x68, 0x88, 0x41, 0x10, 0x06, 0x30, 0x00, 0x48, 0x01, 0x84, 0x06, 0x04 };
static const uint8_t bitmap_631[] = { 0x00, 0xD8, 0x00, 0x44, 0x00, 0x44, 0x60, 0xFE, 0x3F, 0x40, 0x20, 0x48, 0x33, 0x48, 0x2C, 0x48, 0x20, 0x50, 0x2B, 0x30, 0x2D, 0x20, 0x2B, 0x24, 0x4D, 0x54, 0x40, 0x88, 0x83, 0x06, 0x0C, 0x02 };
static const uint8_t bitmap_632[] = { 0x00, 0x00, 0x0C, 0x7E, 0x07, 0x84, 0xB4, 0x44, 0xD4, 0x44, 0x96, 0x74, 0x95, 0xC4, 0x94, 0xA4, 0x94, 0xA4, 0x94, 0x94, 0xB5, 0x14, 0xD5, 0x14, 0x86, 0x04, 0x04, 0xFC, 0x07, 0x04, 0x04, 0x04 };
static const uint8_t bitmap_633[] = { 0x03, 0x00, 0x01, 0x00, 0x81, 0xFE, 0x7E, 0x00, 0x00, 0x00, 0x19, 0xF0, 0x0E, 0x20, 0x08, 0x20, 0x09, 0xE0, 0x0E, 0xA8, 0x04, 0x48, 0x0C, 0x30, 0x34, 0x90, 0xC7, 0x08, 0x0C, 0x04, 0x30, 0x02 };
static const uint8_t bitmap_634[] = { 0x00, 0x00, 0x18, 0xF0, 0x0F, 0x20, 0x08, 0x20, 0x08, 0x20, 0x08, 0xE0, 0x0F, 0x20, 0x00, 0x00, 0xCE, 0xCE, 0x72, 0x72, 0x42, 0x42, 0x42, 0x42, 0x42, 0x42, 0x4E, 0x4E, 0x72, 0x72, 0x42, 0x42 };
static const uint8_t bitmap_635[] = { 0x03, 0x30, 0x01, 0x10, 0xB9, 0x10, 0xD1, 0x10, 0x95, 0x7C, 0x93, 0x90, 0x91, 0x10, 0x91, 0x10, 0x99, 0x3E, 0xB7, 0xC0, 0xD0, 0x10, 0x81, 0x08, 0x01, 0x04, 0x02, 0x04, 0x04, 0x02, 0x18, 0x02 };
static const uint8_t bitmap_636[] = { 0x00, 0x40, 0x00, 0x5C, 0xDC, 0xE8, 0x69, 0x10, 0x4A, 0x90, 0x48, 0xA0, 0x48, 0x40, 0x48, 0xA0, 0x4B, 0x2E, 0x58, 0x74, 0x68, 0xC8, 0x43, 0x28, 0x00, 0x30, 0x00, 0x20, 0x00, 0xC0, 0x07, 0x00 };
static const uint8_t bitmap_637[] = { 0x00, 0xC0, 0x00, 0x40, 0xBC, 0x7C, 0xD3, 0xC0, 0x90, 0x40, 0x98, 0x7E, 0x97, 0x80, 0x90, 0x40, 0x90, 0x40, 0xB4, 0x7C, 0xD3, 0xC0, 0x80, 0x40, 0x00, 0x40, 0x10, 0x7E, 0x0F, 0x80, 0x00, 0x00 };
static const uint8_t bitmap_638[] = { 0x00, 0xC0, 0x00, 0x40, 0xB8, 0xA0, 0xD0, 0x90, 0x91, 0x08, 0x91, 0x04, 0x92, 0x3A, 0x95, 0xC2, 0x98, 0x00, 0xB6, 0x3C, 0xD3, 0xC8, 0x82, 0x08, 0x02, 0x08, 0x02, 0x38, 0x03, 0xC8, 0x02, 0x08 };
static const uint8_t bitmap_639[] = { 0x18, 0xC0, 0x08, 0x58, 0x4F, 0x44, 0x38, 0x44, 0x08, 0x40, 0x8F, 0xFE, 0x78, 0x40, 0x00, 0x44, 0x6F, 0x24, 0x32, 0x28, 0x22, 0x28, 0x2E, 0x12, 0x32, 0x32, 0x20, 0x4C, 0x01, 0x86, 0x0E, 0x02 };
static const uint8_t bitmap_640[] = { 0x00, 0x20, 0x00, 0x20, 0xD8, 0x20, 0x6E, 0x5E, 0x4B, 0xE2, 0x4A, 0x02, 0x4A, 0x9A, 0x4A, 0xEA, 0x5A, 0x8A, 0x6A, 0x8A, 0x42, 0x9A, 0x02, 0xEA, 0x02, 0x82, 0x02, 0x0A, 0x02, 0x06, 0x02, 0x04 };
static const uint8_t bitmap_641[] = { 0x03, 0x30, 0x01, 0x10, 0xB9, 0x7E, 0xD7, 0x90, 0x91, 0x10, 0x90, 0x08, 0x90, 0x08, 0x96, 0x10, 0x91, 0x10, 0xB0, 0xA0, 0xD0, 0x60, 0x80, 0x50, 0x00, 0x88, 0x01, 0x04, 0x02, 0x02, 0x0C, 0x02 };
static const uint8_t bitmap_642[] = { 0x00, 0x00, 0x04, 0x7C, 0x03, 0x90, 0xB8, 0x90, 0xD0, 0x90, 0x90, 0x94, 0x94, 0x94, 0x92, 0x94, 0xB2, 0x98, 0xD2, 0x90, 0x80, 0x90, 0x00, 0x90, 0x00, 0x90, 0x08, 0xBE, 0x07, 0xC0, 0x00, 0x00 };
static const uint8_t bitmap_643[] = { 0x00, 0xA0, 0x00, 0xA4, 0xB9, 0x24, 0xD1, 0x28, 0x92, 0x30, 0x96, 0xE4, 0x9A, 0x24, 0x92, 0x1E, 0x92, 0xC0, 0xB0, 0x40, 0xD8, 0x7E, 0x87, 0xC0, 0x00, 0x40, 0x00, 0x40, 0x00, 0x40, 0x00, 0x40 };
static const uint8_t bitmap_644[] = { 0x02, 0x20, 0x02, 0x20, 0xB2, 0x20, 0xD4, 0xA6, 0x94, 0xBA, 0x97, 0x42, 0x99, 0x52, 0x92, 0x92, 0xB7, 0x8A, 0xDC, 0x0A, 0x80, 0x02, 0x00, 0x82, 0x03, 0x04, 0x0C, 0x14, 0x00, 0x0C, 0x00, 0x08 };
static const uint8_t bitmap_645[] = { 0x00, 0x00, 0x41, 0xFC, 0x3E, 0x10, 0x00, 0x10, 0x37, 0x90, 0x19, 0x10, 0x17, 0x10, 0x18, 0x00, 0x87, 0xFE, 0x78, 0x10, 0x07, 0x90, 0x19, 0x10, 0x17, 0x10, 0x19, 0x50, 0x10, 0x30, 0x00, 0x20 };
static const uint8_t bitmap_646[] = { 0x00, 0xE0, 0x03, 0x28, 0xBD, 0x24, 0xD1, 0x24, 0x91, 0x20, 0x99, 0x7E, 0x97, 0xA0, 0x91, 0x24, 0x91, 0x64, 0xB1, 0xA8, 0xD3, 0x10, 0x9D, 0x12, 0x01, 0x2A, 0x05, 0x4C, 0x03, 0x86, 0x02, 0x02 };
static const uint8_t bitmap_647[] = { 0x02, 0x64, 0x01, 0x24, 0xD8, 0xA8, 0x68, 0xA0, 0x4B, 0x3C, 0x49, 0xC4, 0x49, 0x04, 0x49, 0x3C, 0x49, 0xC4, 0x59, 0x04, 0x69, 0x3C, 0x41, 0xC4, 0x01, 0x04, 0x01, 0x14, 0x01, 0x0C, 0x01, 0x08 };
static const uint8_t bitmap_648[] = { 0x00, 0x00, 0x06, 0x7C, 0xBB, 0xC8, 0xD2, 0x48, 0x92, 0x78, 0x93, 0xC8, 0x92, 0x48, 0x92, 0x78, 0x93, 0xC0, 0xB0, 0x40, 0xD8, 0x7C, 0x87, 0xC0, 0x00, 0x40, 0x10, 0x7E, 0x0F, 0x80, 0x00, 0x00 };
static const uint8_t bitmap_649[] = { 0x00, 0x00, 0x08, 0xD6, 0xB7, 0x5A, 0xD2, 0x52, 0x9A, 0xD4, 0x97, 0x58, 0x92, 0x54, 0x92, 0x54, 0x9A, 0xD2, 0xB7, 0x52, 0xD2, 0x5A, 0x92, 0x54, 0x04, 0x50, 0x05, 0x50, 0x08, 0xD0, 0x00, 0x90 };
static const uint8_t bitmap_650[] = { 0x00, 0x00, 0xDE, 0xDE, 0x64, 0x64, 0x44, 0x44, 0x5C, 0x5C, 0x64, 0x64, 0x43, 0x30, 0x01, 0x08, 0x81, 0xFE, 0x7F, 0x00, 0x01, 0x80, 0x02, 0x60, 0x04, 0x10, 0x08, 0x08, 0x30, 0x04, 0xC0, 0x02 };
static const uint8_t bitmap_651[] = { 0x01, 0x88, 0x00, 0x88, 0xB4, 0xF0, 0xD3, 0x90, 0x90, 0xA0, 0x98, 0xFE, 0x97, 0x80, 0x92, 0x78, 0x91, 0x90, 0xB2, 0x20, 0xD6, 0x7E, 0x89, 0xA0, 0x30, 0x20, 0x01, 0x20, 0x00, 0xC0, 0x00, 0x80 };
static const uint8_t bitmap_652[] = { 0x30, 0x18, 0x13, 0x60, 0x9D, 0x80, 0x71, 0x00, 0x11, 0x1E, 0x1D, 0xF0, 0xF1, 0x10, 0x52, 0x10, 0x32, 0x10, 0x24, 0x10, 0x11, 0xF8, 0x1E, 0x10, 0x10, 0x10, 0x11, 0xF0, 0x1E, 0x10, 0x10, 0x10 };
static const uint8_t bitmap_653[] = { 0x00, 0xD8, 0x00, 0x44, 0xB8, 0x7E, 0xD7, 0xC0, 0x90, 0x40, 0x94, 0x7E, 0x97, 0xC4, 0x94, 0x44, 0x94, 0x7C, 0xB7, 0xC4, 0xD4, 0x44, 0x84, 0x7C, 0x07, 0xC4, 0x04, 0x54, 0x04, 0x4C, 0x04, 0x48 };
static const uint8_t bitmap_654[] = { 0x00, 0xC0, 0x08, 0x7E, 0xB7, 0x80, 0xD2, 0x7C, 0x93, 0x88, 0x92, 0x78, 0x93, 0x88, 0x94, 0x7C, 0x93, 0x88, 0xB0, 0x90, 0xD0, 0x60, 0x80, 0x20, 0x00, 0x20, 0x00, 0xA0, 0x00, 0x40, 0x00, 0x40 };
static const uint8_t bitmap_655[] = { 0x00, 0xC0, 0x00, 0x40, 0xDC, 0x7E, 0x6B, 0xC0, 0x48, 0x00, 0x4A, 0x3C, 0x49, 0xC0, 0x4A, 0x3C, 0x49, 0xC0, 0x58, 0x00, 0x6A, 0x3E, 0x43, 0xC4, 0x02, 0x04, 0x02, 0x3C, 0x03, 0xC4, 0x02, 0x04 };
static const uint8_t bitmap_656[] = { 0x00, 0x40, 0x00, 0x50, 0xB8, 0x88, 0xD1, 0x7C, 0x97, 0x84, 0x91, 0x30, 0x91, 0x08, 0x92, 0x04, 0x9C, 0x84, 0xB0, 0xB8, 0xD1, 0xD0, 0x82, 0x90, 0x0C, 0x60, 0x00, 0x58, 0x01, 0x84, 0x0E, 0x02 };
static const uint8_t bitmap_657[] = { 0x00, 0x00, 0x60, 0xFC, 0x3F, 0x00, 0x28, 0xF8, 0x27, 0x00, 0x20, 0xFE, 0x3F, 0x04, 0x24, 0xE8, 0x25, 0x18, 0x26, 0x04, 0x2C, 0xFA, 0x27, 0x10, 0x44, 0x10, 0x44, 0xF0, 0x87, 0x10, 0x04, 0x10 };
static const uint8_t bitmap_658[] = { 0x00, 0x80, 0x00, 0xA0, 0xB9, 0x10, 0xD1, 0x68, 0x93, 0x84, 0x9C, 0x04, 0x92, 0x78, 0x93, 0x80, 0x94, 0x80, 0xB8, 0xFC, 0xD7, 0x80, 0x81, 0x60, 0x01, 0x10, 0x02, 0x08, 0x04, 0x04, 0x18, 0x02 };
static const uint8_t bitmap_659[] = { 0x01, 0x80, 0x60, 0xFE, 0x3F, 0x80, 0x28, 0xF8, 0x27, 0x90, 0x30, 0xFE, 0x2F, 0x90, 0x20, 0x90, 0x28, 0xF0, 0x27, 0x80, 0x24, 0xF8, 0x27, 0x10, 0x44, 0x10, 0x44, 0xF0, 0x87, 0x10, 0x04, 0x10 };
static const uint8_t bitmap_660[] = { 0x03, 0x30, 0x01, 0x10, 0xB9, 0x7E, 0xD7, 0x90, 0x91, 0x00, 0x94, 0x3E, 0x97, 0xC4, 0x98, 0x48, 0xB0, 0x40, 0xD4, 0x7E, 0x83, 0xC4, 0x00, 0x84, 0x00, 0x84, 0x01, 0x28, 0x02, 0x18, 0x0C, 0x10 };
static const uint8_t bitmap_661[] = { 0x00, 0x80, 0x00, 0xB0, 0x01, 0xE0, 0xB9, 0x20, 0xD2, 0x7C, 0x97, 0xC8, 0x92, 0x48, 0x92, 0x48, 0x92, 0x48, 0xBA, 0x7E, 0xD7, 0xC0, 0x90, 0x60, 0x00, 0x90, 0x01, 0x08, 0x06, 0x04, 0x18, 0x02 };
static const uint8_t bitmap_662[] = { 0x00, 0x00, 0x0D, 0xEE, 0xB6, 0xB4, 0xD4, 0xA4, 0x95, 0xA4, 0x96, 0xA4, 0x94, 0xA4, 0x95, 0xA4, 0xB6, 0xA4, 0xD5, 0x34, 0x85, 0x2C, 0x04, 0xA8, 0x05, 0xA0, 0x06, 0xA0, 0x18, 0x20, 0x00, 0x20 };
static const uint8_t bitmap_663[] = { 0x01, 0x80, 0x00, 0xFC, 0xB0, 0x80, 0xDC, 0xFE, 0x97, 0x84, 0x94, 0xF0, 0x97, 0x88, 0x94, 0x88, 0xB4, 0x7C, 0xD4, 0x00, 0x85, 0x70, 0x09, 0xA0, 0x09, 0x20, 0x12, 0x24, 0x22, 0x24, 0x0C, 0x1E };
static const uint8_t bitmap_664[] = { 0x08, 0x40, 0x08, 0x80, 0x10, 0xFC, 0x3F, 0x80, 0x50, 0xF8, 0x9F, 0x80, 0x10, 0xF8, 0x1F, 0x80, 0x10, 0xFE, 0x1F, 0x00, 0x10, 0xF8, 0x0F, 0x10, 0x08, 0x10, 0x08, 0xF0, 0x0F, 0x10, 0x08, 0x10 };
static const uint8_t bitmap_665[] = { 0x00, 0x90, 0x00, 0x90, 0x01, 0x20, 0xDD, 0x3C, 0x69, 0xE0, 0x4B, 0x20, 0x4D, 0x3C, 0x49, 0xE0, 0x49, 0x20, 0x49, 0x3C, 0x59, 0xE0, 0x69, 0x20, 0x41, 0x20, 0x01, 0x3E, 0x01, 0xC0, 0x01, 0x00 };
static const uint8_t bitmap_666[] = { 0x00, 0x00, 0x03, 0x3C, 0x01, 0xC8, 0xDD, 0x38, 0x69, 0xC8, 0x49, 0x08, 0x49, 0x38, 0x49, 0xC0, 0x4A, 0x3E, 0x5B, 0xC4, 0x6A, 0x3C, 0x43, 0xC4, 0x02, 0x04, 0x02, 0x3C, 0x03, 0xC4, 0x02, 0x04 };
static const uint8_t bitmap_667[] = { 0x00, 0x0C, 0x00, 0x70, 0xB7, 0xC0, 0xD0, 0x40, 0x94, 0x7C, 0x93, 0xD0, 0x91, 0x50, 0x99, 0x7E, 0x97, 0xD0, 0xB1, 0x50, 0xD5, 0x7C, 0x83, 0xC0, 0x00, 0x40, 0x04, 0x7C, 0x03, 0x80, 0x00, 0x00 };
static const uint8_t bitmap_668[] = { 0x00, 0xC0, 0x06, 0x5C, 0xB2, 0x60, 0xD2, 0x40, 0x9A, 0x7E, 0x97, 0x80, 0x92, 0x7C, 0x93, 0x88, 0x92, 0x78, 0xB3, 0x88, 0xD2, 0x08, 0x82, 0x78, 0x03, 0x88, 0x02, 0x28, 0x02, 0x18, 0x02, 0x10 };
static const uint8_t bitmap_669[] = { 0x00, 0x00, 0x04, 0x3E, 0xBB, 0xC0, 0xD0, 0x80, 0x91, 0x08, 0x92, 0x88, 0x9C, 0x48, 0x94, 0xD0, 0xB3, 0x30, 0xDE, 0x68, 0x82, 0xA4, 0x01, 0x22, 0x06, 0x22, 0x19, 0x40, 0x00, 0xC0, 0x00, 0x80 };
static const uint8_t bitmap_670[] = { 0x03, 0x00, 0x01, 0x00, 0x81, 0xFE, 0x7E, 0x40, 0x04, 0x80, 0xC5, 0xFE, 0x7E, 0x04, 0x44, 0xC4, 0x44, 0x24, 0x48, 0x14, 0x75, 0xE4, 0x46, 0x44, 0x44, 0x44, 0x45, 0xD4, 0x46, 0x4C, 0x40, 0x08 };
static const uint8_t bitmap_671[] = { 0x00, 0x00, 0x0D, 0x8E, 0xB7, 0x74, 0xD5, 0x04, 0x95, 0x54, 0x96, 0x74, 0x96, 0x54, 0x95, 0x54, 0xB5, 0x54, 0xD5, 0x54, 0x85, 0x74, 0x07, 0x44, 0x05, 0x04, 0x04, 0x14, 0x04, 0x0C, 0x04, 0x08 };
static const uint8_t bitmap_672[] = { 0x03, 0x60, 0x01, 0x20, 0xB3, 0x2E, 0xDD, 0x30, 0x91, 0x20, 0x91, 0x20, 0x93, 0x2C, 0x9D, 0x30, 0x91, 0x20, 0xB1, 0x20, 0xD3, 0x2E, 0x8D, 0x30, 0x01, 0x20, 0x01, 0x20, 0x01, 0x20, 0x01, 0x20 };
static const uint8_t bitmap_673[] = { 0x00, 0x20, 0x00, 0x20, 0xB6, 0x5E, 0xD3, 0xE4, 0x92, 0x5C, 0x93, 0xE4, 0x92, 0x44, 0x92, 0x5C, 0xB3, 0xE4, 0xD2, 0x90, 0x80, 0x90, 0x09, 0x3E, 0x07, 0xD0, 0x00, 0x10, 0x00, 0x10, 0x00, 0x10 };
static const uint8_t bitmap_674[] = { 0x00, 0x40, 0x00, 0xA0, 0xB8, 0x90, 0xD1, 0x08, 0x92, 0x74, 0x95, 0xC2, 0x98, 0x40, 0x94, 0x7E, 0xB3, 0xC0, 0xD0, 0x40, 0x86, 0x78, 0x03, 0x90, 0x02, 0x10, 0x02, 0x70, 0x03, 0x90, 0x02, 0x10 };
static const uint8_t bitmap_675[] = { 0x06, 0x30, 0x02, 0x10, 0xB2, 0x10, 0xD3, 0x9C, 0x9E, 0x60, 0x92, 0x04, 0x92, 0x84, 0x93, 0x44, 0xB6, 0x44, 0xDA, 0x24, 0x82, 0x28, 0x02, 0x28, 0x02, 0x08, 0x0B, 0x1E, 0x06, 0xE0, 0x04, 0x00 };
static const uint8_t bitmap_676[] = { 0x06, 0x10, 0x02, 0x10, 0xB2, 0x20, 0xD3, 0xAE, 0x9E, 0x74, 0x92, 0x44, 0x92, 0xC4, 0x93, 0x44, 0xB6, 0x5C, 0xDA, 0x64, 0x82, 0x44, 0x02, 0x44, 0x02, 0x44, 0x0A, 0x5C, 0x06, 0x64, 0x04, 0x44 };
static const uint8_t bitmap_677[] = { 0x00, 0x00, 0x0C, 0x7E, 0xB7, 0xA4, 0xD4, 0xA4, 0x94, 0xFC, 0x97, 0x44, 0x94, 0x40, 0x90, 0xBC, 0xB1, 0xC8, 0xD2, 0x10, 0x8D, 0x10, 0x00, 0xA0, 0x00, 0x40, 0x00, 0x80, 0x03, 0x00, 0x0C, 0x00 };
static const uint8_t bitmap_678[] = { 0x00, 0xC0, 0x00, 0x40, 0xB4, 0x78, 0xD3, 0xC8, 0x98, 0x7E, 0x97, 0xC8, 0x90, 0x48, 0x94, 0x78, 0xB3, 0xC0, 0xDC, 0x4C, 0x85, 0x64, 0x05, 0x54, 0x05, 0x54, 0x0A, 0x54, 0x08, 0x44, 0x10, 0x44 };
static const uint8_t bitmap_679[] = { 0x00, 0xC0, 0x00, 0x40, 0xB4, 0x7C, 0xD3, 0x90, 0x91, 0x20, 0x94, 0xFE, 0x97, 0x44, 0x98, 0x48, 0xB6, 0x7C, 0xD3, 0xC8, 0x82, 0x48, 0x02, 0x68, 0x02, 0x58, 0x02, 0x50, 0x00, 0x40, 0x00, 0x40 };
static const uint8_t bitmap_680[] = { 0x00, 0x00, 0x06, 0x3C, 0xBB, 0xC8, 0xD2, 0x78, 0x93, 0xC8, 0x92, 0x48, 0x92, 0x78, 0x93, 0x80, 0xB8, 0x7E, 0xD7, 0x80, 0x82, 0x64, 0x02, 0x14, 0x02, 0x28, 0x02, 0xC4, 0x03, 0x04, 0x0C, 0x02 };
static const uint8_t bitmap_681[] = { 0x08, 0x40, 0x04, 0x40, 0x84, 0xFE, 0x7F, 0x00, 0x21, 0xF8, 0x1F, 0x00, 0x41, 0xFC, 0x3F, 0x10, 0x11, 0x20, 0x89, 0xFE, 0x7F, 0x00, 0x10, 0xF0, 0x0F, 0x20, 0x08, 0xE0, 0x0F, 0x20, 0x08, 0x20 };
static const uint8_t bitmap_682[] = { 0x03, 0x06, 0x01, 0x02, 0xB9, 0xF2, 0xD7, 0x12, 0x91, 0x12, 0x9D, 0xD2, 0x97, 0x52, 0x95, 0x52, 0x95, 0xD2, 0xB7, 0x12, 0xD3, 0x82, 0x85, 0x42, 0x05, 0x22, 0x09, 0x2A, 0x11, 0x06, 0x01, 0x04 };
static const uint8_t bitmap_683[] = { 0x02, 0x00, 0x02, 0xB8, 0xB2, 0x50, 0xE2, 0x10, 0xA5, 0x3E, 0xA4, 0xC0, 0xA4, 0x80, 0xAC, 0xBC, 0xB5, 0xE0, 0xE6, 0x20, 0xA5, 0x3E, 0x84, 0xD0, 0x04, 0x48, 0x04, 0x84, 0x05, 0x04, 0x06, 0x02 };
static const uint8_t bitmap_684[] = { 0x00, 0x68, 0x00, 0x24, 0x00, 0x24, 0xB4, 0x7E, 0xD7, 0xA0, 0x94, 0x24, 0x95, 0xE4, 0x94, 0x24, 0x95, 0x54, 0xB5, 0xD4, 0xD5, 0x48, 0x85, 0xC8, 0x09, 0x1A, 0x08, 0x24, 0x10, 0xC6, 0x03, 0x02 };
static const uint8_t bitmap_685[] = { 0x00, 0x40, 0x04, 0x44, 0xB4, 0x44, 0xD4, 0x7C, 0x97, 0x80, 0x98, 0x3E, 0x97, 0xC0, 0x90, 0x40, 0xB4, 0xFE, 0xD7, 0xA4, 0x84, 0xA4, 0x04, 0xA4, 0x04, 0xA4, 0x04, 0xB4, 0x04, 0xAC, 0x04, 0x08 };
static const uint8_t bitmap_686[] = { 0x03, 0x00, 0x81, 0xFE, 0x7F, 0x00, 0x21, 0xF8, 0x1E, 0x00, 0x11, 0xF0, 0x0E, 0x20, 0x09, 0xE0, 0x0E, 0x40, 0x85, 0xFE, 0x7E, 0x00, 0x11, 0xF0, 0x0E, 0x20, 0x09, 0xE0, 0x0E, 0x20, 0x08, 0x20 };
static const uint8_t bitmap_687[] = { 0x00, 0x00, 0x06, 0x78, 0x03, 0x90, 0xBA, 0x70, 0xD3, 0x90, 0x92, 0x70, 0x93, 0x80, 0x91, 0x7E, 0xB1, 0xC4, 0xD2, 0x44, 0x96, 0xA4, 0x0B, 0x14, 0x32, 0x34, 0x03, 0xC8, 0x02, 0x18, 0x00, 0x10 };
static const uint8_t bitmap_688[] = { 0x00, 0xC0, 0x00, 0x40, 0xBA, 0x7E, 0xD3, 0xC4, 0x92, 0x38, 0x95, 0xC0, 0x91, 0x3C, 0x91, 0xC8, 0x91, 0x38, 0xB1, 0xC8, 0xD1, 0x38, 0x81, 0xC8, 0x01, 0x00, 0x08, 0x3E, 0x07, 0xC0, 0x00, 0x00 };
static const uint8_t bitmap_689[] = { 0x00, 0xC0, 0x00, 0x40, 0xB8, 0x7E, 0xD7, 0xC0, 0x90, 0xF0, 0x91, 0x48, 0x92, 0x7C, 0x97, 0x8A, 0xBA, 0x78, 0xD3, 0x88, 0x82, 0x78, 0x03, 0x88, 0x02, 0x00, 0x08, 0x7E, 0x07, 0x80, 0x00, 0x00 };
static const uint8_t bitmap_690[] = { 0x00, 0x60, 0x01, 0x3C, 0x00, 0xE0, 0xDC, 0xA8, 0x6A, 0xBE, 0x49, 0xC8, 0x48, 0x88, 0x4A, 0xBC, 0x49, 0xC4, 0x59, 0x24, 0x69, 0x24, 0x41, 0x24, 0x01, 0x24, 0x00, 0x50, 0x00, 0x8C, 0x07, 0x02 };
static const uint8_t bitmap_691[] = { 0x00, 0x40, 0x00, 0x60, 0xB8, 0x90, 0xD0, 0x88, 0x91, 0x34, 0x93, 0xC2, 0x94, 0x0C, 0x9D, 0xD4, 0x96, 0x54, 0xB5, 0xD4, 0xD6, 0x54, 0x85, 0xD4, 0x06, 0x44, 0x05, 0x54, 0x04, 0xCC, 0x04, 0x88 };
static const uint8_t bitmap_692[] = { 0x00, 0x40, 0x00, 0x40, 0xBA, 0xBC, 0xD3, 0xC8, 0x92, 0x38, 0x93, 0xC8, 0x92, 0x38, 0x93, 0xC8, 0xB2, 0x38, 0xD3, 0xD0, 0x80, 0x48, 0x08, 0x7E, 0x07, 0xA0, 0x01, 0x18, 0x02, 0x04, 0x1C, 0x02 };
static const uint8_t bitmap_693[] = { 0x00, 0x00, 0x04, 0xF0, 0x03, 0x20, 0xB0, 0xC0, 0xD1, 0x30, 0x96, 0x8C, 0x93, 0xF4, 0x9C, 0xA8, 0x95, 0x18, 0xB2, 0x64, 0xD5, 0x5E, 0x8F, 0xE0, 0x00, 0xD0, 0x01, 0x48, 0x06, 0x44, 0x18, 0x42 };
static const uint8_t bitmap_694[] = { 0x01, 0x88, 0x04, 0xE8, 0xB3, 0x90, 0xD8, 0xFE, 0x97, 0x80, 0x91, 0x38, 0x93, 0xC4, 0x9D, 0x3E, 0xB0, 0xC0, 0xD6, 0x3C, 0x83, 0xC8, 0x02, 0x38, 0x03, 0xC8, 0x02, 0x38, 0x03, 0xC8, 0x02, 0x08 };
static const uint8_t bitmap_695[] = { 0x00, 0x20, 0x02, 0x60, 0xB2, 0x90, 0xD4, 0x88, 0x98, 0xA4, 0x91, 0x72, 0x97, 0x92, 0x90, 0x00, 0xB9, 0xCE, 0xD6, 0xB4, 0x88, 0xC4, 0x05, 0xAC, 0x06, 0xB4, 0x1A, 0xD4, 0x01, 0x8C, 0x01, 0x08 };
static const uint8_t bitmap_696[] = { 0x00, 0xC0, 0x08, 0x7C, 0xB7, 0xC0, 0xD0, 0x40, 0x94, 0x7E, 0x97, 0xC4, 0x94, 0xA8, 0x99, 0x20, 0xB1, 0xD0, 0xD2, 0x88, 0x81, 0x3C, 0x0F, 0xC4, 0x02, 0x52, 0x03, 0x48, 0x04, 0xC4, 0x18, 0x84 };
static const uint8_t bitmap_697[] = { 0x06, 0x10, 0x02, 0x10, 0xB3, 0xD0, 0xEE, 0x16, 0xA2, 0x3A, 0xAB, 0xAC, 0xAE, 0xC8, 0xAA, 0x88, 0xAB, 0x88, 0xEE, 0x88, 0xA7, 0x14, 0x8A, 0x94, 0x0A, 0xA4, 0x12, 0x22, 0x22, 0x42, 0x02, 0x82 };
static const uint8_t bitmap_698[] = { 0x00, 0xC0, 0x08, 0x7E, 0xB7, 0xD0, 0xD1, 0x10, 0x9C, 0xBE, 0x97, 0xC2, 0x94, 0x42, 0x96, 0x7A, 0xB5, 0xC2, 0xD5, 0x7A, 0x85, 0xCA, 0x05, 0x0A, 0x05, 0x3A, 0x05, 0xCA, 0x04, 0x06, 0x04, 0x04 };
static const uint8_t bitmap_699[] = { 0x03, 0x00, 0x41, 0xFC, 0x3F, 0x00, 0x21, 0xF8, 0x1E, 0x00, 0x09, 0xF0, 0x0E, 0x20, 0x09, 0xE0, 0x0E, 0x40, 0x85, 0xFE, 0x7E, 0x00, 0x48, 0xDC, 0x3F, 0x64, 0x12, 0x4C, 0x2A, 0x74, 0xCC, 0x44 };
static const uint8_t bitmap_700[] = { 0x00, 0xC0, 0x00, 0x40, 0x0C, 0x7E, 0xB7, 0x80, 0xD4, 0xB0, 0x94, 0x90, 0x96, 0xDE, 0x95, 0xB0, 0xB4, 0xD8, 0xD5, 0xB4, 0x85, 0xB4, 0x06, 0xD2, 0x0A, 0x92, 0x08, 0x90, 0x10, 0x90, 0x00, 0x90 };
static const uint8_t bitmap_701[] = { 0x00, 0x00, 0x0C, 0x3E, 0x07, 0xC4, 0xB4, 0x3C, 0xD7, 0xC0, 0x94, 0x3C, 0x97, 0xE0, 0x95, 0x3C, 0x95, 0xE4, 0xB5, 0x3C, 0xD5, 0xE0, 0x8A, 0x3E, 0x0B, 0xEA, 0x12, 0x3A, 0x22, 0xCE, 0x02, 0x04 };
static const uint8_t bitmap_702[] = { 0x03, 0x00, 0x01, 0x36, 0xB9, 0xDA, 0xD7, 0x12, 0x91, 0xD2, 0x96, 0x56, 0x95, 0xDA, 0x96, 0x52, 0xB5, 0xD2, 0xD7, 0x56, 0x81, 0x1A, 0x09, 0xD2, 0x07, 0x22, 0x01, 0x2A, 0x01, 0x46, 0x01, 0x84 };
static const uint8_t bitmap_703[] = { 0x03, 0x60, 0x0D, 0xAC, 0xB5, 0x34, 0xD5, 0x64, 0x95, 0xBE, 0x96, 0x80, 0x9D, 0x70, 0x91, 0xA0, 0xB2, 0x7C, 0xD7, 0xC8, 0x8A, 0x78, 0x03, 0xC8, 0x02, 0x78, 0x03, 0xC8, 0x04, 0x58, 0x18, 0x10 };
static const uint8_t bitmap_704[] = { 0x0D, 0x82, 0x04, 0x82, 0xBD, 0xF4, 0xD6, 0x98, 0x94, 0x90, 0x95, 0x96, 0x96, 0x9C, 0x94, 0x94, 0xB5, 0x94, 0xD6, 0x94, 0x84, 0x94, 0x15, 0xE4, 0x0E, 0xA4, 0x04, 0xA4, 0x08, 0x44, 0x10, 0x04 };
static const uint8_t bitmap_705[] = { 0x00, 0x60, 0x00, 0x20, 0xDC, 0x3E, 0x6B, 0xD0, 0x4A, 0x8A, 0x49, 0x3C, 0x4B, 0xCA, 0x4D, 0x38, 0x59, 0xC8, 0x69, 0x38, 0x41, 0xE0, 0x02, 0x28, 0x03, 0x24, 0x04, 0xA2, 0x08, 0x62, 0x00, 0x40 };
static const uint8_t bitmap_706[] = { 0x00, 0xC0, 0x08, 0x7E, 0xB7, 0xC0, 0xD4, 0x7C, 0x93, 0xC0, 0x92, 0x3C, 0x93, 0xC8, 0x92, 0x38, 0x93, 0xD0, 0xB9, 0x3E, 0xD7, 0xC0, 0x82, 0x3C, 0x03, 0xC8, 0x02, 0x38, 0x03, 0xC8, 0x02, 0x08 };
static const uint8_t bitmap_707[] = { 0x00, 0x00, 0x06, 0x7C, 0xBB, 0xC8, 0xD2, 0x58, 0x93, 0x68, 0x92, 0xC8, 0x92, 0x78, 0x93, 0xC8, 0x92, 0x40, 0xB4, 0x7C, 0xD3, 0xC0, 0x88, 0x7E, 0x07, 0xC8, 0x05, 0x24, 0x04, 0x92, 0x18, 0x92 };
static const uint8_t bitmap_708[] = { 0x00, 0x00, 0x6E, 0xDC, 0x32, 0x64, 0x22, 0x44, 0x2E, 0x7C, 0x33, 0x10, 0x81, 0xFE, 0x7F, 0x00, 0x04, 0xE0, 0x18, 0x1C, 0x26, 0xCE, 0xFA, 0x74, 0x22, 0x44, 0x26, 0x4C, 0x3A, 0x74, 0x22, 0x44 };
static const uint8_t bitmap_709[] = { 0x00, 0x00, 0x40, 0xFC, 0x3F, 0x00, 0x01, 0x7C, 0x7D, 0x48, 0x25, 0x78, 0x3D, 0x00, 0x01, 0xFC, 0x7F, 0x00, 0x01, 0x7C, 0x7D, 0x48, 0x25, 0x78, 0x3D, 0x40, 0xA1, 0xFE, 0x7E, 0x00, 0x00, 0x00 };
static const uint8_t bitmap_710[] = { 0x00, 0x00, 0x03, 0x78, 0xB9, 0x90, 0xD1, 0x70, 0x91, 0x90, 0x90, 0x2C, 0x95, 0xB4, 0x96, 0xAC, 0xB5, 0xB4, 0xD6, 0x40, 0x88, 0x7E, 0x07, 0xD0, 0x01, 0x48, 0x02, 0x44, 0x04, 0x42, 0x18, 0x42 };
static const uint8_t bitmap_711[] = { 0x00, 0xC0, 0x04, 0x7E, 0xB7, 0xC0, 0xD1, 0x38, 0x91, 0xD0, 0x95, 0x3E, 0x97, 0xC4, 0x94, 0x38, 0xBB, 0xC4, 0xD0, 0x44, 0x83, 0xA8, 0x01, 0x3C, 0x0E, 0x54, 0x00, 0xD2, 0x07, 0x32, 0x00, 0x20 };
static const uint8_t bitmap_712[] = { 0x00, 0x00, 0x6E, 0xDC, 0x32, 0x64, 0x2E, 0x5C, 0x32, 0x60, 0x81, 0xFE, 0x7F, 0x00, 0x01, 0xF8, 0x1F, 0x10, 0x09, 0xD0, 0x0A, 0x30, 0x66, 0xCC, 0x3A, 0x74, 0x26, 0x4C, 0x3A, 0x74, 0x22, 0x44 };
static const uint8_t bitmap_713[] = { 0x00, 0x60, 0x04, 0x3E, 0xBB, 0xC0, 0xD0, 0x1E, 0x93, 0xD2, 0x92, 0x5E, 0x93, 0xD0, 0x94, 0x3E, 0x93, 0xD0, 0xB2, 0xBC, 0xD1, 0xD0, 0x84, 0xBE, 0x03, 0xE4, 0x02, 0x9C, 0x0C, 0xE2, 0x03, 0x82 };
static const uint8_t bitmap_714[] = { 0x00, 0x18, 0x00, 0xE4, 0xAF, 0x48, 0xE2, 0x7E, 0xAF, 0xA4, 0xA9, 0x7C, 0xAF, 0x84, 0xA5, 0x8C, 0xA6, 0xC6, 0xE5, 0xBC, 0xA6, 0xA4, 0x85, 0x94, 0x07, 0x04, 0x04, 0x94, 0x07, 0xCC, 0x0C, 0x48 };
static const uint8_t bitmap_715[] = { 0x03, 0x00, 0x81, 0xFE, 0x7F, 0x00, 0x11, 0xF8, 0x1F, 0x10, 0x51, 0xFE, 0x7E, 0x94, 0x92, 0xF0, 0x1E, 0x40, 0x44, 0xFC, 0x3F, 0x40, 0x84, 0xFE, 0x7F, 0x88, 0x14, 0x70, 0xE7, 0x0C, 0x18, 0x02 };
static const uint8_t bitmap_716[] = { 0x00, 0x00, 0xC0, 0xFE, 0x7F, 0x02, 0x40, 0x02, 0x43, 0x02, 0x41, 0x02, 0x41, 0x02, 0x41, 0x82, 0x42, 0x42, 0x42, 0x22, 0x44, 0x12, 0x48, 0x0A, 0x50, 0x02, 0x40, 0xFE, 0x7F, 0x02, 0x40, 0x02 };
static const uint8_t bitmap_717[] = { 0x00, 0x00, 0x00, 0x00, 0x60, 0xFE, 0x3F, 0x84, 0x24, 0x84, 0x24, 0x84, 0x24, 0x84, 0x24, 0x84, 0x28, 0x7C, 0x28, 0x04, 0x30, 0x04, 0x20, 0x04, 0x21, 0xFC, 0x3E, 0x04, 0x20, 0x04, 0x00, 0x00 };
static const uint8_t bitmap_718[] = { 0x00, 0x00, 0xC0, 0xFE, 0x7F, 0x04, 0x40, 0x04, 0x44, 0xE4, 0x47, 0x44, 0x44, 0x44, 0x44, 0x44, 0x44, 0x44, 0x45, 0xC4, 0x46, 0x44, 0x44, 0x04, 0x40, 0x04, 0x41, 0xFC, 0x7E, 0x04, 0x40, 0x04 };
static const uint8_t bitmap_719[] = { 0x00, 0x00, 0xC0, 0xFE, 0x7F, 0x02, 0x41, 0x02, 0x41, 0x02, 0x61, 0xFA, 0x5F, 0x02, 0x41, 0x82, 0x42, 0x42, 0x42, 0x22, 0x44, 0x12, 0x44, 0x0A, 0x48, 0x0A, 0x51, 0xFE, 0x7E, 0x02, 0x40, 0x02 };
static const uint8_t bitmap_720[] = { 0x00, 0x00, 0xC0, 0xFE, 0x7F, 0x02, 0x40, 0xC2, 0x40, 0x42, 0x50, 0xFA, 0x4F, 0x42, 0x40, 0xC2, 0x41, 0x42, 0x42, 0x42, 0x45, 0x42, 0x58, 0xC2, 0x40, 0x82, 0x40, 0xFE, 0x7F, 0x02, 0x40, 0x02 };
static const uint8_t bitmap_721[] = { 0x00, 0x00, 0xC0, 0xFE, 0x7F, 0x02, 0x41, 0x02, 0x51, 0xF2, 0x4F, 0x02, 0x41, 0x22, 0x49, 0x22, 0x49, 0xE2, 0x4F, 0x12, 0x49, 0x12, 0x40, 0xFA, 0x40, 0x02, 0x40, 0xFE, 0x7F, 0x02, 0x40, 0x02 };
static const uint8_t bitmap_722[] = { 0x00, 0x00, 0xC0, 0xFE, 0x7F, 0x04, 0x40, 0x04, 0x49, 0xE4, 0x46, 0x04, 0x40, 0x04, 0x51, 0xF4, 0x4E, 0x84, 0x42, 0x94, 0x42, 0x94, 0x44, 0x7C, 0x58, 0x04, 0x43, 0xFC, 0x7C, 0x04, 0x40, 0x04 };
static const uint8_t bitmap_723[] = { 0x00, 0x00, 0xC0, 0xFE, 0x7F, 0x02, 0x40, 0x02, 0x43, 0x02, 0x51, 0xF2, 0x4F, 0x82, 0x43, 0x42, 0x45, 0x22, 0x45, 0x12, 0x49, 0x0A, 0x51, 0x0A, 0x60, 0x02, 0x41, 0xFE, 0x7E, 0x02, 0x40, 0x02 };
static const uint8_t bitmap_724[] = { 0x01, 0x00, 0x01, 0x00, 0x02, 0x00, 0x64, 0xFC, 0x3F, 0x08, 0x22, 0x08, 0x22, 0xE8, 0x27, 0x48, 0x24, 0x48, 0x2A, 0x88, 0x31, 0x88, 0x22, 0x48, 0x2C, 0x28, 0x21, 0xF8, 0x3E, 0x08, 0x20, 0x08 };
static const uint8_t bitmap_725[] = { 0x00, 0x00, 0xC0, 0xFE, 0x7F, 0x02, 0x41, 0x02, 0x51, 0xFA, 0x4F, 0x02, 0x49, 0xF2, 0x47, 0x02, 0x51, 0xFA, 0x4F, 0x12, 0x41, 0x52, 0x41, 0x32, 0x41, 0x22, 0x41, 0xFE, 0x7E, 0x02, 0x40, 0x02 };
static const uint8_t bitmap_726[] = { 0x00, 0x00, 0xC0, 0xFE, 0x7F, 0x02, 0x41, 0x02, 0x51, 0xF2, 0x4F, 0x02, 0x41, 0x02, 0x45, 0xF2, 0x46, 0x22, 0x44, 0x22, 0x45, 0xE2, 0x46, 0x22, 0x44, 0x02, 0x41, 0xFE, 0x7E, 0x02, 0x40, 0x02 };
static const uint8_t bitmap_727[] = { 0x00, 0x00, 0xC1, 0xFE, 0x7E, 0x02, 0x50, 0xFA, 0x4F, 0x02, 0x41, 0x02, 0x41, 0x02, 0x49, 0xF2, 0x47, 0x22, 0x41, 0x22, 0x41, 0x12, 0x51, 0xFA, 0x4E, 0x02, 0x40, 0xFE, 0x7F, 0x02, 0x40, 0x02 };
static const uint8_t bitmap_728[] = { 0x00, 0x00, 0xC1, 0xFE, 0x7E, 0x04, 0x49, 0xE4, 0x4E, 0x44, 0x54, 0x84, 0x63, 0x04, 0x44, 0xC4, 0x4B, 0x34, 0x70, 0x8C, 0x46, 0x04, 0x41, 0x84, 0x40, 0x44, 0x40, 0xFC, 0x7F, 0x04, 0x40, 0x04 };
static const uint8_t bitmap_729[] = { 0x00, 0x00, 0xC0, 0xFE, 0x7F, 0x22, 0x41, 0x12, 0x51, 0xFA, 0x4F, 0x02, 0x51, 0xFA, 0x4F, 0x12, 0x49, 0xF2, 0x4F, 0x12, 0x49, 0xF2, 0x4F, 0x12, 0x49, 0x12, 0x49, 0xFE, 0x7F, 0x02, 0x40, 0x02 };
static const uint8_t bitmap_730[] = { 0x00, 0x00, 0xC1, 0xFE, 0x7E, 0x04, 0x41, 0xF4, 0x4E, 0x24, 0x49, 0xE4, 0x4E, 0x04, 0x41, 0xF4, 0x4E, 0x24, 0x49, 0x24, 0x49, 0x24, 0x4A, 0xC4, 0x44, 0x24, 0x48, 0xFC, 0x7F, 0x04, 0x40, 0x04 };
static const uint8_t bitmap_731[] = { 0x00, 0x00, 0xC0, 0xFE, 0x7F, 0x24, 0x49, 0x44, 0x55, 0xF4, 0x4E, 0x04, 0x65, 0xFC, 0x5E, 0x24, 0x57, 0xD4, 0x64, 0xCC, 0x44, 0x24, 0x44, 0xF4, 0x43, 0x04, 0x40, 0xFC, 0x7F, 0x04, 0x40, 0x04 };
static const uint8_t bitmap_732[] = { 0x03, 0x00, 0x01, 0x00, 0x01, 0x00, 0x01, 0x00, 0x01, 0x00, 0x21, 0xF8, 0x1F, 0x00, 0x01, 0x00, 0x01, 0x00, 0x01, 0x00, 0x01, 0x00, 0x01, 0x00, 0x01, 0x00, 0x81, 0xFE, 0x7E, 0x00, 0x00, 0x00 };
static const uint8_t bitmap_733[] = { 0x00, 0x00, 0x21, 0xF0, 0x1E, 0x20, 0x08, 0x40, 0x06, 0x80, 0x01, 0xC0, 0x06, 0x30, 0x19, 0x0C, 0xE1, 0x02, 0x11, 0xF8, 0x0F, 0x00, 0x01, 0x00, 0x01, 0x00, 0x81, 0xFE, 0x7E, 0x00, 0x00, 0x00 };
static const uint8_t bitmap_734[] = { 0x02, 0x00, 0x02, 0x00, 0x02, 0x00, 0x85, 0xFE, 0x7E, 0x00, 0x08, 0xC0, 0x08, 0x40, 0x10, 0x40, 0x34, 0x78, 0x53, 0xC0, 0x90, 0x40, 0x10, 0x40, 0x10, 0x40, 0x18, 0x7E, 0x17, 0x80, 0x10, 0x00 };
static const uint8_t bitmap_735[] = { 0x00, 0x60, 0x33, 0x20, 0x11, 0x20, 0x11, 0x2E, 0x11, 0x34, 0x9D, 0x64, 0x71, 0xA4, 0x17, 0x24, 0x11, 0x34, 0x13, 0x2C, 0x1D, 0x28, 0x31, 0x20, 0xC1, 0x04, 0x01, 0x04, 0x00, 0x84, 0x00, 0x7E };
static const uint8_t bitmap_736[] = { 0x00, 0x00, 0x34, 0x78, 0x13, 0x90, 0x10, 0x20, 0x10, 0x40, 0x9C, 0x80, 0x71, 0x7E, 0x17, 0xA4, 0x10, 0xA4, 0x15, 0x24, 0x19, 0x44, 0x32, 0x44, 0xCC, 0x88, 0x01, 0x28, 0x06, 0x18, 0x00, 0x10 };
static const uint8_t bitmap_737[] = { 0x30, 0x00, 0x12, 0x38, 0x11, 0xC8, 0x10, 0x88, 0x9C, 0x90, 0x70, 0x90, 0x10, 0x9E, 0x10, 0xD2, 0x10, 0xA4, 0x14, 0x94, 0x19, 0x08, 0x31, 0x08, 0xC2, 0x14, 0x04, 0x24, 0x08, 0xC2, 0x07, 0x02 };
static const uint8_t bitmap_738[] = { 0x30, 0x60, 0x10, 0x20, 0x10, 0x20, 0x13, 0x20, 0x11, 0x20, 0x9D, 0x2C, 0x71, 0x30, 0x11, 0x20, 0x11, 0x20, 0x15, 0x20, 0x19, 0x20, 0x31, 0x20, 0xC1, 0x20, 0x09, 0x3E, 0x07, 0xC0, 0x00, 0x00 };
static const uint8_t bitmap_739[] = { 0x31, 0x00, 0x11, 0x00, 0x11, 0x00, 0x11, 0x1E, 0x9D, 0xE2, 0x72, 0x02, 0x14, 0x82, 0x10, 0x42, 0x10, 0x42, 0x12, 0x12, 0x1C, 0x22, 0x10, 0xC4, 0xE3, 0x04, 0x00, 0x28, 0x00, 0x18, 0x00, 0x10 };
static const uint8_t bitmap_740[] = { 0x00, 0xC0, 0x30, 0x40, 0x10, 0x40, 0x14, 0x7E, 0x13, 0xC0, 0x9C, 0x80, 0x70, 0xBC, 0x10, 0xC8, 0x10, 0x88, 0x12, 0x88, 0x1C, 0x88, 0x31, 0x08, 0xC1, 0x08, 0x02, 0x50, 0x04, 0x30, 0x18, 0x20 };
static const uint8_t bitmap_741[] = { 0x30, 0x80, 0x10, 0x80, 0x10, 0x80, 0x11, 0x00, 0x11, 0x3E, 0x9F, 0xC4, 0x72, 0x48, 0x14, 0x40, 0x10, 0x40, 0x14, 0xA0, 0x18, 0x90, 0x31, 0x08, 0xC1, 0x04, 0x02, 0x04, 0x04, 0x02, 0x18, 0x02 };
static const uint8_t bitmap_742[] = { 0x30, 0x00, 0x14, 0x3E, 0x13, 0xE0, 0x10, 0x20, 0x9E, 0x40, 0x70, 0x70, 0x10, 0x88, 0x10, 0xC4, 0x15, 0x42, 0x19, 0x42, 0x32, 0x40, 0xC4, 0x40, 0x08, 0x40, 0x00, 0x40, 0x00, 0x40, 0x00, 0x40 };
static const uint8_t bitmap_743[] = { 0x03, 0x00, 0x11, 0x10, 0x11, 0x10, 0x11, 0x10, 0x19, 0x28, 0x25, 0x24, 0x23, 0x42, 0x41, 0x80, 0x81, 0x00, 0x21, 0xF8, 0x1F, 0x00, 0x01, 0x00, 0x01, 0x00, 0x81, 0xFE, 0x7E, 0x00, 0x00, 0x00 };
static const uint8_t bitmap_744[] = { 0x00, 0x60, 0x30, 0x20, 0x10, 0x20, 0x12, 0x3E, 0x9D, 0xC0, 0x70, 0x00, 0x11, 0xB8, 0x10, 0xD0, 0x10, 0x90, 0x1C, 0x90, 0x30, 0x90, 0xC1, 0x10, 0x01, 0x14, 0x02, 0x14, 0x04, 0x14, 0x18, 0x0E };
static const uint8_t bitmap_745[] = { 0x30, 0xC0, 0x10, 0x40, 0x10, 0x40, 0x12, 0x7C, 0x9D, 0xC8, 0x70, 0x48, 0x10, 0x48, 0x14, 0x7E, 0x13, 0xE0, 0x14, 0x50, 0x18, 0x90, 0x20, 0x88, 0xC1, 0x04, 0x01, 0x04, 0x02, 0x02, 0x0C, 0x02 };
static const uint8_t bitmap_746[] = { 0x0C, 0x00, 0x65, 0x1C, 0x24, 0xE4, 0x24, 0x88, 0x24, 0x50, 0x24, 0x30, 0x24, 0x48, 0x25, 0x84, 0x05, 0x02, 0x01, 0x00, 0x21, 0xF8, 0x1F, 0x00, 0x01, 0x00, 0x81, 0xFE, 0x7E, 0x00, 0x00, 0x00 };
static const uint8_t bitmap_747[] = { 0x30, 0x00, 0x12, 0x3C, 0x11, 0xC0, 0x10, 0x00, 0x9C, 0x00, 0x74, 0x3E, 0x13, 0xC0, 0x10, 0x80, 0x10, 0xA0, 0x10, 0x90, 0x1D, 0x08, 0x31, 0x08, 0xC1, 0x34, 0x02, 0xC4, 0x0F, 0x02, 0x00, 0x02 };
static const uint8_t bitmap_748[] = { 0x00, 0x00, 0x33, 0x3E, 0x11, 0xC4, 0x11, 0x04, 0x11, 0x64, 0x9D, 0x24, 0x71, 0x24, 0x11, 0x24, 0x11, 0x24, 0x11, 0x24, 0x15, 0x24, 0x19, 0x24, 0x30, 0x50, 0xC0, 0x88, 0x01, 0x04, 0x06, 0x02 };
static const uint8_t bitmap_749[] = { 0x30, 0x60, 0x10, 0x20, 0x10, 0x20, 0x12, 0x3E, 0x9D, 0xC8, 0x71, 0x08, 0x10, 0x88, 0x10, 0x48, 0x10, 0x30, 0x16, 0x10, 0x18, 0x28, 0x30, 0x28, 0xC0, 0x44, 0x00, 0x84, 0x01, 0x02, 0x06, 0x02 };
static const uint8_t bitmap_750[] = { 0x00, 0xC0, 0xDC, 0x40, 0x68, 0x40, 0x50, 0x40, 0x50, 0x40, 0x48, 0xB0, 0x48, 0x88, 0x69, 0x04, 0x53, 0x02, 0x4D, 0x02, 0x61, 0xF8, 0x1F, 0x00, 0x01, 0x00, 0x81, 0xFE, 0x7E, 0x00, 0x00, 0x00 };
static const uint8_t bitmap_751[] = { 0x30, 0x60, 0x10, 0x20, 0x10, 0x20, 0x16, 0x3E, 0x13, 0xE2, 0x9E, 0x24, 0x72, 0x28, 0x12, 0x3C, 0x13, 0xC8, 0x16, 0x88, 0x1A, 0x70, 0x34, 0x10, 0xC4, 0x28, 0x08, 0x44, 0x31, 0x84, 0x06, 0x02 };
static const uint8_t bitmap_752[] = { 0x00, 0x60, 0x30, 0x20, 0x10, 0x20, 0x12, 0x3E, 0x9F, 0xE2, 0x72, 0x22, 0x12, 0x3E, 0x13, 0xE2, 0x12, 0x22, 0x1E, 0x3E, 0x33, 0xE2, 0xC2, 0x20, 0x00, 0x20, 0x00, 0x20, 0x00, 0x20, 0x00, 0x20 };
static const uint8_t bitmap_753[] = { 0x30, 0x00, 0x13, 0x3C, 0x11, 0xC8, 0x11, 0x08, 0x9D, 0x08, 0x71, 0x38, 0x11, 0xC8, 0x11, 0x08, 0x11, 0x08, 0x11, 0x38, 0x1D, 0xC8, 0x31, 0x00, 0xC0, 0x00, 0x08, 0x7E, 0x07, 0x80, 0x00, 0x00 };
static const uint8_t bitmap_754[] = { 0x30, 0x00, 0x12, 0x3C, 0x11, 0xC0, 0x10, 0x44, 0x9E, 0x44, 0x71, 0x48, 0x11, 0x50, 0x11, 0x40, 0x14, 0x7E, 0x13, 0xC0, 0x1C, 0x40, 0x30, 0x40, 0xC0, 0x40, 0x00, 0x40, 0x00, 0x40, 0x00, 0x40 };
static const uint8_t bitmap_755[] = { 0x30, 0x00, 0x12, 0x1C, 0x11, 0xE0, 0x10, 0x20, 0x9C, 0x30, 0x70, 0x48, 0x10, 0x64, 0x10, 0xA2, 0x11, 0x22, 0x16, 0x20, 0x18, 0x20, 0x30, 0x20, 0xC0, 0x00, 0x04, 0x3E, 0x03, 0xC0, 0x00, 0x00 };
static const uint8_t bitmap_756[] = { 0x30, 0x00, 0x14, 0x3E, 0x13, 0xC8, 0x10, 0x08, 0x9C, 0x08, 0x72, 0xE8, 0x13, 0x48, 0x12, 0x48, 0x12, 0x48, 0x16, 0x48, 0x1A, 0xC8, 0x33, 0x48, 0xC2, 0x08, 0x00, 0x28, 0x00, 0x18, 0x00, 0x10 };
static const uint8_t bitmap_757[] = { 0x00, 0x18, 0x00, 0xE0, 0x1F, 0x00, 0x01, 0x00, 0x41, 0xFC, 0x3F, 0x20, 0x09, 0x20, 0x89, 0xFE, 0x7F, 0x20, 0x09, 0x20, 0x49, 0xFC, 0x3F, 0x00, 0x01, 0x00, 0x41, 0xFC, 0x3E, 0x00, 0x00, 0x00 };
static const uint8_t bitmap_758[] = { 0x30, 0xC0, 0x10, 0x40, 0x10, 0x40, 0x14, 0x7C, 0x9B, 0x80, 0x70, 0x08, 0x14, 0x08, 0x12, 0x08, 0x12, 0x10, 0x11, 0x10, 0x1D, 0x10, 0x11, 0x20, 0xE1, 0x20, 0x08, 0x7E, 0x07, 0x80, 0x00, 0x00 };
static const uint8_t bitmap_759[] = { 0x06, 0x30, 0x02, 0x08, 0x83, 0xFE, 0x7E, 0x10, 0x03, 0x90, 0x05, 0x20, 0x09, 0xC4, 0x37, 0x04, 0xC0, 0xFE, 0x03, 0x00, 0x21, 0xF8, 0x1F, 0x00, 0x01, 0x00, 0x81, 0xFE, 0x7E, 0x00, 0x00, 0x00 };
static const uint8_t bitmap_760[] = { 0x00, 0x0C, 0x87, 0x64, 0x7A, 0x24, 0x12, 0x24, 0x97, 0xA4, 0x7A, 0x24, 0x12, 0x24, 0x22, 0x14, 0x23, 0x0C, 0x41, 0x08, 0xA1, 0xF8, 0x1F, 0x00, 0x01, 0x00, 0x81, 0xFE, 0x7E, 0x00, 0x00, 0x00 };
static const uint8_t bitmap_761[] = { 0x02, 0x00, 0x02, 0x20, 0x04, 0x10, 0x09, 0xF8, 0x7E, 0x24, 0x28, 0x28, 0x24, 0x44, 0x4E, 0x4E, 0xF2, 0xF2, 0x01, 0x00, 0x21, 0xF8, 0x1F, 0x00, 0x01, 0x00, 0x81, 0xFE, 0x7E, 0x00, 0x00, 0x00 };
static const uint8_t bitmap_762[] = { 0x30, 0x00, 0x13, 0x38, 0x11, 0xD0, 0x11, 0x10, 0x9D, 0x10, 0x71, 0x10, 0x12, 0x0E, 0x12, 0xC0, 0x14, 0x40, 0x1C, 0x7E, 0x33, 0xD0, 0xC0, 0xC8, 0x01, 0x44, 0x02, 0x42, 0x0C, 0x42, 0x00, 0x40 };
static const uint8_t bitmap_763[] = { 0x00, 0x0C, 0x30, 0x10, 0x16, 0x60, 0x13, 0x80, 0x12, 0x00, 0x9E, 0x1E, 0x73, 0xE0, 0x12, 0x00, 0x12, 0x00, 0x16, 0x9E, 0x1A, 0xE4, 0x24, 0x84, 0xC4, 0x84, 0x08, 0x9C, 0x10, 0xE4, 0x00, 0x84 };
static const uint8_t bitmap_764[] = { 0x00, 0x00, 0x31, 0xF0, 0x1E, 0x20, 0x11, 0xE0, 0x1E, 0x20, 0x11, 0xE8, 0x1E, 0x90, 0x10, 0x60, 0x13, 0x18, 0x1D, 0x04, 0xE1, 0xFA, 0x1F, 0x00, 0x01, 0x00, 0x81, 0xFE, 0x7E, 0x00, 0x00, 0x00 };
static const uint8_t bitmap_765[] = { 0x31, 0x80, 0x10, 0x80, 0x9C, 0xF8, 0x73, 0x90, 0x1E, 0x90, 0x31, 0x90, 0xD0, 0xD0, 0x11, 0x2A, 0x52, 0x2A, 0x35, 0x04, 0x21, 0xFA, 0x1F, 0x00, 0x01, 0x00, 0x81, 0xFE, 0x7E, 0x00, 0x00, 0x00 };
static const uint8_t bitmap_766[] = { 0x30, 0x60, 0x10, 0x20, 0x12, 0x3E, 0x11, 0xD0, 0x9C, 0x88, 0x71, 0x34, 0x16, 0xC2, 0x12, 0x3E, 0x11, 0xC0, 0x14, 0x40, 0x18, 0xBE, 0x30, 0xC4, 0xC1, 0x04, 0x00, 0x28, 0x00, 0x18, 0x00, 0x10 };
static const uint8_t bitmap_767[] = { 0x00, 0x00, 0x32, 0x1E, 0x11, 0xE0, 0x10, 0x3C, 0x11, 0xE4, 0x9D, 0x3C, 0x71, 0xE4, 0x11, 0x24, 0x11, 0x3C, 0x15, 0xE4, 0x19, 0x20, 0x30, 0xA0, 0xC0, 0x70, 0x00, 0x88, 0x01, 0x04, 0x06, 0x02 };
static const uint8_t bitmap_768[] = { 0x30, 0x80, 0x10, 0xA0, 0x10, 0x90, 0x11, 0x38, 0x9F, 0xC4, 0x71, 0x04, 0x11, 0x00, 0x12, 0x78, 0x13, 0xC0, 0x14, 0x40, 0x1C, 0x7E, 0x33, 0xD0, 0xC0, 0x88, 0x01, 0x04, 0x02, 0x02, 0x0C, 0x02 };
static const uint8_t bitmap_769[] = { 0x00, 0x00, 0x33, 0x3E, 0x11, 0xE4, 0x11, 0x24, 0x11, 0x3C, 0x9D, 0xE4, 0x71, 0x24, 0x11, 0x3C, 0x11, 0xE0, 0x10, 0x20, 0x16, 0x3C, 0x19, 0xE0, 0x30, 0x20, 0xC4, 0x3E, 0x03, 0xC0, 0x00, 0x00 };
static const uint8_t bitmap_770[] = { 0x00, 0x68, 0x60, 0x24, 0x20, 0x24, 0x2C, 0x3E, 0x27, 0xE0, 0xBC, 0x24, 0x64, 0x24, 0x25, 0xA4, 0x2E, 0xA8, 0x34, 0xA8, 0x24, 0x90, 0xCA, 0x92, 0x0B, 0x2A, 0x11, 0x4C, 0x20, 0x86, 0x03, 0x02 };
static const uint8_t bitmap_771[] = { 0x00, 0x68, 0x60, 0x24, 0x20, 0x24, 0x24, 0x7E, 0x27, 0xA0, 0xB8, 0x24, 0x65, 0xA4, 0x26, 0xA4, 0x2C, 0xA8, 0x35, 0xA8, 0x26, 0x10, 0xC1, 0x92, 0x06, 0x34, 0x18, 0x4C, 0x01, 0x86, 0x06, 0x02 };
static const uint8_t bitmap_772[] = { 0x00, 0x40, 0x33, 0x78, 0x11, 0xD0, 0x11, 0x10, 0x9F, 0x30, 0x71, 0xC0, 0x11, 0x3C, 0x13, 0xC8, 0x15, 0x08, 0x19, 0x78, 0x31, 0xC8, 0xC1, 0x40, 0x08, 0x7E, 0x07, 0xC0, 0x00, 0x40, 0x00, 0x40 };
static const uint8_t bitmap_773[] = { 0x00, 0xC0, 0x30, 0x40, 0x12, 0x7C, 0x11, 0x90, 0x9D, 0x10, 0x70, 0xA0, 0x14, 0xBE, 0x13, 0xC0, 0x10, 0x00, 0x17, 0x3C, 0x19, 0xC8, 0x31, 0x08, 0xC1, 0x08, 0x01, 0x38, 0x01, 0xC8, 0x01, 0x08 };
static const uint8_t bitmap_774[] = { 0x04, 0x20, 0x04, 0x20, 0x44, 0xFC, 0x3F, 0x20, 0x04, 0xE0, 0x07, 0x20, 0x04, 0xE0, 0x07, 0x20, 0x85, 0xFE, 0x7F, 0x20, 0x05, 0x10, 0x09, 0xEC, 0x37, 0x02, 0xC1, 0x00, 0x21, 0xFC, 0x1E, 0x00 };
static const uint8_t bitmap_775[] = { 0x13, 0x10, 0x09, 0x20, 0x49, 0xFE, 0x7F, 0x04, 0x48, 0xF0, 0x8F, 0x20, 0x08, 0x20, 0x08, 0xE0, 0x0F, 0x20, 0x09, 0x00, 0x21, 0xF8, 0x1F, 0x00, 0x01, 0x00, 0x81, 0xFE, 0x7E, 0x00, 0x00, 0x00 };
static const uint8_t bitmap_776[] = { 0x01, 0x10, 0x31, 0x10, 0x11, 0x20, 0x12, 0x3E, 0x13, 0xE0, 0x9E, 0x20, 0x76, 0x3C, 0x13, 0xE0, 0x12, 0x20, 0x12, 0x3C, 0x17, 0xE0, 0x1A, 0x20, 0x22, 0x20, 0xC2, 0x3E, 0x03, 0xC0, 0x02, 0x00 };
static const uint8_t bitmap_777[] = { 0x00, 0xC0, 0xDC, 0x7E, 0x6B, 0xC0, 0x48, 0xBC, 0x51, 0xC8, 0x4B, 0x38, 0x4D, 0xC8, 0x69, 0x38, 0x51, 0xC8, 0x43, 0x18, 0x41, 0xF0, 0x3F, 0x00, 0x01, 0x00, 0x81, 0xFE, 0x7E, 0x00, 0x00, 0x00 };
static const uint8_t bitmap_778[] = { 0x10, 0x00, 0x13, 0x38, 0x11, 0xC8, 0x21, 0x38, 0x21, 0xC0, 0x68, 0x7E, 0xA7, 0xE0, 0x21, 0x58, 0x22, 0x44, 0x2D, 0x44, 0x21, 0xF8, 0x1F, 0x00, 0x01, 0x00, 0x81, 0xFE, 0x7E, 0x00, 0x00, 0x00 };
static const uint8_t bitmap_779[] = { 0x00, 0x00, 0x33, 0x3C, 0x11, 0xC8, 0x11, 0x38, 0x11, 0xC8, 0x9D, 0x38, 0x71, 0xC0, 0x14, 0x3E, 0x13, 0xC0, 0x14, 0x40, 0x1B, 0x5C, 0xE1, 0x60, 0x01, 0x40, 0x02, 0xC0, 0x04, 0x40, 0x18, 0x3E };
static const uint8_t bitmap_780[] = { 0x00, 0x88, 0x30, 0x88, 0x14, 0xBE, 0x13, 0xC8, 0x10, 0xB8, 0x9C, 0xC8, 0x70, 0xB8, 0x10, 0xC8, 0x14, 0xBE, 0x17, 0xD0, 0x1A, 0x48, 0x32, 0x44, 0xC3, 0x84, 0x02, 0x3E, 0x03, 0xC0, 0x02, 0x00 };
static const uint8_t bitmap_781[] = { 0x00, 0x00, 0x6C, 0x3E, 0x27, 0xC0, 0x24, 0xBC, 0x24, 0xC8, 0xBC, 0xB8, 0x64, 0xC8, 0x24, 0xB8, 0x24, 0xC0, 0x2E, 0x7E, 0x35, 0xC8, 0x24, 0xB0, 0xC4, 0x48, 0x05, 0xBE, 0x07, 0xC0, 0x04, 0x00 };
static const uint8_t bitmap_782[] = { 0x00, 0xC4, 0x30, 0x44, 0x12, 0x78, 0x11, 0xC8, 0x9C, 0x50, 0x74, 0x7E, 0x13, 0xC0, 0x10, 0x40, 0x14, 0xB8, 0x19, 0xC8, 0x33, 0x38, 0xC5, 0xC8, 0x19, 0x08, 0x01, 0x38, 0x01, 0xC8, 0x01, 0x08 };
static const uint8_t bitmap_783[] = { 0x30, 0x00, 0x11, 0x3C, 0x11, 0xC8, 0x11, 0x38, 0x9D, 0xC8, 0x71, 0x38, 0x11, 0xC8, 0x14, 0x46, 0x13, 0xFA, 0x12, 0x62, 0x1D, 0x56, 0x30, 0xCA, 0xC1, 0x52, 0x06, 0x6A, 0x00, 0xC6, 0x00, 0x84 };
static const uint8_t bitmap_784[] = { 0x24, 0x00, 0x14, 0xDE, 0x97, 0x64, 0x78, 0x5C, 0x09, 0x64, 0x49, 0x5C, 0x4F, 0x64, 0x78, 0x54, 0x4B, 0x4C, 0x11, 0x88, 0x21, 0xF8, 0x3F, 0x00, 0x01, 0x00, 0x81, 0xFE, 0x7E, 0x00, 0x00, 0x00 };
static const uint8_t bitmap_785[] = { 0x00, 0x90, 0x34, 0xBE, 0x13, 0xD0, 0x10, 0x90, 0x10, 0x40, 0x9E, 0x70, 0x70, 0x88, 0x11, 0x3C, 0x12, 0xC2, 0x14, 0x00, 0x1B, 0x3C, 0x31, 0xC8, 0xC1, 0x08, 0x01, 0x38, 0x01, 0xC8, 0x01, 0x08 };
static const uint8_t bitmap_786[] = { 0x00, 0xC0, 0x60, 0x40, 0x2C, 0x7E, 0x27, 0xE0, 0x25, 0x3C, 0xBC, 0xE8, 0x66, 0x3E, 0x25, 0xE8, 0x25, 0x38, 0x2C, 0xE0, 0x37, 0x3C, 0xC5, 0xC8, 0x09, 0x08, 0x09, 0x38, 0x11, 0xC8, 0x01, 0x08 };
static const uint8_t bitmap_787[] = { 0x03, 0x00, 0x41, 0xFE, 0x7F, 0x44, 0x44, 0x48, 0xA5, 0xF8, 0x1E, 0x40, 0x25, 0xF8, 0x1E, 0x40, 0x85, 0xFE, 0x7E, 0x30, 0x09, 0x0C, 0x11, 0xE2, 0x2F, 0x00, 0xC1, 0xFC, 0x3E, 0x00, 0x00, 0x00 };
static const uint8_t bitmap_788[] = { 0x00, 0x60, 0x34, 0x3E, 0x13, 0xE0, 0x10, 0x3C, 0x13, 0xC8, 0x9D, 0x38, 0x71, 0xC8, 0x11, 0x38, 0x11, 0xC8, 0x15, 0x38, 0x19, 0xC8, 0x35, 0x3E, 0xC3, 0xD0, 0x00, 0x48, 0x00, 0x84, 0x07, 0x02 };
static const uint8_t bitmap_789[] = { 0x30, 0xC0, 0x10, 0x40, 0x12, 0x7C, 0x11, 0xC8, 0x9E, 0x90, 0x74, 0xBE, 0x13, 0xC0, 0x11, 0x3C, 0x13, 0xC8, 0x1D, 0x38, 0x31, 0xC8, 0xC1, 0x38, 0x01, 0xE8, 0x00, 0xA4, 0x03, 0x24, 0x1C, 0x1E };
static const uint8_t bitmap_790[] = { 0x00, 0x00, 0x9E, 0x9C, 0xF2, 0x64, 0x9E, 0x28, 0xF2, 0x9E, 0x9E, 0x64, 0xF0, 0x18, 0x1F, 0x10, 0xF0, 0x50, 0x1F, 0x30, 0xF1, 0x20, 0x21, 0xF8, 0x1F, 0x00, 0x81, 0xFE, 0x7E, 0x00, 0x00, 0x00 };
static const uint8_t bitmap_791[] = { 0x04, 0x40, 0x85, 0xFE, 0x7E, 0x40, 0x15, 0xF0, 0x0E, 0x20, 0x09, 0xE0, 0x0E, 0x20, 0x09, 0xE0, 0x0E, 0x40, 0x85, 0xFE, 0x7F, 0x20, 0x11, 0xD8, 0x2F, 0x04, 0xC1, 0xFA, 0x3F, 0x00, 0x00, 0x00 };
static const uint8_t bitmap_792[] = { 0x30, 0xC0, 0x10, 0x40, 0x14, 0x7C, 0x13, 0xC8, 0x9A, 0x50, 0x71, 0x7E, 0x1F, 0xC0, 0x12, 0x3C, 0x13, 0xC4, 0x16, 0x34, 0x1A, 0xD4, 0x22, 0xB4, 0xC2, 0xC4, 0x02, 0x3C, 0x03, 0xC4, 0x02, 0x04 };
static const uint8_t bitmap_793[] = { 0x31, 0x10, 0x10, 0x90, 0x16, 0xBE, 0x13, 0xC4, 0x9E, 0x54, 0x73, 0x64, 0x12, 0x7C, 0x13, 0xC0, 0x11, 0x3C, 0x17, 0xC8, 0x19, 0x38, 0x21, 0xC8, 0xC1, 0x08, 0x01, 0x38, 0x01, 0xC8, 0x01, 0x08 };
static const uint8_t bitmap_794[] = { 0x60, 0xC0, 0x20, 0x78, 0x20, 0x40, 0x24, 0x7E, 0xBF, 0xC4, 0x64, 0x70, 0x25, 0xC8, 0x24, 0x7C, 0x24, 0x00, 0x2C, 0x52, 0x36, 0x52, 0xCA, 0x54, 0x09, 0x54, 0x15, 0x7E, 0x23, 0xC0, 0x00, 0x00 };
static const uint8_t bitmap_795[] = { 0x00, 0x00, 0x31, 0xF8, 0x1F, 0x10, 0x11, 0x50, 0x15, 0x90, 0x11, 0xF0, 0x1F, 0x00, 0x21, 0xF8, 0x1F, 0x00, 0x81, 0xFE, 0x7F, 0x48, 0x25, 0xF6, 0xDF, 0x00, 0x81, 0xFE, 0x7E, 0x00, 0x00, 0x00 };
static const uint8_t bitmap_796[] = { 0x63, 0x08, 0x21, 0x08, 0x29, 0xE8, 0x27, 0x10, 0xB8, 0x96, 0x67, 0xB8, 0x22, 0xC8, 0x23, 0x28, 0x24, 0xD8, 0x2B, 0x88, 0x32, 0xA8, 0xC9, 0xD4, 0x07, 0x14, 0x01, 0x24, 0x03, 0x42, 0x02, 0x82 };
static const uint8_t bitmap_797[] = { 0x00, 0x30, 0x6E, 0x10, 0x32, 0x9E, 0x2E, 0xE4, 0x31, 0x5E, 0x2E, 0xF0, 0x34, 0x9E, 0x64, 0x70, 0xAF, 0x10, 0x35, 0x10, 0x21, 0xF8, 0x1F, 0x00, 0x01, 0x00, 0x81, 0xFE, 0x7F, 0x00, 0x00, 0x00 };
static const uint8_t bitmap_798[] = { 0x60, 0x60, 0x24, 0x3E, 0x23, 0xC0, 0x20, 0x1E, 0xBB, 0xD2, 0x62, 0x5E, 0x23, 0xD0, 0x24, 0x3E, 0x23, 0xD0, 0x3A, 0xBC, 0x21, 0xD0, 0xC4, 0xBE, 0x03, 0xE4, 0x06, 0x9C, 0x18, 0xE2, 0x03, 0x82 };
static const uint8_t bitmap_799[] = { 0x03, 0x00, 0x01, 0x00, 0x01, 0x00, 0x01, 0x00, 0x01, 0x00, 0x81, 0xFE, 0x7F, 0x00, 0x01, 0x00, 0x01, 0x00, 0x01, 0x00, 0x01, 0x00, 0x01, 0x00, 0x01, 0x00, 0x21, 0xF8, 0x1E, 0x00, 0x00, 0x00 };
static const uint8_t bitmap_800[] = { 0x00, 0x18, 0x00, 0x60, 0x03, 0x80, 0x3D, 0x00, 0x01, 0x00, 0x01, 0x00, 0x01, 0x00, 0x81, 0xFE, 0x7F, 0x00, 0x01, 0x00, 0x01, 0x00, 0x01, 0x00, 0x01, 0x00, 0x41, 0xFC, 0x3E, 0x00, 0x00, 0x00 };
static const uint8_t bitmap_801[] = { 0x30, 0xC0, 0x10, 0x40, 0x10, 0x40, 0x90, 0x40, 0x50, 0x40, 0x58, 0x7E, 0x17, 0xC0, 0x10, 0x40, 0x30, 0x40, 0x50, 0x40, 0x90, 0x40, 0x10, 0x40, 0x10, 0x40, 0x14, 0x7C, 0x13, 0x80, 0x10, 0x00 };
static const uint8_t bitmap_802[] = { 0x03, 0x00, 0x81, 0xFE, 0x7F, 0x00, 0x01, 0x00, 0x41, 0xFC, 0x3E, 0x00, 0x21, 0xFC, 0x3F, 0x08, 0x21, 0x08, 0x21, 0xF8, 0x3E, 0x08, 0x20, 0x00, 0x20, 0x00, 0x40, 0x00, 0x40, 0x00, 0x80, 0x00 };
static const uint8_t bitmap_803[] = { 0x03, 0x00, 0x01, 0x00, 0x41, 0xFC, 0x3F, 0x00, 0x01, 0x00, 0x21, 0xF8, 0x1E, 0x00, 0x41, 0xFE, 0x7E, 0x04, 0x41, 0xC8, 0x8E, 0x80, 0x04, 0x80, 0x04, 0x84, 0x08, 0x84, 0x30, 0x84, 0xC0, 0x7E };
static const uint8_t bitmap_804[] = { 0x03, 0x00, 0x41, 0xFC, 0x3F, 0x00, 0x21, 0xF8, 0x1E, 0x00, 0x41, 0xFE, 0x7E, 0x04, 0x40, 0x40, 0x84, 0x48, 0x24, 0x48, 0x14, 0x50, 0x14, 0x50, 0x04, 0x40, 0x85, 0xFE, 0x7E, 0x00, 0x00, 0x00 };
static const uint8_t bitmap_805[] = { 0x03, 0x00, 0x41, 0xFC, 0x3F, 0x00, 0x21, 0xF8, 0x1E, 0x00, 0x41, 0xFE, 0x7E, 0x04, 0x41, 0xF8, 0x9E, 0x00, 0x08, 0xF0, 0x0F, 0x10, 0x08, 0xF0, 0x0F, 0x40, 0x84, 0xFE, 0x7F, 0x00, 0x00, 0x00 };
static const uint8_t bitmap_806[] = { 0x08, 0x60, 0x08, 0x20, 0x08, 0x20, 0x0B, 0x20, 0x1D, 0x20, 0x11, 0x30, 0x21, 0x28, 0x51, 0x24, 0x8A, 0x22, 0x0A, 0x22, 0x04, 0x20, 0x04, 0x20, 0x0A, 0x20, 0x11, 0x20, 0x20, 0xC0, 0xC0, 0x3E };
static const uint8_t bitmap_807[] = { 0x04, 0x00, 0x04, 0xF0, 0x0F, 0x20, 0x10, 0x40, 0x2C, 0x80, 0xC3, 0x80, 0x02, 0x60, 0x0C, 0x18, 0x31, 0xF6, 0xDF, 0x10, 0x11, 0xF0, 0x1F, 0x10, 0x11, 0x10, 0x11, 0xF0, 0x1F, 0x10, 0x10, 0x10 };
static const uint8_t bitmap_808[] = { 0x10, 0x00, 0x10, 0x00, 0x11, 0xFC, 0x3E, 0x00, 0x29, 0xF0, 0x4E, 0x20, 0x89, 0xE0, 0x0E, 0x20, 0x09, 0xE0, 0x0E, 0x00, 0x05, 0xF0, 0x06, 0x20, 0x0B, 0x40, 0x30, 0xE0, 0x07, 0x18, 0xF8, 0x06 };
static const uint8_t bitmap_809[] = { 0x00, 0x00, 0x81, 0xFE, 0x7E, 0x00, 0x0B, 0xF0, 0x0E, 0x20, 0x09, 0xE0, 0x0E, 0x20, 0x09, 0xE0, 0x0E, 0x20, 0x09, 0xE0, 0x0E, 0x40, 0x05, 0xE0, 0x0E, 0x40, 0x31, 0xB0, 0x06, 0x0C, 0xF8, 0x02 };
static const uint8_t bitmap_810[] = { 0x02, 0x00, 0x02, 0x00, 0x02, 0x7C, 0x07, 0x88, 0x04, 0x08, 0x08, 0x10, 0x14, 0x10, 0x62, 0x20, 0x01, 0x20, 0x01, 0x40, 0x00, 0x80, 0x01, 0x00, 0x02, 0x00, 0x04, 0x00, 0x18, 0x00, 0xE0, 0x00 };
static const uint8_t bitmap_811[] = { 0x10, 0x60, 0x10, 0x20, 0x13, 0x20, 0x1D, 0x20, 0x21, 0x20, 0x21, 0x30, 0x32, 0x28, 0x4A, 0x24, 0x86, 0x22, 0x04, 0x22, 0x04, 0x20, 0x08, 0x20, 0x08, 0x20, 0x10, 0x20, 0x20, 0x20, 0x40, 0x20 };
static const uint8_t bitmap_812[] = { 0x04, 0x00, 0x05, 0xE0, 0x0E, 0x40, 0x10, 0x80, 0x28, 0x80, 0xC5, 0x20, 0x06, 0x2E, 0x08, 0x74, 0x30, 0x84, 0xC3, 0x08, 0x0C, 0xD0, 0x00, 0x20, 0x00, 0x40, 0x01, 0x80, 0x06, 0x00, 0x38, 0x00 };
static const uint8_t bitmap_813[] = { 0x03, 0x00, 0x01, 0x00, 0x81, 0xFE, 0x7E, 0x80, 0x08, 0x80, 0x08, 0xB8, 0x11, 0xD0, 0x11, 0x10, 0x22, 0xD0, 0x65, 0x20, 0xA8, 0xC0, 0x20, 0x60, 0x20, 0x90, 0x21, 0x08, 0x26, 0x04, 0x38, 0x02 };
static const uint8_t bitmap_814[] = { 0x10, 0x20, 0x10, 0x20, 0x27, 0x2E, 0x3A, 0x74, 0x42, 0xC4, 0x83, 0x28, 0x5A, 0x10, 0x6A, 0x60, 0x4B, 0xA0, 0x5A, 0x5E, 0x6A, 0xE4, 0x43, 0x44, 0x04, 0x28, 0x24, 0x10, 0x18, 0x60, 0x13, 0x80 };
static const uint8_t bitmap_815[] = { 0x03, 0x00, 0x01, 0x00, 0x01, 0x00, 0x01, 0x00, 0x81, 0xFE, 0x7F, 0x00, 0x02, 0x80, 0x02, 0x40, 0x02, 0x20, 0x04, 0x10, 0x04, 0x10, 0x08, 0x08, 0x08, 0x04, 0x10, 0x04, 0x20, 0x02, 0xC0, 0x02 };
static const uint8_t bitmap_816[] = { 0x00, 0x00, 0x40, 0xFC, 0x3F, 0x00, 0x01, 0x00, 0x01, 0x00, 0x01, 0x00, 0x81, 0xFE, 0x7F, 0x00, 0x02, 0x80, 0x02, 0x40, 0x04, 0x20, 0x04, 0x10, 0x08, 0x08, 0x10, 0x04, 0x20, 0x04, 0xC0, 0x02 };
static const uint8_t bitmap_817[] = { 0x03, 0x00, 0x01, 0x00, 0x01, 0x00, 0x01, 0x00, 0x81, 0xFE, 0x7F, 0x00, 0x02, 0x80, 0x02, 0x40, 0x04, 0x20, 0x04, 0x10, 0x06, 0x10, 0x09, 0x08, 0x08, 0x84, 0x10, 0x84, 0x20, 0x02, 0xC0, 0x02 };
static const uint8_t bitmap_818[] = { 0x03, 0x00, 0x01, 0x00, 0x01, 0x00, 0x41, 0xFC, 0x3F, 0x00, 0x01, 0x00, 0x01, 0x00, 0x81, 0xFE, 0x7F, 0x00, 0x01, 0x80, 0x02, 0x40, 0x02, 0x20, 0x04, 0x10, 0x08, 0x08, 0x30, 0x04, 0xC0, 0x02 };
static const uint8_t bitmap_819[] = { 0x00, 0x30, 0x00, 0xC0, 0x07, 0x00, 0x39, 0x00, 0x01, 0x00, 0x01, 0x00, 0x81, 0xFE, 0x7F, 0x00, 0x02, 0x80, 0x02, 0x40, 0x04, 0x20, 0x04, 0x10, 0x08, 0x08, 0x10, 0x04, 0x20, 0x04, 0xC0, 0x02 };
static const uint8_t bitmap_820[] = { 0x03, 0x00, 0x01, 0x00, 0x01, 0x00, 0x31, 0xF8, 0x1F, 0x10, 0x11, 0x10, 0x11, 0x10, 0x11, 0x10, 0x91, 0xFE, 0x7F, 0x00, 0x02, 0x80, 0x04, 0x60, 0x08, 0x10, 0x10, 0x08, 0x20, 0x04, 0xC0, 0x02 };
static const uint8_t bitmap_821[] = { 0x03, 0x00, 0x01, 0x00, 0x01, 0x00, 0x81, 0xFE, 0x7F, 0x80, 0x04, 0x60, 0x04, 0x10, 0x0B, 0x08, 0x11, 0x04, 0x21, 0xFA, 0xDF, 0x12, 0x02, 0x10, 0x02, 0x10, 0x04, 0xA0, 0x08, 0x60, 0x30, 0x40 };
static const uint8_t bitmap_822[] = { 0x03, 0x00, 0x19, 0x00, 0x09, 0x00, 0x09, 0xF8, 0x1F, 0x00, 0x11, 0x00, 0x61, 0x00, 0x81, 0xFE, 0x7F, 0x00, 0x02, 0x80, 0x04, 0x40, 0x04, 0x20, 0x08, 0x10, 0x10, 0x08, 0x20, 0x04, 0xC0, 0x02 };
static const uint8_t bitmap_823[] = { 0x00, 0xC0, 0x08, 0x40, 0x04, 0x40, 0x02, 0x40, 0x22, 0x40, 0x10, 0x40, 0x08, 0x40, 0x08, 0x80, 0x80, 0xFE, 0x7F, 0x80, 0x01, 0x60, 0x02, 0x10, 0x04, 0x08, 0x08, 0x04, 0x30, 0x02, 0xC0, 0x02 };
static const uint8_t bitmap_824[] = { 0x03, 0x00, 0x01, 0x00, 0x81, 0xFE, 0x7F, 0x00, 0x41, 0xFC, 0x3F, 0x08, 0x01, 0xF8, 0x3F, 0x08, 0x11, 0x00, 0x11, 0xFE, 0x3F, 0x84, 0x21, 0x64, 0x02, 0x18, 0x04, 0x08, 0x18, 0x04, 0xE0, 0x02 };
static const uint8_t bitmap_825[] = { 0x03, 0x00, 0x01, 0x00, 0x81, 0xFE, 0x7E, 0x80, 0x02, 0x40, 0x04, 0x30, 0x0C, 0xC8, 0x13, 0x04, 0x30, 0xFA, 0xCF, 0x00, 0x04, 0xF0, 0x0F, 0x10, 0x08, 0x10, 0x10, 0xA0, 0x00, 0x60, 0x00, 0x40 };
static const uint8_t bitmap_826[] = { 0x03, 0x00, 0x01, 0x00, 0x21, 0xF8, 0x1F, 0x10, 0x11, 0x10, 0x09, 0x20, 0x09, 0x40, 0x85, 0xFE, 0x7F, 0x00, 0x01, 0x80, 0x02, 0x40, 0x02, 0x20, 0x04, 0x10, 0x08, 0x08, 0x10, 0x04, 0xE0, 0x02 };
static const uint8_t bitmap_827[] = { 0x03, 0x00, 0x01, 0x00, 0x81, 0xFE, 0x7E, 0x80, 0x02, 0x60, 0x04, 0x18, 0x08, 0xC4, 0x30, 0x42, 0xC0, 0x7C, 0x3F, 0xC0, 0x08, 0x40, 0x04, 0x40, 0x04, 0x40, 0x01, 0x40, 0x00, 0xC0, 0x00, 0x80 };
static const uint8_t bitmap_828[] = { 0x03, 0x00, 0x01, 0x00, 0x41, 0xFC, 0x3F, 0x00, 0x02, 0xC0, 0x04, 0x20, 0x08, 0x10, 0x93, 0xFE, 0x7C, 0x10, 0x13, 0x90, 0x1D, 0x10, 0x11, 0x10, 0x17, 0x10, 0x19, 0x50, 0x00, 0x30, 0x00, 0x20 };
static const uint8_t bitmap_829[] = { 0x03, 0x00, 0x01, 0x00, 0x81, 0xFE, 0x7F, 0x00, 0x02, 0xC0, 0x04, 0x30, 0x09, 0xC8, 0x16, 0x04, 0x20, 0x02, 0xE1, 0xF8, 0x1F, 0x00, 0x01, 0x60, 0x09, 0x10, 0x15, 0x08, 0x63, 0x04, 0x02, 0x00 };
static const uint8_t bitmap_830[] = { 0x03, 0x00, 0x41, 0xFC, 0x3F, 0x00, 0x21, 0xF8, 0x1E, 0x00, 0x85, 0xFE, 0x7E, 0x20, 0x09, 0x18, 0x11, 0xE4, 0x2F, 0x02, 0xC1, 0x00, 0x41, 0xFC, 0x3F, 0x00, 0x01, 0x00, 0x01, 0x00, 0x01, 0x00 };
static const uint8_t bitmap_831[] = { 0x03, 0x00, 0x01, 0x00, 0x81, 0xFE, 0x7F, 0x00, 0x02, 0xC0, 0x04, 0x30, 0x08, 0x08, 0x11, 0xFC, 0x3F, 0x12, 0xD1, 0x10, 0x11, 0xF0, 0x1F, 0x10, 0x11, 0x10, 0x11, 0xF0, 0x1F, 0x10, 0x10, 0x10 };
static const uint8_t bitmap_832[] = { 0x03, 0x00, 0x01, 0x00, 0x41, 0xFC, 0x3F, 0x00, 0x21, 0xF8, 0x1E, 0x00, 0x85, 0xFE, 0x7E, 0x10, 0x09, 0xCC, 0x37, 0x02, 0xD1, 0xF8, 0x0F, 0x00, 0x02, 0xC0, 0x04, 0x30, 0x18, 0x08, 0x60, 0x04 };
static const uint8_t bitmap_833[] = { 0x18, 0x00, 0x08, 0x8E, 0x8F, 0x74, 0x78, 0x24, 0x4F, 0x44, 0x38, 0x48, 0x8E, 0xA8, 0x7B, 0x18, 0x09, 0x10, 0x81, 0xFE, 0x7F, 0x00, 0x02, 0xC0, 0x04, 0x30, 0x08, 0x08, 0x30, 0x04, 0xC0, 0x02 };
static const uint8_t bitmap_834[] = { 0x03, 0x00, 0x01, 0x00, 0x83, 0xFE, 0x7E, 0x40, 0x05, 0x30, 0x09, 0x08, 0x19, 0xE4, 0x27, 0x02, 0xD9, 0x60, 0x09, 0x20, 0x89, 0xFE, 0x7E, 0x20, 0x10, 0x20, 0x10, 0x20, 0x20, 0x20, 0xC0, 0x20 };
static const uint8_t bitmap_835[] = { 0x18, 0x20, 0x08, 0x20, 0x48, 0x5E, 0x28, 0xE4, 0x2B, 0x44, 0x08, 0x28, 0x18, 0x10, 0xE8, 0x60, 0x0B, 0x80, 0x09, 0x00, 0x81, 0xFE, 0x7F, 0x80, 0x02, 0x60, 0x04, 0x18, 0x18, 0x04, 0xE0, 0x02 };
static const uint8_t bitmap_836[] = { 0x03, 0x00, 0x01, 0x00, 0x83, 0xFE, 0x7E, 0x40, 0x04, 0xE0, 0x0F, 0x18, 0x38, 0xE4, 0xCF, 0x02, 0x08, 0xE0, 0x0F, 0x00, 0x88, 0xFE, 0x7F, 0x20, 0x04, 0x10, 0x04, 0x78, 0x0B, 0x84, 0x7C, 0x04 };
static const uint8_t bitmap_837[] = { 0x08, 0x20, 0x04, 0x40, 0x45, 0xFC, 0x3E, 0x80, 0x13, 0xF8, 0x1E, 0x90, 0x14, 0x90, 0x15, 0xF0, 0x1E, 0x10, 0x11, 0xF0, 0x1F, 0x00, 0x81, 0xFE, 0x7F, 0x80, 0x02, 0x60, 0x0C, 0x18, 0xF0, 0x06 };
static const uint8_t bitmap_838[] = { 0x03, 0x00, 0x01, 0x00, 0x81, 0xFE, 0x7E, 0x40, 0x0A, 0x30, 0x0B, 0xA8, 0x1E, 0x46, 0x23, 0xF8, 0x5E, 0x80, 0x82, 0xF0, 0x0F, 0x10, 0x18, 0xF0, 0x6F, 0x10, 0x88, 0xF0, 0x0F, 0x10, 0x08, 0x10 };
static const uint8_t bitmap_839[] = { 0x03, 0x00, 0x02, 0x00, 0x65, 0xFC, 0x3E, 0x28, 0x29, 0x48, 0x25, 0x08, 0x31, 0xE8, 0x2F, 0x88, 0x23, 0x48, 0x25, 0x20, 0x89, 0xFE, 0x7F, 0x40, 0x02, 0x30, 0x04, 0x08, 0x18, 0x04, 0xE0, 0x02 };
static const uint8_t bitmap_840[] = { 0x01, 0x00, 0x01, 0x00, 0x01, 0x00, 0x02, 0x00, 0x82, 0xFE, 0x7F, 0x20, 0x04, 0x20, 0x04, 0x20, 0x08, 0x40, 0x1E, 0x40, 0x01, 0x80, 0x00, 0xC0, 0x01, 0x20, 0x02, 0x10, 0x0C, 0x08, 0x70, 0x04 };
static const uint8_t bitmap_841[] = { 0x30, 0x00, 0x10, 0x00, 0x12, 0x1C, 0x11, 0xE4, 0xBE, 0x88, 0x64, 0x48, 0x24, 0x48, 0x28, 0x28, 0x48, 0x10, 0xC8, 0x10, 0x30, 0x28, 0x18, 0x28, 0x24, 0x44, 0x24, 0x84, 0x41, 0x02, 0x86, 0x02 };
static const uint8_t bitmap_842[] = { 0x30, 0x00, 0x14, 0x78, 0x13, 0x90, 0x10, 0x90, 0xBC, 0x90, 0x64, 0xA0, 0x24, 0xAE, 0x28, 0xB4, 0x48, 0xA4, 0xC9, 0x04, 0x31, 0x08, 0x19, 0x08, 0x26, 0x08, 0x22, 0x50, 0x44, 0x30, 0x98, 0x20 };
static const uint8_t bitmap_843[] = { 0x30, 0x00, 0x11, 0x1C, 0x10, 0xE0, 0x10, 0x20, 0xBC, 0x20, 0x64, 0x20, 0x26, 0x3E, 0x29, 0xE0, 0x48, 0x20, 0xC8, 0x20, 0x30, 0x20, 0x18, 0x20, 0x24, 0x20, 0x44, 0x20, 0x80, 0x20, 0x00, 0x20 };
static const uint8_t bitmap_844[] = { 0x30, 0x60, 0x13, 0x20, 0x11, 0x20, 0x11, 0x2E, 0xBD, 0x34, 0x65, 0x64, 0x25, 0xA4, 0x2F, 0x24, 0x49, 0x34, 0xC9, 0x2C, 0x31, 0x28, 0x19, 0x20, 0x25, 0x04, 0x45, 0x04, 0x81, 0x04, 0x00, 0xFE };
static const uint8_t bitmap_845[] = { 0x30, 0x00, 0x11, 0x1C, 0x10, 0xE4, 0x10, 0x08, 0xBF, 0x50, 0x64, 0x20, 0x24, 0x10, 0x26, 0x3E, 0x49, 0xD0, 0xC8, 0x10, 0x30, 0x10, 0x18, 0x10, 0x24, 0x10, 0x24, 0x50, 0x40, 0x20, 0x80, 0x20 };
static const uint8_t bitmap_846[] = { 0x30, 0x00, 0x10, 0x00, 0x11, 0x9E, 0x10, 0xE4, 0xBE, 0x84, 0x64, 0x84, 0x24, 0x84, 0x24, 0x84, 0x48, 0x84, 0xC8, 0x84, 0x30, 0x84, 0x18, 0x84, 0x24, 0x9C, 0x24, 0xE4, 0x40, 0x80, 0x80, 0x00 };
static const uint8_t bitmap_847[] = { 0x30, 0x00, 0x11, 0x3C, 0x10, 0xC8, 0x10, 0x08, 0xBE, 0x08, 0x64, 0x08, 0x25, 0xB8, 0x28, 0xC8, 0x48, 0x80, 0xC8, 0x80, 0x30, 0x80, 0x18, 0x80, 0x24, 0x84, 0x24, 0x84, 0x40, 0x44, 0x80, 0x3E };
static const uint8_t bitmap_848[] = { 0x03, 0x00, 0x01, 0x00, 0x81, 0xFE, 0x7F, 0x00, 0x10, 0x00, 0x10, 0xF8, 0x1F, 0x00, 0x12, 0x00, 0x02, 0x00, 0x85, 0xFE, 0x7E, 0x20, 0x08, 0x20, 0x1E, 0x40, 0x01, 0xE0, 0x06, 0x18, 0x78, 0x04 };
static const uint8_t bitmap_849[] = { 0x18, 0xC0, 0x08, 0x40, 0x08, 0x40, 0x48, 0x40, 0x2C, 0x9E, 0x2B, 0xE8, 0x08, 0x88, 0x18, 0x88, 0x29, 0x10, 0xCB, 0x10, 0x08, 0xA0, 0x08, 0x60, 0x08, 0x50, 0x08, 0x88, 0x0B, 0x04, 0x0C, 0x04 };
static const uint8_t bitmap_850[] = { 0x30, 0x00, 0x10, 0x00, 0x11, 0x1E, 0x10, 0xE2, 0xBE, 0x02, 0x64, 0x02, 0x24, 0x02, 0x29, 0x1E, 0x48, 0xE2, 0xC8, 0x02, 0x30, 0x02, 0x18, 0x02, 0x24, 0x02, 0x25, 0x1E, 0x40, 0xE2, 0x80, 0x02 };
static const uint8_t bitmap_851[] = { 0x30, 0x00, 0x12, 0x3C, 0x11, 0xC8, 0x10, 0x08, 0xBC, 0x90, 0x64, 0x90, 0x24, 0x90, 0x29, 0x3E, 0x49, 0xC4, 0xC9, 0x04, 0x34, 0x34, 0x1B, 0xC4, 0x24, 0x04, 0x40, 0x28, 0x80, 0x18, 0x00, 0x10 };
static const uint8_t bitmap_852[] = { 0x30, 0x60, 0x10, 0x20, 0x10, 0x20, 0x13, 0x3E, 0xBD, 0xC4, 0x65, 0x04, 0x25, 0x04, 0x29, 0x3C, 0x49, 0xC4, 0xC9, 0x00, 0x31, 0x00, 0x19, 0x00, 0x25, 0x00, 0x22, 0x00, 0x42, 0x00, 0x84, 0x00 };
static const uint8_t bitmap_853[] = { 0x30, 0x60, 0x10, 0x20, 0x10, 0x20, 0x12, 0x3E, 0xBD, 0xE0, 0x64, 0x20, 0x26, 0x3C, 0x29, 0xC8, 0x48, 0x88, 0xC8, 0x48, 0x30, 0x30, 0x18, 0x10, 0x24, 0x28, 0x24, 0x44, 0x41, 0x84, 0x86, 0x02 };
static const uint8_t bitmap_854[] = { 0x30, 0x0C, 0x10, 0x10, 0x10, 0x60, 0x11, 0xA0, 0xBC, 0x20, 0x64, 0x20, 0x26, 0x3E, 0x29, 0xE0, 0x48, 0x20, 0xC8, 0x50, 0x30, 0x48, 0x18, 0x48, 0x24, 0x84, 0x24, 0x84, 0x41, 0x02, 0x86, 0x02 };
static const uint8_t bitmap_855[] = { 0x30, 0x60, 0x10, 0x20, 0x11, 0xA8, 0x10, 0xA4, 0xBC, 0xA2, 0x65, 0x22, 0x25, 0x20, 0x2A, 0x24, 0x48, 0x24, 0xC8, 0x24, 0x30, 0x08, 0x18, 0x08, 0x24, 0x10, 0x24, 0x20, 0x40, 0xC0, 0x83, 0x00 };
static const uint8_t bitmap_856[] = { 0x00, 0x18, 0x00, 0x64, 0x07, 0x84, 0x7A, 0x08, 0x21, 0x08, 0x10, 0x90, 0x0A, 0xA0, 0x8A, 0xFE, 0x7F, 0x20, 0x04, 0x20, 0x08, 0x40, 0x3C, 0x40, 0x03, 0x80, 0x01, 0x60, 0x06, 0x18, 0x78, 0x04 };
static const uint8_t bitmap_857[] = { 0x30, 0xC0, 0x10, 0x40, 0x10, 0x40, 0x12, 0x7E, 0xBF, 0xC0, 0x64, 0x80, 0x24, 0xBC, 0x28, 0xC8, 0x48, 0x88, 0xC8, 0x88, 0x30, 0x88, 0x18, 0x88, 0x25, 0x08, 0x25, 0x50, 0x42, 0x30, 0x8C, 0x20 };
static const uint8_t bitmap_858[] = { 0x30, 0x00, 0x13, 0x3C, 0x11, 0xC8, 0x11, 0x08, 0xBD, 0x38, 0x65, 0xC8, 0x25, 0x00, 0x29, 0x40, 0x49, 0x4C, 0xC9, 0x50, 0x32, 0x60, 0x1A, 0x40, 0x24, 0x44, 0x44, 0x44, 0x88, 0x44, 0x00, 0x3E };
static const uint8_t bitmap_859[] = { 0x30, 0x60, 0x10, 0x20, 0x10, 0x20, 0x11, 0x3C, 0xBE, 0xE0, 0x64, 0x20, 0x24, 0x20, 0x2A, 0x3E, 0x49, 0xE0, 0xC8, 0x30, 0x30, 0x68, 0x18, 0xA4, 0x24, 0xA4, 0x25, 0x22, 0x42, 0x22, 0x84, 0x20 };
static const uint8_t bitmap_860[] = { 0x03, 0x00, 0x81, 0xFE, 0x7F, 0x00, 0x21, 0xF8, 0x1F, 0x10, 0x81, 0xFE, 0x7F, 0x10, 0x21, 0xF0, 0x1F, 0x10, 0x04, 0x00, 0x85, 0xFE, 0x7E, 0x20, 0x08, 0x40, 0x1D, 0xE0, 0x06, 0x18, 0x78, 0x04 };
static const uint8_t bitmap_861[] = { 0x30, 0x00, 0x11, 0x9E, 0x10, 0xE4, 0x10, 0xA4, 0xBC, 0xA4, 0x64, 0xA4, 0x24, 0x9E, 0x2B, 0xE4, 0x49, 0x44, 0xC9, 0x28, 0x31, 0x28, 0x1A, 0x1E, 0x23, 0xE8, 0x44, 0x28, 0x80, 0x18, 0x00, 0x10 };
static const uint8_t bitmap_862[] = { 0x30, 0xC0, 0x10, 0x40, 0x10, 0x4C, 0x13, 0x70, 0xBD, 0xC0, 0x65, 0x40, 0x25, 0x40, 0x2A, 0x7E, 0x4B, 0xC4, 0xCA, 0x44, 0x30, 0xC4, 0x19, 0x54, 0x26, 0x4C, 0x24, 0x48, 0x40, 0x40, 0x80, 0x40 };
static const uint8_t bitmap_863[] = { 0x30, 0x20, 0x10, 0x20, 0x10, 0x28, 0x10, 0x44, 0xBE, 0x5C, 0x64, 0xE2, 0x27, 0x02, 0x28, 0x00, 0x49, 0x9E, 0xC8, 0xE4, 0x30, 0x84, 0x18, 0x84, 0x24, 0x84, 0x24, 0x9C, 0x40, 0xE4, 0x80, 0x84 };
static const uint8_t bitmap_864[] = { 0x30, 0x00, 0x11, 0x9C, 0x10, 0xE8, 0x10, 0x88, 0xBE, 0x88, 0x64, 0xB8, 0x24, 0xC8, 0x28, 0x88, 0x48, 0x88, 0xC8, 0xB8, 0x30, 0xC8, 0x18, 0x88, 0x24, 0x88, 0x24, 0xBE, 0x43, 0xC0, 0x80, 0x00 };
static const uint8_t bitmap_865[] = { 0x30, 0x60, 0x10, 0x20, 0x10, 0x20, 0x10, 0x20, 0xBE, 0x3E, 0x65, 0xE0, 0x24, 0x20, 0x24, 0x20, 0x48, 0x20, 0xCB, 0x3E, 0x31, 0xC4, 0x19, 0x04, 0x25, 0x04, 0x25, 0x3C, 0x41, 0xC4, 0x81, 0x04 };
static const uint8_t bitmap_866[] = { 0x30, 0x60, 0x11, 0xA0, 0x10, 0xA0, 0x10, 0xBC, 0xBD, 0xE0, 0x65, 0x20, 0x26, 0x20, 0x28, 0x20, 0x49, 0x3C, 0xC8, 0xE0, 0x30, 0x20, 0x18, 0x20, 0x24, 0x20, 0x24, 0x3E, 0x43, 0xC0, 0x80, 0x00 };
static const uint8_t bitmap_867[] = { 0x00, 0x38, 0x01, 0xC0, 0x3F, 0x00, 0x81, 0xFE, 0x7F, 0x80, 0x03, 0x60, 0x05, 0x18, 0x19, 0x04, 0x64, 0x00, 0x85, 0xFE, 0x7E, 0x20, 0x08, 0x20, 0x1E, 0x40, 0x01, 0xE0, 0x06, 0x18, 0x78, 0x04 };
static const uint8_t bitmap_868[] = { 0x31, 0xA0, 0x10, 0xA0, 0x10, 0xA4, 0x12, 0xA4, 0xBD, 0xA8, 0x64, 0xA0, 0x24, 0xB0, 0x28, 0xA8, 0x49, 0xA4, 0xCE, 0xA2, 0x30, 0xA2, 0x18, 0xA0, 0x25, 0x24, 0x41, 0x24, 0x82, 0x24, 0x0C, 0x1E };
static const uint8_t bitmap_869[] = { 0x08, 0x20, 0x04, 0x40, 0x44, 0xFC, 0x3F, 0x00, 0x21, 0xF8, 0x1F, 0x00, 0x81, 0xFE, 0x7F, 0x00, 0x02, 0x00, 0x83, 0xFE, 0x7C, 0x20, 0x04, 0x20, 0x0E, 0xC0, 0x01, 0x30, 0x06, 0x08, 0x78, 0x04 };
static const uint8_t bitmap_870[] = { 0x30, 0xC0, 0x10, 0x44, 0x10, 0x44, 0x12, 0x78, 0xBD, 0xC8, 0x64, 0x50, 0x26, 0x7E, 0x29, 0xC0, 0x48, 0x80, 0xC9, 0x8C, 0x36, 0x90, 0x18, 0xE0, 0x24, 0x84, 0x24, 0x84, 0x40, 0x44, 0x80, 0x3E };
static const uint8_t bitmap_871[] = { 0x30, 0xC0, 0x10, 0x40, 0x14, 0x7E, 0x13, 0xC0, 0xBC, 0x7C, 0x67, 0xC8, 0x28, 0x78, 0x2B, 0xC8, 0x4A, 0x40, 0xCA, 0x7E, 0x37, 0xC2, 0x18, 0xAC, 0x24, 0x94, 0x45, 0x08, 0x82, 0x04, 0x04, 0x04 };
static const uint8_t bitmap_872[] = { 0x60, 0x00, 0x26, 0x3E, 0x23, 0xC2, 0x22, 0x22, 0xBE, 0x22, 0x6B, 0x3E, 0x2A, 0xE2, 0x4A, 0x22, 0x4A, 0x52, 0xD2, 0x52, 0x32, 0x8A, 0x12, 0x8A, 0x2B, 0x02, 0x2A, 0x7E, 0x43, 0x82, 0x82, 0x02 };
static const uint8_t bitmap_873[] = { 0x42, 0x00, 0x22, 0x3C, 0x23, 0xC8, 0x0C, 0x90, 0x10, 0xE0, 0x21, 0x18, 0xC2, 0x04, 0x2D, 0x02, 0xA2, 0xFE, 0x7F, 0x20, 0x04, 0x20, 0x08, 0x40, 0x1E, 0xC0, 0x01, 0x30, 0x06, 0x08, 0x78, 0x04 };
static const uint8_t bitmap_874[] = { 0x00, 0xD8, 0x00, 0x44, 0x60, 0x7E, 0x3F, 0xC0, 0x20, 0x40, 0x31, 0xC8, 0x2E, 0x48, 0x22, 0x28, 0x33, 0xE8, 0x2C, 0xA8, 0x24, 0x90, 0x2D, 0x14, 0x42, 0xA8, 0x44, 0xCC, 0x98, 0x86, 0x03, 0x02 };
static const uint8_t bitmap_875[] = { 0x30, 0x60, 0x10, 0x20, 0x11, 0x3C, 0x10, 0xE0, 0xBC, 0x20, 0x66, 0x3E, 0x25, 0xC0, 0x28, 0x20, 0x48, 0x20, 0xCA, 0x3C, 0x31, 0xE0, 0x18, 0x20, 0x24, 0x20, 0x24, 0x3E, 0x43, 0xC0, 0x80, 0x00 };
static const uint8_t bitmap_876[] = { 0x03, 0x20, 0x11, 0x20, 0x09, 0x40, 0x85, 0xFE, 0x7F, 0x80, 0x03, 0x60, 0x05, 0x18, 0x19, 0x04, 0x64, 0x00, 0x85, 0xFE, 0x7E, 0x20, 0x08, 0x20, 0x1E, 0x40, 0x01, 0xE0, 0x06, 0x18, 0x78, 0x04 };
static const uint8_t bitmap_877[] = { 0x30, 0x0C, 0x10, 0x70, 0x13, 0xC0, 0x10, 0x40, 0xBC, 0x5E, 0x67, 0xE0, 0x24, 0x50, 0x28, 0x88, 0x49, 0xB4, 0xCA, 0x92, 0x34, 0x90, 0x18, 0x90, 0x25, 0x10, 0x45, 0x10, 0x82, 0x10, 0x04, 0x10 };
static const uint8_t bitmap_878[] = { 0x30, 0x60, 0x10, 0x20, 0x13, 0x3C, 0x11, 0xC8, 0xBD, 0x38, 0x65, 0xC8, 0x25, 0x08, 0x29, 0x38, 0x49, 0xC8, 0xC9, 0x24, 0x31, 0x14, 0x19, 0x18, 0x25, 0x08, 0x25, 0x64, 0x41, 0x82, 0x86, 0x02 };
static const uint8_t bitmap_879[] = { 0x60, 0x00, 0x26, 0xD6, 0x23, 0x5A, 0x22, 0x52, 0xBE, 0xD4, 0x6B, 0x58, 0x2A, 0x54, 0x4A, 0x54, 0x4E, 0xD2, 0xD3, 0x52, 0x32, 0x5A, 0x1A, 0x54, 0x24, 0x50, 0x45, 0x50, 0x88, 0xD0, 0x00, 0x90 };
static const uint8_t bitmap_880[] = { 0x30, 0x00, 0x13, 0x3E, 0x11, 0xC4, 0x11, 0x04, 0xBD, 0x3C, 0x65, 0xC0, 0x26, 0x3E, 0x29, 0xC4, 0x49, 0x3C, 0xC9, 0xC4, 0x31, 0x04, 0x19, 0x3C, 0x25, 0xC4, 0x45, 0x14, 0x81, 0x0C, 0x01, 0x08 };
static const uint8_t bitmap_881[] = { 0x30, 0x60, 0x10, 0xA8, 0x17, 0x24, 0x11, 0x24, 0xBD, 0x20, 0x65, 0x7E, 0x27, 0xA0, 0x29, 0x28, 0x49, 0x68, 0xC9, 0xA8, 0x37, 0x10, 0x19, 0x12, 0x25, 0x2A, 0x45, 0x4C, 0x83, 0x84, 0x02, 0x02 };
static const uint8_t bitmap_882[] = { 0x30, 0x00, 0x11, 0x9C, 0x10, 0xE8, 0x10, 0x88, 0xBC, 0x98, 0x64, 0xE8, 0x24, 0x80, 0x2A, 0x1C, 0x49, 0xE0, 0xC8, 0x20, 0x34, 0x3E, 0x1B, 0xE0, 0x24, 0x50, 0x24, 0x88, 0x41, 0x04, 0x86, 0x02 };
static const uint8_t bitmap_883[] = { 0x00, 0x00, 0x8F, 0x00, 0x72, 0x9C, 0x2E, 0x68, 0x32, 0x88, 0x2E, 0x50, 0x33, 0x30, 0x2E, 0x48, 0xF2, 0x84, 0x02, 0x02, 0x85, 0xFE, 0x7E, 0x20, 0x08, 0x40, 0x1E, 0xC0, 0x03, 0x30, 0x7C, 0x0C };
static const uint8_t bitmap_884[] = { 0x40, 0xC0, 0x26, 0x7E, 0x8B, 0xC4, 0x4A, 0x48, 0x12, 0x78, 0x23, 0xD0, 0x25, 0x20, 0xC4, 0xF0, 0x28, 0x8C, 0x33, 0x02, 0xA4, 0xFE, 0x7F, 0x10, 0x04, 0x20, 0x0C, 0xC0, 0x03, 0x38, 0x7C, 0x04 };
static const uint8_t bitmap_885[] = { 0x30, 0x60, 0x10, 0x20, 0x12, 0x3E, 0x13, 0xC4, 0xBE, 0x08, 0x65, 0x26, 0x25, 0xFC, 0x2A, 0xA4, 0x4E, 0xA4, 0xC9, 0xB4, 0x30, 0xAC, 0x19, 0x28, 0x25, 0x20, 0x42, 0x24, 0x84, 0x24, 0x08, 0x1E };
static const uint8_t bitmap_886[] = { 0x30, 0x0C, 0x13, 0x30, 0x11, 0xE0, 0x11, 0x20, 0xBD, 0x1E, 0x65, 0xF0, 0x25, 0x08, 0x29, 0x6A, 0x4B, 0x86, 0xC9, 0x38, 0x31, 0xC8, 0x19, 0x38, 0x25, 0xC8, 0x25, 0x38, 0x41, 0xC8, 0x81, 0x08 };
static const uint8_t bitmap_887[] = { 0x18, 0x60, 0x08, 0x20, 0x8E, 0x3E, 0x79, 0xE0, 0x1C, 0x78, 0x2A, 0xA4, 0x29, 0x22, 0x4A, 0x20, 0x82, 0x00, 0x82, 0xFE, 0x7F, 0x20, 0x04, 0x20, 0x0E, 0x40, 0x01, 0xE0, 0x06, 0x18, 0x78, 0x04 };
static const uint8_t bitmap_888[] = { 0x00, 0x00, 0x6E, 0xBC, 0x32, 0xC8, 0x2A, 0xA8, 0x2A, 0xA8, 0x2A, 0xA8, 0x2A, 0xA8, 0x28, 0xB0, 0x14, 0x48, 0x62, 0x84, 0x83, 0xFE, 0x7C, 0x20, 0x04, 0x40, 0x0E, 0x80, 0x03, 0x70, 0x7C, 0x0C };
static const uint8_t bitmap_889[] = { 0x60, 0xC0, 0x20, 0x40, 0x24, 0x7E, 0x27, 0x84, 0xBC, 0x40, 0x6A, 0x7C, 0x2B, 0xC8, 0x4A, 0x78, 0x4B, 0xC8, 0xD2, 0x48, 0x32, 0x78, 0x13, 0xC8, 0x2A, 0x48, 0x48, 0x40, 0x80, 0x40, 0x00, 0x40 };
static const uint8_t bitmap_890[] = { 0x30, 0x00, 0x12, 0x1E, 0x11, 0xE4, 0x10, 0x2C, 0xBD, 0xB0, 0x64, 0xA0, 0x25, 0x7E, 0x2A, 0x00, 0x49, 0x3C, 0xC9, 0xC4, 0x31, 0x3C, 0x19, 0xC4, 0x25, 0x3C, 0x25, 0xD4, 0x41, 0x0C, 0x81, 0x08 };
static const uint8_t bitmap_891[] = { 0x30, 0x88, 0x14, 0xBE, 0x13, 0xC8, 0x10, 0xB8, 0xBE, 0xC8, 0x64, 0x88, 0x24, 0xB8, 0x28, 0xE8, 0x48, 0xA0, 0xCC, 0x3E, 0x33, 0xE0, 0x18, 0x70, 0x24, 0xA8, 0x25, 0x24, 0x42, 0x24, 0x8C, 0x22 };
static const uint8_t bitmap_892[] = { 0x60, 0x00, 0x26, 0x1E, 0x23, 0xE2, 0x22, 0x22, 0xBE, 0x3E, 0x6B, 0xC2, 0x2A, 0x1C, 0x4A, 0xE4, 0x4A, 0x9C, 0xD2, 0xE4, 0x32, 0x9C, 0x12, 0xE4, 0x2C, 0x84, 0x44, 0x9C, 0x88, 0xE4, 0x00, 0x84 };
static const uint8_t bitmap_893[] = { 0x30, 0x20, 0x10, 0x40, 0x13, 0x7C, 0x11, 0xC8, 0xBD, 0x38, 0x65, 0xC8, 0x25, 0x38, 0x29, 0xC8, 0x49, 0x38, 0xC9, 0xC8, 0x31, 0x00, 0x18, 0xA4, 0x26, 0x92, 0x42, 0x92, 0x82, 0x48, 0x0C, 0x3C };
static const uint8_t bitmap_894[] = { 0x30, 0x60, 0x12, 0x3E, 0x13, 0xE4, 0x12, 0x08, 0xBD, 0x1C, 0x65, 0xE0, 0x24, 0x44, 0x28, 0xA4, 0x4B, 0x68, 0xC8, 0x98, 0x33, 0x34, 0x18, 0x54, 0x24, 0x92, 0x27, 0x72, 0x40, 0x20, 0x80, 0x20 };
static const uint8_t bitmap_895[] = { 0x60, 0x60, 0x26, 0xAE, 0x23, 0x22, 0x22, 0x2E, 0xBB, 0xA2, 0x6A, 0x22, 0x2A, 0x3E, 0x4B, 0xE2, 0x48, 0x20, 0xD4, 0x7C, 0x33, 0x88, 0x11, 0x10, 0x28, 0xE0, 0x48, 0x50, 0x81, 0x8C, 0x06, 0x02 };
static const uint8_t bitmap_896[] = { 0x30, 0x30, 0x10, 0x10, 0x13, 0x1E, 0x11, 0xE0, 0xBF, 0x40, 0x65, 0x5C, 0x25, 0x70, 0x29, 0x90, 0x4B, 0x1E, 0xC9, 0xF0, 0x31, 0x28, 0x1A, 0x28, 0x26, 0x44, 0x24, 0x44, 0x48, 0x82, 0x83, 0x02 };
static const uint8_t bitmap_897[] = { 0x61, 0x08, 0x20, 0x90, 0x24, 0xBE, 0x23, 0xD0, 0xBC, 0xBC, 0x6B, 0xD4, 0x28, 0xBE, 0x4F, 0xD4, 0x50, 0x94, 0xF4, 0xBC, 0x13, 0xD4, 0x29, 0x98, 0x2A, 0x94, 0x44, 0x92, 0x88, 0x92, 0x00, 0x90 };
static const uint8_t bitmap_898[] = { 0x63, 0x18, 0x21, 0x08, 0x21, 0xC8, 0x27, 0x10, 0xB9, 0xD6, 0x57, 0x5C, 0x55, 0x64, 0x55, 0xD4, 0x57, 0x14, 0xD1, 0x88, 0x33, 0x48, 0x2B, 0x48, 0x2D, 0x14, 0x49, 0x24, 0x81, 0x42, 0x01, 0x82 };
static const uint8_t bitmap_899[] = { 0x00, 0x00, 0x10, 0xF0, 0x0F, 0x20, 0x00, 0x40, 0x02, 0x80, 0x01, 0x00, 0x01, 0x00, 0x81, 0xFE, 0x7E, 0x80, 0x00, 0x80, 0x00, 0x80, 0x00, 0x80, 0x00, 0x80, 0x02, 0x80, 0x01, 0x00, 0x01, 0x00 };
static const uint8_t bitmap_900[] = { 0x00, 0xC0, 0x47, 0x40, 0x3A, 0x40, 0x02, 0x40, 0x14, 0x40, 0x08, 0x40, 0x08, 0xC0, 0x07, 0x40, 0x1C, 0x40, 0xE4, 0x40, 0x04, 0x40, 0x04, 0x40, 0x04, 0x44, 0x14, 0x44, 0x08, 0x24, 0x08, 0x1E };
static const uint8_t bitmap_901[] = { 0x00, 0x00, 0x41, 0xE0, 0x3E, 0x20, 0x04, 0x40, 0x04, 0x5E, 0x08, 0xE4, 0x10, 0x04, 0x29, 0xD4, 0xC6, 0x48, 0x02, 0x88, 0x81, 0xFE, 0x7F, 0x00, 0x00, 0x80, 0x02, 0x80, 0x01, 0x00, 0x01, 0x00 };
static const uint8_t bitmap_902[] = { 0x03, 0x00, 0x01, 0x00, 0x41, 0xFE, 0x7F, 0x04, 0x40, 0x08, 0x91, 0xF0, 0x0E, 0x20, 0x02, 0xC0, 0x01, 0x00, 0x81, 0xFE, 0x7E, 0x80, 0x00, 0x80, 0x00, 0x80, 0x02, 0x80, 0x01, 0x00, 0x01, 0x00 };
static const uint8_t bitmap_903[] = { 0x06, 0x00, 0x02, 0x00, 0x83, 0xFE, 0x7E, 0x00, 0x04, 0x00, 0x0A, 0x3C, 0x09, 0xC8, 0x10, 0x10, 0x30, 0xA0, 0x58, 0x7E, 0x97, 0xA0, 0x10, 0x20, 0x10, 0x20, 0x10, 0xA0, 0x10, 0x40, 0x10, 0x40 };
static const uint8_t bitmap_904[] = { 0x00, 0x60, 0x9C, 0x20, 0x68, 0x20, 0x10, 0x20, 0x51, 0xB0, 0x20, 0xA8, 0x24, 0xA4, 0x19, 0x24, 0x31, 0x22, 0xD2, 0x22, 0x12, 0x22, 0x14, 0x20, 0x10, 0x20, 0x50, 0xA0, 0x20, 0x60, 0x20, 0x40 };
static const uint8_t bitmap_905[] = { 0x03, 0x00, 0x01, 0x08, 0x21, 0xE8, 0x1F, 0x10, 0x01, 0x20, 0x81, 0xFE, 0x7E, 0x80, 0x03, 0x00, 0x04, 0xF0, 0x0F, 0x20, 0x31, 0x40, 0xE0, 0xFE, 0x1F, 0x80, 0x02, 0x80, 0x01, 0x80, 0x01, 0x00 };
static const uint8_t bitmap_906[] = { 0x00, 0x00, 0x11, 0xF0, 0x0E, 0x20, 0x02, 0x40, 0x81, 0xFE, 0x7E, 0x80, 0x02, 0x80, 0x01, 0x80, 0x01, 0x00, 0x30, 0xF8, 0x1F, 0x90, 0x12, 0x90, 0x12, 0x90, 0x93, 0xFE, 0x7E, 0x00, 0x00, 0x00 };
static const uint8_t bitmap_907[] = { 0x00, 0x38, 0x01, 0xC0, 0x1F, 0x00, 0x81, 0xFE, 0x7F, 0x80, 0x03, 0x70, 0x0D, 0x0C, 0x39, 0xE2, 0xC6, 0x40, 0x02, 0x80, 0x81, 0xFE, 0x7E, 0x80, 0x00, 0x80, 0x02, 0x80, 0x01, 0x00, 0x01, 0x00 };
static const uint8_t bitmap_908[] = { 0x00, 0x0C, 0x9E, 0x30, 0x6B, 0xD0, 0x12, 0x50, 0x52, 0x48, 0x22, 0x48, 0x26, 0x48, 0x3A, 0x48, 0x22, 0x44, 0xE2, 0x44, 0x22, 0x64, 0x24, 0x54, 0x24, 0x52, 0xA8, 0x72, 0x4B, 0x8A, 0x50, 0x0A };
static const uint8_t bitmap_909[] = { 0x02, 0x10, 0x11, 0x10, 0x09, 0x20, 0x49, 0xFE, 0x7F, 0x04, 0x40, 0x08, 0x90, 0xF0, 0x0F, 0x20, 0x02, 0x40, 0x81, 0xFE, 0x7E, 0x80, 0x00, 0x80, 0x00, 0x80, 0x02, 0x80, 0x01, 0x00, 0x01, 0x00 };
static const uint8_t bitmap_910[] = { 0x00, 0x60, 0x9C, 0x20, 0x6A, 0x3E, 0x51, 0xC0, 0x20, 0x50, 0x22, 0x90, 0x14, 0xA4, 0x19, 0xE4, 0x32, 0x48, 0xD0, 0x88, 0x11, 0x10, 0x16, 0x20, 0x10, 0x50, 0x50, 0x88, 0x23, 0x04, 0x2C, 0x04 };
static const uint8_t bitmap_911[] = { 0x20, 0x06, 0xAD, 0xC8, 0xD6, 0xB2, 0x94, 0xCA, 0xD4, 0xAC, 0xB6, 0xA0, 0x95, 0xCE, 0x94, 0xBA, 0xB6, 0x94, 0xD5, 0x88, 0x95, 0x4E, 0x14, 0x38, 0x24, 0x08, 0x24, 0x28, 0x44, 0x10, 0x84, 0x10 };
static const uint8_t bitmap_912[] = { 0x04, 0x40, 0x85, 0xFE, 0x7E, 0x60, 0x2D, 0x3C, 0xF4, 0xC8, 0x4E, 0x5E, 0x71, 0xE0, 0x4D, 0x3C, 0x74, 0xE0, 0x4F, 0xA0, 0x72, 0x40, 0x81, 0xFE, 0x7F, 0x00, 0x05, 0x00, 0x03, 0x00, 0x02, 0x00 };
static const uint8_t bitmap_913[] = { 0x03, 0x00, 0x01, 0x04, 0x41, 0xFE, 0x7F, 0x04, 0x40, 0x08, 0x80, 0x08, 0x21, 0xF0, 0x1F, 0x00, 0x01, 0x00, 0x01, 0x00, 0x01, 0x00, 0x01, 0x00, 0x01, 0x00, 0x05, 0x00, 0x03, 0x00, 0x02, 0x00 };
static const uint8_t bitmap_914[] = { 0x03, 0x00, 0x01, 0x00, 0x41, 0xFE, 0x7E, 0x04, 0x40, 0x08, 0x98, 0x10, 0x08, 0x10, 0x08, 0x60, 0x09, 0x80, 0x0E, 0x00, 0x08, 0x00, 0x08, 0x00, 0x08, 0x04, 0x08, 0x04, 0x04, 0x04, 0x03, 0xFE };
static const uint8_t bitmap_915[] = { 0x03, 0x00, 0x01, 0x00, 0x41, 0xFE, 0x7F, 0x04, 0x40, 0x30, 0x80, 0xC0, 0x07, 0x00, 0x7A, 0x00, 0x02, 0x00, 0x83, 0xFE, 0x7E, 0x00, 0x02, 0x00, 0x02, 0x08, 0x02, 0x08, 0x01, 0x08, 0x00, 0xFC };
static const uint8_t bitmap_916[] = { 0x03, 0x00, 0x01, 0x04, 0x41, 0xFE, 0x7F, 0x04, 0x40, 0x08, 0xA1, 0xF8, 0x1F, 0x00, 0x01, 0x00, 0x81, 0xFE, 0x7F, 0x00, 0x01, 0x00, 0x01, 0x00, 0x01, 0x00, 0x05, 0x00, 0x03, 0x00, 0x02, 0x00 };
static const uint8_t bitmap_917[] = { 0x03, 0x00, 0x01, 0x00, 0x41, 0xFE, 0x7F, 0x04, 0x40, 0xC8, 0x80, 0x40, 0x80, 0x7E, 0x7F, 0xC0, 0x10, 0x40, 0x08, 0x40, 0x04, 0x40, 0x04, 0x40, 0x00, 0x40, 0x01, 0x40, 0x00, 0xC0, 0x00, 0x80 };
static const uint8_t bitmap_918[] = { 0x03, 0x00, 0x01, 0x00, 0x41, 0xFE, 0x7F, 0x04, 0x40, 0x08, 0x82, 0x00, 0x02, 0x00, 0x83, 0xFE, 0x7E, 0x20, 0x04, 0x20, 0x04, 0x40, 0x0F, 0x40, 0x00, 0xC0, 0x03, 0x30, 0x0C, 0x08, 0x70, 0x04 };
static const uint8_t bitmap_919[] = { 0x03, 0x00, 0x01, 0x00, 0x41, 0xFE, 0x7E, 0x04, 0x43, 0x08, 0x81, 0x00, 0x41, 0xFC, 0x3F, 0x00, 0x03, 0x80, 0x05, 0x40, 0x05, 0x20, 0x09, 0x10, 0x11, 0x08, 0x21, 0x04, 0xC1, 0x02, 0x01, 0x00 };
static const uint8_t bitmap_920[] = { 0x03, 0x00, 0x01, 0x00, 0x41, 0xFE, 0x7F, 0x04, 0x40, 0x08, 0xA1, 0xF0, 0x1E, 0x00, 0x00, 0x00, 0x81, 0xFE, 0x7E, 0x80, 0x04, 0x80, 0x08, 0x80, 0x08, 0x84, 0x10, 0x84, 0x20, 0x44, 0xC0, 0x3E };
static const uint8_t bitmap_921[] = { 0x03, 0x00, 0x01, 0x00, 0x41, 0xFE, 0x7F, 0x04, 0x42, 0x08, 0x82, 0x00, 0x83, 0xFE, 0x7E, 0x00, 0x04, 0x80, 0x08, 0xA0, 0x08, 0x90, 0x11, 0x08, 0x21, 0x1C, 0x42, 0xE2, 0x9F, 0x02, 0x00, 0x00 };
static const uint8_t bitmap_922[] = { 0x03, 0x00, 0x01, 0x00, 0x41, 0xFE, 0x7F, 0x04, 0x40, 0x08, 0xA1, 0xF8, 0x1E, 0x00, 0x00, 0x00, 0x81, 0xFE, 0x7F, 0x00, 0x01, 0x20, 0x09, 0x10, 0x11, 0x08, 0x25, 0x04, 0xC3, 0x04, 0x02, 0x00 };
static const uint8_t bitmap_923[] = { 0x03, 0x00, 0x01, 0x00, 0x41, 0xFE, 0x7F, 0x04, 0x40, 0x08, 0x99, 0xE0, 0x0E, 0x40, 0x08, 0x40, 0x09, 0xC0, 0x0E, 0x00, 0x09, 0xF0, 0x0E, 0x20, 0x08, 0x20, 0x09, 0xE0, 0x0E, 0x20, 0x08, 0x20 };
static const uint8_t bitmap_924[] = { 0x03, 0x00, 0x01, 0x00, 0x41, 0xFE, 0x7E, 0x04, 0x41, 0x08, 0x81, 0x00, 0x31, 0xF8, 0x1F, 0x10, 0x11, 0x10, 0x11, 0xF0, 0x1F, 0x10, 0x11, 0x10, 0x11, 0x10, 0x11, 0xF0, 0x1F, 0x10, 0x10, 0x10 };
static const uint8_t bitmap_925[] = { 0x03, 0x00, 0x01, 0x00, 0x41, 0xFE, 0x7F, 0x04, 0x40, 0x08, 0xC0, 0xFC, 0x3F, 0x00, 0x01, 0x00, 0x19, 0x00, 0x09, 0x78, 0x09, 0x80, 0x09, 0x00, 0x15, 0x00, 0x13, 0x00, 0x21, 0x80, 0xC0, 0x7E };
static const uint8_t bitmap_926[] = { 0x03, 0x00, 0x01, 0x04, 0x41, 0xFE, 0x7F, 0x04, 0x40, 0x08, 0x91, 0x80, 0x16, 0xBC, 0x1A, 0xC8, 0x22, 0x88, 0x24, 0xA8, 0x54, 0x98, 0x88, 0x90, 0x08, 0x84, 0x10, 0x84, 0x20, 0x44, 0xC0, 0x3E };
static const uint8_t bitmap_927[] = { 0x03, 0x00, 0x01, 0x00, 0x41, 0xFE, 0x7E, 0x04, 0x49, 0xF8, 0x8E, 0x20, 0x08, 0x20, 0x09, 0xE0, 0x0E, 0x20, 0x08, 0x20, 0x09, 0xE0, 0x0E, 0x20, 0x08, 0x20, 0x89, 0xFE, 0x7E, 0x00, 0x00, 0x00 };
static const uint8_t bitmap_928[] = { 0x03, 0x00, 0x01, 0x00, 0x41, 0xFE, 0x7F, 0x04, 0x40, 0x08, 0xA0, 0xF8, 0x1F, 0x00, 0x01, 0x00, 0x21, 0xF8, 0x1F, 0x00, 0x01, 0x20, 0x01, 0x10, 0x01, 0x10, 0x81, 0xFE, 0x7E, 0x00, 0x00, 0x00 };
static const uint8_t bitmap_929[] = { 0x03, 0x00, 0x01, 0x00, 0x41, 0xFE, 0x7F, 0x04, 0x88, 0x88, 0x04, 0x80, 0x22, 0x80, 0x12, 0x80, 0x08, 0x80, 0x89, 0xFE, 0x7F, 0x00, 0x01, 0xC0, 0x02, 0x30, 0x04, 0x08, 0x18, 0x04, 0xE0, 0x02 };
static const uint8_t bitmap_930[] = { 0x03, 0x00, 0x01, 0x00, 0x41, 0xFE, 0x7F, 0x04, 0x42, 0x68, 0x82, 0x10, 0x43, 0xFC, 0x3E, 0x10, 0x02, 0x10, 0x03, 0xA0, 0x05, 0x20, 0x05, 0x40, 0x09, 0x84, 0x13, 0x04, 0x2C, 0x84, 0xC0, 0x7E };
static const uint8_t bitmap_931[] = { 0x03, 0x00, 0x01, 0x00, 0x41, 0xFE, 0x7E, 0x04, 0x41, 0x08, 0xB1, 0xF0, 0x1F, 0x10, 0x11, 0xF0, 0x1F, 0x10, 0x11, 0x10, 0x11, 0xF0, 0x1F, 0x10, 0x11, 0x10, 0x01, 0x00, 0x01, 0x00, 0x01, 0x00 };
static const uint8_t bitmap_932[] = { 0x03, 0x00, 0x01, 0x00, 0x41, 0xFE, 0x7E, 0x04, 0x44, 0xE8, 0x87, 0x40, 0x08, 0x40, 0x16, 0x80, 0x61, 0xE0, 0x02, 0x18, 0x04, 0xE4, 0x1F, 0x22, 0xE8, 0x20, 0x08, 0xE0, 0x0F, 0x20, 0x08, 0x20 };
static const uint8_t bitmap_933[] = { 0x03, 0x00, 0x41, 0xFE, 0x7F, 0x04, 0x40, 0x08, 0xA1, 0xF8, 0x1E, 0x00, 0x09, 0xF0, 0x0E, 0x20, 0x09, 0xE0, 0x0E, 0x20, 0x09, 0xE0, 0x0E, 0x20, 0x08, 0x00, 0x81, 0xFE, 0x7E, 0x00, 0x00, 0x00 };
static const uint8_t bitmap_934[] = { 0x03, 0x00, 0x01, 0x00, 0x41, 0xFE, 0x7F, 0x04, 0x40, 0xF8, 0xBF, 0x40, 0x04, 0x20, 0x04, 0xF0, 0x0B, 0x08, 0x7D, 0x00, 0x41, 0xFC, 0x3F, 0x00, 0x01, 0x00, 0x81, 0xFE, 0x7E, 0x00, 0x00, 0x00 };
static const uint8_t bitmap_935[] = { 0x03, 0x00, 0x01, 0x00, 0x41, 0xFE, 0x7E, 0x04, 0x40, 0xF8, 0x9F, 0x80, 0x10, 0x80, 0x10, 0xF8, 0x1F, 0x08, 0x10, 0x08, 0x10, 0xF8, 0x1F, 0x80, 0x10, 0x80, 0x10, 0xFC, 0x1F, 0x00, 0x10, 0x00 };
static const uint8_t bitmap_936[] = { 0x03, 0x00, 0x01, 0x00, 0x41, 0xFE, 0x7F, 0x04, 0x41, 0x08, 0x89, 0x00, 0x09, 0xF8, 0x1F, 0x00, 0x21, 0x00, 0x41, 0xFE, 0xFE, 0x80, 0x04, 0x80, 0x04, 0x84, 0x08, 0x84, 0x30, 0x44, 0xC0, 0x3E };
static const uint8_t bitmap_937[] = { 0x03, 0x00, 0x01, 0x00, 0x41, 0xFE, 0x7F, 0x04, 0x48, 0xF8, 0x8F, 0x20, 0x08, 0x20, 0x08, 0xE0, 0x0F, 0x20, 0x00, 0x00, 0x31, 0xF8, 0x1E, 0x10, 0x10, 0x10, 0x11, 0xF0, 0x1E, 0x10, 0x10, 0x10 };
static const uint8_t bitmap_938[] = { 0x03, 0x00, 0x01, 0x00, 0x41, 0xFE, 0x7F, 0x04, 0x41, 0x08, 0xA1, 0xF8, 0x1F, 0x20, 0x04, 0x40, 0x84, 0xFE, 0x7F, 0x00, 0x01, 0x00, 0x41, 0xFC, 0x3F, 0x00, 0x01, 0x00, 0x01, 0x00, 0x01, 0x00 };
static const uint8_t bitmap_939[] = { 0x03, 0x00, 0x01, 0x00, 0x41, 0xFE, 0x7F, 0x04, 0x41, 0xF8, 0x9F, 0x00, 0x11, 0xF0, 0x0F, 0x00, 0x81, 0xFE, 0x7F, 0x00, 0x09, 0xF0, 0x0E, 0x20, 0x08, 0x20, 0x09, 0xE0, 0x0E, 0x20, 0x08, 0x20 };
static const uint8_t bitmap_940[] = { 0x03, 0x00, 0x41, 0xFE, 0x7F, 0x04, 0x40, 0xF8, 0x8F, 0x20, 0x08, 0xE0, 0x0F, 0x20, 0x08, 0xE0, 0x0F, 0x20, 0x0A, 0x00, 0x83, 0xFE, 0x7E, 0x20, 0x04, 0x40, 0x09, 0x80, 0x06, 0x70, 0x78, 0x0C };
static const uint8_t bitmap_941[] = { 0x03, 0x00, 0x41, 0xFE, 0x7E, 0x14, 0x49, 0x28, 0x85, 0x20, 0x05, 0x40, 0x19, 0xF8, 0x0F, 0x10, 0x08, 0xF0, 0x0F, 0x10, 0x08, 0x10, 0x08, 0xF0, 0x0F, 0x10, 0x08, 0x50, 0x08, 0x30, 0x08, 0x20 };
static const uint8_t bitmap_942[] = { 0x03, 0x00, 0x41, 0xFE, 0x7F, 0x04, 0x40, 0x08, 0xA1, 0xF0, 0x1E, 0x04, 0x04, 0x08, 0x1B, 0x08, 0x64, 0xD0, 0x09, 0xA0, 0x32, 0x90, 0x04, 0x88, 0x18, 0x84, 0x65, 0x82, 0x03, 0x02, 0x02, 0x00 };
static const uint8_t bitmap_943[] = { 0x03, 0x00, 0x01, 0x00, 0x41, 0xFE, 0x7E, 0x04, 0x48, 0x68, 0x89, 0x10, 0x12, 0x88, 0x22, 0x64, 0xC4, 0x10, 0x08, 0xE8, 0x1F, 0x24, 0x28, 0x22, 0xC8, 0x20, 0x08, 0xE0, 0x0F, 0x20, 0x08, 0x20 };
static const uint8_t bitmap_944[] = { 0x03, 0x00, 0x41, 0xFE, 0x7E, 0x44, 0x44, 0x40, 0x85, 0xF8, 0x3E, 0x40, 0x04, 0x00, 0x01, 0xF0, 0x1E, 0x20, 0x09, 0x20, 0x09, 0x20, 0x09, 0xA0, 0x0A, 0x84, 0x04, 0x84, 0x18, 0x84, 0xE0, 0x7E };
static const uint8_t bitmap_945[] = { 0x03, 0x00, 0x01, 0x00, 0x41, 0xFE, 0x7E, 0x04, 0x40, 0x68, 0x99, 0x80, 0x0E, 0x00, 0x08, 0xF8, 0x0F, 0x40, 0x08, 0x40, 0x89, 0xFE, 0x7E, 0x00, 0x00, 0x40, 0x04, 0x30, 0x08, 0x08, 0x70, 0x04 };
static const uint8_t bitmap_946[] = { 0x03, 0x00, 0x41, 0xFE, 0x7F, 0x04, 0x48, 0x08, 0x8C, 0x7C, 0x0B, 0xC0, 0x10, 0x80, 0x16, 0xFC, 0x33, 0x88, 0x52, 0x08, 0x92, 0x78, 0x13, 0x88, 0x12, 0x08, 0x12, 0x78, 0x13, 0x88, 0x12, 0x08 };
static const uint8_t bitmap_947[] = { 0x03, 0x00, 0x41, 0xFE, 0x7F, 0x04, 0x40, 0x08, 0x99, 0x3C, 0x0E, 0xC4, 0x08, 0x48, 0x8F, 0x28, 0x78, 0x28, 0x0C, 0x10, 0x2A, 0x10, 0x29, 0x28, 0x49, 0x24, 0x68, 0x44, 0x98, 0x82, 0x11, 0x02 };
static const uint8_t bitmap_948[] = { 0x03, 0x00, 0x41, 0xFE, 0x7E, 0x04, 0x41, 0x08, 0xA1, 0xF8, 0x1F, 0x40, 0x02, 0x20, 0x04, 0x10, 0x8B, 0xFE, 0x7C, 0x10, 0x13, 0x10, 0x1D, 0x10, 0x11, 0x10, 0x17, 0x50, 0x19, 0x30, 0x00, 0x20 };
static const uint8_t bitmap_949[] = { 0x03, 0x00, 0x01, 0x00, 0x41, 0xFE, 0x7E, 0x04, 0x61, 0xF8, 0x9F, 0x00, 0x31, 0xF8, 0x1F, 0x10, 0x11, 0x10, 0x11, 0xF0, 0x1F, 0x10, 0x11, 0x10, 0x11, 0xF0, 0x1E, 0x20, 0x08, 0x18, 0x70, 0x04 };
static const uint8_t bitmap_950[] = { 0x03, 0x00, 0x41, 0xFE, 0x7F, 0x04, 0x41, 0x28, 0x94, 0xA8, 0x14, 0x44, 0x24, 0x92, 0xC3, 0x12, 0x0C, 0xF8, 0xF3, 0x00, 0x01, 0x08, 0x21, 0x08, 0x21, 0x08, 0x21, 0xF8, 0x3E, 0x08, 0x20, 0x08 };
static const uint8_t bitmap_951[] = { 0x03, 0x00, 0x01, 0x00, 0x41, 0xFE, 0x7E, 0x04, 0x40, 0xC8, 0xCC, 0x78, 0x30, 0x40, 0x02, 0x7C, 0x9D, 0xC8, 0x69, 0x08, 0x28, 0xD0, 0x28, 0x20, 0x28, 0x58, 0x49, 0x84, 0x44, 0x04, 0x83, 0xFE };
static const uint8_t bitmap_952[] = { 0x03, 0x00, 0x41, 0xFE, 0x7E, 0x04, 0x61, 0xF8, 0x9E, 0x00, 0x09, 0xE0, 0x0E, 0x40, 0x09, 0xC0, 0x0E, 0x40, 0x31, 0xF8, 0x1F, 0x10, 0x11, 0xF0, 0x1F, 0x10, 0x11, 0xF0, 0x1F, 0x10, 0x10, 0x10 };
static const uint8_t bitmap_953[] = { 0x03, 0x00, 0x41, 0xFE, 0x7F, 0x04, 0x44, 0x48, 0xA5, 0xF8, 0x1E, 0x40, 0x25, 0xF8, 0x1E, 0x40, 0x85, 0xFE, 0x7E, 0x20, 0x09, 0x98, 0x10, 0x44, 0x20, 0x22, 0xC7, 0x00, 0x00, 0xC0, 0x00, 0x20 };
static const uint8_t bitmap_954[] = { 0x03, 0x00, 0x41, 0xFE, 0x7F, 0x04, 0x50, 0xF8, 0x9F, 0x10, 0x11, 0xF0, 0x1F, 0x10, 0x11, 0xF0, 0x1F, 0x10, 0xC1, 0xFE, 0x7F, 0x44, 0x41, 0x24, 0x41, 0x74, 0x43, 0x94, 0x5C, 0x1C, 0x40, 0x08 };
static const uint8_t bitmap_955[] = { 0x03, 0x00, 0x41, 0xFE, 0x7F, 0x04, 0x42, 0x38, 0xB1, 0xC8, 0x12, 0x38, 0x91, 0xC8, 0x52, 0x3E, 0x53, 0xC4, 0x12, 0x38, 0x35, 0xC8, 0xD0, 0x50, 0x10, 0x20, 0x10, 0x58, 0x11, 0x84, 0x16, 0x02 };
static const uint8_t bitmap_956[] = { 0x03, 0x00, 0x41, 0xFE, 0x7E, 0x44, 0x61, 0xF8, 0x9E, 0x40, 0x05, 0xF0, 0x0E, 0x20, 0x09, 0xE0, 0x0E, 0x20, 0x09, 0xE0, 0x0F, 0x00, 0x81, 0xFE, 0x7F, 0x80, 0x02, 0x60, 0x0C, 0x18, 0xF0, 0x06 };
static const uint8_t bitmap_957[] = { 0x03, 0x00, 0x41, 0xFE, 0x7F, 0x04, 0x51, 0x38, 0x9E, 0xC8, 0x2A, 0x30, 0x64, 0x4C, 0x99, 0x82, 0x30, 0xF0, 0xCF, 0x00, 0x40, 0xFC, 0x3F, 0x00, 0x09, 0x30, 0x15, 0x0C, 0x23, 0x02, 0xC2, 0x00 };
static const uint8_t bitmap_958[] = { 0x03, 0x00, 0x41, 0xFE, 0x7F, 0x04, 0x40, 0xF8, 0xBF, 0x00, 0x09, 0xF0, 0x0E, 0x20, 0x09, 0xE0, 0x0E, 0x20, 0x89, 0xFE, 0x7E, 0x40, 0x04, 0xF8, 0x1F, 0x24, 0xE2, 0x22, 0x0D, 0x40, 0x31, 0x80 };
static const uint8_t bitmap_959[] = { 0x03, 0x00, 0x41, 0xFE, 0x7F, 0x04, 0x46, 0x98, 0xBA, 0x68, 0x22, 0x88, 0x16, 0x58, 0x0B, 0x28, 0x36, 0xD8, 0x09, 0x30, 0x32, 0x4E, 0xDC, 0x88, 0x03, 0x10, 0x1C, 0x60, 0x01, 0x80, 0x7E, 0x00 };
static const uint8_t bitmap_960[] = { 0x03, 0x00, 0x01, 0x00, 0x41, 0xFE, 0x7E, 0x44, 0x65, 0xF8, 0x9E, 0x40, 0x25, 0xF8, 0x1E, 0x40, 0x45, 0xFC, 0x3F, 0x30, 0x09, 0x0C, 0x31, 0xF2, 0xDF, 0x00, 0x09, 0x30, 0x13, 0x0C, 0xE2, 0x02 };
static const uint8_t bitmap_961[] = { 0x00, 0x60, 0x00, 0x20, 0x00, 0x20, 0x00, 0x20, 0x80, 0xFE, 0x7F, 0x20, 0x10, 0x20, 0x08, 0x20, 0x08, 0x20, 0x04, 0x20, 0x04, 0x20, 0x00, 0x20, 0x00, 0x20, 0x00, 0xA0, 0x00, 0x60, 0x00, 0x40 };
static const uint8_t bitmap_962[] = { 0x00, 0x18, 0x00, 0x08, 0x8E, 0x08, 0x74, 0x08, 0x05, 0x1E, 0x44, 0xE8, 0x29, 0x08, 0x18, 0x88, 0x08, 0x48, 0x14, 0x48, 0x14, 0x08, 0x22, 0x08, 0x22, 0x08, 0x40, 0x28, 0x80, 0x18, 0x00, 0x10 };
static const uint8_t bitmap_963[] = { 0x03, 0x00, 0x01, 0x00, 0x21, 0xF8, 0x1F, 0x00, 0x01, 0x00, 0x81, 0xFE, 0x7E, 0x20, 0x00, 0x20, 0x41, 0xFC, 0x3E, 0x20, 0x10, 0x20, 0x0C, 0x20, 0x02, 0x20, 0x00, 0xA0, 0x00, 0x60, 0x00, 0x40 };
static const uint8_t bitmap_964[] = { 0x00, 0x00, 0x21, 0xF8, 0x1E, 0x10, 0x11, 0xF0, 0x0E, 0x10, 0x00, 0x10, 0x21, 0xF0, 0x1E, 0x20, 0x81, 0xFE, 0x7E, 0x20, 0x10, 0x20, 0x0C, 0x20, 0x02, 0x20, 0x00, 0xA0, 0x00, 0x60, 0x00, 0x40 };
static const uint8_t bitmap_965[] = { 0x00, 0x00, 0x31, 0xF0, 0x1E, 0x20, 0x11, 0xE0, 0x1E, 0x20, 0x10, 0x28, 0x10, 0x08, 0x0F, 0xFC, 0x00, 0x20, 0x81, 0xFE, 0x7E, 0x20, 0x10, 0x20, 0x0C, 0x20, 0x02, 0xA0, 0x00, 0x60, 0x00, 0x40 };
static const uint8_t bitmap_966[] = { 0x06, 0x00, 0x02, 0x00, 0x43, 0xFC, 0x3E, 0x00, 0x23, 0xF8, 0x1E, 0x00, 0x83, 0xFE, 0x7E, 0x10, 0x04, 0x10, 0x05, 0xFE, 0x0E, 0x10, 0x12, 0x10, 0x21, 0x10, 0xC1, 0x50, 0x00, 0x30, 0x00, 0x20 };
static const uint8_t bitmap_967[] = { 0x18, 0x18, 0x08, 0x08, 0x4E, 0x08, 0x38, 0x08, 0x09, 0x3E, 0x8F, 0xC8, 0x70, 0x08, 0x18, 0x88, 0x08, 0x48, 0x4E, 0x48, 0x38, 0x08, 0x09, 0x08, 0x0E, 0x08, 0x18, 0x28, 0xE0, 0x18, 0x00, 0x10 };
static const uint8_t bitmap_968[] = { 0x0C, 0x18, 0x08, 0x08, 0x6F, 0x08, 0x32, 0x08, 0x2F, 0x1E, 0x32, 0xE8, 0x2E, 0x88, 0x32, 0x48, 0xAE, 0x28, 0x72, 0x28, 0x06, 0x08, 0x0A, 0x08, 0x12, 0x08, 0x2A, 0x28, 0xC6, 0x18, 0x04, 0x10 };
static const uint8_t bitmap_969[] = { 0x18, 0x20, 0x08, 0x20, 0x08, 0x5C, 0x48, 0xE4, 0x2F, 0x88, 0x28, 0x50, 0x08, 0x68, 0x0B, 0x88, 0x3A, 0x1E, 0xC9, 0xE8, 0x09, 0x08, 0x08, 0x88, 0x08, 0x88, 0x08, 0x28, 0x08, 0x18, 0x08, 0x10 };
static const uint8_t bitmap_970[] = { 0x00, 0x0C, 0x67, 0x84, 0x39, 0x04, 0x21, 0x04, 0x27, 0x8E, 0x39, 0x74, 0x20, 0x44, 0x33, 0x24, 0x2C, 0x14, 0x33, 0x94, 0x2C, 0x04, 0x25, 0x04, 0x54, 0x84, 0x54, 0x94, 0xAC, 0x0C, 0x08, 0x08 };
static const uint8_t bitmap_971[] = { 0x08, 0x20, 0x04, 0x20, 0x84, 0xFE, 0x7F, 0x40, 0x12, 0xF8, 0x1F, 0x50, 0x12, 0x50, 0x15, 0xF0, 0x1E, 0x10, 0x11, 0xF0, 0x1E, 0x20, 0x81, 0xFE, 0x7E, 0x20, 0x10, 0xA0, 0x0C, 0x60, 0x00, 0x40 };
static const uint8_t bitmap_972[] = { 0x03, 0x00, 0x01, 0x00, 0x01, 0x00, 0x01, 0x00, 0x19, 0x20, 0x09, 0x10, 0x09, 0x08, 0x11, 0x04, 0x11, 0x04, 0x21, 0x02, 0x21, 0x02, 0x41, 0x00, 0x81, 0x00, 0x05, 0x00, 0x03, 0x00, 0x02, 0x00 };
static const uint8_t bitmap_973[] = { 0x03, 0x00, 0x01, 0x20, 0x19, 0x10, 0x09, 0x08, 0x09, 0x04, 0x11, 0x02, 0x11, 0x0A, 0x21, 0x08, 0x41, 0x10, 0x81, 0x10, 0x00, 0x20, 0x00, 0x40, 0x00, 0x80, 0x01, 0x00, 0x06, 0x00, 0x38, 0x00 };
static const uint8_t bitmap_974[] = { 0x08, 0x00, 0x08, 0x00, 0x08, 0x00, 0x10, 0xFE, 0x3F, 0x04, 0x41, 0x08, 0x81, 0x00, 0x19, 0x20, 0x09, 0x10, 0x11, 0x08, 0x11, 0x08, 0x21, 0x04, 0x41, 0x04, 0x85, 0x00, 0x03, 0x00, 0x02, 0x00 };
static const uint8_t bitmap_975[] = { 0x03, 0x00, 0x19, 0x20, 0x11, 0x10, 0x11, 0x08, 0x21, 0x04, 0x41, 0x04, 0x80, 0x00, 0x01, 0x00, 0x81, 0xFE, 0x7F, 0x00, 0x01, 0x80, 0x02, 0x60, 0x04, 0x10, 0x08, 0x08, 0x30, 0x04, 0xC0, 0x02 };
static const uint8_t bitmap_976[] = { 0x03, 0x00, 0x19, 0x20, 0x11, 0x10, 0x11, 0x08, 0x21, 0x04, 0x41, 0x04, 0x80, 0x00, 0x03, 0x00, 0x01, 0x00, 0x21, 0xF8, 0x1F, 0x00, 0x01, 0x00, 0x01, 0x00, 0x81, 0xFE, 0x7E, 0x00, 0x00, 0x00 };
static const uint8_t bitmap_977[] = { 0x03, 0x08, 0x21, 0x08, 0x11, 0x10, 0x09, 0x20, 0x09, 0x00, 0xC1, 0xFE, 0x7F, 0x02, 0x40, 0x02, 0x4C, 0xF2, 0x47, 0x22, 0x44, 0x22, 0x44, 0xE2, 0x47, 0x22, 0x44, 0x2A, 0x40, 0x06, 0x40, 0x04 };
static const uint8_t bitmap_978[] = { 0x13, 0x10, 0x09, 0x20, 0x49, 0xFE, 0x7E, 0x04, 0x40, 0x08, 0x90, 0xF0, 0x0F, 0x00, 0x00, 0x00, 0x40, 0xFC, 0x3F, 0x00, 0x02, 0x20, 0x04, 0x10, 0x04, 0x68, 0x0B, 0x88, 0x7C, 0x04, 0x00, 0x04 };
static const uint8_t bitmap_979[] = { 0x06, 0x00, 0x02, 0x60, 0x02, 0x10, 0x02, 0x08, 0x83, 0xFE, 0x7E, 0x00, 0x03, 0x80, 0x05, 0x00, 0x05, 0x00, 0x05, 0x00, 0x05, 0x00, 0x09, 0x00, 0x09, 0x04, 0x11, 0x04, 0x20, 0x84, 0xC0, 0x7E };
static const uint8_t bitmap_980[] = { 0x0C, 0x00, 0x04, 0x00, 0x85, 0xFC, 0x7E, 0x20, 0x02, 0x40, 0x01, 0x84, 0x03, 0x64, 0x0C, 0x1E, 0x70, 0x00, 0x83, 0xFE, 0x7C, 0x80, 0x04, 0x80, 0x04, 0x84, 0x08, 0x84, 0x30, 0x44, 0xC0, 0x3E };
static const uint8_t bitmap_981[] = { 0x30, 0x40, 0x10, 0x60, 0x10, 0x50, 0x9E, 0x88, 0x70, 0x84, 0x11, 0x32, 0x12, 0x92, 0x1C, 0x90, 0x28, 0x90, 0x28, 0x90, 0x28, 0x90, 0x29, 0x10, 0x49, 0x10, 0x4A, 0x14, 0x88, 0x04, 0x07, 0xFE };
static const uint8_t bitmap_982[] = { 0x18, 0x68, 0x08, 0x24, 0x8F, 0xA4, 0x78, 0x20, 0x47, 0x3E, 0x3A, 0xE0, 0x22, 0x20, 0x26, 0x38, 0x3A, 0x50, 0x08, 0x50, 0x6C, 0x50, 0x2A, 0x50, 0x4A, 0x94, 0xA8, 0x94, 0x19, 0x14, 0x16, 0x0E };
static const uint8_t bitmap_983[] = { 0x30, 0xC8, 0x13, 0x48, 0x11, 0x4E, 0x9D, 0x50, 0x71, 0x58, 0x11, 0x64, 0x11, 0x44, 0x1C, 0x40, 0x2B, 0x1E, 0x29, 0xF4, 0x29, 0x54, 0x29, 0x54, 0x49, 0x5E, 0x4B, 0xE4, 0x88, 0x04, 0x07, 0xFE };
static const uint8_t bitmap_984[] = { 0x00, 0x00, 0x30, 0xFC, 0x1F, 0x08, 0x10, 0x08, 0x10, 0x08, 0x10, 0xF8, 0x1F, 0x08, 0x10, 0x00, 0x10, 0x00, 0x10, 0x00, 0x20, 0x00, 0x20, 0x00, 0x20, 0x00, 0x40, 0x00, 0x80, 0x00, 0x00, 0x00 };
static const uint8_t bitmap_985[] = { 0x00, 0x00, 0x30, 0xF8, 0x1F, 0x10, 0x10, 0x10, 0x10, 0x10, 0x10, 0xF0, 0x1F, 0x10, 0x11, 0x00, 0x10, 0x80, 0x10, 0x40, 0x10, 0x20, 0x20, 0x10, 0x20, 0x08, 0x20, 0x04, 0x40, 0x04, 0x80, 0x02 };
static const uint8_t bitmap_986[] = { 0x00, 0x00, 0x60, 0xFC, 0x3F, 0x08, 0x20, 0x08, 0x20, 0xF8, 0x3F, 0x08, 0x20, 0x00, 0x2C, 0x0C, 0x24, 0x10, 0x24, 0x60, 0x27, 0x80, 0x44, 0x00, 0x44, 0x04, 0x84, 0x04, 0x02, 0x04, 0x01, 0xFE };
static const uint8_t bitmap_987[] = { 0x00, 0x00, 0x30, 0xF8, 0x1F, 0x10, 0x10, 0x10, 0x10, 0x10, 0x10, 0xF0, 0x1F, 0x50, 0x10, 0x20, 0x13, 0x10, 0x10, 0x88, 0x20, 0x48, 0x2E, 0x04, 0x41, 0x82, 0x80, 0x42, 0x00, 0x20, 0x00, 0x10 };
static const uint8_t bitmap_988[] = { 0x00, 0x00, 0x60, 0xFC, 0x3F, 0x08, 0x20, 0xF8, 0x3F, 0x08, 0x20, 0x60, 0x21, 0x80, 0x2F, 0x00, 0x31, 0x78, 0x2F, 0x80, 0x21, 0x00, 0x51, 0x7C, 0x4F, 0x80, 0x81, 0x04, 0x01, 0x04, 0x00, 0xFE };
static const uint8_t bitmap_989[] = { 0x00, 0x00, 0x60, 0xFE, 0x3F, 0x04, 0x20, 0x04, 0x20, 0xFC, 0x3F, 0x44, 0x20, 0x48, 0x20, 0x48, 0x33, 0x50, 0x2D, 0x60, 0x22, 0x50, 0x22, 0x48, 0x44, 0x44, 0x49, 0x42, 0x90, 0xC2, 0x00, 0x80 };
static const uint8_t bitmap_990[] = { 0x00, 0x00, 0x61, 0xF8, 0x3E, 0x10, 0x20, 0x10, 0x21, 0xF0, 0x3E, 0x10, 0x20, 0x00, 0x21, 0xFE, 0x3E, 0x04, 0x25, 0xE4, 0x26, 0x44, 0x24, 0x44, 0x45, 0xC4, 0x46, 0x28, 0x80, 0x18, 0x00, 0x10 };
static const uint8_t bitmap_991[] = { 0x00, 0x00, 0x60, 0xFC, 0x3F, 0x08, 0x20, 0x08, 0x20, 0xF8, 0x3F, 0x08, 0x20, 0xC0, 0x28, 0x44, 0x28, 0x44, 0x2B, 0x48, 0x2C, 0x70, 0x28, 0x40, 0x48, 0x44, 0x4B, 0x44, 0x8C, 0x44, 0x30, 0x3E };
static const uint8_t bitmap_992[] = { 0x00, 0x00, 0x60, 0xFC, 0x3F, 0x08, 0x20, 0x08, 0x20, 0xF8, 0x3F, 0x88, 0x20, 0x00, 0x28, 0x78, 0x27, 0x80, 0x30, 0x7C, 0x2F, 0x80, 0x21, 0x20, 0x42, 0x10, 0x45, 0xF8, 0x9E, 0x04, 0x00, 0x04 };
static const uint8_t bitmap_993[] = { 0x00, 0x00, 0x60, 0xFC, 0x3F, 0x08, 0x20, 0x08, 0x20, 0xF8, 0x3F, 0x88, 0x20, 0x80, 0x30, 0xFC, 0x2F, 0x80, 0x20, 0x80, 0x2C, 0xF8, 0x27, 0x10, 0x44, 0x10, 0x44, 0xF0, 0x87, 0x10, 0x04, 0x10 };
static const uint8_t bitmap_994[] = { 0x00, 0x00, 0x60, 0xFE, 0x3F, 0x04, 0x20, 0x04, 0x20, 0xFC, 0x3F, 0x00, 0x24, 0xC4, 0x24, 0x44, 0x24, 0x7C, 0x27, 0xC4, 0x24, 0x40, 0x28, 0x42, 0x48, 0x42, 0x48, 0x7E, 0x8F, 0x82, 0x08, 0x02 };
static const uint8_t bitmap_995[] = { 0x00, 0x00, 0x60, 0xFE, 0x3F, 0x04, 0x20, 0x04, 0x20, 0xFC, 0x3F, 0x94, 0x24, 0x90, 0x34, 0xFE, 0x2F, 0x90, 0x24, 0x90, 0x24, 0xB0, 0x44, 0xD0, 0x44, 0x00, 0x84, 0x7C, 0x07, 0x80, 0x04, 0x00 };
static const uint8_t bitmap_996[] = { 0x00, 0x00, 0x60, 0xFE, 0x3F, 0x04, 0x20, 0x04, 0x20, 0xFC, 0x3F, 0x84, 0x20, 0x80, 0x28, 0xFC, 0x2F, 0x88, 0x28, 0x88, 0x28, 0xF8, 0x4F, 0x88, 0x48, 0x88, 0x88, 0xF8, 0x0F, 0x08, 0x08, 0x08 };
static const uint8_t bitmap_997[] = { 0x00, 0x00, 0x60, 0xFC, 0x3F, 0x08, 0x20, 0xF8, 0x3F, 0x00, 0x28, 0x7C, 0x27, 0xA0, 0x21, 0x10, 0x22, 0x78, 0x27, 0x88, 0x28, 0xFC, 0x27, 0x80, 0x40, 0x80, 0x50, 0xFE, 0x8F, 0x00, 0x00, 0x00 };
static const uint8_t bitmap_998[] = { 0x00, 0x00, 0x60, 0xFC, 0x3F, 0x08, 0x20, 0x08, 0x20, 0xF8, 0x3F, 0x08, 0x20, 0x90, 0x24, 0x90, 0x22, 0xA0, 0x32, 0xFC, 0x2F, 0xA0, 0x22, 0x90, 0x42, 0x88, 0x44, 0x84, 0x98, 0x82, 0x00, 0x80 };
static const uint8_t bitmap_999[] = { 0x00, 0x00, 0x60, 0xFC, 0x3F, 0x08, 0x20, 0x08, 0x20, 0xF8, 0x3F, 0x20, 0x22, 0x40, 0x29, 0x7C, 0x27, 0xA0, 0x21, 0x20, 0x31, 0x7E, 0x2F, 0xA0, 0x42, 0x20, 0x42, 0x20, 0x84, 0x20, 0x18, 0x20 };
static const uint8_t bitmap_1000[] = { 0x00, 0x00, 0x60, 0xFC, 0x3F, 0x08, 0x20, 0x08, 0x20, 0xF8, 0x3F, 0x90, 0x28, 0xA0, 0x24, 0xF8, 0x2F, 0x88, 0x24, 0x78, 0x27, 0x88, 0x24, 0x78, 0x47, 0x88, 0x44, 0x28, 0x84, 0x18, 0x04, 0x10 };
static const uint8_t bitmap_1001[] = { 0x00, 0x00, 0x60, 0xFC, 0x3F, 0x08, 0x20, 0xF8, 0x3F, 0x28, 0x22, 0x20, 0x32, 0xFC, 0x2F, 0x20, 0x22, 0x20, 0x32, 0xFE, 0x2F, 0x88, 0x24, 0x48, 0x44, 0x30, 0x44, 0x88, 0x87, 0x04, 0x38, 0x02 };
static const uint8_t bitmap_1002[] = { 0x00, 0x00, 0x60, 0xFC, 0x3F, 0x08, 0x20, 0xF8, 0x3F, 0x00, 0x20, 0xF8, 0x3F, 0x80, 0x28, 0xF8, 0x2F, 0x90, 0x28, 0xF0, 0x2F, 0x80, 0x50, 0xFE, 0x5F, 0x84, 0x50, 0xB4, 0x90, 0xEC, 0x17, 0x28 };
static const uint8_t bitmap_1003[] = { 0x00, 0x00, 0x60, 0xFE, 0x3F, 0x04, 0x20, 0xFC, 0x3F, 0x88, 0x28, 0xE8, 0x27, 0x90, 0x30, 0xFE, 0x2F, 0x80, 0x22, 0x78, 0x27, 0x88, 0x5A, 0x78, 0x43, 0x88, 0x82, 0x78, 0x03, 0x88, 0x02, 0x08 };
static const uint8_t bitmap_1004[] = { 0x00, 0x00, 0x60, 0xFE, 0x3F, 0x04, 0x20, 0xFC, 0x3F, 0x94, 0x24, 0xA0, 0x32, 0xFC, 0x2F, 0xA0, 0x22, 0x90, 0x2C, 0x88, 0x22, 0xFE, 0x3F, 0x20, 0x44, 0x40, 0x4F, 0xE0, 0x81, 0x18, 0x1E, 0x04 };
static const uint8_t bitmap_1005[] = { 0x00, 0x00, 0x60, 0xFE, 0x3F, 0x04, 0x20, 0xFC, 0x3F, 0x80, 0x28, 0xBC, 0x29, 0xD0, 0x37, 0x30, 0x25, 0xD0, 0x29, 0x38, 0x39, 0xD0, 0x28, 0x90, 0x4B, 0x60, 0x48, 0x38, 0x88, 0xC4, 0x0B, 0x02 };
static const uint8_t bitmap_1006[] = { 0x03, 0x00, 0x01, 0x00, 0x01, 0x00, 0x81, 0xFE, 0x7F, 0x00, 0x01, 0x30, 0x31, 0x10, 0x11, 0x10, 0x11, 0x10, 0x11, 0xF0, 0x1F, 0x10, 0x11, 0x00, 0x01, 0x04, 0x01, 0x04, 0x00, 0x84, 0x00, 0x7E };
static const uint8_t bitmap_1007[] = { 0x03, 0x00, 0x01, 0x00, 0x01, 0x00, 0x01, 0x0C, 0xC1, 0x04, 0x41, 0x04, 0x41, 0x04, 0x41, 0x04, 0x41, 0x04, 0x41, 0x04, 0x41, 0x04, 0x41, 0x04, 0x41, 0x04, 0x41, 0xFC, 0x7E, 0x04, 0x40, 0x04 };
static const uint8_t bitmap_1008[] = { 0x60, 0x40, 0x20, 0x40, 0x20, 0x80, 0xA8, 0x9E, 0xA9, 0xE0, 0xAA, 0x00, 0xAD, 0x38, 0xA8, 0xD0, 0xA8, 0x20, 0xA8, 0x40, 0xA8, 0x80, 0xB8, 0x80, 0xC9, 0x04, 0x81, 0x04, 0x01, 0x04, 0x00, 0xFE };
static const uint8_t bitmap_1009[] = { 0x60, 0x40, 0x20, 0x40, 0x20, 0x80, 0xA8, 0x9E, 0xA9, 0xE0, 0xAA, 0x00, 0xAD, 0x38, 0xA8, 0xD0, 0xA8, 0x20, 0xA8, 0x40, 0xA8, 0x80, 0xB8, 0x80, 0xC9, 0x04, 0x81, 0x04, 0x01, 0x04, 0x00, 0xFE };
static const uint8_t bitmap_1010[] = { 0x03, 0x00, 0xC1, 0x0C, 0x41, 0x04, 0x41, 0xFC, 0x7E, 0x04, 0x42, 0x00, 0x02, 0x78, 0x03, 0x90, 0x04, 0x10, 0x1A, 0x20, 0x61, 0x40, 0x00, 0x80, 0x01, 0x00, 0x06, 0x00, 0x18, 0x00, 0xE0, 0x00 };
static const uint8_t bitmap_1011[] = { 0x03, 0x00, 0x01, 0x18, 0x61, 0x08, 0x21, 0xF8, 0x3E, 0x08, 0x20, 0x00, 0x81, 0xFC, 0x7E, 0x08, 0x00, 0x08, 0x61, 0xF8, 0x3E, 0x08, 0x20, 0x00, 0x20, 0x04, 0x20, 0x04, 0x10, 0x04, 0x0F, 0xFE };
static const uint8_t bitmap_1012[] = { 0x04, 0x40, 0x05, 0xC0, 0x08, 0x30, 0x10, 0x08, 0x30, 0xF6, 0x4F, 0x10, 0x82, 0x10, 0x04, 0x10, 0x08, 0xA0, 0x10, 0x60, 0x23, 0x40, 0xC1, 0x18, 0x21, 0x08, 0x21, 0xF8, 0x3F, 0x08, 0x20, 0x08 };
static const uint8_t bitmap_1013[] = { 0x30, 0x00, 0x13, 0x1E, 0x11, 0xE0, 0x15, 0x08, 0xD5, 0x08, 0x55, 0x48, 0x55, 0x28, 0x55, 0x10, 0x55, 0x10, 0x55, 0x28, 0x55, 0x24, 0x5D, 0x44, 0x65, 0x80, 0x41, 0x1E, 0x01, 0xE0, 0x01, 0x00 };
static const uint8_t bitmap_1014[] = { 0x03, 0x00, 0xC1, 0x0C, 0x41, 0x04, 0x41, 0xFC, 0x7E, 0x04, 0xC1, 0xFE, 0x7E, 0x04, 0x40, 0x44, 0x4C, 0x44, 0x42, 0x84, 0x41, 0x04, 0x42, 0x84, 0x44, 0x44, 0x58, 0x54, 0x40, 0x0C, 0x40, 0x08 };
static const uint8_t bitmap_1015[] = { 0x02, 0x00, 0x02, 0x00, 0x35, 0xF0, 0x1E, 0x20, 0x10, 0x20, 0x16, 0x20, 0x11, 0x60, 0x10, 0x00, 0x11, 0xFE, 0x1E, 0x04, 0x14, 0x44, 0x44, 0x44, 0x44, 0x44, 0x47, 0xE8, 0x7C, 0x58, 0x40, 0x10 };
static const uint8_t bitmap_1016[] = { 0x01, 0x00, 0x21, 0x08, 0x21, 0x08, 0x21, 0xF8, 0x3F, 0x08, 0x20, 0x00, 0x80, 0xFE, 0x7F, 0x00, 0x04, 0x00, 0x08, 0xF8, 0x1F, 0x10, 0x28, 0x10, 0x48, 0x10, 0x88, 0xF0, 0x0F, 0x10, 0x08, 0x10 };
static const uint8_t bitmap_1017[] = { 0x30, 0x20, 0x10, 0x20, 0x10, 0x50, 0x14, 0x48, 0xD4, 0xA4, 0x55, 0x12, 0x56, 0x12, 0x54, 0x00, 0x55, 0x3E, 0x54, 0xC4, 0x54, 0x08, 0x5C, 0x88, 0x64, 0x50, 0x40, 0x20, 0x00, 0x10, 0x00, 0x10 };
static const uint8_t bitmap_1018[] = { 0x00, 0x30, 0x19, 0xC0, 0x0E, 0x00, 0x08, 0x00, 0x08, 0xF8, 0x0F, 0x20, 0x08, 0x20, 0x08, 0x20, 0x88, 0xFE, 0x7F, 0x00, 0x01, 0x08, 0x21, 0x08, 0x21, 0x08, 0x21, 0xF8, 0x3E, 0x08, 0x20, 0x08 };
static const uint8_t bitmap_1019[] = { 0x01, 0x84, 0x20, 0x84, 0x20, 0xFC, 0x3F, 0x04, 0x00, 0x00, 0x60, 0xFE, 0x3F, 0x00, 0x20, 0x00, 0x28, 0xF8, 0x27, 0x80, 0x20, 0x80, 0x30, 0xFE, 0x4F, 0x80, 0x40, 0x80, 0x80, 0x80, 0x00, 0x80 };
static const uint8_t bitmap_1020[] = { 0x60, 0x60, 0x20, 0x20, 0x22, 0x3C, 0x29, 0xE4, 0xA9, 0x24, 0xA9, 0x28, 0xA8, 0xA8, 0xA8, 0xA8, 0xAC, 0xBE, 0xAB, 0xE0, 0xA8, 0x50, 0xB8, 0x88, 0xC8, 0x84, 0x81, 0x04, 0x02, 0x02, 0x0C, 0x02 };
static const uint8_t bitmap_1021[] = { 0x03, 0x00, 0x01, 0x00, 0x81, 0xFE, 0x7E, 0x40, 0x04, 0x50, 0x14, 0x48, 0x14, 0x44, 0x24, 0x44, 0xC4, 0x40, 0x03, 0x18, 0x61, 0x08, 0x21, 0x08, 0x21, 0x08, 0x21, 0xF8, 0x3E, 0x08, 0x20, 0x08 };
static const uint8_t bitmap_1022[] = { 0x60, 0x30, 0x20, 0x54, 0x23, 0x92, 0x28, 0x92, 0xA8, 0x90, 0xAC, 0xBE, 0xAB, 0xD0, 0xA8, 0x94, 0xA8, 0xD4, 0xA9, 0x94, 0xAE, 0x88, 0xB8, 0x8A, 0xC8, 0x9A, 0x82, 0xA4, 0x01, 0xC6, 0x01, 0x02 };
static const uint8_t bitmap_1023[] = { 0x62, 0x64, 0x21, 0x24, 0x28, 0xA8, 0xA8, 0xA8, 0xAB, 0x3E, 0xA9, 0xC4, 0xA9, 0x04, 0xA9, 0x3C, 0xA9, 0xC4, 0xA9, 0x04, 0xB9, 0x3C, 0xC9, 0xC4, 0x81, 0x04, 0x01, 0x14, 0x01, 0x0C, 0x01, 0x08 };
static const uint8_t bitmap_1024[] = { 0x60, 0x80, 0x20, 0xB8, 0x28, 0xD0, 0xA9, 0x90, 0xAA, 0xA0, 0xAC, 0x70, 0xA8, 0x88, 0xA9, 0x44, 0xAE, 0x7A, 0xA9, 0xC0, 0xBC, 0x78, 0xCB, 0xC0, 0x84, 0x7C, 0x03, 0xC0, 0x00, 0x40, 0x00, 0x40 };
static const uint8_t bitmap_1025[] = { 0x60, 0x40, 0x20, 0x50, 0x28, 0x88, 0xA9, 0x3C, 0xAF, 0xE4, 0xA8, 0x90, 0xA8, 0x88, 0xA9, 0x44, 0xAE, 0x44, 0xA8, 0xB8, 0xB8, 0xC8, 0xC9, 0x50, 0x86, 0x30, 0x00, 0x48, 0x01, 0x84, 0x0E, 0x02 };
static const uint8_t bitmap_1026[] = { 0x01, 0x08, 0x21, 0x08, 0x21, 0xF8, 0x3F, 0x00, 0x41, 0xFE, 0x7F, 0x04, 0x40, 0x08, 0xA1, 0xF8, 0x1E, 0x00, 0x81, 0xFE, 0x7F, 0x00, 0x09, 0x60, 0x09, 0x10, 0x15, 0x08, 0x23, 0x04, 0xC2, 0x02 };
static const uint8_t bitmap_1027[] = { 0x00, 0x60, 0x60, 0x20, 0x22, 0x3C, 0x29, 0xD0, 0xA8, 0x48, 0xA8, 0x88, 0xAD, 0x3E, 0xAB, 0xC4, 0xA8, 0x04, 0xAB, 0x74, 0xB9, 0xA4, 0xC9, 0x64, 0x81, 0xA4, 0x00, 0x14, 0x00, 0x0C, 0x00, 0x08 };
static const uint8_t bitmap_1028[] = { 0x03, 0x04, 0x41, 0x04, 0x41, 0x04, 0x41, 0xFC, 0x7E, 0x44, 0x48, 0x40, 0x08, 0xFC, 0x1F, 0x80, 0x30, 0xF8, 0x5F, 0x80, 0x90, 0xF8, 0x1F, 0x80, 0x10, 0x80, 0x10, 0xFE, 0x1F, 0x00, 0x10, 0x00 };
static const uint8_t bitmap_1029[] = { 0x01, 0x08, 0x11, 0x08, 0x11, 0xF8, 0x1F, 0x00, 0x60, 0xFE, 0x3F, 0x80, 0x24, 0xF0, 0x23, 0x80, 0x28, 0xF8, 0x27, 0x00, 0x20, 0x80, 0x24, 0xF8, 0x43, 0x80, 0x50, 0xFE, 0x8F, 0x00, 0x00, 0x00 };
static const uint8_t bitmap_1030[] = { 0x60, 0x00, 0x26, 0x3E, 0x23, 0xC4, 0x2A, 0x04, 0xAA, 0x3C, 0xAB, 0xC4, 0xAA, 0x30, 0xAA, 0x92, 0xAA, 0x92, 0xAA, 0x9E, 0xBA, 0xF0, 0xC4, 0x12, 0x84, 0x92, 0x08, 0x9E, 0x10, 0xE2, 0x00, 0x82 };
static const uint8_t bitmap_1031[] = { 0x03, 0x08, 0x21, 0x08, 0x21, 0xF8, 0x3F, 0x08, 0x20, 0xDE, 0x6F, 0x64, 0x32, 0x44, 0x22, 0x5C, 0x2E, 0x64, 0x32, 0x44, 0x22, 0x5C, 0x2E, 0x64, 0x32, 0x44, 0x4A, 0x94, 0x46, 0x8C, 0x85, 0x08 };
static const uint8_t bitmap_1032[] = { 0x03, 0x04, 0x41, 0x04, 0x41, 0xFC, 0x7E, 0x00, 0x10, 0x04, 0x10, 0xD8, 0x9F, 0x60, 0x70, 0x40, 0x28, 0x4E, 0x2F, 0x78, 0x78, 0x48, 0x4B, 0x48, 0x1C, 0x48, 0xE8, 0x88, 0x08, 0x88, 0x09, 0x08 };
static const uint8_t bitmap_1033[] = { 0x03, 0x04, 0x41, 0x04, 0x41, 0xFC, 0x7E, 0x04, 0x44, 0x40, 0x24, 0x40, 0xAF, 0x5E, 0x74, 0xE4, 0x24, 0xA8, 0x2D, 0x20, 0x34, 0x30, 0x24, 0x48, 0x24, 0x44, 0x2C, 0x84, 0x35, 0x02, 0x22, 0x02 };
static const uint8_t bitmap_1034[] = { 0x41, 0x04, 0x41, 0xFC, 0x7E, 0x00, 0x08, 0x9E, 0x8F, 0x60, 0x72, 0x3C, 0x2E, 0x64, 0x32, 0x54, 0x2E, 0x54, 0x32, 0x54, 0x2E, 0x54, 0x32, 0x54, 0x2F, 0x18, 0xF0, 0x24, 0x24, 0x42, 0xC3, 0x82 };
static const uint8_t bitmap_1035[] = { 0x03, 0x04, 0x41, 0x04, 0x41, 0xFC, 0x7E, 0x24, 0x08, 0x20, 0x71, 0x5E, 0x9F, 0xE4, 0x79, 0x3C, 0x55, 0xE4, 0x91, 0x3C, 0xBD, 0xC8, 0x55, 0x68, 0x28, 0xB4, 0x78, 0xBC, 0x15, 0x24, 0xE2, 0x1E };
static const uint8_t bitmap_1036[] = { 0x30, 0x0C, 0x11, 0x84, 0x10, 0x84, 0x10, 0x84, 0x10, 0x84, 0x10, 0x84, 0x10, 0x84, 0x10, 0x84, 0x10, 0x84, 0x10, 0x84, 0x10, 0x84, 0x10, 0x84, 0x20, 0x04, 0x20, 0x04, 0x40, 0x04, 0x80, 0x04 };
static const uint8_t bitmap_1037[] = { 0x30, 0x0C, 0x11, 0x84, 0x10, 0x84, 0x18, 0xC4, 0x54, 0xA4, 0x52, 0x94, 0x52, 0x94, 0x92, 0x94, 0x90, 0x84, 0x10, 0x84, 0x10, 0x84, 0x10, 0x84, 0x20, 0x84, 0x20, 0x84, 0x40, 0x04, 0x80, 0x04 };
static const uint8_t bitmap_1038[] = { 0x00, 0x00, 0x01, 0x24, 0x41, 0x24, 0x31, 0x24, 0x02, 0x48, 0x02, 0x48, 0x04, 0x90, 0xB9, 0x20, 0x54, 0x90, 0x22, 0x48, 0x42, 0x48, 0x31, 0x24, 0x21, 0x24, 0xF1, 0x24, 0x0C, 0x00, 0x03, 0xFE };
static const uint8_t bitmap_1039[] = { 0x04, 0x90, 0x09, 0x20, 0x36, 0xC0, 0x09, 0x20, 0x35, 0xF8, 0x1F, 0x10, 0x11, 0xF0, 0x1F, 0x10, 0x11, 0xF0, 0x1F, 0x00, 0x81, 0xFE, 0x7F, 0x80, 0x05, 0x60, 0x09, 0x18, 0x31, 0x04, 0xC1, 0x02 };
static const uint8_t bitmap_1040[] = { 0x00, 0x00, 0x00, 0x00, 0x40, 0xFC, 0x3F, 0x00, 0x01, 0x00, 0x01, 0x00, 0x01, 0x00, 0x01, 0x00, 0x01, 0x00, 0x01, 0x00, 0x01, 0x00, 0x01, 0x00, 0x01, 0x00, 0x81, 0xFE, 0x7E, 0x00, 0x00, 0x00 };
static const uint8_t bitmap_1041[] = { 0x01, 0x00, 0x01, 0x00, 0x01, 0x00, 0x81, 0xFE, 0x7E, 0x00, 0x02, 0x00, 0x04, 0x00, 0x04, 0x78, 0x0B, 0x80, 0x10, 0x80, 0x20, 0x80, 0x40, 0x80, 0x80, 0x80, 0x20, 0xFE, 0x1F, 0x00, 0x00, 0x00 };
static const uint8_t bitmap_1042[] = { 0x00, 0x00, 0x02, 0x3E, 0x01, 0xC0, 0x8E, 0x40, 0x70, 0x40, 0x10, 0x40, 0x10, 0x9E, 0x10, 0xE2, 0x12, 0x82, 0x14, 0x82, 0x18, 0x02, 0x20, 0x04, 0xC0, 0x04, 0x00, 0x24, 0x00, 0x18, 0x00, 0x10 };
static const uint8_t bitmap_1043[] = { 0x00, 0x00, 0x60, 0xFC, 0x3F, 0x00, 0x20, 0x00, 0x20, 0x00, 0x21, 0xF8, 0x3E, 0x10, 0x20, 0x10, 0x20, 0x10, 0x21, 0xF0, 0x3E, 0x10, 0x20, 0x00, 0x20, 0x00, 0x21, 0xFE, 0x3E, 0x00, 0x20, 0x00 };
static const uint8_t bitmap_1044[] = { 0x00, 0x00, 0x03, 0x38, 0x01, 0xD0, 0x8F, 0x10, 0x71, 0x10, 0x11, 0x90, 0x11, 0x50, 0x11, 0x50, 0x13, 0x50, 0x15, 0x50, 0x19, 0x10, 0x21, 0x10, 0xC2, 0x14, 0x02, 0x14, 0x04, 0x14, 0x18, 0x0E };
static const uint8_t bitmap_1045[] = { 0x00, 0x00, 0x40, 0xFC, 0x3F, 0x00, 0x01, 0x30, 0x31, 0x10, 0x11, 0x10, 0x11, 0x10, 0x11, 0x28, 0x29, 0x24, 0x25, 0x22, 0x45, 0x42, 0x81, 0x80, 0x01, 0x00, 0x81, 0xFE, 0x7E, 0x00, 0x00, 0x00 };
static const uint8_t bitmap_1046[] = { 0x08, 0x20, 0x04, 0x40, 0x44, 0xFC, 0x3F, 0x00, 0x21, 0xF8, 0x1F, 0x00, 0x01, 0x00, 0x82, 0xFE, 0x7F, 0x00, 0x04, 0x00, 0x0C, 0x78, 0x13, 0x80, 0x20, 0x80, 0xD0, 0xFE, 0x0F, 0x00, 0x00, 0x00 };
static const uint8_t bitmap_1047[] = { 0x00, 0x00, 0x40, 0xF8, 0x3F, 0x10, 0x00, 0x10, 0x00, 0x10, 0x00, 0x10, 0x61, 0xF0, 0x3E, 0x10, 0x20, 0x10, 0x20, 0x00, 0x20, 0x00, 0x20, 0x00, 0x20, 0x04, 0x20, 0x04, 0x10, 0x04, 0x0F, 0xFE };
static const uint8_t bitmap_1048[] = { 0x00, 0x00, 0x81, 0xF8, 0x7E, 0x10, 0x00, 0x10, 0x00, 0x10, 0x60, 0x10, 0x21, 0xF0, 0x3E, 0x10, 0x20, 0x00, 0x20, 0x00, 0x20, 0x00, 0x20, 0x04, 0x20, 0x04, 0x10, 0x04, 0x0F, 0xFE, 0x00, 0x00 };
static const uint8_t bitmap_1049[] = { 0x00, 0x00, 0x60, 0xF8, 0x3F, 0x10, 0x20, 0x10, 0x20, 0x10, 0x20, 0x10, 0x21, 0xF0, 0x3E, 0x10, 0x20, 0x00, 0x20, 0x00, 0x20, 0x00, 0x20, 0x00, 0x20, 0x04, 0x20, 0x04, 0x10, 0x04, 0x0F, 0xFE };
static const uint8_t bitmap_1050[] = { 0x00, 0x00, 0x60, 0xFC, 0x3F, 0x08, 0x21, 0x08, 0x21, 0x08, 0x21, 0x08, 0x21, 0xF8, 0x3F, 0x08, 0x20, 0x00, 0x20, 0x00, 0x20, 0x00, 0x20, 0x04, 0x20, 0x04, 0x10, 0x04, 0x0F, 0xFE, 0x00, 0x00 };
static const uint8_t bitmap_1051[] = { 0x0C, 0xC0, 0x04, 0x40, 0x45, 0xFC, 0x3E, 0x40, 0x04, 0x40, 0x85, 0xFE, 0x7E, 0x20, 0x04, 0x18, 0x08, 0xE4, 0x1F, 0x22, 0x28, 0x20, 0x48, 0xE0, 0x8F, 0x20, 0x08, 0x08, 0x04, 0x08, 0x03, 0xFC };
static const uint8_t bitmap_1052[] = { 0x03, 0x00, 0x01, 0x00, 0x01, 0x00, 0x61, 0xFC, 0x3F, 0x08, 0x21, 0x08, 0x21, 0x08, 0x21, 0x08, 0x21, 0x08, 0x21, 0x08, 0x21, 0x28, 0x21, 0x18, 0x21, 0x10, 0x01, 0x00, 0x01, 0x00, 0x01, 0x00 };
static const uint8_t bitmap_1053[] = { 0x00, 0x18, 0x00, 0x60, 0x03, 0x80, 0x7D, 0x00, 0x01, 0x00, 0x01, 0x00, 0x61, 0xFC, 0x3F, 0x08, 0x21, 0x08, 0x21, 0x08, 0x21, 0x08, 0x21, 0x28, 0x21, 0x18, 0x21, 0x10, 0x01, 0x00, 0x01, 0x00 };
static const uint8_t bitmap_1054[] = { 0x03, 0x00, 0x01, 0x00, 0x81, 0xFE, 0x7E, 0x00, 0x01, 0x00, 0x01, 0x00, 0x61, 0xFC, 0x3F, 0x08, 0x21, 0x08, 0x21, 0x08, 0x21, 0x08, 0x21, 0x28, 0x21, 0x18, 0x21, 0x10, 0x01, 0x00, 0x01, 0x00 };
static const uint8_t bitmap_1055[] = { 0x03, 0x00, 0x01, 0x00, 0x01, 0x00, 0x83, 0xFE, 0x7E, 0x80, 0x04, 0x80, 0x04, 0x80, 0x08, 0xFC, 0x1F, 0x88, 0x28, 0x88, 0x48, 0x88, 0x88, 0xA8, 0x08, 0x98, 0x08, 0x90, 0x00, 0x80, 0x00, 0x80 };
static const uint8_t bitmap_1056[] = { 0x18, 0x60, 0x08, 0x20, 0x08, 0x20, 0xC8, 0x20, 0x4B, 0x3E, 0x49, 0xE4, 0x49, 0x24, 0x49, 0x24, 0x49, 0x24, 0x49, 0x24, 0x09, 0x24, 0x09, 0x34, 0x11, 0x2C, 0x11, 0x28, 0x20, 0x20, 0x40, 0x20 };
static const uint8_t bitmap_1057[] = { 0x30, 0x00, 0x13, 0x38, 0x11, 0xD0, 0xDD, 0x10, 0x75, 0x10, 0x55, 0x90, 0x55, 0x50, 0x55, 0x50, 0x55, 0x50, 0x55, 0x50, 0x5D, 0x10, 0x55, 0x10, 0x12, 0x14, 0x12, 0x14, 0x14, 0x14, 0x18, 0x0E };
static const uint8_t bitmap_1058[] = { 0x18, 0x00, 0x0A, 0x1E, 0x09, 0xE0, 0xC8, 0x20, 0x48, 0x20, 0x4B, 0x3E, 0x49, 0xE4, 0x49, 0x24, 0x49, 0x24, 0x49, 0x24, 0x09, 0x34, 0x09, 0x2C, 0x11, 0x28, 0x10, 0x20, 0x20, 0x20, 0x40, 0x20 };
static const uint8_t bitmap_1059[] = { 0x00, 0x20, 0x0E, 0x60, 0x01, 0x80, 0x02, 0x60, 0x1E, 0x18, 0x02, 0x00, 0x83, 0xFE, 0x7E, 0x80, 0x04, 0x80, 0x08, 0xFC, 0x3F, 0x88, 0xC8, 0x88, 0x08, 0xA8, 0x08, 0x98, 0x08, 0x90, 0x00, 0x80 };
static const uint8_t bitmap_1060[] = { 0x60, 0x08, 0x23, 0x08, 0x21, 0x10, 0xBD, 0x10, 0xE9, 0x20, 0xA9, 0x40, 0xA9, 0x80, 0xAD, 0x3E, 0xAB, 0xC0, 0xA9, 0x20, 0xB9, 0x20, 0xA9, 0x10, 0x21, 0x08, 0x21, 0x24, 0x21, 0xC4, 0x2F, 0x02 };
static const uint8_t bitmap_1061[] = { 0x30, 0x20, 0x10, 0x20, 0x10, 0x20, 0xDE, 0x40, 0x75, 0x7E, 0x55, 0xC4, 0x55, 0x04, 0x55, 0x04, 0x55, 0x3C, 0x55, 0xC4, 0x5D, 0x04, 0x55, 0x04, 0x11, 0x04, 0x11, 0x3C, 0x11, 0xC4, 0x11, 0x04 };
static const uint8_t bitmap_1062[] = { 0x30, 0x60, 0x10, 0x20, 0x10, 0x20, 0xDE, 0x2E, 0x74, 0x30, 0x54, 0x20, 0x54, 0x20, 0x54, 0x20, 0x55, 0x3E, 0x55, 0xE4, 0x5D, 0x04, 0x55, 0x04, 0x11, 0x04, 0x11, 0x3C, 0x11, 0xC4, 0x11, 0x04 };
static const uint8_t bitmap_1063[] = { 0x03, 0x00, 0x01, 0x00, 0x41, 0xFE, 0x7F, 0x04, 0x48, 0x68, 0x88, 0x10, 0x13, 0x08, 0x21, 0x04, 0xD1, 0xF8, 0x1F, 0x10, 0x11, 0x10, 0x11, 0x50, 0x11, 0x30, 0x11, 0x20, 0x01, 0x00, 0x01, 0x00 };
static const uint8_t bitmap_1064[] = { 0x00, 0x00, 0x11, 0xF0, 0x0E, 0x20, 0x11, 0xE0, 0x0E, 0x20, 0x11, 0xE0, 0x0E, 0x20, 0x41, 0xFE, 0x7F, 0x04, 0x51, 0xF8, 0x9F, 0x10, 0x11, 0x10, 0x11, 0x50, 0x11, 0x30, 0x11, 0x20, 0x01, 0x00 };
static const uint8_t bitmap_1065[] = { 0x30, 0x00, 0x13, 0x1E, 0x11, 0xE4, 0xDD, 0x04, 0x75, 0x04, 0x55, 0x04, 0x55, 0x04, 0x55, 0x04, 0x55, 0x3C, 0x55, 0xC4, 0x5D, 0x10, 0x54, 0x88, 0x10, 0x84, 0x11, 0x02, 0x12, 0x02, 0x14, 0x00 };
static const uint8_t bitmap_1066[] = { 0x03, 0x00, 0x01, 0x00, 0x41, 0xFC, 0x3F, 0x20, 0x04, 0x40, 0x44, 0xFE, 0x7F, 0x04, 0x41, 0x08, 0xB1, 0xF8, 0x1F, 0x10, 0x11, 0x10, 0x11, 0x50, 0x11, 0x30, 0x11, 0x20, 0x01, 0x00, 0x01, 0x00 };
static const uint8_t bitmap_1067[] = { 0x11, 0x10, 0x11, 0x10, 0x91, 0xFE, 0x7F, 0x10, 0x11, 0x10, 0x10, 0x00, 0x41, 0xFE, 0x7F, 0x04, 0x41, 0x10, 0xB1, 0xF8, 0x1F, 0x10, 0x11, 0x10, 0x11, 0x50, 0x11, 0x30, 0x11, 0x20, 0x01, 0x00 };
static const uint8_t bitmap_1068[] = { 0x01, 0x80, 0x60, 0xFC, 0x3F, 0xA0, 0x22, 0x20, 0x32, 0xFE, 0x2F, 0x20, 0x22, 0x60, 0x23, 0xA0, 0x22, 0x80, 0x38, 0xFC, 0x2F, 0x88, 0x28, 0x88, 0x48, 0xA8, 0x48, 0x98, 0x88, 0x90, 0x00, 0x80 };
static const uint8_t bitmap_1069[] = { 0x18, 0x00, 0x08, 0xCE, 0x4F, 0x72, 0x38, 0x44, 0x4F, 0x58, 0x38, 0x44, 0x8F, 0x42, 0x78, 0x72, 0x13, 0x4C, 0x21, 0x48, 0xE1, 0xFC, 0x3F, 0x08, 0x21, 0x28, 0x21, 0x18, 0x21, 0x10, 0x01, 0x00 };
static const uint8_t bitmap_1070[] = { 0x60, 0x88, 0x20, 0x88, 0x20, 0x90, 0xBD, 0x1E, 0xE9, 0xF0, 0xAB, 0x10, 0xAD, 0x1E, 0xA9, 0xF0, 0xA9, 0x10, 0xA9, 0x1E, 0xB9, 0xF0, 0xA9, 0x10, 0x21, 0x10, 0x21, 0x1E, 0x21, 0xE0, 0x21, 0x00 };
static const uint8_t bitmap_1071[] = { 0x13, 0x10, 0x09, 0x20, 0x49, 0xFE, 0x7E, 0x04, 0x49, 0xF8, 0x8E, 0x20, 0x08, 0x20, 0x09, 0xE0, 0x0F, 0x00, 0x61, 0xFC, 0x3F, 0x08, 0x21, 0x08, 0x21, 0x28, 0x21, 0x18, 0x21, 0x10, 0x01, 0x00 };
static const uint8_t bitmap_1072[] = { 0x60, 0x00, 0x26, 0x3E, 0x23, 0xC4, 0xBE, 0x34, 0xEA, 0xC4, 0xAA, 0x34, 0xAA, 0xC0, 0xA9, 0x3C, 0xA9, 0xC8, 0xB9, 0x38, 0xA9, 0xC8, 0x21, 0x38, 0x21, 0xC8, 0x21, 0x38, 0x21, 0xC8, 0x21, 0x08 };
static const uint8_t bitmap_1073[] = { 0x60, 0x00, 0x24, 0x3E, 0x23, 0xC0, 0xBD, 0x3C, 0xE9, 0xC8, 0xA9, 0x08, 0xA9, 0x38, 0xA9, 0xC0, 0xAE, 0x3E, 0xBB, 0xC4, 0xAA, 0x7C, 0x23, 0xC4, 0x22, 0x44, 0x22, 0x7C, 0x23, 0xC4, 0x22, 0x04 };
static const uint8_t bitmap_1074[] = { 0x60, 0x00, 0x23, 0x3C, 0x21, 0xC8, 0xBD, 0x38, 0xE9, 0xC8, 0xA9, 0x38, 0xA9, 0xC4, 0xAA, 0x48, 0xA9, 0x48, 0xB9, 0x7E, 0xAF, 0xA0, 0x20, 0xA0, 0x21, 0x24, 0x21, 0x24, 0x22, 0x24, 0x2C, 0x1E };
static const uint8_t bitmap_1075[] = { 0x04, 0x40, 0x85, 0xFE, 0x7E, 0x40, 0x15, 0xF0, 0x0E, 0x20, 0x09, 0xE0, 0x0E, 0x20, 0x09, 0xE0, 0x0E, 0x40, 0x45, 0xFC, 0x3F, 0x20, 0x09, 0xFC, 0x3F, 0x52, 0xC9, 0x30, 0x09, 0x20, 0x01, 0x00 };
static const uint8_t bitmap_1076[] = { 0x60, 0x60, 0x22, 0x3C, 0x21, 0xD0, 0xBC, 0xBE, 0xEB, 0xC0, 0xA8, 0x3C, 0xA9, 0xE4, 0xA9, 0x3C, 0xA9, 0xE4, 0xA9, 0x3C, 0xB9, 0xE0, 0xAA, 0x3C, 0x21, 0xE0, 0x24, 0x3E, 0x23, 0xC0, 0x20, 0x00 };
static const uint8_t bitmap_1077[] = { 0x00, 0x00, 0x20, 0xF8, 0x1F, 0x00, 0x01, 0x00, 0x01, 0x00, 0x01, 0x00, 0x01, 0x00, 0x81, 0xFE, 0x7F, 0x00, 0x01, 0x00, 0x01, 0x00, 0x01, 0x00, 0x01, 0x00, 0x01, 0x00, 0x01, 0x00, 0x01, 0x00 };
static const uint8_t bitmap_1078[] = { 0x00, 0x00, 0x20, 0xF8, 0x1F, 0x00, 0x01, 0x10, 0x11, 0x10, 0x09, 0x20, 0x09, 0x20, 0x09, 0x40, 0x81, 0xFE, 0x7F, 0x00, 0x01, 0x00, 0x01, 0x00, 0x01, 0x00, 0x01, 0x00, 0x01, 0x00, 0x01, 0x00 };
static const uint8_t bitmap_1079[] = { 0x08, 0x00, 0x08, 0x00, 0x10, 0xF8, 0x1F, 0x00, 0x21, 0x00, 0x41, 0x00, 0xB1, 0xF8, 0x1F, 0x00, 0x11, 0x00, 0x11, 0x00, 0x91, 0xFE, 0x7F, 0x00, 0x01, 0x00, 0x01, 0x00, 0x01, 0x00, 0x01, 0x00 };
static const uint8_t bitmap_1080[] = { 0x08, 0x10, 0x04, 0x10, 0x04, 0x20, 0x41, 0xFC, 0x3E, 0x40, 0x04, 0x40, 0x04, 0x40, 0x85, 0xFE, 0x7E, 0x40, 0x04, 0x40, 0x04, 0x40, 0x08, 0x40, 0x08, 0x40, 0x10, 0x40, 0x20, 0x40, 0xC0, 0x40 };
static const uint8_t bitmap_1081[] = { 0x03, 0x00, 0x01, 0x00, 0x21, 0xF8, 0x1F, 0x00, 0x01, 0x00, 0x81, 0xFE, 0x7E, 0x20, 0x04, 0x40, 0x45, 0xFC, 0x3F, 0x00, 0x01, 0x00, 0x41, 0xFC, 0x3F, 0x00, 0x01, 0x00, 0x01, 0x00, 0x01, 0x00 };
static const uint8_t bitmap_1082[] = { 0x04, 0x00, 0x05, 0x1E, 0x08, 0xE2, 0x08, 0x02, 0x10, 0x02, 0x12, 0x02, 0x22, 0x02, 0x3C, 0x02, 0xC4, 0x02, 0x0C, 0x02, 0x0A, 0x04, 0x11, 0x04, 0x17, 0x04, 0x38, 0xA8, 0xC0, 0x98, 0x00, 0x10 };
static const uint8_t bitmap_1083[] = { 0x10, 0xC0, 0x10, 0x40, 0x10, 0x40, 0x24, 0x40, 0x26, 0x7E, 0x25, 0xC4, 0x48, 0x44, 0x78, 0x44, 0xC8, 0x44, 0x14, 0x44, 0x12, 0x44, 0x26, 0x84, 0x39, 0x84, 0xE1, 0x28, 0x02, 0x18, 0x0C, 0x10 };
static const uint8_t bitmap_1084[] = { 0x03, 0x00, 0x01, 0x00, 0xC9, 0x2C, 0x49, 0x24, 0x51, 0x24, 0x55, 0x54, 0x55, 0x54, 0x79, 0xE4, 0x49, 0x24, 0x49, 0x54, 0x55, 0x74, 0x5D, 0xCC, 0x73, 0x04, 0x41, 0xFC, 0x7E, 0x04, 0x40, 0x04 };
static const uint8_t bitmap_1085[] = { 0x01, 0x80, 0x00, 0x80, 0x60, 0xFE, 0x3F, 0x00, 0x20, 0x00, 0x20, 0x00, 0x20, 0x00, 0x20, 0x00, 0x20, 0x00, 0x20, 0x00, 0x20, 0x00, 0x20, 0x00, 0x40, 0x00, 0x40, 0x00, 0x80, 0x00, 0x00, 0x00 };
static const uint8_t bitmap_1086[] = { 0x01, 0x80, 0x00, 0x80, 0x60, 0xFE, 0x3F, 0x00, 0x20, 0x80, 0x20, 0x80, 0x20, 0x80, 0x28, 0xFC, 0x27, 0x80, 0x20, 0x80, 0x20, 0x80, 0x20, 0x80, 0x40, 0x80, 0x50, 0xFE, 0x8F, 0x00, 0x00, 0x00 };
static const uint8_t bitmap_1087[] = { 0x01, 0x80, 0x00, 0x80, 0x60, 0xFE, 0x3F, 0x00, 0x20, 0x80, 0x20, 0x80, 0x20, 0x80, 0x30, 0xFE, 0x2F, 0x80, 0x20, 0xC0, 0x21, 0x20, 0x21, 0x10, 0x42, 0x08, 0x44, 0x04, 0x88, 0x02, 0x30, 0x02 };
static const uint8_t bitmap_1088[] = { 0x01, 0x80, 0x00, 0x80, 0x60, 0xFE, 0x3F, 0x80, 0x20, 0xC0, 0x2C, 0x40, 0x24, 0x4C, 0x25, 0xD0, 0x26, 0x60, 0x24, 0x40, 0x24, 0x40, 0x24, 0x40, 0x44, 0xC4, 0x47, 0x44, 0x8C, 0x44, 0x30, 0x3E };
static const uint8_t bitmap_1089[] = { 0x01, 0x80, 0x00, 0x80, 0x60, 0xFE, 0x3F, 0x00, 0x20, 0x80, 0x20, 0x80, 0x30, 0xFC, 0x2F, 0x80, 0x21, 0xC0, 0x22, 0xA0, 0x22, 0x90, 0x24, 0x88, 0x48, 0x84, 0x50, 0x82, 0x80, 0x80, 0x00, 0x80 };
static const uint8_t bitmap_1090[] = { 0x01, 0x80, 0x00, 0x80, 0x60, 0xFE, 0x3F, 0x80, 0x24, 0x78, 0x23, 0x90, 0x20, 0x20, 0x21, 0x40, 0x30, 0xFE, 0x2F, 0x44, 0x20, 0x48, 0x20, 0x40, 0x40, 0x40, 0x41, 0x40, 0x80, 0x80, 0x00, 0x80 };
static const uint8_t bitmap_1091[] = { 0x01, 0x80, 0x00, 0x80, 0x60, 0xFE, 0x3F, 0x80, 0x20, 0x80, 0x2C, 0xFC, 0x27, 0x88, 0x24, 0x08, 0x24, 0x78, 0x27, 0x88, 0x24, 0x08, 0x24, 0x00, 0x44, 0x00, 0x48, 0x00, 0x88, 0x00, 0x10, 0x00 };
static const uint8_t bitmap_1092[] = { 0x01, 0x80, 0x60, 0xFE, 0x3F, 0x80, 0x21, 0x00, 0x29, 0x7C, 0x27, 0x80, 0x22, 0x40, 0x22, 0x40, 0x24, 0x78, 0x27, 0xC0, 0x24, 0x40, 0x30, 0x7E, 0x4F, 0xC0, 0x40, 0x40, 0x80, 0x40, 0x00, 0x40 };
static const uint8_t bitmap_1093[] = { 0x01, 0x80, 0x00, 0x80, 0x60, 0xFE, 0x3F, 0x00, 0x20, 0x08, 0x21, 0x08, 0x28, 0x88, 0x24, 0x88, 0x24, 0x48, 0x22, 0x50, 0x22, 0x50, 0x22, 0x10, 0x40, 0x20, 0x50, 0xFE, 0x8F, 0x00, 0x00, 0x00 };
static const uint8_t bitmap_1094[] = { 0x01, 0x80, 0x60, 0xFC, 0x3F, 0x80, 0x20, 0x30, 0x2C, 0xC0, 0x27, 0x40, 0x24, 0x40, 0x24, 0x7C, 0x27, 0xC0, 0x24, 0x20, 0x24, 0x20, 0x24, 0xA0, 0x45, 0x14, 0x46, 0x94, 0x9C, 0x4C, 0x00, 0x46 };
static const uint8_t bitmap_1095[] = { 0x01, 0x80, 0x00, 0x80, 0x60, 0xFE, 0x3F, 0x00, 0x21, 0x80, 0x20, 0xBC, 0x20, 0xC0, 0x20, 0x80, 0x20, 0x80, 0x2C, 0xFC, 0x27, 0x88, 0x24, 0x08, 0x44, 0x08, 0x44, 0x78, 0x87, 0x88, 0x04, 0x08 };
static const uint8_t bitmap_1096[] = { 0x01, 0x80, 0x00, 0x80, 0x60, 0xFE, 0x3F, 0x00, 0x21, 0x80, 0x20, 0x80, 0x2C, 0xFC, 0x27, 0x88, 0x24, 0x88, 0x24, 0xF8, 0x27, 0x88, 0x24, 0x88, 0x44, 0x88, 0x44, 0xF8, 0x87, 0x88, 0x04, 0x08 };
static const uint8_t bitmap_1097[] = { 0x01, 0x80, 0x60, 0xFE, 0x3F, 0x80, 0x20, 0x80, 0x28, 0xF8, 0x27, 0x90, 0x30, 0xFE, 0x2F, 0x90, 0x20, 0x90, 0x28, 0xF0, 0x27, 0x90, 0x20, 0xC0, 0x41, 0x30, 0x42, 0x08, 0x8C, 0x04, 0x30, 0x02 };
static const uint8_t bitmap_1098[] = { 0x03, 0x00, 0x01, 0x00, 0x61, 0xFE, 0x3E, 0x00, 0x22, 0x30, 0x22, 0x10, 0x23, 0x1C, 0x24, 0xF0, 0x25, 0x10, 0x2C, 0x90, 0x34, 0x90, 0x24, 0x10, 0x44, 0x10, 0x44, 0x50, 0x84, 0x30, 0x04, 0x20 };
static const uint8_t bitmap_1099[] = { 0x01, 0x80, 0x60, 0xFE, 0x3F, 0x80, 0x21, 0x30, 0x21, 0x08, 0x31, 0xFE, 0x2F, 0x00, 0x21, 0xC8, 0x22, 0x88, 0x22, 0x88, 0x22, 0x90, 0x24, 0xA0, 0x44, 0xC4, 0x49, 0x84, 0x96, 0x44, 0x20, 0x3E };
static const uint8_t bitmap_1100[] = { 0x01, 0x80, 0x60, 0xFE, 0x3F, 0x80, 0x20, 0x98, 0x24, 0x84, 0x24, 0xBE, 0x2F, 0xC0, 0x28, 0xB8, 0x20, 0xD0, 0x21, 0x10, 0x21, 0xA0, 0x22, 0x60, 0x44, 0x50, 0x58, 0x88, 0x83, 0x04, 0x0C, 0x02 };
static const uint8_t bitmap_1101[] = { 0x01, 0x80, 0x00, 0x80, 0x60, 0xFE, 0x3F, 0xA0, 0x22, 0x20, 0x32, 0xFC, 0x2F, 0x20, 0x22, 0xE0, 0x23, 0x00, 0x28, 0xF8, 0x27, 0x10, 0x21, 0x20, 0x40, 0xE0, 0x41, 0x18, 0x86, 0x04, 0x18, 0x02 };
static const uint8_t bitmap_1102[] = { 0x01, 0x80, 0x00, 0x80, 0x60, 0xFE, 0x3F, 0x00, 0x21, 0x90, 0x24, 0x90, 0x24, 0x98, 0x26, 0xA4, 0x29, 0xC2, 0x30, 0x80, 0x28, 0xF8, 0x27, 0x80, 0x40, 0x80, 0x60, 0xFE, 0x9F, 0x00, 0x00, 0x00 };
static const uint8_t bitmap_1103[] = { 0x01, 0x80, 0x60, 0xFE, 0x3F, 0x80, 0x20, 0x06, 0x2B, 0x18, 0x2D, 0xF0, 0x22, 0x10, 0x24, 0x9E, 0x27, 0x70, 0x29, 0x10, 0x29, 0x10, 0x26, 0x9E, 0x42, 0x60, 0x46, 0x00, 0x89, 0x80, 0x30, 0x7E };
static const uint8_t bitmap_1104[] = { 0x01, 0x80, 0x60, 0xFE, 0x3F, 0x80, 0x20, 0x80, 0x30, 0xFE, 0x2F, 0xC0, 0x21, 0x30, 0x22, 0x88, 0x24, 0xF4, 0x2F, 0x92, 0x34, 0xF0, 0x27, 0x90, 0x44, 0xF0, 0x47, 0x94, 0x84, 0x84, 0x00, 0x7E };
static const uint8_t bitmap_1105[] = { 0x01, 0x80, 0x00, 0x80, 0x60, 0xFE, 0x3F, 0x00, 0x20, 0x60, 0x26, 0x20, 0x32, 0xFE, 0x2F, 0x20, 0x22, 0x20, 0x22, 0xE0, 0x23, 0x20, 0x22, 0x20, 0x40, 0x88, 0x4A, 0x44, 0x89, 0x22, 0x31, 0x22 };
static const uint8_t bitmap_1106[] = { 0x01, 0x80, 0x60, 0xFE, 0x3F, 0x80, 0x28, 0xF8, 0x27, 0x90, 0x30, 0xFE, 0x2F, 0x90, 0x20, 0x90, 0x28, 0xF0, 0x27, 0x94, 0x28, 0xC4, 0x24, 0xA8, 0x41, 0x90, 0x46, 0x88, 0x99, 0x84, 0x01, 0x02 };
static const uint8_t bitmap_1107[] = { 0x01, 0x80, 0x60, 0xFE, 0x3F, 0x80, 0x28, 0xFC, 0x27, 0x88, 0x30, 0xFE, 0x2F, 0x88, 0x28, 0xFC, 0x27, 0x88, 0x24, 0xF8, 0x27, 0x88, 0x24, 0xF8, 0x47, 0x88, 0x44, 0xA8, 0x84, 0x98, 0x04, 0x90 };
static const uint8_t bitmap_1108[] = { 0x01, 0x80, 0x60, 0xFE, 0x3F, 0x90, 0x24, 0x20, 0x32, 0xFC, 0x2F, 0x40, 0x2A, 0xF8, 0x27, 0x50, 0x32, 0xFE, 0x2F, 0x50, 0x2A, 0xF0, 0x27, 0x60, 0x46, 0x50, 0x4A, 0x48, 0x92, 0x44, 0x62, 0x42 };
static const uint8_t bitmap_1109[] = { 0x01, 0x80, 0x60, 0xFC, 0x3F, 0x80, 0x22, 0x6C, 0x2B, 0xB4, 0x2C, 0xA4, 0x2B, 0xA8, 0x2C, 0xB0, 0x2B, 0xA8, 0x2C, 0xA8, 0x2A, 0x24, 0x29, 0x34, 0x49, 0xAC, 0x4E, 0xA8, 0xB8, 0xA0, 0x00, 0x20 };
static const uint8_t bitmap_1110[] = { 0x01, 0x80, 0x60, 0xFE, 0x3F, 0x00, 0x22, 0x66, 0x33, 0xBA, 0x2C, 0x24, 0x27, 0x24, 0x25, 0x28, 0x27, 0x24, 0x29, 0xA2, 0x2F, 0x32, 0x21, 0x6A, 0x47, 0xA6, 0x5A, 0x24, 0x86, 0x20, 0x04, 0x20 };
static const uint8_t bitmap_1111[] = { 0x00, 0x0C, 0x98, 0x30, 0x6B, 0xE0, 0x10, 0x20, 0x20, 0x20, 0x23, 0x2C, 0x59, 0x30, 0x69, 0x20, 0x89, 0x20, 0x51, 0x20, 0x51, 0x20, 0x21, 0x3E, 0x31, 0xC0, 0x49, 0x00, 0x86, 0x00, 0x01, 0xFE };
static const uint8_t bitmap_1112[] = { 0x00, 0x18, 0x90, 0x20, 0x78, 0xC0, 0x13, 0x40, 0x20, 0x40, 0x20, 0x40, 0x5C, 0x7E, 0x6B, 0xC0, 0x08, 0x40, 0x90, 0x40, 0x50, 0x40, 0x24, 0x7C, 0x33, 0x80, 0x48, 0x00, 0x86, 0x00, 0x01, 0xFE };
static const uint8_t bitmap_1113[] = { 0x00, 0x60, 0x98, 0x20, 0x69, 0x3C, 0x10, 0xE8, 0x24, 0x3E, 0x23, 0xE8, 0x59, 0x38, 0x68, 0xE0, 0x8A, 0x3C, 0x51, 0xE0, 0x50, 0x20, 0x24, 0x3E, 0x33, 0xE0, 0x48, 0x20, 0x86, 0x00, 0x01, 0xFE };
static const uint8_t bitmap_1114[] = { 0x00, 0x00, 0x40, 0xFC, 0x3F, 0x20, 0x04, 0x20, 0x04, 0x20, 0x04, 0x20, 0x84, 0xFE, 0x7F, 0x20, 0x04, 0x20, 0x04, 0x20, 0x04, 0x20, 0x08, 0x20, 0x08, 0x20, 0x10, 0x20, 0x20, 0x20, 0xC0, 0x20 };
static const uint8_t bitmap_1115[] = { 0x00, 0x00, 0x31, 0xF0, 0x1E, 0x20, 0x10, 0x20, 0x11, 0xE0, 0x1E, 0x28, 0x10, 0x08, 0x0F, 0xFC, 0x04, 0x40, 0x04, 0x40, 0x85, 0xFE, 0x7E, 0x40, 0x04, 0x40, 0x08, 0x40, 0x10, 0x40, 0x60, 0x40 };
static const uint8_t bitmap_1116[] = { 0x03, 0x00, 0x01, 0x00, 0x81, 0xFE, 0x7F, 0x40, 0x02, 0x20, 0x02, 0x10, 0x05, 0xF8, 0x7E, 0x44, 0x04, 0x40, 0x85, 0xFE, 0x7E, 0x40, 0x04, 0x40, 0x08, 0x40, 0x08, 0x40, 0x30, 0x40, 0xC0, 0x40 };
static const uint8_t bitmap_1117[] = { 0x00, 0x00, 0x20, 0xF8, 0x1F, 0x00, 0x21, 0xF8, 0x1F, 0x00, 0x01, 0x00, 0x41, 0xFC, 0x3F, 0x40, 0x04, 0x40, 0x85, 0xFE, 0x7E, 0x40, 0x04, 0x40, 0x08, 0x40, 0x08, 0x40, 0x10, 0x40, 0x60, 0x40 };
static const uint8_t bitmap_1118[] = { 0x19, 0x20, 0x49, 0x20, 0x2A, 0x4E, 0xAF, 0x78, 0xF9, 0x88, 0x8D, 0x50, 0xAB, 0x38, 0xC9, 0x24, 0x8B, 0xC2, 0x04, 0x20, 0x04, 0x20, 0x85, 0xFE, 0x7E, 0x20, 0x08, 0x20, 0x10, 0x20, 0x60, 0x20 };
static const uint8_t bitmap_1119[] = { 0x01, 0x98, 0x00, 0x84, 0x00, 0x84, 0x80, 0xFE, 0x7F, 0x80, 0x00, 0x80, 0x00, 0x80, 0x4F, 0x40, 0x38, 0x40, 0x08, 0x40, 0x09, 0xA0, 0x0E, 0x20, 0x18, 0x14, 0xE0, 0x14, 0x00, 0x0C, 0x00, 0x06 };
static const uint8_t bitmap_1120[] = { 0x00, 0x00, 0x40, 0xFC, 0x3F, 0x08, 0x00, 0x08, 0x00, 0xF8, 0x1F, 0x08, 0x10, 0x08, 0x10, 0x00, 0x10, 0xFE, 0x3F, 0x04, 0x60, 0x04, 0x00, 0x04, 0x00, 0x08, 0x00, 0x48, 0x00, 0x30, 0x00, 0x20 };
static const uint8_t bitmap_1121[] = { 0x00, 0x18, 0x47, 0x88, 0x39, 0x08, 0x01, 0x08, 0x01, 0x08, 0x27, 0x08, 0x39, 0x08, 0x20, 0x08, 0x27, 0x88, 0x79, 0x08, 0x41, 0x08, 0x01, 0x08, 0x02, 0x08, 0x12, 0x08, 0x0C, 0x08, 0x08, 0x08 };
static const uint8_t bitmap_1122[] = { 0x0D, 0x80, 0x04, 0x80, 0x85, 0xF8, 0x7E, 0x90, 0x04, 0x90, 0x25, 0xF0, 0x3E, 0x90, 0x24, 0x80, 0x25, 0xFE, 0x7E, 0x84, 0x44, 0x84, 0x04, 0xA8, 0x08, 0x98, 0x30, 0x90, 0xC0, 0x80, 0x00, 0x80 };
static const uint8_t bitmap_1123[] = { 0x00, 0x60, 0x9E, 0x20, 0x64, 0x20, 0x04, 0x20, 0x5C, 0x20, 0x64, 0x20, 0x40, 0x20, 0x5E, 0x40, 0xE4, 0x50, 0x84, 0x48, 0x04, 0x48, 0x08, 0x84, 0x08, 0x9C, 0x48, 0xE2, 0x37, 0x02, 0x20, 0x02 };
static const uint8_t bitmap_1124[] = { 0x00, 0x60, 0x9B, 0x20, 0x69, 0x20, 0x09, 0x2E, 0x59, 0x34, 0x69, 0x64, 0x41, 0xA4, 0x5F, 0x24, 0xE9, 0x34, 0x89, 0x2C, 0x09, 0x28, 0x09, 0x20, 0x09, 0x04, 0x51, 0x04, 0x31, 0x04, 0x20, 0xFE };
static const uint8_t bitmap_1125[] = { 0x08, 0x40, 0x04, 0x40, 0x44, 0xF8, 0x3F, 0x10, 0x01, 0x10, 0x21, 0xF0, 0x3F, 0x10, 0x21, 0x00, 0x21, 0xFE, 0x7F, 0x04, 0x43, 0x04, 0x05, 0x04, 0x09, 0x28, 0x31, 0x18, 0xC1, 0x10, 0x01, 0x00 };
static const uint8_t bitmap_1126[] = { 0x00, 0x08, 0x9B, 0x08, 0x69, 0x10, 0x09, 0x10, 0x59, 0x20, 0x69, 0x40, 0x41, 0x80, 0x5D, 0x3E, 0xEB, 0xC0, 0x89, 0x20, 0x09, 0x20, 0x09, 0x10, 0x11, 0x08, 0x51, 0x24, 0x31, 0xC4, 0x27, 0x02 };
static const uint8_t bitmap_1127[] = { 0x00, 0x80, 0x9C, 0x80, 0x68, 0x80, 0x08, 0x80, 0x59, 0x1E, 0x69, 0xE4, 0x42, 0x28, 0x5C, 0x20, 0xE9, 0xA8, 0x88, 0xA4, 0x09, 0x24, 0x09, 0x22, 0x12, 0x22, 0x54, 0xA0, 0x30, 0x60, 0x20, 0x40 };
static const uint8_t bitmap_1128[] = { 0x00, 0x60, 0x9C, 0x20, 0x68, 0x20, 0x0A, 0x3E, 0x59, 0xE0, 0x68, 0x40, 0x40, 0x48, 0x9C, 0x88, 0xE8, 0xF0, 0x89, 0xA0, 0x08, 0x28, 0x08, 0x44, 0x08, 0x5C, 0x50, 0xE2, 0x37, 0x02, 0x20, 0x00 };
static const uint8_t bitmap_1129[] = { 0x00, 0x0C, 0x9C, 0x30, 0x6B, 0xD0, 0x0A, 0x10, 0x5A, 0x50, 0x6A, 0x48, 0x42, 0x48, 0x5A, 0x48, 0xEA, 0x44, 0x8A, 0x44, 0x0A, 0x44, 0x0A, 0x64, 0x12, 0x52, 0x54, 0x72, 0x35, 0x8A, 0x28, 0x0A };
static const uint8_t bitmap_1130[] = { 0x03, 0x00, 0x81, 0xFE, 0x7E, 0x40, 0x04, 0x50, 0x14, 0x48, 0x14, 0x44, 0x24, 0x04, 0xD0, 0xF8, 0x0F, 0x10, 0x20, 0xF0, 0x3F, 0x00, 0x20, 0xFE, 0x7F, 0x04, 0x40, 0x24, 0x00, 0x18, 0x00, 0x10 };
static const uint8_t bitmap_1131[] = { 0x00, 0x00, 0x9F, 0x1E, 0x64, 0xE4, 0x04, 0x04, 0x5C, 0x5C, 0x64, 0x64, 0x40, 0x40, 0x5F, 0x5E, 0xE2, 0xE2, 0xA2, 0xA2, 0x2A, 0x2A, 0x12, 0x12, 0x22, 0x62, 0xD5, 0x94, 0x0C, 0x0C, 0x08, 0x08 };
static const uint8_t bitmap_1132[] = { 0x01, 0x08, 0x9C, 0x88, 0x68, 0x90, 0x0A, 0x3E, 0x59, 0xE4, 0x69, 0x3C, 0x41, 0xE4, 0x5D, 0x24, 0xE9, 0x3C, 0x89, 0xE4, 0x09, 0x20, 0x0C, 0x3E, 0x0B, 0xE0, 0x50, 0x20, 0x30, 0x20, 0x20, 0x20 };
static const uint8_t bitmap_1133[] = { 0x00, 0x00, 0x9D, 0xBC, 0x68, 0xC8, 0x08, 0x88, 0x58, 0xB8, 0x68, 0xE0, 0x43, 0x3E, 0x5D, 0xE4, 0xE9, 0x24, 0x89, 0x3C, 0x09, 0xE4, 0x09, 0x28, 0x08, 0x24, 0x50, 0x3C, 0x30, 0xE2, 0x27, 0x02 };
static const uint8_t bitmap_1134[] = { 0x18, 0x00, 0x0A, 0x3E, 0x09, 0xC4, 0xC8, 0x04, 0x48, 0x04, 0x48, 0x04, 0x48, 0x04, 0x4A, 0x3C, 0x49, 0xC4, 0x48, 0x04, 0x08, 0x04, 0x08, 0x04, 0x10, 0x04, 0x12, 0x3C, 0x21, 0xC4, 0x40, 0x04 };
static const uint8_t bitmap_1135[] = { 0x03, 0x08, 0x21, 0x08, 0x11, 0x10, 0x09, 0x20, 0x09, 0x40, 0x41, 0xFC, 0x3E, 0x08, 0x00, 0x08, 0x00, 0x08, 0x21, 0xF8, 0x1E, 0x08, 0x00, 0x08, 0x00, 0x08, 0x41, 0xF8, 0x3E, 0x08, 0x00, 0x08 };
static const uint8_t bitmap_1136[] = { 0x00, 0x00, 0x11, 0xF0, 0x0E, 0x20, 0x00, 0x20, 0x11, 0xE0, 0x0E, 0x20, 0x00, 0x20, 0x81, 0xFE, 0x7F, 0x00, 0x41, 0x88, 0x21, 0x50, 0x15, 0x30, 0x09, 0x08, 0x35, 0x04, 0xC3, 0x02, 0x02, 0x00 };
static const uint8_t bitmap_1137[] = { 0x00, 0x08, 0x47, 0x88, 0x3A, 0x10, 0x12, 0x20, 0x12, 0xC4, 0x12, 0x04, 0x97, 0x88, 0x7A, 0x10, 0x12, 0x22, 0x12, 0xC2, 0x12, 0x04, 0x12, 0x04, 0x22, 0x08, 0x22, 0x10, 0x42, 0x60, 0x83, 0x80 };
static const uint8_t bitmap_1138[] = { 0x00, 0x04, 0x67, 0x84, 0x39, 0x08, 0x29, 0x10, 0x25, 0x24, 0x25, 0x44, 0x21, 0x08, 0xA7, 0xC8, 0x79, 0x12, 0x21, 0x22, 0x21, 0x44, 0x21, 0x04, 0x21, 0x08, 0x45, 0x10, 0x43, 0x20, 0x82, 0x40 };
static const uint8_t bitmap_1139[] = { 0x03, 0x08, 0x0C, 0x88, 0x70, 0x90, 0x88, 0x90, 0x45, 0x24, 0x25, 0x44, 0x28, 0x08, 0x8F, 0x88, 0x78, 0x32, 0x0C, 0xC2, 0x1A, 0x04, 0x29, 0x04, 0x29, 0x08, 0x48, 0x10, 0x88, 0x60, 0x09, 0x80 };
static const uint8_t bitmap_1140[] = { 0x0C, 0x08, 0x07, 0x88, 0x04, 0x10, 0x67, 0xA4, 0x3C, 0xC4, 0x27, 0x08, 0x3C, 0x10, 0x24, 0xA2, 0x23, 0xC2, 0x28, 0x04, 0x2F, 0x08, 0x2A, 0x30, 0x4A, 0xC0, 0x4A, 0x04, 0x91, 0x04, 0x60, 0xFE };
static const uint8_t bitmap_1141[] = { 0x31, 0x84, 0x10, 0x84, 0x10, 0x88, 0x9C, 0xEA, 0x73, 0x92, 0x10, 0xA4, 0x39, 0xC4, 0x35, 0xA8, 0x52, 0x92, 0x52, 0xA2, 0x94, 0x84, 0x10, 0x84, 0x10, 0x88, 0x10, 0x90, 0x10, 0xA0, 0x10, 0xC0 };
static const uint8_t bitmap_1142[] = { 0x18, 0x04, 0x08, 0x04, 0x8F, 0x88, 0x78, 0x10, 0x4F, 0x20, 0x30, 0xC4, 0x0E, 0x04, 0x72, 0x08, 0x44, 0x10, 0x2E, 0x62, 0x32, 0x02, 0x24, 0x04, 0x27, 0x08, 0x18, 0x10, 0xE0, 0x60, 0x03, 0x80 };
static const uint8_t bitmap_1143[] = { 0x18, 0x08, 0x4F, 0x88, 0x3A, 0x10, 0x22, 0x24, 0x9F, 0xC4, 0x70, 0x08, 0x4F, 0x88, 0x71, 0x10, 0x4F, 0x22, 0x71, 0xC2, 0x4F, 0x04, 0x78, 0x04, 0x8F, 0x88, 0x78, 0x10, 0x08, 0x60, 0x09, 0x80 };
static const uint8_t bitmap_1144[] = { 0x00, 0x04, 0xCF, 0x84, 0x71, 0x08, 0x4F, 0x10, 0x71, 0x20, 0x4F, 0x44, 0x78, 0x04, 0x8F, 0x88, 0x70, 0x10, 0x4F, 0xA2, 0x71, 0x42, 0x4F, 0x04, 0x7A, 0x08, 0x29, 0x10, 0x58, 0xA0, 0x90, 0xC0 };
static const uint8_t bitmap_1145[] = { 0x10, 0x00, 0x13, 0x70, 0x21, 0xA0, 0x49, 0x20, 0x89, 0x20, 0x11, 0x20, 0x12, 0x1E, 0x2C, 0x00, 0x62, 0x78, 0xA3, 0x90, 0x21, 0x10, 0x20, 0xA0, 0x20, 0x60, 0x20, 0x98, 0x23, 0x04, 0x2C, 0x02 };
static const uint8_t bitmap_1146[] = { 0x16, 0x00, 0x12, 0x00, 0x22, 0x4E, 0x42, 0x32, 0x92, 0xD2, 0x1F, 0x12, 0x22, 0x12, 0x22, 0x12, 0x62, 0x12, 0xA2, 0x22, 0x22, 0xA2, 0x23, 0x24, 0x26, 0x44, 0x20, 0x54, 0x20, 0x8C, 0x21, 0x08 };
static const uint8_t bitmap_1147[] = { 0x10, 0xC0, 0x10, 0x40, 0x26, 0x7C, 0x2B, 0xC8, 0x4A, 0x50, 0x92, 0x40, 0x12, 0x78, 0x23, 0x90, 0x62, 0x10, 0xA2, 0x90, 0x24, 0x60, 0x24, 0x20, 0x28, 0x50, 0x30, 0x88, 0x23, 0x04, 0x2C, 0x02 };
static const uint8_t bitmap_1148[] = { 0x11, 0x80, 0x10, 0x40, 0x20, 0x40, 0x4C, 0x3C, 0x8B, 0xC0, 0x10, 0x40, 0x10, 0x40, 0x20, 0x40, 0x64, 0x7C, 0xA3, 0xC0, 0x20, 0x40, 0x20, 0x40, 0x20, 0x40, 0x28, 0x7E, 0x27, 0x80, 0x20, 0x00 };
static const uint8_t bitmap_1149[] = { 0x10, 0x00, 0x14, 0x3C, 0x23, 0xC0, 0x48, 0x40, 0x88, 0x40, 0x16, 0x40, 0x12, 0x5C, 0x22, 0x60, 0x62, 0x40, 0xA2, 0x40, 0x22, 0x40, 0x22, 0x40, 0x22, 0x40, 0x32, 0x7E, 0x2F, 0x80, 0x20, 0x00 };
static const uint8_t bitmap_1150[] = { 0x10, 0x00, 0x14, 0x78, 0x23, 0x90, 0x20, 0x10, 0x48, 0x20, 0x88, 0x60, 0x10, 0x98, 0x11, 0x04, 0x22, 0x02, 0x6C, 0x38, 0xA3, 0xC0, 0x20, 0x40, 0x20, 0x40, 0x28, 0x7E, 0x27, 0x80, 0x20, 0x00 };
static const uint8_t bitmap_1151[] = { 0x10, 0xC0, 0x10, 0x40, 0x24, 0x7C, 0x2B, 0xC0, 0x48, 0x40, 0x98, 0x7E, 0x17, 0x90, 0x20, 0x10, 0x70, 0x7E, 0xAF, 0x90, 0x22, 0x10, 0x21, 0x10, 0x21, 0x10, 0x20, 0x50, 0x20, 0x30, 0x20, 0x20 };
static const uint8_t bitmap_1152[] = { 0x10, 0x00, 0x16, 0x7C, 0x23, 0x88, 0x4A, 0x78, 0x8B, 0x88, 0x12, 0x08, 0x12, 0x78, 0x23, 0x84, 0x62, 0x44, 0xA2, 0x28, 0x22, 0x10, 0x22, 0x10, 0x22, 0x68, 0x23, 0x84, 0x2E, 0x02, 0x20, 0x02 };
static const uint8_t bitmap_1153[] = { 0x10, 0x00, 0x16, 0x1E, 0x23, 0xE2, 0x4A, 0x02, 0x8A, 0x9A, 0x12, 0xEA, 0x12, 0x8A, 0x22, 0x8A, 0x62, 0x8A, 0xA2, 0xBA, 0x22, 0xCA, 0x22, 0x82, 0x22, 0x02, 0x22, 0x3E, 0x23, 0xC2, 0x22, 0x02 };
static const uint8_t bitmap_1154[] = { 0x10, 0xC0, 0x14, 0x7C, 0x23, 0xC8, 0x4C, 0x7E, 0x8B, 0xC8, 0x10, 0x48, 0x14, 0x78, 0x23, 0xC8, 0x60, 0x40, 0xA8, 0x7C, 0x27, 0xC0, 0x20, 0x40, 0x30, 0x7E, 0x2F, 0xC0, 0x20, 0x40, 0x20, 0x40 };
static const uint8_t bitmap_1155[] = { 0x10, 0x40, 0x10, 0xA0, 0x20, 0x90, 0x29, 0x08, 0x4A, 0x34, 0x93, 0xC2, 0x14, 0x40, 0x28, 0x7C, 0x67, 0xC0, 0xA0, 0x50, 0x22, 0x48, 0x22, 0x48, 0x24, 0x44, 0x25, 0x44, 0x28, 0xC0, 0x20, 0x80 };
static const uint8_t bitmap_1156[] = { 0x10, 0xC0, 0x10, 0x40, 0x24, 0x7C, 0x43, 0xC0, 0x90, 0x40, 0x18, 0x7E, 0x27, 0xC0, 0x20, 0x40, 0x66, 0x5C, 0xA2, 0x60, 0x22, 0x40, 0x22, 0x40, 0x25, 0x40, 0x24, 0xC0, 0x28, 0x60, 0x30, 0x1E };
static const uint8_t bitmap_1157[] = { 0x10, 0x00, 0x13, 0x78, 0x21, 0x90, 0x49, 0x70, 0x89, 0x90, 0x11, 0x70, 0x11, 0x80, 0x24, 0x7C, 0x63, 0x90, 0xA8, 0x7E, 0x27, 0x90, 0x22, 0x10, 0x21, 0x10, 0x21, 0x50, 0x20, 0x30, 0x20, 0x20 };
static const uint8_t bitmap_1158[] = { 0x13, 0x60, 0x11, 0x20, 0x21, 0x20, 0x4B, 0x2E, 0x95, 0x30, 0x11, 0x20, 0x2B, 0x2C, 0x25, 0x30, 0x61, 0x20, 0xA1, 0x20, 0x2B, 0x2E, 0x25, 0x30, 0x21, 0x20, 0x21, 0x20, 0x21, 0x20, 0x21, 0x20 };
static const uint8_t bitmap_1159[] = { 0x10, 0xC0, 0x16, 0x40, 0x22, 0x5C, 0x42, 0x60, 0x92, 0x40, 0x1A, 0x7E, 0x27, 0x80, 0x20, 0x40, 0x60, 0x40, 0xA6, 0x5C, 0x22, 0x60, 0x22, 0x40, 0x25, 0x40, 0x24, 0xC0, 0x28, 0x20, 0x30, 0x1E };
static const uint8_t bitmap_1160[] = { 0x24, 0x00, 0x24, 0x36, 0x45, 0xDA, 0x96, 0x12, 0x1A, 0x12, 0x33, 0xD2, 0x2E, 0x12, 0x62, 0x12, 0xA2, 0xD2, 0x2B, 0x1A, 0x2A, 0x36, 0x2A, 0xD4, 0x2B, 0x10, 0x3C, 0x10, 0x20, 0x10, 0x20, 0x10 };
static const uint8_t bitmap_1161[] = { 0x10, 0x0C, 0x14, 0x70, 0x27, 0xA0, 0x4C, 0x20, 0x96, 0x3E, 0x15, 0xE0, 0x24, 0x20, 0x67, 0x3C, 0xA5, 0xC4, 0x25, 0x3C, 0x25, 0xC4, 0x25, 0x3C, 0x29, 0xC4, 0x29, 0x3C, 0x31, 0xC4, 0x21, 0x04 };
static const uint8_t bitmap_1162[] = { 0x22, 0x10, 0x2A, 0x90, 0x4A, 0x90, 0x4B, 0xAE, 0x9E, 0xB8, 0x10, 0x48, 0x29, 0xA8, 0x26, 0x28, 0x61, 0x98, 0xA7, 0x08, 0x25, 0x14, 0x25, 0x54, 0x29, 0xA4, 0x2B, 0x22, 0x30, 0x42, 0x21, 0x82 };
static const uint8_t bitmap_1163[] = { 0x10, 0xC0, 0x14, 0x7E, 0x23, 0xC0, 0x48, 0x7E, 0x8B, 0xD4, 0x12, 0x94, 0x12, 0xFC, 0x23, 0x80, 0x64, 0x7E, 0xA3, 0x80, 0x20, 0x20, 0x22, 0x94, 0x22, 0x92, 0x22, 0x4A, 0x24, 0x28, 0x38, 0x1C };
static const uint8_t bitmap_1164[] = { 0x22, 0x10, 0x2A, 0x90, 0x4A, 0x90, 0x4B, 0x90, 0x9E, 0x2E, 0x11, 0xB8, 0x2E, 0x48, 0x25, 0x48, 0x67, 0x28, 0xAA, 0x98, 0x25, 0xC8, 0x2E, 0x48, 0x23, 0x14, 0x2A, 0x94, 0x36, 0xA2, 0x24, 0x42 };
static const uint8_t bitmap_1165[] = { 0x00, 0x00, 0x01, 0x00, 0x00, 0x80, 0x00, 0x40, 0x06, 0x40, 0x12, 0x48, 0x12, 0x04, 0x12, 0x02, 0x12, 0x02, 0x12, 0x02, 0x22, 0x00, 0x21, 0x08, 0x41, 0x08, 0x80, 0xC8, 0x00, 0x3C, 0x00, 0x00 };
static const uint8_t bitmap_1166[] = { 0x02, 0x00, 0x01, 0x08, 0x00, 0x88, 0x0C, 0x88, 0x04, 0x10, 0x04, 0x10, 0x14, 0x10, 0x14, 0x28, 0x14, 0x24, 0x24, 0x44, 0x24, 0x82, 0xC5, 0x02, 0x06, 0x08, 0x1A, 0x08, 0xE1, 0x88, 0x00, 0x7C };
static const uint8_t bitmap_1167[] = { 0x30, 0x00, 0x10, 0x00, 0x14, 0x78, 0x5B, 0x90, 0x54, 0x20, 0x54, 0x40, 0x90, 0x40, 0x90, 0x80, 0x10, 0x80, 0x11, 0x00, 0x11, 0x00, 0x12, 0x04, 0x12, 0x04, 0x12, 0x04, 0x11, 0xFE, 0x10, 0x00 };
static const uint8_t bitmap_1168[] = { 0x00, 0x00, 0x20, 0xF0, 0x1F, 0x20, 0x00, 0x20, 0x00, 0x20, 0x33, 0xE0, 0x1C, 0x20, 0x10, 0x08, 0x10, 0x08, 0x0F, 0xFC, 0x00, 0x88, 0x14, 0x44, 0x14, 0x22, 0x12, 0x2A, 0x21, 0x88, 0xC0, 0x7C };
static const uint8_t bitmap_1169[] = { 0x00, 0x00, 0x40, 0xFC, 0x3F, 0x08, 0x01, 0x08, 0x09, 0x08, 0x12, 0x08, 0x64, 0x08, 0x08, 0x50, 0x10, 0x30, 0x61, 0x20, 0x04, 0x88, 0x14, 0x44, 0x14, 0x42, 0x12, 0x0A, 0x21, 0x88, 0xC0, 0x7C };
static const uint8_t bitmap_1170[] = { 0x03, 0x00, 0x01, 0x00, 0x01, 0x00, 0x81, 0xFE, 0x7F, 0x00, 0x01, 0x00, 0x01, 0x00, 0x21, 0xF8, 0x1F, 0x00, 0x00, 0x88, 0x04, 0x44, 0x14, 0x22, 0x12, 0x22, 0x11, 0x08, 0x20, 0xC8, 0xC0, 0x3C };
static const uint8_t bitmap_1171[] = { 0x03, 0x00, 0x01, 0x00, 0x81, 0xFE, 0x7F, 0x00, 0x10, 0x00, 0x10, 0x00, 0x10, 0x00, 0x10, 0xF8, 0x1F, 0x00, 0x10, 0x88, 0x04, 0x44, 0x14, 0x22, 0x12, 0x22, 0x11, 0x08, 0x20, 0xC8, 0xC0, 0x3C };
static const uint8_t bitmap_1172[] = { 0x30, 0xC0, 0x10, 0x40, 0x10, 0x40, 0x5C, 0x5E, 0x57, 0xE0, 0x55, 0x00, 0x95, 0x00, 0x91, 0x00, 0x11, 0x00, 0x11, 0x00, 0x11, 0x00, 0x11, 0x00, 0x11, 0x00, 0x11, 0x1C, 0x11, 0xE0, 0x11, 0x00 };
static const uint8_t bitmap_1173[] = { 0x03, 0x00, 0x01, 0x00, 0x61, 0xFC, 0x3F, 0x08, 0x21, 0x08, 0x21, 0x08, 0x21, 0xF8, 0x3F, 0x08, 0x21, 0x00, 0x01, 0x00, 0x04, 0xC8, 0x14, 0x24, 0x12, 0x22, 0x11, 0x0A, 0x20, 0xC8, 0xC0, 0x3C };
static const uint8_t bitmap_1174[] = { 0x30, 0xD0, 0x10, 0x48, 0x10, 0x48, 0x58, 0x40, 0x56, 0x7E, 0x55, 0xC0, 0x90, 0x70, 0x90, 0xA0, 0x10, 0xA0, 0x10, 0xA0, 0x11, 0x20, 0x11, 0x20, 0x12, 0x24, 0x12, 0x24, 0x14, 0x24, 0x18, 0x1E };
static const uint8_t bitmap_1175[] = { 0x30, 0xC0, 0x10, 0x40, 0x10, 0x40, 0x5A, 0x7C, 0x57, 0xC8, 0x54, 0x48, 0x90, 0x48, 0x98, 0x7E, 0x17, 0xC0, 0x10, 0xA0, 0x10, 0x90, 0x11, 0x08, 0x11, 0x08, 0x12, 0x04, 0x14, 0x02, 0x18, 0x02 };
static const uint8_t bitmap_1176[] = { 0x30, 0xC0, 0x10, 0x40, 0x10, 0x40, 0x5A, 0x7E, 0x57, 0xC4, 0x52, 0x48, 0x94, 0x40, 0x90, 0xB0, 0x10, 0xA0, 0x10, 0xA0, 0x10, 0xA0, 0x11, 0x20, 0x11, 0x24, 0x12, 0x24, 0x14, 0x24, 0x18, 0x1E };
static const uint8_t bitmap_1177[] = { 0x01, 0x00, 0x01, 0x80, 0x02, 0x60, 0x02, 0x10, 0x05, 0x08, 0x08, 0x84, 0x10, 0x82, 0x21, 0xF8, 0xDE, 0x10, 0x00, 0x20, 0x00, 0xA8, 0x04, 0x44, 0x14, 0x22, 0x12, 0x2A, 0x21, 0x88, 0xC0, 0x7C };
static const uint8_t bitmap_1178[] = { 0x08, 0x00, 0x08, 0x00, 0x11, 0xFE, 0x3E, 0x44, 0x44, 0x44, 0x88, 0x84, 0x31, 0x08, 0x02, 0x48, 0x0C, 0x30, 0x70, 0x20, 0x00, 0x88, 0x04, 0x44, 0x14, 0x22, 0x12, 0x2A, 0x21, 0x88, 0xC0, 0x7C };
static const uint8_t bitmap_1179[] = { 0x04, 0x40, 0x05, 0xE0, 0x08, 0x18, 0x10, 0xF4, 0x2F, 0x12, 0xC2, 0x10, 0x02, 0x10, 0x04, 0xA0, 0x18, 0x60, 0x61, 0x40, 0x00, 0x88, 0x04, 0x44, 0x14, 0x42, 0x12, 0x12, 0x21, 0x90, 0xC0, 0x78 };
static const uint8_t bitmap_1180[] = { 0x30, 0x00, 0x14, 0x3E, 0x13, 0xE0, 0x58, 0x20, 0x54, 0x40, 0x54, 0x70, 0x90, 0x88, 0x90, 0xC4, 0x11, 0x42, 0x11, 0x42, 0x12, 0x40, 0x14, 0x40, 0x18, 0x40, 0x10, 0x40, 0x10, 0x40, 0x10, 0x40 };
static const uint8_t bitmap_1181[] = { 0x03, 0x00, 0x01, 0x00, 0x01, 0x00, 0x81, 0xFE, 0x7F, 0x40, 0x02, 0x20, 0x05, 0x10, 0x08, 0x88, 0x10, 0x84, 0x21, 0x02, 0xC0, 0x88, 0x04, 0x44, 0x14, 0x42, 0x12, 0x12, 0x21, 0x90, 0xC0, 0x78 };
static const uint8_t bitmap_1182[] = { 0x08, 0x00, 0x08, 0x00, 0x10, 0x7E, 0x1F, 0x80, 0x21, 0x78, 0x41, 0x80, 0x81, 0x7C, 0x01, 0x80, 0x01, 0x00, 0x01, 0x00, 0x01, 0x44, 0x14, 0x22, 0x14, 0x22, 0x12, 0x08, 0x21, 0x88, 0xC0, 0x7C };
static const uint8_t bitmap_1183[] = { 0x30, 0x00, 0x11, 0x1C, 0x9E, 0xE4, 0x72, 0x88, 0x22, 0x48, 0x44, 0x30, 0x34, 0x28, 0x08, 0x44, 0x34, 0x84, 0xC3, 0x02, 0x04, 0x88, 0x14, 0x44, 0x12, 0x42, 0x11, 0x12, 0x20, 0x90, 0xC0, 0x78 };
static const uint8_t bitmap_1184[] = { 0x30, 0x00, 0x14, 0x1E, 0x13, 0xE0, 0x58, 0x20, 0x54, 0x20, 0x54, 0x20, 0x93, 0x2C, 0x91, 0x30, 0x11, 0x20, 0x11, 0x20, 0x11, 0x20, 0x11, 0x20, 0x11, 0x20, 0x19, 0x3E, 0x17, 0xC0, 0x10, 0x00 };
static const uint8_t bitmap_1185[] = { 0x30, 0x20, 0x10, 0x20, 0x10, 0x20, 0x58, 0x40, 0x57, 0x7E, 0x55, 0xC4, 0x91, 0x04, 0x91, 0x04, 0x11, 0x3C, 0x11, 0xC4, 0x11, 0x04, 0x11, 0x04, 0x11, 0x04, 0x11, 0x3C, 0x11, 0xC4, 0x11, 0x04 };
static const uint8_t bitmap_1186[] = { 0x30, 0xC0, 0x10, 0x40, 0x12, 0x5E, 0x5B, 0xE0, 0x54, 0xA0, 0x54, 0xA0, 0x91, 0x3E, 0x91, 0xE4, 0x13, 0x24, 0x15, 0x24, 0x19, 0x24, 0x11, 0x34, 0x11, 0x2C, 0x11, 0x28, 0x10, 0x20, 0x10, 0x20 };
static const uint8_t bitmap_1187[] = { 0x30, 0x40, 0x10, 0x60, 0x10, 0x90, 0x58, 0x88, 0x55, 0x44, 0x55, 0x42, 0x92, 0x22, 0x94, 0x3C, 0x1B, 0xC8, 0x10, 0x08, 0x10, 0x10, 0x11, 0x10, 0x10, 0xA0, 0x10, 0x40, 0x10, 0x20, 0x10, 0x20 };
static const uint8_t bitmap_1188[] = { 0x00, 0x00, 0x30, 0xF8, 0x1F, 0x10, 0x11, 0x10, 0x11, 0xF0, 0x1F, 0x10, 0x11, 0x10, 0x11, 0x10, 0x11, 0xF0, 0x1E, 0x10, 0x00, 0x88, 0x14, 0x44, 0x14, 0x22, 0x12, 0x2A, 0x21, 0x88, 0xC0, 0x7C };
static const uint8_t bitmap_1189[] = { 0x02, 0x20, 0x02, 0x10, 0x04, 0x38, 0x09, 0xC4, 0x7E, 0x04, 0x08, 0xF0, 0x0F, 0x20, 0x08, 0x20, 0x08, 0xE0, 0x0F, 0x20, 0x08, 0x88, 0x04, 0x44, 0x14, 0x22, 0x12, 0x2A, 0x21, 0x88, 0xC0, 0x7C };
static const uint8_t bitmap_1190[] = { 0x30, 0x40, 0x10, 0x40, 0x10, 0x50, 0x58, 0x88, 0x54, 0x84, 0x55, 0x3C, 0x97, 0xC2, 0x90, 0x00, 0x13, 0x3C, 0x11, 0xC8, 0x11, 0x08, 0x11, 0x08, 0x11, 0x08, 0x11, 0x38, 0x11, 0xC8, 0x11, 0x08 };
static const uint8_t bitmap_1191[] = { 0x04, 0x00, 0x05, 0xC0, 0x06, 0x80, 0x09, 0xF8, 0x1F, 0x10, 0x20, 0x10, 0xE1, 0xF0, 0x1E, 0x10, 0x00, 0x10, 0x21, 0xF0, 0x1E, 0x10, 0x04, 0x88, 0x14, 0x44, 0x12, 0x52, 0x21, 0x12, 0xC0, 0xF8 };
static const uint8_t bitmap_1192[] = { 0x30, 0x60, 0x13, 0x20, 0x11, 0x20, 0x59, 0x20, 0x55, 0x3C, 0x53, 0xE0, 0x92, 0x20, 0x94, 0x20, 0x14, 0x3C, 0x13, 0xE0, 0x10, 0x20, 0x10, 0x20, 0x10, 0x20, 0x18, 0x3E, 0x17, 0xC0, 0x10, 0x00 };
static const uint8_t bitmap_1193[] = { 0x10, 0x00, 0x11, 0x9C, 0x1E, 0xE8, 0x32, 0x88, 0x24, 0xA8, 0x54, 0x98, 0x88, 0x94, 0x08, 0x84, 0x10, 0x7E, 0x25, 0x00, 0x44, 0x88, 0x94, 0x44, 0x12, 0x42, 0x12, 0x0A, 0x21, 0x88, 0xC0, 0x7C };
static const uint8_t bitmap_1194[] = { 0x30, 0x00, 0x12, 0x1C, 0x11, 0xE8, 0x58, 0x90, 0x54, 0x50, 0x52, 0x28, 0x90, 0x44, 0x90, 0xA2, 0x11, 0x22, 0x16, 0x3C, 0x11, 0xE0, 0x10, 0x20, 0x10, 0x20, 0x14, 0x3E, 0x13, 0xC0, 0x10, 0x00 };
static const uint8_t bitmap_1195[] = { 0x30, 0x60, 0x10, 0x20, 0x10, 0x20, 0x59, 0x3C, 0x54, 0xE0, 0x54, 0x20, 0x90, 0x20, 0x14, 0x3E, 0x13, 0xE0, 0x10, 0x40, 0x10, 0x50, 0x10, 0x88, 0x10, 0x84, 0x11, 0x3C, 0x17, 0xC2, 0x10, 0x02 };
static const uint8_t bitmap_1196[] = { 0x10, 0x20, 0x08, 0x20, 0x04, 0x40, 0x35, 0xF8, 0x1E, 0x10, 0x10, 0x10, 0x10, 0x10, 0x11, 0xF0, 0x1E, 0x10, 0x10, 0x80, 0x04, 0x48, 0x14, 0x24, 0x12, 0x22, 0x11, 0x0A, 0x20, 0xC8, 0xC0, 0x3C };
static const uint8_t bitmap_1197[] = { 0x30, 0xC0, 0x10, 0x40, 0x1A, 0x7C, 0x55, 0xC0, 0x54, 0x40, 0x58, 0x7E, 0x97, 0xD0, 0x90, 0x10, 0x14, 0x3E, 0x13, 0xD0, 0x11, 0x10, 0x10, 0x90, 0x10, 0x90, 0x10, 0x50, 0x10, 0x30, 0x10, 0x20 };
static const uint8_t bitmap_1198[] = { 0x03, 0x00, 0x01, 0x00, 0x81, 0xFE, 0x7E, 0x40, 0x04, 0x50, 0x34, 0x48, 0x24, 0x48, 0x24, 0x44, 0x44, 0x44, 0x80, 0x80, 0x04, 0x48, 0x04, 0x24, 0x12, 0x22, 0x11, 0x0A, 0x20, 0xC8, 0xC0, 0x3C };
static const uint8_t bitmap_1199[] = { 0x30, 0xC0, 0x10, 0x44, 0x12, 0x44, 0x59, 0x48, 0x55, 0x50, 0x50, 0x40, 0x98, 0x7E, 0x97, 0xA0, 0x10, 0xA0, 0x10, 0xA0, 0x10, 0xA0, 0x11, 0x20, 0x11, 0x24, 0x12, 0x24, 0x14, 0x24, 0x18, 0x1E };
static const uint8_t bitmap_1200[] = { 0x00, 0x00, 0x8F, 0x78, 0x71, 0x90, 0x11, 0x10, 0x11, 0x90, 0x15, 0x50, 0x19, 0x54, 0x22, 0x14, 0xCC, 0x0E, 0x00, 0x80, 0x04, 0x48, 0x14, 0x24, 0x12, 0x22, 0x11, 0x0A, 0x20, 0xC8, 0xC0, 0x3C };
static const uint8_t bitmap_1201[] = { 0x30, 0x00, 0x14, 0x3C, 0x13, 0xC0, 0x58, 0x00, 0x55, 0x3C, 0x55, 0xC8, 0x91, 0x08, 0x91, 0x38, 0x11, 0xC8, 0x11, 0x08, 0x11, 0x38, 0x11, 0xC8, 0x11, 0x00, 0x18, 0x7E, 0x17, 0x80, 0x10, 0x00 };
static const uint8_t bitmap_1202[] = { 0x10, 0x00, 0x10, 0x00, 0x97, 0xDE, 0x7A, 0x64, 0x22, 0x44, 0x24, 0x44, 0x74, 0x44, 0x0C, 0x5C, 0x12, 0x64, 0x22, 0x80, 0xC4, 0x48, 0x14, 0x24, 0x12, 0x22, 0x11, 0x0A, 0x20, 0xC8, 0xC0, 0x3C };
static const uint8_t bitmap_1203[] = { 0x33, 0x00, 0x11, 0x00, 0x15, 0x3E, 0x53, 0xC0, 0x59, 0x30, 0x55, 0x10, 0x91, 0x54, 0x91, 0x54, 0x11, 0x58, 0x11, 0x90, 0x11, 0x10, 0x12, 0x28, 0x12, 0x24, 0x14, 0x44, 0x18, 0x82, 0x13, 0x02 };
static const uint8_t bitmap_1204[] = { 0x30, 0x40, 0x10, 0x40, 0x18, 0x80, 0x55, 0x7C, 0x57, 0xA8, 0x52, 0xA8, 0x92, 0xA8, 0x92, 0xA8, 0x12, 0xA8, 0x12, 0xA8, 0x12, 0xA8, 0x12, 0xA8, 0x12, 0xA8, 0x1A, 0xFE, 0x17, 0x80, 0x10, 0x00 };
static const uint8_t bitmap_1205[] = { 0x30, 0x00, 0x13, 0x3C, 0x11, 0xC8, 0x59, 0x38, 0x55, 0xC8, 0x55, 0x08, 0x91, 0x38, 0x91, 0xC4, 0x11, 0x24, 0x11, 0x28, 0x11, 0x10, 0x11, 0x08, 0x11, 0x68, 0x11, 0x84, 0x16, 0x02, 0x10, 0x02 };
static const uint8_t bitmap_1206[] = { 0x00, 0x00, 0x30, 0xF8, 0x1F, 0x10, 0x11, 0x10, 0x19, 0xF0, 0x17, 0x90, 0x12, 0x50, 0x14, 0x50, 0x19, 0xF0, 0x1E, 0x10, 0x00, 0x88, 0x04, 0x44, 0x14, 0x22, 0x12, 0x2A, 0x21, 0x88, 0xC0, 0x7C };
static const uint8_t bitmap_1207[] = { 0x30, 0x18, 0x10, 0x60, 0x13, 0xC0, 0x58, 0x40, 0x54, 0x40, 0x54, 0x7E, 0x93, 0xC0, 0x90, 0x40, 0x10, 0x40, 0x16, 0x7C, 0x13, 0x88, 0x12, 0x08, 0x12, 0x08, 0x12, 0x78, 0x13, 0x88, 0x12, 0x08 };
static const uint8_t bitmap_1208[] = { 0x0C, 0xC0, 0x04, 0x40, 0x25, 0xF8, 0x1E, 0x40, 0x04, 0x40, 0x04, 0x40, 0x85, 0xFE, 0x7E, 0x40, 0x08, 0x30, 0x16, 0x08, 0x22, 0x94, 0xD2, 0x92, 0x12, 0x48, 0x2A, 0x48, 0x46, 0x40, 0x04, 0x00 };
static const uint8_t bitmap_1209[] = { 0x01, 0x00, 0x02, 0x00, 0x1B, 0xF0, 0x0E, 0x20, 0x09, 0xE0, 0x0E, 0x20, 0x09, 0xE0, 0x0E, 0x20, 0x09, 0xE0, 0x0E, 0x20, 0x08, 0x88, 0x04, 0x44, 0x14, 0x42, 0x12, 0x12, 0x21, 0x90, 0xC0, 0x78 };
static const uint8_t bitmap_1210[] = { 0x30, 0x40, 0x10, 0x60, 0x10, 0x90, 0x58, 0x88, 0x55, 0x04, 0x53, 0x3C, 0x94, 0xC2, 0x98, 0x00, 0x13, 0x3C, 0x11, 0xC8, 0x11, 0x08, 0x11, 0x08, 0x11, 0x08, 0x11, 0x78, 0x11, 0x88, 0x11, 0x08 };
static const uint8_t bitmap_1211[] = { 0x00, 0x00, 0x31, 0xF0, 0x1E, 0x20, 0x11, 0xE0, 0x1E, 0x20, 0x11, 0xE8, 0x1E, 0x90, 0x10, 0x60, 0x13, 0x18, 0x1D, 0x04, 0xE0, 0x82, 0x04, 0x48, 0x14, 0x44, 0x12, 0x12, 0x21, 0x92, 0xC0, 0x78 };
static const uint8_t bitmap_1212[] = { 0x00, 0x00, 0x41, 0xFC, 0x3E, 0x40, 0x04, 0x48, 0x44, 0x48, 0x24, 0x50, 0x14, 0x50, 0x14, 0x40, 0x85, 0xFE, 0x7E, 0x00, 0x00, 0x48, 0x04, 0x24, 0x12, 0x22, 0x11, 0x0A, 0x20, 0xC8, 0xC0, 0x3C };
static const uint8_t bitmap_1213[] = { 0x30, 0x60, 0x10, 0x20, 0x14, 0x3E, 0x5B, 0xC0, 0x54, 0x08, 0x54, 0x08, 0x92, 0x92, 0x92, 0x52, 0x12, 0x22, 0x12, 0x32, 0x12, 0x4A, 0x12, 0x8A, 0x13, 0x02, 0x12, 0x3E, 0x13, 0xC2, 0x12, 0x02 };
static const uint8_t bitmap_1214[] = { 0x32, 0x64, 0x11, 0x24, 0x10, 0xA8, 0x58, 0xA0, 0x55, 0x3E, 0x55, 0xC4, 0x91, 0x04, 0x91, 0x3C, 0x11, 0xC4, 0x11, 0x04, 0x11, 0x3C, 0x11, 0xC4, 0x11, 0x04, 0x11, 0x14, 0x11, 0x0C, 0x11, 0x08 };
static const uint8_t bitmap_1215[] = { 0x00, 0x78, 0x03, 0x90, 0x3D, 0x10, 0x11, 0x20, 0x89, 0xFE, 0x7F, 0x80, 0x05, 0x60, 0x09, 0x18, 0x11, 0x04, 0x25, 0x02, 0xC4, 0x48, 0x14, 0x24, 0x12, 0x22, 0x11, 0x0A, 0x20, 0xC8, 0xC0, 0x3C };
static const uint8_t bitmap_1216[] = { 0x30, 0x00, 0x13, 0x3C, 0x11, 0xC8, 0x59, 0x38, 0x55, 0xC8, 0x55, 0x38, 0x91, 0xC0, 0x94, 0x3C, 0x13, 0xC0, 0x10, 0x40, 0x18, 0x7E, 0x17, 0xC0, 0x10, 0x40, 0x10, 0x40, 0x10, 0x40, 0x10, 0x40 };
static const uint8_t bitmap_1217[] = { 0x30, 0x80, 0x10, 0x80, 0x10, 0x9E, 0x58, 0xE0, 0x55, 0x00, 0x56, 0x3C, 0x91, 0xC4, 0x91, 0x24, 0x19, 0x3E, 0x17, 0xC4, 0x11, 0x48, 0x12, 0x28, 0x12, 0x7E, 0x13, 0xA8, 0x12, 0x18, 0x10, 0x10 };
static const uint8_t bitmap_1218[] = { 0x30, 0xC0, 0x10, 0x40, 0x12, 0x7C, 0x59, 0xC0, 0x54, 0x40, 0x54, 0x7E, 0x93, 0xC4, 0x92, 0x38, 0x11, 0xD0, 0x10, 0x20, 0x18, 0x7E, 0x17, 0xE0, 0x10, 0x20, 0x10, 0xA0, 0x10, 0x40, 0x10, 0x40 };
static const uint8_t bitmap_1219[] = { 0x30, 0x00, 0x12, 0x3C, 0x11, 0xC0, 0x58, 0x40, 0x54, 0x78, 0x57, 0x88, 0x90, 0x88, 0x98, 0xFE, 0x17, 0x80, 0x10, 0x00, 0x13, 0x3C, 0x11, 0xC8, 0x11, 0x08, 0x11, 0x38, 0x11, 0xC8, 0x11, 0x08 };
static const uint8_t bitmap_1220[] = { 0x08, 0x40, 0x08, 0x40, 0x10, 0x40, 0x14, 0x9E, 0x25, 0xE8, 0x66, 0x88, 0xA4, 0x50, 0x24, 0x30, 0x24, 0x48, 0x24, 0x84, 0x23, 0x42, 0x04, 0x28, 0x14, 0x24, 0x12, 0x02, 0x21, 0x92, 0xC0, 0x78 };
static const uint8_t bitmap_1221[] = { 0x03, 0x00, 0x31, 0xF8, 0x1F, 0x10, 0x11, 0x10, 0x11, 0xF0, 0x1F, 0x00, 0x61, 0xFC, 0x3F, 0x08, 0x21, 0x08, 0x21, 0xF8, 0x3F, 0x08, 0x21, 0x44, 0x14, 0x22, 0x12, 0x2A, 0x21, 0x88, 0xC0, 0x7C };
static const uint8_t bitmap_1222[] = { 0x31, 0x08, 0x10, 0x88, 0x10, 0x90, 0x5B, 0x7C, 0x55, 0xC8, 0x55, 0x08, 0x91, 0x08, 0x91, 0x08, 0x11, 0x78, 0x11, 0xA8, 0x10, 0xA0, 0x10, 0xA0, 0x11, 0x24, 0x11, 0x24, 0x12, 0x24, 0x1C, 0x1E };
static const uint8_t bitmap_1223[] = { 0x08, 0x80, 0x08, 0x80, 0x11, 0x1E, 0x11, 0xE4, 0x32, 0x28, 0x55, 0x28, 0x91, 0x24, 0x12, 0x22, 0x14, 0xA2, 0x10, 0x60, 0x10, 0x48, 0x04, 0x84, 0x14, 0x42, 0x12, 0x22, 0x21, 0x88, 0xC0, 0x7C };
static const uint8_t bitmap_1224[] = { 0x00, 0x00, 0x18, 0xF0, 0x0F, 0x20, 0x08, 0xE0, 0x0F, 0x20, 0x08, 0xE0, 0x0F, 0x20, 0x88, 0xFE, 0x7F, 0x40, 0x04, 0x20, 0x09, 0xD0, 0x3E, 0x90, 0x04, 0x44, 0x22, 0x52, 0x21, 0x92, 0xC0, 0x78 };
static const uint8_t bitmap_1225[] = { 0x64, 0x00, 0x22, 0x4E, 0x21, 0x32, 0x31, 0x42, 0x6C, 0x42, 0x66, 0x7E, 0xA5, 0x92, 0xA5, 0x12, 0x24, 0x92, 0x24, 0x62, 0x24, 0x22, 0x24, 0x52, 0x24, 0x8A, 0x27, 0x0A, 0x24, 0x06, 0x24, 0x04 };
static const uint8_t bitmap_1226[] = { 0x05, 0x80, 0x8C, 0xBE, 0x74, 0xC0, 0x04, 0x80, 0x4C, 0xBC, 0x34, 0xC0, 0x04, 0x80, 0x8C, 0xBE, 0x74, 0xC0, 0x04, 0x80, 0x00, 0x88, 0x04, 0x44, 0x14, 0x42, 0x12, 0x12, 0x21, 0x90, 0xC0, 0x78 };
static const uint8_t bitmap_1227[] = { 0x30, 0xC0, 0x10, 0x40, 0x14, 0x7C, 0x5B, 0x90, 0x55, 0x10, 0x55, 0x18, 0x92, 0xA4, 0x92, 0x44, 0x14, 0x40, 0x18, 0x7E, 0x17, 0xC0, 0x10, 0x40, 0x10, 0x40, 0x10, 0x40, 0x10, 0x40, 0x10, 0x40 };
static const uint8_t bitmap_1228[] = { 0x30, 0xC0, 0x10, 0x5C, 0x10, 0x60, 0x58, 0x40, 0x56, 0x7C, 0x53, 0x88, 0x92, 0x78, 0x93, 0x88, 0x12, 0x08, 0x12, 0x78, 0x13, 0xC8, 0x12, 0x40, 0x18, 0x7E, 0x17, 0xC0, 0x10, 0x40, 0x10, 0x40 };
static const uint8_t bitmap_1229[] = { 0x30, 0xC0, 0x12, 0x7C, 0x11, 0xC0, 0x5A, 0x78, 0x55, 0xC0, 0x54, 0x7E, 0x93, 0xC0, 0x91, 0x3C, 0x11, 0xC8, 0x11, 0x38, 0x11, 0xC8, 0x11, 0x38, 0x11, 0xC8, 0x11, 0x28, 0x11, 0x18, 0x11, 0x10 };
static const uint8_t bitmap_1230[] = { 0x30, 0x60, 0x10, 0x20, 0x12, 0x3E, 0x59, 0xC0, 0x54, 0x00, 0x55, 0x3C, 0x91, 0xC8, 0x91, 0x08, 0x11, 0x38, 0x11, 0xE8, 0x10, 0x20, 0x11, 0x28, 0x11, 0x24, 0x12, 0xA2, 0x14, 0x62, 0x10, 0x40 };
static const uint8_t bitmap_1231[] = { 0x30, 0xC0, 0x10, 0x40, 0x12, 0x7E, 0x5B, 0xC4, 0x54, 0x08, 0x52, 0x6C, 0x93, 0xB4, 0x92, 0xA4, 0x12, 0xA4, 0x14, 0xB4, 0x1A, 0xAC, 0x11, 0x28, 0x11, 0x20, 0x12, 0x24, 0x14, 0x24, 0x18, 0x1E };
static const uint8_t bitmap_1232[] = { 0x03, 0x30, 0x01, 0x08, 0x81, 0xFE, 0x7F, 0x08, 0x00, 0x88, 0x6E, 0x90, 0x32, 0x50, 0x2E, 0x24, 0x31, 0x54, 0x06, 0x8E, 0x19, 0x02, 0x64, 0x88, 0x14, 0x44, 0x12, 0x52, 0x21, 0x92, 0xC0, 0x78 };
static const uint8_t bitmap_1233[] = { 0x30, 0x00, 0x13, 0x3C, 0x11, 0xC8, 0x59, 0x38, 0x55, 0xC8, 0x55, 0x08, 0x91, 0x38, 0x91, 0xC8, 0x10, 0x80, 0x11, 0x3E, 0x17, 0xD2, 0x10, 0x92, 0x11, 0x22, 0x16, 0x54, 0x10, 0x8C, 0x17, 0x08 };
static const uint8_t bitmap_1234[] = { 0x31, 0xB0, 0x10, 0x90, 0x12, 0xBC, 0x59, 0xD0, 0x54, 0x90, 0x54, 0xBE, 0x93, 0xC0, 0x90, 0x00, 0x13, 0x3C, 0x11, 0xC8, 0x11, 0x38, 0x11, 0xC8, 0x11, 0x08, 0x11, 0x38, 0x11, 0xC8, 0x11, 0x08 };
static const uint8_t bitmap_1235[] = { 0x30, 0x88, 0x10, 0x88, 0x10, 0x90, 0x59, 0x1E, 0x55, 0xE0, 0x55, 0x20, 0x93, 0x3C, 0x95, 0xE0, 0x19, 0x20, 0x11, 0x3C, 0x11, 0xE0, 0x11, 0x20, 0x11, 0x20, 0x11, 0x3E, 0x11, 0xC0, 0x11, 0x00 };
static const uint8_t bitmap_1236[] = { 0x03, 0x00, 0x81, 0xFE, 0x7F, 0x00, 0x01, 0xF8, 0x1F, 0x10, 0x11, 0xF0, 0x1F, 0x10, 0x11, 0xF0, 0x1F, 0x08, 0x01, 0xFC, 0x7E, 0x04, 0x04, 0x48, 0x14, 0x24, 0x12, 0x22, 0x21, 0x92, 0xC0, 0x78 };
static const uint8_t bitmap_1237[] = { 0x30, 0x60, 0x10, 0x20, 0x12, 0x3E, 0x5B, 0xC0, 0x56, 0x60, 0x52, 0x2E, 0x92, 0x30, 0x92, 0x20, 0x12, 0x20, 0x13, 0xBE, 0x12, 0xE4, 0x12, 0x84, 0x14, 0x84, 0x14, 0x9C, 0x18, 0xE4, 0x10, 0x84 };
static const uint8_t bitmap_1238[] = { 0x30, 0x00, 0x13, 0x3C, 0x11, 0xC8, 0x59, 0x08, 0x55, 0x38, 0x55, 0xC8, 0x91, 0x38, 0x91, 0xC8, 0x11, 0x38, 0x11, 0xC8, 0x11, 0x08, 0x19, 0x3E, 0x17, 0xD0, 0x10, 0x88, 0x11, 0x04, 0x16, 0x02 };
static const uint8_t bitmap_1239[] = { 0x30, 0x40, 0x10, 0x50, 0x10, 0x8C, 0x5B, 0xF2, 0x54, 0x20, 0x54, 0x3E, 0x93, 0xD0, 0x90, 0x8C, 0x13, 0x22, 0x1C, 0x28, 0x10, 0xCA, 0x13, 0x12, 0x10, 0x64, 0x11, 0x88, 0x10, 0x30, 0x13, 0xC0 };
static const uint8_t bitmap_1240[] = { 0x10, 0x00, 0x14, 0x3C, 0x23, 0xC0, 0xC8, 0x40, 0x13, 0x58, 0x21, 0x60, 0xE1, 0x40, 0x21, 0x40, 0x29, 0x7E, 0x27, 0xC0, 0x21, 0x00, 0x14, 0x88, 0x14, 0x44, 0x12, 0x52, 0x21, 0x92, 0xC0, 0x78 };
static const uint8_t bitmap_1241[] = { 0x04, 0x00, 0x04, 0xF8, 0x0F, 0x20, 0x34, 0x40, 0xC3, 0xE0, 0x0C, 0x18, 0x31, 0xF6, 0xDF, 0x10, 0x11, 0xF0, 0x1F, 0x10, 0x11, 0xF0, 0x1F, 0x50, 0x14, 0x24, 0x12, 0x22, 0x21, 0x8A, 0xC0, 0x78 };
static const uint8_t bitmap_1242[] = { 0x31, 0x02, 0x11, 0x2C, 0x19, 0xF0, 0x57, 0x20, 0x52, 0x20, 0x5B, 0x26, 0x95, 0x3C, 0x15, 0xE4, 0x17, 0x24, 0x19, 0x64, 0x11, 0xA4, 0x13, 0x24, 0x1D, 0x44, 0x11, 0x44, 0x11, 0x84, 0x11, 0x04 };
static const uint8_t bitmap_1243[] = { 0x30, 0x00, 0x13, 0x38, 0x11, 0xE8, 0x5B, 0x3E, 0x55, 0xD0, 0x55, 0x70, 0x91, 0x80, 0x16, 0x7C, 0x13, 0x88, 0x12, 0x48, 0x12, 0x48, 0x12, 0x48, 0x12, 0xA0, 0x11, 0x18, 0x12, 0x04, 0x1C, 0x02 };
static const uint8_t bitmap_1244[] = { 0x30, 0xC0, 0x14, 0x7C, 0x13, 0xC0, 0x50, 0xBC, 0x59, 0xE0, 0x56, 0x3E, 0x95, 0xC0, 0x99, 0x3C, 0x11, 0xC8, 0x11, 0x38, 0x11, 0xC8, 0x11, 0x38, 0x11, 0xC8, 0x11, 0x28, 0x11, 0x18, 0x11, 0x10 };
static const uint8_t bitmap_1245[] = { 0x30, 0x00, 0x11, 0x9E, 0x9E, 0xE4, 0x70, 0x9C, 0x18, 0xE4, 0x34, 0x9C, 0x32, 0xE4, 0x52, 0x84, 0x90, 0x9C, 0x10, 0xE4, 0x11, 0x00, 0x04, 0x88, 0x14, 0x44, 0x12, 0x52, 0x21, 0x92, 0xC0, 0x78 };
static const uint8_t bitmap_1246[] = { 0x30, 0x40, 0x10, 0x40, 0x12, 0xBC, 0x5B, 0xC8, 0x55, 0x38, 0x55, 0xC8, 0x91, 0x38, 0x91, 0xC0, 0x14, 0x3C, 0x13, 0xC0, 0x10, 0x78, 0x13, 0xC0, 0x10, 0x40, 0x18, 0x7E, 0x17, 0xC0, 0x10, 0x00 };
static const uint8_t bitmap_1247[] = { 0x04, 0x40, 0x85, 0xFE, 0x7E, 0x40, 0x05, 0x00, 0x81, 0xFE, 0x7F, 0x00, 0x04, 0xF0, 0x0F, 0x20, 0x18, 0x20, 0x28, 0xE0, 0xCF, 0x28, 0x04, 0xC4, 0x14, 0x22, 0x12, 0x2A, 0x21, 0x88, 0xC0, 0x7C };
static const uint8_t bitmap_1248[] = { 0x06, 0x60, 0x18, 0x24, 0xF0, 0xA4, 0x10, 0xA8, 0x9E, 0xB0, 0x71, 0x20, 0x38, 0x50, 0x54, 0x48, 0x54, 0x84, 0x91, 0x02, 0x12, 0x82, 0x04, 0x48, 0x14, 0x44, 0x12, 0x12, 0x21, 0x92, 0xC0, 0x78 };
static const uint8_t bitmap_1249[] = { 0x01, 0x00, 0x03, 0xC0, 0x04, 0x20, 0x09, 0xD8, 0x36, 0x04, 0xC0, 0x1A, 0x2E, 0xC8, 0x32, 0x48, 0x2E, 0x48, 0x32, 0x48, 0x2E, 0x38, 0x32, 0x10, 0x14, 0x44, 0x12, 0x22, 0x21, 0x92, 0xC0, 0x78 };
static const uint8_t bitmap_1250[] = { 0x60, 0xC0, 0x20, 0xA0, 0x21, 0x10, 0x31, 0x08, 0x6A, 0x3C, 0x67, 0xC2, 0xA8, 0x0C, 0xB5, 0xD4, 0x26, 0x54, 0x25, 0xD4, 0x26, 0x54, 0x25, 0xD4, 0x26, 0x44, 0x25, 0x54, 0x24, 0xCC, 0x24, 0x88 };
static const uint8_t bitmap_1251[] = { 0x03, 0x00, 0x21, 0xF8, 0x1F, 0x20, 0x08, 0x40, 0x85, 0xFE, 0x7E, 0x00, 0x09, 0xF0, 0x0E, 0x20, 0x09, 0xE0, 0x0E, 0x20, 0x09, 0xE0, 0x0E, 0x48, 0x12, 0x24, 0x11, 0x22, 0x20, 0xCA, 0xC0, 0x3C };
static const uint8_t bitmap_1252[] = { 0x30, 0x00, 0x12, 0xAE, 0x13, 0xB4, 0x5A, 0xAC, 0x57, 0xB4, 0x54, 0x00, 0x92, 0x78, 0x91, 0x80, 0x14, 0x7E, 0x13, 0x80, 0x11, 0x7C, 0x11, 0x88, 0x12, 0x08, 0x10, 0x50, 0x10, 0x30, 0x10, 0x20 };
static const uint8_t bitmap_1253[] = { 0x00, 0x00, 0x30, 0xF8, 0x1F, 0x10, 0x11, 0xF0, 0x1F, 0x10, 0x11, 0xF0, 0x1F, 0x00, 0xC1, 0xFE, 0x7F, 0x44, 0x41, 0x24, 0x41, 0xFC, 0x5E, 0x88, 0x44, 0x44, 0x12, 0x52, 0x21, 0x92, 0xC0, 0x78 };
static const uint8_t bitmap_1254[] = { 0x00, 0xD8, 0x00, 0x44, 0x60, 0xFE, 0x3F, 0x48, 0x20, 0x48, 0x2B, 0x28, 0x24, 0x30, 0x2B, 0x14, 0x4D, 0x2C, 0x4B, 0x46, 0x8D, 0x88, 0x00, 0x44, 0x14, 0x22, 0x12, 0x2A, 0x21, 0x88, 0xC0, 0x7C };
static const uint8_t bitmap_1255[] = { 0x30, 0x00, 0x16, 0x3E, 0x13, 0xE4, 0x5A, 0xA4, 0x56, 0xBC, 0x53, 0xC4, 0x92, 0x40, 0x94, 0x7E, 0x13, 0xC0, 0x10, 0x80, 0x10, 0xBC, 0x11, 0xC8, 0x11, 0x08, 0x12, 0x50, 0x14, 0x30, 0x18, 0x20 };
static const uint8_t bitmap_1256[] = { 0x30, 0x60, 0x12, 0x3C, 0x11, 0xE0, 0x58, 0xA8, 0x54, 0xBE, 0x57, 0xC8, 0x90, 0x88, 0x90, 0xBC, 0x13, 0xC4, 0x11, 0x24, 0x11, 0x24, 0x11, 0x24, 0x11, 0x24, 0x10, 0x50, 0x10, 0x8C, 0x17, 0x02 };
static const uint8_t bitmap_1257[] = { 0x30, 0x40, 0x10, 0x40, 0x16, 0xBC, 0x5B, 0xC8, 0x56, 0x78, 0x53, 0xC8, 0x92, 0x48, 0x92, 0x78, 0x13, 0x88, 0x12, 0xD0, 0x11, 0x58, 0x11, 0x6C, 0x12, 0x74, 0x12, 0x44, 0x14, 0x44, 0x18, 0x3E };
static const uint8_t bitmap_1258[] = { 0x00, 0x00, 0x61, 0xFC, 0x3E, 0x80, 0x20, 0xF8, 0x27, 0x10, 0x24, 0xF0, 0x27, 0x10, 0x24, 0xF0, 0x27, 0xA0, 0x28, 0x98, 0x2A, 0x84, 0x31, 0xA0, 0x4A, 0x94, 0x4A, 0x12, 0x91, 0x8A, 0x20, 0x78 };
static const uint8_t bitmap_1259[] = { 0x10, 0x20, 0x08, 0x40, 0x84, 0xFE, 0x7F, 0x10, 0x12, 0x24, 0x24, 0x48, 0x3C, 0x78, 0x4A, 0x94, 0x12, 0x2E, 0x3D, 0x72, 0xE1, 0x88, 0x04, 0x44, 0x14, 0x22, 0x12, 0x2A, 0x21, 0x88, 0xC0, 0x7C };
static const uint8_t bitmap_1260[] = { 0x30, 0x88, 0x14, 0xBE, 0x13, 0xC8, 0x58, 0xA8, 0x54, 0xA0, 0x54, 0x3E, 0x97, 0xC0, 0x92, 0x00, 0x12, 0x3C, 0x13, 0xC0, 0x12, 0x10, 0x11, 0x50, 0x11, 0x54, 0x12, 0x54, 0x14, 0x54, 0x18, 0x0E };
static const uint8_t bitmap_1261[] = { 0x30, 0x60, 0x12, 0x3C, 0x13, 0xE0, 0x59, 0x38, 0x55, 0xC8, 0x55, 0x38, 0x91, 0xC8, 0x91, 0x38, 0x11, 0xC8, 0x11, 0x38, 0x11, 0xC8, 0x15, 0x3E, 0x13, 0xD0, 0x10, 0x88, 0x11, 0x04, 0x16, 0x02 };
static const uint8_t bitmap_1262[] = { 0x04, 0x40, 0x85, 0xFE, 0x7E, 0x40, 0x15, 0xF0, 0x0E, 0x20, 0x09, 0xE0, 0x0E, 0x20, 0x09, 0xE0, 0x0E, 0x40, 0x84, 0xFE, 0x7F, 0x20, 0x12, 0x18, 0x2A, 0x94, 0xCA, 0x4A, 0x36, 0x48, 0x04, 0x00 };
static const uint8_t bitmap_1263[] = { 0x30, 0x00, 0x13, 0x3C, 0x11, 0xC8, 0x59, 0x38, 0x55, 0xC8, 0x55, 0x38, 0x91, 0xC0, 0x94, 0x3E, 0x17, 0xD2, 0x14, 0xBE, 0x17, 0xC8, 0x11, 0x38, 0x10, 0xD0, 0x10, 0x30, 0x10, 0xCC, 0x17, 0x02 };
static const uint8_t bitmap_1264[] = { 0x18, 0x60, 0x4E, 0xBC, 0x38, 0x60, 0x4E, 0xB8, 0x38, 0x60, 0x8F, 0x3E, 0x79, 0xF0, 0x0E, 0x10, 0x11, 0xF0, 0x0E, 0x10, 0x21, 0xF0, 0x1E, 0x88, 0x14, 0x44, 0x12, 0x52, 0x21, 0x12, 0xC0, 0xF8 };
static const uint8_t bitmap_1265[] = { 0x30, 0x00, 0x16, 0xEE, 0x13, 0x54, 0x52, 0xC4, 0x5B, 0x54, 0x56, 0x54, 0x92, 0xDE, 0x93, 0x68, 0x12, 0x10, 0x13, 0x1C, 0x12, 0x98, 0x12, 0xE8, 0x13, 0x2A, 0x1C, 0x2A, 0x10, 0x4A, 0x11, 0x86 };
static const uint8_t bitmap_1266[] = { 0x00, 0x0C, 0x67, 0x84, 0x39, 0x04, 0x27, 0x8E, 0x38, 0x74, 0x27, 0x44, 0x38, 0x24, 0x27, 0xA4, 0x5C, 0x14, 0x55, 0x0C, 0xAD, 0x88, 0x28, 0x50, 0x12, 0x24, 0x12, 0x22, 0x21, 0x8A, 0xC0, 0x78 };
static const uint8_t bitmap_1267[] = { 0x60, 0xC0, 0x20, 0x40, 0x2C, 0x7E, 0x37, 0xC0, 0x6D, 0x78, 0x64, 0xC8, 0xA6, 0x7E, 0xA5, 0xC8, 0x25, 0x78, 0x24, 0xC4, 0x26, 0x48, 0x25, 0x70, 0x28, 0xC8, 0x29, 0x44, 0x36, 0xC2, 0x20, 0x80 };
static const uint8_t bitmap_1268[] = { 0x19, 0x20, 0x49, 0x20, 0x2A, 0x4E, 0xAF, 0x78, 0xF9, 0x88, 0x8D, 0x50, 0xAB, 0x30, 0xC9, 0x28, 0x89, 0x44, 0x8B, 0x82, 0x01, 0x00, 0x04, 0x88, 0x14, 0x44, 0x12, 0x52, 0x21, 0x92, 0xC0, 0x78 };
static const uint8_t bitmap_1269[] = { 0x31, 0x10, 0x10, 0x90, 0x12, 0xBE, 0x5B, 0xC4, 0x56, 0x54, 0x53, 0x64, 0x92, 0x7C, 0x93, 0xC0, 0x11, 0x3C, 0x11, 0xC8, 0x11, 0x38, 0x11, 0xC8, 0x11, 0x08, 0x11, 0x38, 0x11, 0xC8, 0x11, 0x08 };
static const uint8_t bitmap_1270[] = { 0x30, 0x90, 0x10, 0x90, 0x11, 0x3E, 0x59, 0xE0, 0x57, 0x20, 0x55, 0x3C, 0x91, 0xE0, 0x91, 0x3C, 0x11, 0xE0, 0x11, 0x20, 0x11, 0x3E, 0x11, 0xC0, 0x12, 0x28, 0x13, 0x24, 0x14, 0x92, 0x18, 0x92 };
static const uint8_t bitmap_1271[] = { 0x00, 0x20, 0x5E, 0x20, 0x24, 0x2E, 0x9F, 0x78, 0x64, 0x88, 0x5D, 0x48, 0x66, 0x30, 0x5C, 0x10, 0x66, 0x28, 0x4C, 0x44, 0x75, 0x82, 0xC4, 0x88, 0x14, 0x44, 0x12, 0x52, 0x21, 0x12, 0xC0, 0xF8 };
static const uint8_t bitmap_1272[] = { 0x30, 0x18, 0x10, 0x14, 0x16, 0x3E, 0x5B, 0xD0, 0x56, 0x14, 0x53, 0xF4, 0x92, 0x08, 0x13, 0xEA, 0x14, 0xB6, 0x14, 0xE2, 0x18, 0x48, 0x12, 0xA4, 0x12, 0xA2, 0x12, 0x8A, 0x14, 0x48, 0x18, 0x3C };
static const uint8_t bitmap_1273[] = { 0x31, 0x20, 0x19, 0x7E, 0x17, 0xA8, 0x51, 0x70, 0x5B, 0xC0, 0x54, 0x7E, 0x97, 0xC8, 0x12, 0x78, 0x13, 0xC8, 0x12, 0x78, 0x13, 0xC0, 0x14, 0x7C, 0x13, 0xC0, 0x18, 0x7E, 0x17, 0x80, 0x10, 0x00 };
static const uint8_t bitmap_1274[] = { 0x64, 0x00, 0x25, 0xCE, 0x2E, 0xB2, 0x69, 0x12, 0x73, 0xAC, 0xAE, 0xA4, 0xAA, 0xD8, 0x2B, 0xAE, 0x2E, 0xB8, 0x2A, 0xC8, 0x2B, 0x8E, 0x2E, 0xB8, 0x2A, 0x88, 0x2A, 0x88, 0x31, 0x88, 0x21, 0x08 };
static const uint8_t bitmap_1275[] = { 0x30, 0x40, 0x16, 0x7C, 0x13, 0x84, 0x5A, 0x54, 0x57, 0x64, 0x52, 0x7C, 0x93, 0xC4, 0x92, 0xF4, 0x13, 0x4C, 0x12, 0x40, 0x18, 0x7E, 0x17, 0xC0, 0x10, 0xB0, 0x11, 0x08, 0x12, 0x04, 0x1C, 0x02 };
static const uint8_t bitmap_1276[] = { 0x66, 0x20, 0x22, 0x2E, 0x33, 0xB4, 0x6E, 0x28, 0x72, 0x4E, 0xAB, 0xB2, 0xAE, 0xAA, 0x2A, 0xAA, 0x2B, 0xAA, 0x2E, 0x2A, 0x23, 0x2A, 0x26, 0xAA, 0x2A, 0x88, 0x2A, 0x14, 0x32, 0x22, 0x22, 0xC2 };
static const uint8_t bitmap_1277[] = { 0x30, 0x00, 0x14, 0x7C, 0x13, 0xC0, 0x54, 0x7E, 0x57, 0xC4, 0x58, 0x58, 0x93, 0x40, 0x98, 0x3E, 0x17, 0xC0, 0x10, 0x40, 0x16, 0xBE, 0x13, 0xE4, 0x12, 0xA4, 0x12, 0xB4, 0x12, 0xAC, 0x12, 0x08 };
static const uint8_t bitmap_1278[] = { 0x03, 0x00, 0x01, 0x30, 0x01, 0x08, 0x01, 0x04, 0x81, 0xFE, 0x7F, 0x00, 0x01, 0x10, 0x01, 0x10, 0x00, 0xA0, 0x00, 0xA0, 0x00, 0x40, 0x00, 0xC0, 0x03, 0x24, 0x0C, 0x14, 0x70, 0x0C, 0x00, 0x06 };
static const uint8_t bitmap_1279[] = { 0x03, 0x30, 0x01, 0x08, 0x01, 0x00, 0x61, 0xFE, 0x3F, 0x00, 0x21, 0x08, 0x21, 0x08, 0x20, 0x90, 0x20, 0x90, 0x20, 0xA0, 0x20, 0x40, 0x20, 0xC0, 0x41, 0x24, 0x46, 0x14, 0x98, 0x0C, 0x00, 0x06 };
static const uint8_t bitmap_1280[] = { 0x03, 0x30, 0x01, 0x08, 0x01, 0x04, 0x61, 0xFE, 0x3F, 0x00, 0x21, 0x08, 0x21, 0x08, 0x20, 0x88, 0x36, 0x90, 0x28, 0x90, 0x20, 0x60, 0x20, 0x40, 0x40, 0xA4, 0x43, 0x14, 0x9C, 0x0C, 0x00, 0x06 };
static const uint8_t bitmap_1281[] = { 0x01, 0xB0, 0x00, 0x88, 0x00, 0x88, 0x80, 0xFE, 0x7F, 0x80, 0x00, 0x88, 0x18, 0x88, 0x08, 0x48, 0x8F, 0x50, 0x78, 0x50, 0x10, 0x20, 0x10, 0x54, 0x20, 0x94, 0x41, 0x08, 0x86, 0x0C, 0x18, 0x06 };
static const uint8_t bitmap_1282[] = { 0x00, 0xD0, 0x00, 0x48, 0x8E, 0x44, 0x74, 0x44, 0x06, 0x5E, 0x45, 0xE0, 0x28, 0x44, 0x18, 0x44, 0x08, 0x48, 0x14, 0x28, 0x14, 0x28, 0x22, 0x12, 0x22, 0x32, 0x40, 0x4C, 0x81, 0x86, 0x06, 0x02 };
static const uint8_t bitmap_1283[] = { 0x00, 0xD8, 0x00, 0x44, 0x00, 0x44, 0x60, 0x7E, 0x3F, 0xC0, 0x20, 0x48, 0x20, 0x48, 0x2F, 0x48, 0x32, 0x50, 0x22, 0x50, 0x22, 0x20, 0x34, 0x20, 0x4C, 0x54, 0x48, 0x94, 0x83, 0x0C, 0x0C, 0x06 };
static const uint8_t bitmap_1284[] = { 0x02, 0xC0, 0x04, 0x58, 0x18, 0x44, 0xF0, 0x44, 0x10, 0x40, 0x91, 0xFE, 0x7E, 0x40, 0x10, 0x48, 0x12, 0x48, 0x1C, 0x50, 0xF0, 0x30, 0x10, 0x20, 0x10, 0x54, 0x51, 0x94, 0x36, 0x0C, 0x20, 0x06 };
static const uint8_t bitmap_1285[] = { 0x00, 0xD8, 0x00, 0x44, 0x00, 0x44, 0x80, 0xFE, 0x7F, 0x40, 0x00, 0x48, 0x32, 0x48, 0x12, 0x48, 0x97, 0xD0, 0x7A, 0x50, 0x12, 0x20, 0x22, 0x20, 0x22, 0x54, 0x40, 0x94, 0x83, 0x0C, 0x0C, 0x06 };
static const uint8_t bitmap_1286[] = { 0x01, 0x98, 0x00, 0x84, 0x00, 0x84, 0x81, 0xFE, 0x7E, 0x80, 0x00, 0x88, 0x6E, 0x88, 0x34, 0x48, 0x24, 0x50, 0x2C, 0x50, 0x35, 0x20, 0x06, 0x64, 0x38, 0x94, 0xC1, 0x08, 0x06, 0x06, 0x18, 0x02 };
static const uint8_t bitmap_1287[] = { 0x30, 0xD0, 0x10, 0x48, 0x10, 0x44, 0x16, 0x44, 0x1A, 0x5E, 0x11, 0xE0, 0x10, 0x44, 0xDE, 0x44, 0x64, 0x48, 0x44, 0x28, 0x44, 0x28, 0x44, 0x12, 0x5C, 0x32, 0x64, 0x4C, 0x41, 0x86, 0x06, 0x02 };
static const uint8_t bitmap_1288[] = { 0x00, 0xD8, 0x00, 0x44, 0x60, 0x7E, 0x3F, 0xC0, 0x22, 0x40, 0x23, 0x48, 0x22, 0x48, 0x33, 0xA8, 0x2E, 0x28, 0x23, 0x28, 0x2A, 0x90, 0x2A, 0x92, 0x4E, 0x2A, 0x52, 0x4C, 0x81, 0x86, 0x06, 0x02 };
static const uint8_t bitmap_1289[] = { 0x18, 0xC0, 0x08, 0x58, 0x4F, 0x44, 0x38, 0x44, 0x89, 0xFE, 0x7E, 0x40, 0x14, 0x48, 0x27, 0x28, 0x7C, 0x28, 0xA7, 0x28, 0x3C, 0x10, 0x27, 0x14, 0x3C, 0x34, 0x27, 0x48, 0x38, 0x8C, 0x23, 0x06 };
static const uint8_t bitmap_1290[] = { 0x00, 0x68, 0xBB, 0x24, 0x55, 0x24, 0x55, 0x20, 0x33, 0x3E, 0xDD, 0xE0, 0x11, 0x28, 0x2F, 0x28, 0x78, 0x28, 0x4E, 0x28, 0xF8, 0x10, 0x4E, 0x10, 0x78, 0x2A, 0x4F, 0x4A, 0x70, 0x8C, 0x43, 0x06 };
static const uint8_t bitmap_1291[] = { 0x18, 0x68, 0x4F, 0x24, 0x38, 0x24, 0x8F, 0xFE, 0xF9, 0x20, 0x4F, 0x24, 0x79, 0x24, 0x4F, 0x28, 0x7D, 0x28, 0x14, 0x10, 0x57, 0x12, 0x3C, 0x12, 0x97, 0xAA, 0x7A, 0x4C, 0x21, 0x86, 0xC3, 0x02 };
static const uint8_t bitmap_1292[] = { 0x03, 0x00, 0x01, 0x00, 0x01, 0x00, 0x31, 0xF8, 0x1E, 0x10, 0x10, 0x10, 0x10, 0x10, 0x11, 0xF0, 0x1E, 0x10, 0x10, 0x00, 0x10, 0x00, 0x10, 0x00, 0x20, 0x00, 0x20, 0x00, 0x40, 0x00, 0x80, 0x00 };
static const uint8_t bitmap_1293[] = { 0x01, 0x80, 0x00, 0x80, 0x30, 0xFC, 0x1F, 0x08, 0x10, 0x08, 0x10, 0xF8, 0x1F, 0x88, 0x10, 0x80, 0x10, 0xFE, 0x1F, 0x80, 0x11, 0x78, 0x21, 0x90, 0x22, 0x10, 0x42, 0xA0, 0x84, 0x60, 0x18, 0x40 };
static const uint8_t bitmap_1294[] = { 0x01, 0x0C, 0x66, 0xB0, 0x38, 0xC0, 0x20, 0x80, 0x2E, 0x80, 0x32, 0x9E, 0x22, 0xE8, 0x22, 0x88, 0x2E, 0x88, 0x32, 0x88, 0x20, 0x88, 0x20, 0x88, 0x21, 0x08, 0x41, 0x08, 0x42, 0x08, 0x8C, 0x08 };
static const uint8_t bitmap_1295[] = { 0x03, 0x00, 0x01, 0x00, 0x61, 0xFC, 0x3E, 0x08, 0x20, 0x08, 0x21, 0xF8, 0x3E, 0x00, 0x20, 0xFE, 0x2F, 0x24, 0x29, 0x24, 0x29, 0x7C, 0x2F, 0xA4, 0x49, 0x24, 0x49, 0x34, 0x89, 0x2C, 0x08, 0x08 };
static const uint8_t bitmap_1296[] = { 0x01, 0x80, 0x00, 0x80, 0x60, 0xFC, 0x3F, 0x08, 0x20, 0x08, 0x20, 0xF8, 0x3F, 0x00, 0x20, 0x9E, 0x33, 0x64, 0x2D, 0x44, 0x29, 0x24, 0x2B, 0x2C, 0x45, 0x34, 0x49, 0xC4, 0xB7, 0x1C, 0x02, 0x08 };
static const uint8_t bitmap_1297[] = { 0x00, 0x30, 0x00, 0xC0, 0x03, 0x00, 0x3D, 0x00, 0x01, 0x00, 0x41, 0xFC, 0x3E, 0x80, 0x00, 0x80, 0x81, 0xFE, 0x7E, 0x80, 0x00, 0x80, 0x00, 0x80, 0x00, 0x80, 0x02, 0x80, 0x01, 0x00, 0x01, 0x00 };
static const uint8_t bitmap_1298[] = { 0x00, 0xC0, 0x00, 0x40, 0x00, 0x40, 0x81, 0xFE, 0x7E, 0x40, 0x00, 0xC0, 0x00, 0xC0, 0x01, 0x40, 0x01, 0x40, 0x02, 0x40, 0x04, 0x40, 0x08, 0x40, 0x30, 0x40, 0xC1, 0x40, 0x00, 0xC0, 0x00, 0x80 };
static const uint8_t bitmap_1299[] = { 0x30, 0xC0, 0x10, 0x40, 0x10, 0x40, 0x9E, 0x40, 0x70, 0x40, 0x10, 0x40, 0x10, 0x40, 0x16, 0x40, 0x18, 0x40, 0x30, 0x40, 0xD0, 0x40, 0x10, 0x40, 0x10, 0x44, 0x50, 0x44, 0x30, 0x44, 0x20, 0x3E };
static const uint8_t bitmap_1300[] = { 0x30, 0xC0, 0x10, 0x40, 0x10, 0x40, 0x9E, 0x40, 0x70, 0x40, 0x10, 0x70, 0x10, 0x48, 0x16, 0x44, 0x18, 0x42, 0x30, 0x42, 0xD0, 0x40, 0x10, 0x40, 0x10, 0x40, 0x50, 0x40, 0x30, 0x40, 0x20, 0x40 };
static const uint8_t bitmap_1301[] = { 0x30, 0x10, 0x11, 0xB8, 0x10, 0x90, 0x9C, 0x90, 0x70, 0x88, 0x10, 0x88, 0x14, 0x88, 0x18, 0x88, 0x30, 0x84, 0xD1, 0x04, 0x11, 0x04, 0x11, 0x02, 0x12, 0x02, 0x52, 0x02, 0x34, 0x02, 0x28, 0x02 };
static const uint8_t bitmap_1302[] = { 0x30, 0x00, 0x12, 0x3E, 0x11, 0xD0, 0x9E, 0x10, 0x70, 0x10, 0x10, 0x10, 0x10, 0x10, 0x16, 0x10, 0x38, 0x10, 0xD0, 0x10, 0x10, 0x10, 0x10, 0x10, 0x10, 0x10, 0x50, 0x50, 0x30, 0x30, 0x20, 0x20 };
static const uint8_t bitmap_1303[] = { 0x30, 0x00, 0x14, 0x78, 0x13, 0x90, 0x9D, 0x10, 0x71, 0x10, 0x11, 0x20, 0x15, 0x2E, 0x19, 0x34, 0x31, 0x24, 0xD1, 0x04, 0x12, 0x08, 0x12, 0x08, 0x12, 0x08, 0x54, 0x50, 0x34, 0x30, 0x28, 0x20 };
static const uint8_t bitmap_1304[] = { 0x30, 0x18, 0x10, 0x20, 0x10, 0xC0, 0x9F, 0x40, 0x70, 0x40, 0x10, 0x40, 0x14, 0x40, 0x1C, 0x7E, 0x33, 0xC0, 0xD0, 0x40, 0x10, 0x40, 0x10, 0x40, 0x10, 0x44, 0x50, 0x44, 0x30, 0x24, 0x20, 0x1E };
static const uint8_t bitmap_1305[] = { 0x30, 0x00, 0x10, 0x00, 0x16, 0x3C, 0x99, 0xC0, 0x70, 0x40, 0x10, 0x40, 0x14, 0x40, 0x18, 0x40, 0x30, 0x40, 0xD0, 0x40, 0x10, 0x40, 0x10, 0x40, 0x10, 0x40, 0x58, 0x7E, 0x37, 0x80, 0x20, 0x00 };
static const uint8_t bitmap_1306[] = { 0x30, 0x00, 0x10, 0x00, 0x11, 0x9E, 0x9E, 0xE2, 0x70, 0x82, 0x10, 0x82, 0x16, 0x82, 0x18, 0x82, 0x30, 0x82, 0xD0, 0x82, 0x10, 0x82, 0x10, 0x82, 0x10, 0x9E, 0x50, 0xE2, 0x30, 0x82, 0x20, 0x82 };
static const uint8_t bitmap_1307[] = { 0x31, 0x80, 0x10, 0x80, 0x10, 0x80, 0x9C, 0xF8, 0x73, 0x90, 0x10, 0x90, 0x12, 0x90, 0x1D, 0x90, 0x30, 0x90, 0xD0, 0xD0, 0x11, 0x30, 0x11, 0x2A, 0x12, 0x0A, 0x52, 0x04, 0x34, 0x06, 0x20, 0x02 };
static const uint8_t bitmap_1308[] = { 0x30, 0x60, 0x10, 0x20, 0x10, 0x20, 0x9D, 0x3E, 0x71, 0xC0, 0x11, 0x00, 0x15, 0x00, 0x19, 0x00, 0x31, 0x00, 0xD1, 0x00, 0x11, 0x00, 0x11, 0x00, 0x12, 0x00, 0x52, 0x00, 0x34, 0x00, 0x20, 0x00 };
static const uint8_t bitmap_1309[] = { 0x30, 0x00, 0x10, 0x00, 0x11, 0x1E, 0x9E, 0xE2, 0x70, 0x02, 0x10, 0x02, 0x16, 0x02, 0x19, 0x1E, 0x30, 0xE2, 0xD0, 0x02, 0x10, 0x02, 0x10, 0x02, 0x10, 0x02, 0x52, 0x1E, 0x31, 0xE2, 0x20, 0x02 };
static const uint8_t bitmap_1310[] = { 0x30, 0x00, 0x14, 0x78, 0x13, 0x90, 0x9C, 0x20, 0x70, 0x40, 0x10, 0x80, 0x15, 0x7E, 0x1B, 0xA4, 0x30, 0xA4, 0xD1, 0x24, 0x11, 0x44, 0x12, 0x44, 0x1C, 0x88, 0x51, 0x28, 0x36, 0x18, 0x20, 0x10 };
static const uint8_t bitmap_1311[] = { 0x30, 0x00, 0x14, 0x3C, 0x13, 0xC8, 0x9C, 0x88, 0x70, 0x88, 0x12, 0x88, 0x14, 0xB8, 0x1B, 0xC8, 0x30, 0x88, 0xD0, 0x88, 0x11, 0x08, 0x11, 0x08, 0x11, 0x08, 0x59, 0x3E, 0x37, 0xC0, 0x20, 0x00 };
static const uint8_t bitmap_1312[] = { 0x30, 0x20, 0x11, 0x60, 0x11, 0x10, 0x9D, 0x08, 0x72, 0x08, 0x12, 0x04, 0x16, 0x3A, 0x19, 0xCA, 0x30, 0x88, 0xD0, 0x88, 0x10, 0x88, 0x11, 0x08, 0x11, 0x08, 0x52, 0x50, 0x34, 0x30, 0x28, 0x20 };
static const uint8_t bitmap_1313[] = { 0x30, 0x60, 0x10, 0x20, 0x10, 0x20, 0x9C, 0x20, 0x73, 0x20, 0x15, 0x2C, 0x19, 0x30, 0x11, 0x20, 0x31, 0x20, 0xD1, 0x20, 0x11, 0x20, 0x11, 0x20, 0x11, 0x20, 0x55, 0x3E, 0x33, 0xC0, 0x20, 0x00 };
static const uint8_t bitmap_1314[] = { 0x30, 0xD0, 0x10, 0x48, 0x10, 0x48, 0x9C, 0x40, 0x74, 0x7E, 0x13, 0xC0, 0x14, 0x70, 0x18, 0xA0, 0x30, 0xA0, 0xD0, 0xA0, 0x10, 0xA0, 0x11, 0x20, 0x11, 0x24, 0x52, 0x24, 0x34, 0x24, 0x28, 0x1E };
static const uint8_t bitmap_1315[] = { 0x30, 0x0C, 0x13, 0x30, 0x11, 0xC0, 0x9F, 0x00, 0x71, 0x00, 0x11, 0x1C, 0x11, 0xE4, 0x1F, 0x88, 0x31, 0x48, 0xD1, 0x28, 0x12, 0x10, 0x12, 0x18, 0x14, 0x24, 0x58, 0x44, 0x31, 0x82, 0x26, 0x02 };
static const uint8_t bitmap_1316[] = { 0x30, 0xC0, 0x10, 0x40, 0x10, 0x40, 0x9C, 0x7C, 0x73, 0xC0, 0x10, 0x40, 0x10, 0x40, 0x1C, 0x7E, 0x33, 0xC0, 0xD0, 0xA0, 0x10, 0x90, 0x11, 0x08, 0x11, 0x08, 0x52, 0x04, 0x34, 0x02, 0x28, 0x02 };
static const uint8_t bitmap_1317[] = { 0x36, 0x60, 0x12, 0x20, 0x12, 0x20, 0x9E, 0x24, 0x72, 0x2C, 0x12, 0xF0, 0x17, 0x20, 0x1A, 0x20, 0x32, 0x20, 0xD2, 0x20, 0x12, 0x20, 0x12, 0x20, 0x12, 0xE4, 0x53, 0x24, 0x3C, 0x24, 0x20, 0x1E };
static const uint8_t bitmap_1318[] = { 0x30, 0x00, 0x16, 0x3E, 0x13, 0xC0, 0x9E, 0x00, 0x72, 0x00, 0x13, 0xBC, 0x16, 0xC8, 0x1A, 0x88, 0x32, 0xA8, 0xD2, 0x98, 0x12, 0x90, 0x12, 0x80, 0x14, 0x84, 0x54, 0x84, 0x38, 0x84, 0x20, 0x7E };
static const uint8_t bitmap_1319[] = { 0x31, 0xB0, 0x10, 0x88, 0x10, 0x88, 0x9C, 0x80, 0x74, 0xBE, 0x13, 0xC0, 0x14, 0x88, 0x18, 0x88, 0x30, 0x50, 0xD0, 0x50, 0x10, 0x20, 0x10, 0x60, 0x10, 0x94, 0x53, 0x14, 0x3C, 0x0C, 0x20, 0x06 };
static const uint8_t bitmap_1320[] = { 0x00, 0x00, 0x08, 0xF0, 0x07, 0x40, 0x02, 0x84, 0x01, 0x44, 0x9D, 0xE8, 0x6B, 0x10, 0x08, 0xE8, 0x17, 0x88, 0x10, 0x84, 0x30, 0xFC, 0x2F, 0x82, 0x40, 0x82, 0x82, 0x80, 0x01, 0x00, 0x01, 0x00 };
static const uint8_t bitmap_1321[] = { 0x30, 0x60, 0x10, 0x20, 0x10, 0x20, 0x9E, 0x3E, 0x71, 0xE0, 0x10, 0x20, 0x16, 0x3C, 0x19, 0xC4, 0x30, 0x08, 0xD0, 0x48, 0x10, 0x30, 0x10, 0x10, 0x10, 0x28, 0x50, 0x44, 0x31, 0x84, 0x26, 0x02 };
static const uint8_t bitmap_1322[] = { 0x30, 0x60, 0x10, 0x20, 0x13, 0x28, 0x9D, 0x24, 0x71, 0x22, 0x11, 0x22, 0x12, 0x20, 0x1A, 0x24, 0x34, 0x24, 0xD0, 0x28, 0x10, 0x08, 0x10, 0x10, 0x10, 0x20, 0x50, 0x40, 0x31, 0x80, 0x26, 0x00 };
static const uint8_t bitmap_1323[] = { 0x30, 0x00, 0x16, 0x3C, 0x13, 0xC8, 0x9E, 0x48, 0x72, 0x48, 0x12, 0x48, 0x16, 0x48, 0x1A, 0x78, 0x33, 0xC8, 0xD2, 0x00, 0x12, 0x00, 0x12, 0x00, 0x12, 0x04, 0x52, 0x04, 0x31, 0x04, 0x20, 0xFE };
static const uint8_t bitmap_1324[] = { 0x30, 0x40, 0x10, 0x40, 0x12, 0xEE, 0x9F, 0x34, 0x72, 0x24, 0x12, 0x24, 0x16, 0x24, 0x1A, 0x24, 0x32, 0x24, 0xD2, 0x24, 0x12, 0x74, 0x13, 0xAC, 0x16, 0x28, 0x50, 0x20, 0x30, 0x20, 0x20, 0x20 };
static const uint8_t bitmap_1325[] = { 0x30, 0x00, 0x11, 0x1C, 0x10, 0xE8, 0x9C, 0x10, 0x70, 0x90, 0x10, 0x60, 0x14, 0x5E, 0x1B, 0xE4, 0x30, 0x28, 0xD0, 0x30, 0x10, 0x20, 0x10, 0x20, 0x10, 0x20, 0x50, 0xA0, 0x30, 0x60, 0x20, 0x40 };
static const uint8_t bitmap_1326[] = { 0x30, 0x1C, 0x16, 0x70, 0x13, 0x90, 0x9E, 0x10, 0x72, 0xD0, 0x12, 0x50, 0x16, 0x48, 0x1A, 0x48, 0x32, 0x48, 0xD2, 0x44, 0x12, 0x44, 0x12, 0x44, 0x14, 0x42, 0x54, 0x42, 0x38, 0x42, 0x20, 0x02 };
static const uint8_t bitmap_1327[] = { 0x30, 0x00, 0x13, 0x78, 0x11, 0x90, 0x9D, 0x10, 0x71, 0x10, 0x11, 0x10, 0x15, 0x0E, 0x1A, 0x00, 0x34, 0x78, 0xD3, 0x88, 0x10, 0x90, 0x10, 0x60, 0x10, 0x30, 0x50, 0x48, 0x31, 0x84, 0x26, 0x02 };
static const uint8_t bitmap_1328[] = { 0x30, 0x30, 0x10, 0x10, 0x10, 0x90, 0x9C, 0x50, 0x70, 0x50, 0x11, 0x10, 0x14, 0x90, 0x18, 0x96, 0x30, 0x18, 0xD0, 0x70, 0x11, 0x90, 0x16, 0x10, 0x10, 0x10, 0x50, 0x10, 0x30, 0x10, 0x20, 0x10 };
static const uint8_t bitmap_1329[] = { 0x30, 0x60, 0x10, 0x20, 0x12, 0x3E, 0x9D, 0xC0, 0x70, 0x00, 0x11, 0xB8, 0x14, 0xD0, 0x18, 0x90, 0x30, 0x90, 0xD0, 0x90, 0x10, 0x90, 0x10, 0x90, 0x11, 0x14, 0x51, 0x14, 0x32, 0x14, 0x2C, 0x0E };
static const uint8_t bitmap_1330[] = { 0x30, 0x0C, 0x10, 0x10, 0x13, 0x60, 0x9D, 0x80, 0x71, 0x00, 0x11, 0x1E, 0x15, 0xF0, 0x19, 0x10, 0x31, 0x10, 0xD1, 0x10, 0x11, 0x10, 0x12, 0x10, 0x12, 0x10, 0x54, 0x10, 0x38, 0x10, 0x20, 0x10 };
static const uint8_t bitmap_1331[] = { 0x30, 0x00, 0x12, 0x3C, 0x11, 0xC0, 0x9C, 0x40, 0x70, 0x40, 0x10, 0x40, 0x14, 0x7E, 0x1B, 0xC0, 0x30, 0x70, 0xD0, 0xA0, 0x10, 0xA0, 0x11, 0x20, 0x11, 0x24, 0x52, 0x24, 0x34, 0x24, 0x28, 0x1E };
static const uint8_t bitmap_1332[] = { 0x66, 0x30, 0x22, 0x10, 0x22, 0x10, 0xBB, 0x90, 0x6E, 0xDE, 0x22, 0xB4, 0x2A, 0x94, 0x32, 0x94, 0xE2, 0x94, 0x22, 0x94, 0x24, 0xA4, 0x24, 0xA8, 0x24, 0xC8, 0xA8, 0x84, 0x70, 0x84, 0x40, 0x7E };
static const uint8_t bitmap_1333[] = { 0x30, 0x00, 0x16, 0x3E, 0x13, 0xC0, 0x9E, 0x08, 0x72, 0x88, 0x12, 0x48, 0x16, 0x30, 0x1A, 0x10, 0x32, 0x28, 0xD2, 0x28, 0x12, 0x44, 0x12, 0x84, 0x13, 0x00, 0x52, 0x3E, 0x33, 0xC0, 0x22, 0x00 };
static const uint8_t bitmap_1334[] = { 0x30, 0x40, 0x10, 0xA0, 0x10, 0x90, 0x9D, 0x08, 0x72, 0x04, 0x15, 0x02, 0x19, 0x08, 0x11, 0x30, 0x31, 0xC0, 0xD1, 0x00, 0x11, 0x00, 0x11, 0x04, 0x11, 0x04, 0x50, 0x84, 0x30, 0x7E, 0x20, 0x00 };
static const uint8_t bitmap_1335[] = { 0x30, 0x40, 0x10, 0xA0, 0x10, 0x90, 0x9D, 0x08, 0x72, 0x04, 0x15, 0x3A, 0x19, 0xD0, 0x11, 0x10, 0x31, 0x10, 0xD1, 0x50, 0x11, 0x30, 0x11, 0x20, 0x11, 0x04, 0x50, 0x84, 0x30, 0x7E, 0x20, 0x00 };
static const uint8_t bitmap_1336[] = { 0x30, 0x60, 0x10, 0x20, 0x10, 0x20, 0x9C, 0x3E, 0x73, 0xC4, 0x11, 0x04, 0x15, 0x04, 0x19, 0x3C, 0x31, 0xC4, 0xD1, 0x00, 0x11, 0x00, 0x11, 0x00, 0x11, 0x00, 0x52, 0x00, 0x32, 0x00, 0x24, 0x00 };
static const uint8_t bitmap_1337[] = { 0x30, 0x00, 0x13, 0x3C, 0x11, 0xC8, 0x9D, 0x08, 0x71, 0x28, 0x11, 0x18, 0x15, 0x10, 0x19, 0x1E, 0x31, 0xE4, 0xD1, 0x44, 0x11, 0x24, 0x11, 0x18, 0x11, 0x08, 0x51, 0x14, 0x31, 0x22, 0x21, 0xC2 };
static const uint8_t bitmap_1338[] = { 0x30, 0xC0, 0x10, 0x40, 0x12, 0x7C, 0x9F, 0xC8, 0x72, 0x50, 0x12, 0x40, 0x12, 0x78, 0x17, 0xC8, 0x3A, 0x10, 0xD2, 0x90, 0x12, 0x60, 0x14, 0x20, 0x14, 0x50, 0x58, 0x88, 0x31, 0x04, 0x26, 0x02 };
static const uint8_t bitmap_1339[] = { 0x30, 0x40, 0x10, 0x40, 0x10, 0x50, 0x9C, 0x88, 0x70, 0x84, 0x11, 0x3C, 0x17, 0xC2, 0x18, 0x02, 0x30, 0x00, 0xD3, 0x3C, 0x11, 0xC8, 0x11, 0x08, 0x11, 0x08, 0x51, 0x38, 0x31, 0xC8, 0x21, 0x08 };
static const uint8_t bitmap_1340[] = { 0x31, 0x00, 0x11, 0x00, 0x11, 0x7C, 0x9F, 0x88, 0x72, 0x08, 0x14, 0xE8, 0x17, 0x48, 0x1A, 0x48, 0x32, 0xC8, 0xD3, 0x48, 0x12, 0x50, 0x12, 0x30, 0x12, 0x24, 0x52, 0x04, 0x31, 0x04, 0x20, 0xFE };
static const uint8_t bitmap_1341[] = { 0x30, 0x18, 0x16, 0x60, 0x13, 0xC0, 0x9E, 0x40, 0x72, 0x40, 0x12, 0x3E, 0x17, 0xE0, 0x1A, 0x20, 0x32, 0x20, 0xD2, 0x10, 0x12, 0x10, 0x12, 0x52, 0x12, 0x8A, 0x53, 0x4C, 0x36, 0x26, 0x20, 0x22 };
static const uint8_t bitmap_1342[] = { 0x30, 0x60, 0x10, 0x20, 0x10, 0x20, 0x9C, 0x3E, 0x73, 0xE0, 0x10, 0x20, 0x14, 0x20, 0x1A, 0x3C, 0x31, 0xE0, 0xD0, 0x70, 0x10, 0xA8, 0x10, 0xA4, 0x11, 0x24, 0x52, 0x22, 0x3C, 0x22, 0x20, 0x20 };
static const uint8_t bitmap_1343[] = { 0x30, 0x00, 0x16, 0x3E, 0x13, 0xC4, 0x9E, 0x44, 0x72, 0x7C, 0x13, 0xC4, 0x16, 0x44, 0x1A, 0x44, 0x32, 0x7C, 0xD3, 0xC4, 0x12, 0x40, 0x10, 0x40, 0x10, 0x40, 0x50, 0x40, 0x30, 0x40, 0x20, 0x40 };
static const uint8_t bitmap_1344[] = { 0x30, 0xC0, 0x10, 0x40, 0x10, 0x40, 0x9C, 0x40, 0x72, 0x7E, 0x13, 0xC4, 0x16, 0x44, 0x1A, 0x44, 0x32, 0x7C, 0xD3, 0xC4, 0x12, 0x44, 0x12, 0x44, 0x12, 0x44, 0x52, 0x7C, 0x33, 0xC4, 0x22, 0x04 };
static const uint8_t bitmap_1345[] = { 0x63, 0x60, 0x21, 0x20, 0x29, 0x7C, 0xBF, 0xA8, 0x61, 0x28, 0x25, 0x78, 0x2F, 0xA8, 0x35, 0x20, 0xE5, 0x7E, 0x2F, 0xA2, 0x29, 0x22, 0x21, 0x34, 0x22, 0x2C, 0xA2, 0x28, 0x64, 0x20, 0x58, 0x20 };
static const uint8_t bitmap_1346[] = { 0x31, 0x80, 0x10, 0x40, 0x10, 0x40, 0x9C, 0x7C, 0x73, 0xC0, 0x10, 0x40, 0x14, 0x40, 0x18, 0x40, 0x34, 0x78, 0xD3, 0xC0, 0x10, 0x40, 0x10, 0x40, 0x10, 0x40, 0x58, 0x7E, 0x37, 0x80, 0x20, 0x00 };
static const uint8_t bitmap_1347[] = { 0x30, 0x00, 0x13, 0x3C, 0x11, 0xC8, 0x9D, 0x08, 0x71, 0x08, 0x11, 0x38, 0x15, 0xC8, 0x19, 0x08, 0x31, 0x08, 0xD1, 0x38, 0x11, 0xC8, 0x11, 0x00, 0x10, 0x00, 0x58, 0x7E, 0x37, 0x80, 0x20, 0x00 };
static const uint8_t bitmap_1348[] = { 0x30, 0x18, 0x16, 0x60, 0x13, 0x80, 0x9E, 0x00, 0x72, 0x00, 0x12, 0x3E, 0x13, 0xE0, 0x1E, 0x20, 0x32, 0x20, 0xD2, 0xF0, 0x12, 0x28, 0x12, 0x24, 0x14, 0x20, 0x54, 0x20, 0x38, 0x20, 0x20, 0x20 };
static const uint8_t bitmap_1349[] = { 0x30, 0x00, 0x16, 0x3C, 0x13, 0xC8, 0x9E, 0x88, 0x72, 0x48, 0x12, 0x48, 0x16, 0x3E, 0x1B, 0xC8, 0x32, 0x88, 0xD2, 0x48, 0x12, 0x48, 0x14, 0x3E, 0x17, 0xC8, 0x54, 0x50, 0x30, 0x30, 0x20, 0x20 };
static const uint8_t bitmap_1350[] = { 0x30, 0xC0, 0x10, 0x40, 0x10, 0x40, 0x9C, 0x7C, 0x73, 0x80, 0x10, 0x08, 0x14, 0x08, 0x1A, 0x08, 0x32, 0x10, 0xD1, 0x10, 0x11, 0x10, 0x11, 0x20, 0x11, 0x20, 0x58, 0x7E, 0x37, 0x80, 0x20, 0x00 };
static const uint8_t bitmap_1351[] = { 0x30, 0x64, 0x12, 0x24, 0x11, 0x24, 0x90, 0xA8, 0x7C, 0xA0, 0x12, 0x3C, 0x11, 0xE0, 0x1C, 0x20, 0x30, 0x20, 0xD4, 0x3E, 0x13, 0xE0, 0x10, 0x20, 0x10, 0x20, 0x50, 0x20, 0x30, 0x20, 0x20, 0x20 };
static const uint8_t bitmap_1352[] = { 0x30, 0x20, 0x10, 0x20, 0x10, 0x40, 0x9D, 0x5E, 0x71, 0xE4, 0x11, 0x04, 0x13, 0x04, 0x1D, 0x04, 0x31, 0x3C, 0xD1, 0xC4, 0x11, 0x04, 0x11, 0x04, 0x11, 0x04, 0x51, 0x3C, 0x31, 0xC4, 0x21, 0x04 };
static const uint8_t bitmap_1353[] = { 0x30, 0x40, 0x10, 0x60, 0x10, 0x90, 0x9C, 0x88, 0x71, 0x44, 0x11, 0x24, 0x12, 0x22, 0x1C, 0x3C, 0x33, 0xC8, 0xD0, 0x08, 0x10, 0x10, 0x11, 0x10, 0x10, 0xA0, 0x50, 0x40, 0x30, 0x20, 0x20, 0x20 };
static const uint8_t bitmap_1354[] = { 0x30, 0x00, 0x13, 0x3C, 0x11, 0xC8, 0x9F, 0x08, 0x71, 0x08, 0x11, 0x38, 0x15, 0xC8, 0x19, 0x40, 0x34, 0x7E, 0xD3, 0xC4, 0x10, 0x44, 0x10, 0x84, 0x10, 0x84, 0x51, 0x28, 0x32, 0x18, 0x2C, 0x10 };
static const uint8_t bitmap_1355[] = { 0x30, 0x00, 0x16, 0x3C, 0x13, 0xC0, 0x9E, 0x00, 0x72, 0x00, 0x12, 0x3C, 0x13, 0xC8, 0x16, 0x08, 0x3A, 0x08, 0xD2, 0x38, 0x13, 0xC8, 0x12, 0x00, 0x12, 0x00, 0x52, 0x3E, 0x33, 0xC0, 0x22, 0x00 };
static const uint8_t bitmap_1356[] = { 0x30, 0x00, 0x14, 0x3E, 0x13, 0xC0, 0x9C, 0x40, 0x70, 0x40, 0x10, 0x80, 0x14, 0x80, 0x19, 0x3C, 0x31, 0xC8, 0xD3, 0x08, 0x15, 0x08, 0x19, 0x08, 0x11, 0x08, 0x51, 0x38, 0x31, 0xC8, 0x21, 0x08 };
static const uint8_t bitmap_1357[] = { 0x31, 0xB0, 0x10, 0x88, 0x10, 0x88, 0x9C, 0x80, 0x74, 0xBE, 0x13, 0xC0, 0x14, 0x9C, 0x18, 0xE8, 0x30, 0x88, 0xD1, 0x48, 0x11, 0x30, 0x12, 0x10, 0x14, 0x28, 0x58, 0x44, 0x31, 0x84, 0x26, 0x02 };
static const uint8_t bitmap_1358[] = { 0x30, 0x80, 0x10, 0x80, 0x10, 0x80, 0x9D, 0x3E, 0x71, 0xC0, 0x12, 0x20, 0x17, 0x2E, 0x19, 0x34, 0x31, 0xE4, 0xD7, 0x34, 0x11, 0x2C, 0x11, 0x28, 0x11, 0x20, 0x51, 0x04, 0x30, 0x84, 0x20, 0x7E };
static const uint8_t bitmap_1359[] = { 0x61, 0x30, 0x21, 0x10, 0x22, 0x10, 0xBA, 0x90, 0x62, 0xDE, 0x24, 0xB2, 0x27, 0x12, 0x3D, 0x12, 0x21, 0x12, 0xE2, 0x12, 0x22, 0xA2, 0x25, 0xA2, 0x26, 0x44, 0xB8, 0x54, 0x60, 0x8C, 0x43, 0x08 };
static const uint8_t bitmap_1360[] = { 0x30, 0x80, 0x10, 0x80, 0x10, 0x80, 0x9D, 0x3E, 0x71, 0xC2, 0x12, 0x02, 0x17, 0x72, 0x19, 0xA2, 0x31, 0x22, 0xD1, 0x62, 0x11, 0xA2, 0x11, 0x24, 0x10, 0x04, 0x50, 0x24, 0x30, 0x18, 0x20, 0x10 };
static const uint8_t bitmap_1361[] = { 0x30, 0x60, 0x10, 0x20, 0x12, 0x22, 0x9E, 0x22, 0x72, 0x22, 0x12, 0x3E, 0x17, 0xE2, 0x1A, 0x20, 0x30, 0x20, 0xD0, 0x22, 0x12, 0x22, 0x12, 0x22, 0x12, 0x22, 0x52, 0x3E, 0x33, 0xC2, 0x22, 0x02 };
static const uint8_t bitmap_1362[] = { 0x30, 0x00, 0x12, 0x1E, 0x11, 0xE4, 0x9C, 0x44, 0x70, 0x44, 0x10, 0xA8, 0x14, 0x98, 0x19, 0x10, 0x33, 0x3C, 0xD5, 0xC8, 0x11, 0x08, 0x11, 0x08, 0x11, 0x08, 0x51, 0x38, 0x31, 0xC8, 0x21, 0x08 };
static const uint8_t bitmap_1363[] = { 0x0C, 0x00, 0x12, 0x1E, 0x31, 0xE0, 0xD0, 0x20, 0x11, 0x3C, 0x9C, 0xE0, 0x70, 0x20, 0x11, 0x3C, 0x10, 0xE0, 0x9C, 0x20, 0x72, 0x3E, 0x11, 0xE0, 0x20, 0x20, 0x20, 0x20, 0x40, 0x20, 0x80, 0x20 };
static const uint8_t bitmap_1364[] = { 0x32, 0x18, 0x13, 0x08, 0x12, 0x88, 0x9E, 0x48, 0x72, 0x48, 0x12, 0x28, 0x16, 0x28, 0x1A, 0x08, 0x32, 0x08, 0xD2, 0x48, 0x12, 0x90, 0x13, 0x18, 0x16, 0x24, 0x50, 0x44, 0x31, 0x82, 0x26, 0x02 };
static const uint8_t bitmap_1365[] = { 0x31, 0x80, 0x10, 0xB0, 0x10, 0x88, 0x9C, 0x84, 0x74, 0xFE, 0x13, 0x80, 0x10, 0xC8, 0x1D, 0x48, 0x31, 0x48, 0xD1, 0x48, 0x11, 0x50, 0x12, 0x50, 0x12, 0x64, 0x54, 0x44, 0x35, 0xA4, 0x28, 0x1E };
static const uint8_t bitmap_1366[] = { 0x30, 0x40, 0x10, 0x40, 0x10, 0x40, 0x9C, 0x9E, 0x73, 0xE0, 0x10, 0x80, 0x14, 0xF0, 0x1B, 0x20, 0x31, 0x3C, 0xD3, 0xE0, 0x12, 0x28, 0x11, 0x24, 0x11, 0x24, 0x52, 0xA2, 0x34, 0x62, 0x20, 0x40 };
static const uint8_t bitmap_1367[] = { 0x30, 0x00, 0x16, 0x3E, 0x13, 0xC4, 0x9E, 0x44, 0x72, 0x7C, 0x13, 0xC4, 0x16, 0x44, 0x1A, 0x44, 0x32, 0x7C, 0xD3, 0xC4, 0x12, 0x44, 0x12, 0x44, 0x12, 0x44, 0x54, 0x54, 0x34, 0x4C, 0x28, 0x08 };
static const uint8_t bitmap_1368[] = { 0x31, 0x08, 0x10, 0x88, 0x10, 0x90, 0x9E, 0xBC, 0x71, 0xC0, 0x10, 0x00, 0x14, 0x00, 0x18, 0x00, 0x32, 0x3C, 0xD1, 0xC0, 0x10, 0x00, 0x10, 0x00, 0x10, 0x00, 0x54, 0x3E, 0x33, 0xC0, 0x20, 0x00 };
static const uint8_t bitmap_1369[] = { 0x30, 0x60, 0x10, 0x20, 0x10, 0x20, 0x9D, 0x3E, 0x71, 0xC4, 0x12, 0x08, 0x10, 0x00, 0x1A, 0x3E, 0x31, 0xE0, 0xD0, 0x20, 0x10, 0x20, 0x10, 0x20, 0x10, 0x20, 0x50, 0xA0, 0x30, 0x60, 0x20, 0x40 };
static const uint8_t bitmap_1370[] = { 0x30, 0x50, 0x11, 0x48, 0x11, 0x44, 0x9E, 0x5E, 0x73, 0xE0, 0x16, 0x40, 0x10, 0x5C, 0x1C, 0xE8, 0x30, 0x88, 0xD0, 0x88, 0x11, 0x50, 0x11, 0x30, 0x12, 0x28, 0x5C, 0x44, 0x30, 0x82, 0x27, 0x02 };
static const uint8_t bitmap_1371[] = { 0x30, 0x00, 0x14, 0x78, 0x13, 0x90, 0x9D, 0x20, 0x70, 0xC0, 0x10, 0xA0, 0x15, 0x58, 0x1A, 0x44, 0x34, 0x7A, 0xD3, 0xC0, 0x10, 0x40, 0x14, 0x7E, 0x13, 0xC0, 0x50, 0x40, 0x30, 0x40, 0x20, 0x40 };
static const uint8_t bitmap_1372[] = { 0x30, 0x18, 0x10, 0x60, 0x13, 0xC0, 0x9C, 0x40, 0x70, 0x40, 0x14, 0x7E, 0x13, 0xC0, 0x18, 0x40, 0x30, 0x40, 0xD6, 0x7C, 0x13, 0x88, 0x12, 0x08, 0x12, 0x08, 0x52, 0x78, 0x33, 0x88, 0x22, 0x08 };
static const uint8_t bitmap_1373[] = { 0x30, 0x68, 0x10, 0x24, 0x10, 0x24, 0x9C, 0x3E, 0x73, 0xE0, 0x10, 0x20, 0x10, 0x20, 0x1C, 0xE0, 0x33, 0x20, 0xD1, 0x10, 0x11, 0x10, 0x11, 0x30, 0x11, 0xCA, 0x57, 0x0A, 0x30, 0x04, 0x20, 0x06 };
static const uint8_t bitmap_1374[] = { 0x30, 0x00, 0x12, 0x38, 0x11, 0xD0, 0x9C, 0xA0, 0x70, 0x44, 0x15, 0xC4, 0x12, 0xE8, 0x19, 0x50, 0x31, 0x48, 0xD2, 0x44, 0x12, 0x42, 0x14, 0xC2, 0x14, 0x80, 0x58, 0x7E, 0x37, 0x80, 0x20, 0x00 };
static const uint8_t bitmap_1375[] = { 0x31, 0xB0, 0x10, 0x90, 0x10, 0x90, 0x98, 0x90, 0x74, 0xBC, 0x13, 0xD0, 0x14, 0x90, 0x18, 0x90, 0x30, 0x90, 0xD8, 0xBE, 0x17, 0xC0, 0x10, 0x10, 0x11, 0x08, 0x51, 0x08, 0x32, 0x04, 0x2C, 0x04 };
static const uint8_t bitmap_1376[] = { 0x13, 0x10, 0x09, 0x20, 0x29, 0xF8, 0x1F, 0x00, 0x02, 0x00, 0x45, 0xFC, 0x3E, 0x20, 0x09, 0xD8, 0x37, 0x04, 0xD1, 0xF2, 0x0F, 0x80, 0x80, 0xFE, 0x7F, 0x80, 0x02, 0x80, 0x01, 0x80, 0x01, 0x00 };
static const uint8_t bitmap_1377[] = { 0x30, 0x40, 0x10, 0x60, 0x10, 0x90, 0x9C, 0x88, 0x71, 0x04, 0x12, 0x3A, 0x13, 0xC0, 0x1C, 0x40, 0x30, 0x40, 0xD2, 0x78, 0x11, 0xC0, 0x10, 0x40, 0x10, 0x40, 0x58, 0x7E, 0x37, 0x80, 0x20, 0x00 };
static const uint8_t bitmap_1378[] = { 0x30, 0xC0, 0x10, 0x48, 0x12, 0x78, 0x9D, 0xC8, 0x70, 0x50, 0x14, 0x7E, 0x17, 0xC0, 0x18, 0x9C, 0x30, 0xE0, 0xD1, 0x80, 0x12, 0xBE, 0x15, 0xC4, 0x11, 0x04, 0x50, 0x28, 0x30, 0x18, 0x20, 0x10 };
static const uint8_t bitmap_1379[] = { 0x31, 0x10, 0x11, 0x10, 0x10, 0xA0, 0x9C, 0xBC, 0x73, 0xD0, 0x11, 0x10, 0x11, 0x10, 0x19, 0x7E, 0x37, 0x90, 0xD1, 0x10, 0x11, 0x10, 0x11, 0x10, 0x12, 0x10, 0x52, 0x10, 0x34, 0x10, 0x28, 0x10 };
static const uint8_t bitmap_1380[] = { 0x30, 0xC0, 0x10, 0x40, 0x12, 0x7E, 0x9F, 0xC4, 0x72, 0x7C, 0x13, 0xC4, 0x16, 0x44, 0x1A, 0x7C, 0x33, 0xC4, 0xD2, 0x48, 0x10, 0x48, 0x10, 0x30, 0x10, 0x24, 0x50, 0x54, 0x31, 0x8C, 0x26, 0x06 };
static const uint8_t bitmap_1381[] = { 0x30, 0x20, 0x10, 0x50, 0x10, 0x48, 0x9C, 0x84, 0x71, 0x04, 0x16, 0x3A, 0x15, 0xC2, 0x18, 0x00, 0x33, 0x3C, 0xD1, 0xC8, 0x11, 0x08, 0x11, 0x08, 0x11, 0x08, 0x51, 0x38, 0x31, 0xC8, 0x21, 0x08 };
static const uint8_t bitmap_1382[] = { 0x03, 0x00, 0x02, 0xC0, 0x04, 0x60, 0x0F, 0x98, 0x10, 0xE4, 0x2F, 0x22, 0xC8, 0xE0, 0x0F, 0x18, 0x00, 0xE0, 0x7F, 0x00, 0x20, 0xF8, 0x1F, 0x80, 0x80, 0xFE, 0x7F, 0x80, 0x02, 0x80, 0x01, 0x00 };
static const uint8_t bitmap_1383[] = { 0x30, 0x60, 0x10, 0x20, 0x12, 0x3C, 0x9D, 0xE0, 0x70, 0x20, 0x14, 0x3E, 0x13, 0xC8, 0x18, 0x08, 0x32, 0x3E, 0xD1, 0xC8, 0x11, 0x08, 0x10, 0x88, 0x10, 0x88, 0x50, 0x28, 0x30, 0x18, 0x20, 0x10 };
static const uint8_t bitmap_1384[] = { 0x30, 0xC0, 0x10, 0x40, 0x12, 0x78, 0x9D, 0xC0, 0x70, 0x40, 0x14, 0x7C, 0x17, 0xC0, 0x18, 0x00, 0x30, 0x40, 0xD4, 0x7C, 0x13, 0xC0, 0x10, 0x40, 0x10, 0x40, 0x58, 0x7E, 0x37, 0x80, 0x20, 0x00 };
static const uint8_t bitmap_1385[] = { 0x33, 0x00, 0x11, 0x0C, 0x11, 0x30, 0x9D, 0xC0, 0x71, 0x04, 0x11, 0x04, 0x14, 0xFE, 0x18, 0x00, 0x33, 0x3C, 0xD1, 0xC8, 0x11, 0x38, 0x11, 0xC8, 0x11, 0x08, 0x51, 0x38, 0x31, 0xC8, 0x21, 0x08 };
static const uint8_t bitmap_1386[] = { 0x30, 0xC0, 0x10, 0x40, 0x12, 0x7E, 0x9F, 0xC4, 0x72, 0x08, 0x14, 0x40, 0x10, 0x40, 0x1C, 0x7E, 0x33, 0xD0, 0xD0, 0x90, 0x11, 0x10, 0x13, 0xA0, 0x10, 0x60, 0x50, 0x50, 0x31, 0x88, 0x26, 0x04 };
static const uint8_t bitmap_1387[] = { 0x30, 0x60, 0x10, 0x20, 0x12, 0x3E, 0x9D, 0xD0, 0x70, 0x88, 0x11, 0x34, 0x16, 0xC2, 0x1A, 0x3E, 0x31, 0xC0, 0xD0, 0x40, 0x10, 0xBE, 0x10, 0xC4, 0x11, 0x04, 0x50, 0x28, 0x30, 0x18, 0x20, 0x10 };
static const uint8_t bitmap_1388[] = { 0x31, 0xA0, 0x10, 0xA0, 0x10, 0xA4, 0x9C, 0xA4, 0x72, 0xA8, 0x12, 0xB0, 0x15, 0xA0, 0x18, 0xB8, 0x30, 0xA4, 0xD1, 0xA2, 0x16, 0xA2, 0x10, 0xA0, 0x11, 0x24, 0x51, 0x24, 0x32, 0x24, 0x2C, 0x1E };
static const uint8_t bitmap_1389[] = { 0x30, 0xC0, 0x10, 0x40, 0x12, 0x7E, 0x9B, 0x84, 0x74, 0xA8, 0x10, 0x98, 0x15, 0x04, 0x1A, 0x74, 0x31, 0xA0, 0xD0, 0x40, 0x11, 0x80, 0x12, 0x00, 0x14, 0x04, 0x54, 0x04, 0x32, 0x04, 0x21, 0xFE };
static const uint8_t bitmap_1390[] = { 0x31, 0x80, 0x10, 0x80, 0x9C, 0xF8, 0x73, 0x90, 0x1E, 0x90, 0x31, 0x90, 0xD1, 0x4A, 0x36, 0x2C, 0x20, 0xE6, 0x0F, 0x00, 0x21, 0xF8, 0x1F, 0x80, 0x80, 0xFE, 0x7F, 0x80, 0x02, 0x80, 0x01, 0x00 };
static const uint8_t bitmap_1391[] = { 0x30, 0xC0, 0x10, 0x40, 0x12, 0x7C, 0x9D, 0xC0, 0x72, 0x48, 0x11, 0x48, 0x11, 0x50, 0x1D, 0x50, 0x34, 0x7E, 0xD3, 0xE0, 0x10, 0x90, 0x10, 0x88, 0x11, 0x04, 0x52, 0x04, 0x3C, 0x02, 0x20, 0x02 };
static const uint8_t bitmap_1392[] = { 0x31, 0x80, 0x10, 0x80, 0x12, 0xBC, 0x9D, 0xC8, 0x70, 0x50, 0x10, 0x50, 0x10, 0x24, 0x1C, 0xD4, 0x33, 0x0E, 0xD0, 0x00, 0x14, 0x7C, 0x13, 0xA0, 0x11, 0x20, 0x51, 0x24, 0x32, 0x24, 0x2C, 0x1E };
static const uint8_t bitmap_1393[] = { 0x30, 0x64, 0x12, 0x24, 0x11, 0x28, 0x9C, 0xA8, 0x70, 0xA0, 0x12, 0x3E, 0x15, 0xC4, 0x18, 0x04, 0x30, 0x04, 0xD2, 0x3C, 0x11, 0xC4, 0x10, 0x04, 0x10, 0x04, 0x52, 0x3C, 0x31, 0xC4, 0x20, 0x04 };
static const uint8_t bitmap_1394[] = { 0x30, 0x80, 0x10, 0xB8, 0x10, 0xD0, 0x9D, 0x20, 0x72, 0x7C, 0x13, 0xC8, 0x14, 0x7E, 0x1B, 0xC8, 0x30, 0x48, 0xD2, 0x78, 0x11, 0xC8, 0x10, 0x40, 0x10, 0x40, 0x51, 0x40, 0x30, 0xC0, 0x20, 0x80 };
static const uint8_t bitmap_1395[] = { 0x30, 0x60, 0x10, 0x20, 0x12, 0x3E, 0x9D, 0xE8, 0x71, 0x08, 0x10, 0xD0, 0x14, 0x30, 0x18, 0x4C, 0x31, 0x82, 0xD6, 0x98, 0x10, 0x88, 0x10, 0x88, 0x10, 0x88, 0x51, 0x08, 0x31, 0x08, 0x22, 0x08 };
static const uint8_t bitmap_1396[] = { 0x30, 0x00, 0x12, 0x1E, 0x13, 0xE4, 0x9A, 0x48, 0x74, 0x5C, 0x13, 0xE0, 0x14, 0x80, 0x18, 0xA0, 0x31, 0x3C, 0xD1, 0xE0, 0x12, 0x20, 0x18, 0x3E, 0x17, 0xE0, 0x50, 0x20, 0x30, 0x20, 0x20, 0x20 };
static const uint8_t bitmap_1397[] = { 0x30, 0x40, 0x10, 0x40, 0x10, 0x48, 0x9E, 0x9C, 0x71, 0xE2, 0x10, 0x82, 0x14, 0xBC, 0x19, 0xE0, 0x32, 0x20, 0xD4, 0x3E, 0x13, 0xE0, 0x10, 0x50, 0x10, 0x48, 0x50, 0x84, 0x31, 0x02, 0x26, 0x02 };
static const uint8_t bitmap_1398[] = { 0x60, 0x00, 0x28, 0xD6, 0x27, 0x5A, 0x22, 0x52, 0xBA, 0xD4, 0x67, 0x58, 0x22, 0x54, 0x22, 0x54, 0x3A, 0xD2, 0xE7, 0x52, 0x22, 0x5A, 0x22, 0x54, 0x24, 0x50, 0xA5, 0x50, 0x68, 0xD0, 0x50, 0x90 };
static const uint8_t bitmap_1399[] = { 0x30, 0xC0, 0x12, 0x48, 0x12, 0x48, 0x9A, 0x48, 0x72, 0x48, 0x13, 0x54, 0x14, 0xD2, 0x1C, 0x60, 0x30, 0x40, 0xD4, 0x78, 0x13, 0xC0, 0x10, 0x40, 0x10, 0x40, 0x58, 0x7E, 0x37, 0x80, 0x20, 0x00 };
static const uint8_t bitmap_1400[] = { 0x30, 0x00, 0x16, 0x3E, 0x13, 0xC0, 0x9F, 0x1C, 0x72, 0xE0, 0x12, 0x00, 0x16, 0x1E, 0x1B, 0xE4, 0x32, 0xA4, 0xD2, 0x98, 0x12, 0x90, 0x14, 0x88, 0x14, 0xA4, 0x58, 0xC4, 0x31, 0x82, 0x26, 0x02 };
static const uint8_t bitmap_1401[] = { 0x60, 0x0C, 0x2B, 0x10, 0x25, 0x30, 0xB9, 0xD0, 0xE2, 0x10, 0x22, 0x10, 0x27, 0x1E, 0x39, 0xF0, 0x21, 0x10, 0xE5, 0x10, 0x25, 0x10, 0x22, 0x9E, 0x22, 0x60, 0xA5, 0x00, 0x68, 0xC0, 0x50, 0x3E };
static const uint8_t bitmap_1402[] = { 0x30, 0x80, 0x10, 0xB8, 0x11, 0xD0, 0x9D, 0x20, 0x72, 0x7C, 0x17, 0xC8, 0x12, 0x48, 0x1E, 0x48, 0x32, 0x78, 0xD3, 0xC8, 0x10, 0xA0, 0x10, 0xA0, 0x11, 0x24, 0x51, 0x24, 0x32, 0x24, 0x2C, 0x1E };
static const uint8_t bitmap_1403[] = { 0x30, 0x00, 0x12, 0x3C, 0x11, 0xC0, 0x9C, 0x40, 0x72, 0x78, 0x11, 0x88, 0x10, 0x88, 0x18, 0xFE, 0x37, 0x80, 0xD0, 0x00, 0x13, 0x3C, 0x11, 0xC8, 0x11, 0x08, 0x51, 0x78, 0x31, 0x88, 0x21, 0x08 };
static const uint8_t bitmap_1404[] = { 0x30, 0x00, 0x11, 0x3C, 0x10, 0xC8, 0x9C, 0x50, 0x73, 0x3E, 0x11, 0xE4, 0x15, 0x24, 0x19, 0x3C, 0x31, 0xE4, 0xD1, 0x24, 0x11, 0x3C, 0x11, 0xE4, 0x11, 0x24, 0x51, 0x34, 0x31, 0x2C, 0x21, 0x28 };
static const uint8_t bitmap_1405[] = { 0x30, 0x00, 0x16, 0x3E, 0x13, 0xC2, 0x9E, 0x62, 0x72, 0x22, 0x13, 0x3E, 0x16, 0xE2, 0x1A, 0x72, 0x32, 0x6A, 0xD2, 0xAA, 0x12, 0xA6, 0x13, 0x22, 0x12, 0x22, 0x52, 0x3E, 0x33, 0xC2, 0x22, 0x02 };
static const uint8_t bitmap_1406[] = { 0x30, 0x00, 0x13, 0x3C, 0x11, 0xC8, 0x9D, 0x08, 0x71, 0x08, 0x11, 0x38, 0x15, 0xC8, 0x19, 0x40, 0x30, 0x40, 0xD3, 0x5C, 0x11, 0x60, 0x11, 0x40, 0x13, 0x40, 0x52, 0xC0, 0x34, 0x60, 0x28, 0x1E };
static const uint8_t bitmap_1407[] = { 0x60, 0x06, 0x2D, 0xC2, 0x26, 0xB2, 0xBC, 0x92, 0x64, 0x92, 0x25, 0x92, 0x26, 0x92, 0x2A, 0x12, 0x32, 0xD2, 0xEF, 0x52, 0x22, 0x52, 0x22, 0x42, 0x24, 0x42, 0xA6, 0x8A, 0x69, 0x86, 0x51, 0x04 };
static const uint8_t bitmap_1408[] = { 0x30, 0x00, 0x13, 0x3C, 0x11, 0xC8, 0x9D, 0x38, 0x71, 0xC8, 0x11, 0x38, 0x15, 0xC8, 0x19, 0x00, 0x34, 0x7C, 0xD3, 0xC0, 0x10, 0x40, 0x18, 0x7E, 0x17, 0xC0, 0x50, 0x40, 0x30, 0x40, 0x20, 0x40 };
static const uint8_t bitmap_1409[] = { 0x34, 0xC4, 0x12, 0x44, 0x11, 0x48, 0x9D, 0x50, 0x72, 0x7E, 0x13, 0xC4, 0x16, 0x04, 0x1A, 0x3C, 0x33, 0xC4, 0xD2, 0x04, 0x12, 0x3C, 0x13, 0xC4, 0x12, 0x04, 0x52, 0x14, 0x32, 0x0C, 0x22, 0x08 };
static const uint8_t bitmap_1410[] = { 0x30, 0x00, 0x13, 0x3C, 0x11, 0xC8, 0x9D, 0x38, 0x71, 0xC8, 0x11, 0x38, 0x15, 0xC8, 0x19, 0x00, 0x30, 0x40, 0xD4, 0x7C, 0x13, 0xC0, 0x10, 0x40, 0x10, 0x40, 0x58, 0x7E, 0x37, 0x80, 0x20, 0x00 };
static const uint8_t bitmap_1411[] = { 0x30, 0x00, 0x11, 0xBC, 0x10, 0xC8, 0x9C, 0xB8, 0x70, 0xC8, 0x10, 0x00, 0x17, 0x3C, 0x19, 0xC4, 0x31, 0x3C, 0xD1, 0xC4, 0x11, 0x04, 0x11, 0x3C, 0x11, 0xC4, 0x51, 0x14, 0x31, 0x0C, 0x21, 0x08 };
static const uint8_t bitmap_1412[] = { 0x30, 0xD8, 0x10, 0x44, 0x12, 0x7E, 0x9F, 0xC0, 0x70, 0x40, 0x16, 0x7E, 0x13, 0xC4, 0x1E, 0x7C, 0x33, 0xC4, 0xD2, 0x44, 0x12, 0x7C, 0x13, 0xC4, 0x12, 0x44, 0x52, 0x54, 0x32, 0x4C, 0x22, 0x48 };
static const uint8_t bitmap_1413[] = { 0x30, 0x90, 0x10, 0x90, 0x12, 0xBE, 0x9D, 0xD0, 0x70, 0x80, 0x12, 0x3E, 0x17, 0xC4, 0x1A, 0x48, 0x34, 0x40, 0xD4, 0x7E, 0x13, 0xC4, 0x10, 0x84, 0x10, 0x84, 0x51, 0x28, 0x32, 0x18, 0x2C, 0x10 };
static const uint8_t bitmap_1414[] = { 0x30, 0x00, 0x11, 0xBC, 0x10, 0xC8, 0x9E, 0x88, 0x70, 0xB8, 0x10, 0xC0, 0x17, 0x3E, 0x19, 0xC4, 0x31, 0x24, 0xD1, 0x24, 0x11, 0x24, 0x11, 0x24, 0x10, 0x50, 0x50, 0x88, 0x31, 0x04, 0x26, 0x02 };
static const uint8_t bitmap_1415[] = { 0x30, 0x80, 0x10, 0xC0, 0x10, 0xA0, 0x9D, 0x10, 0x71, 0x08, 0x12, 0x74, 0x15, 0x82, 0x19, 0x04, 0x30, 0x84, 0xD4, 0x48, 0x12, 0x48, 0x11, 0x10, 0x11, 0x20, 0x58, 0x7E, 0x37, 0x80, 0x20, 0x00 };
static const uint8_t bitmap_1416[] = { 0x30, 0x80, 0x10, 0xB8, 0x11, 0xD0, 0x9D, 0x20, 0x72, 0x7C, 0x17, 0xC8, 0x12, 0x48, 0x1E, 0x48, 0x32, 0x48, 0xDA, 0x7E, 0x17, 0xC0, 0x10, 0xA0, 0x10, 0x90, 0x51, 0x08, 0x32, 0x04, 0x2C, 0x02 };
static const uint8_t bitmap_1417[] = { 0x30, 0x40, 0x10, 0x80, 0x12, 0xF8, 0x9F, 0x10, 0x72, 0x90, 0x12, 0x50, 0x16, 0x60, 0x1A, 0x00, 0x32, 0x7E, 0xD3, 0x82, 0x12, 0x92, 0x14, 0x92, 0x14, 0x92, 0x54, 0xF4, 0x37, 0x1C, 0x20, 0x08 };
static const uint8_t bitmap_1418[] = { 0x30, 0xC0, 0x10, 0x40, 0x12, 0x7C, 0x9D, 0xC0, 0x72, 0x78, 0x11, 0x80, 0x14, 0xBE, 0x1B, 0xC8, 0x31, 0x44, 0xD2, 0x7A, 0x15, 0xC0, 0x1C, 0x7C, 0x13, 0xC0, 0x50, 0x40, 0x30, 0x40, 0x20, 0x40 };
static const uint8_t bitmap_1419[] = { 0x30, 0x00, 0x16, 0x3C, 0x13, 0xC8, 0x9E, 0x08, 0x72, 0x38, 0x13, 0xE8, 0x16, 0x20, 0x1B, 0x3E, 0x32, 0xE0, 0xD2, 0x20, 0x13, 0xBC, 0x12, 0xC8, 0x14, 0x88, 0x54, 0xB8, 0x38, 0xC8, 0x20, 0x88 };
static const uint8_t bitmap_1420[] = { 0x30, 0x1C, 0x10, 0x60, 0x13, 0xC0, 0x9C, 0x40, 0x74, 0x7C, 0x13, 0xC8, 0x12, 0x48, 0x1E, 0x7E, 0x33, 0xC8, 0xD2, 0x48, 0x16, 0x7C, 0x13, 0xC0, 0x10, 0x40, 0x54, 0x7C, 0x33, 0x80, 0x20, 0x00 };
static const uint8_t bitmap_1421[] = { 0x30, 0xC0, 0x10, 0x40, 0x14, 0x7E, 0x9F, 0xC0, 0x72, 0x7C, 0x11, 0xC8, 0x14, 0x7E, 0x1B, 0xC8, 0x32, 0x78, 0xD1, 0xC8, 0x16, 0x40, 0x12, 0x7C, 0x13, 0x40, 0x54, 0xC0, 0x34, 0x60, 0x28, 0x1E };
static const uint8_t bitmap_1422[] = { 0x30, 0xC0, 0x10, 0x40, 0x14, 0x7E, 0x9F, 0xA0, 0x70, 0x90, 0x11, 0x08, 0x15, 0x74, 0x1B, 0x82, 0x34, 0x00, 0xD4, 0x7C, 0x13, 0xC0, 0x11, 0x50, 0x12, 0x48, 0x55, 0x44, 0x38, 0xC4, 0x20, 0x80 };
static const uint8_t bitmap_1423[] = { 0x30, 0x40, 0x10, 0x60, 0x10, 0x90, 0x9C, 0x88, 0x71, 0x44, 0x12, 0x22, 0x16, 0x38, 0x19, 0xD0, 0x30, 0x20, 0xD0, 0x20, 0x10, 0x68, 0x12, 0x94, 0x12, 0x92, 0x52, 0x42, 0x34, 0x28, 0x28, 0x1E };
static const uint8_t bitmap_1424[] = { 0x60, 0xD0, 0x2D, 0x10, 0x26, 0x10, 0xBC, 0x20, 0x64, 0xEE, 0x27, 0x34, 0x2D, 0x58, 0x35, 0x90, 0x25, 0x10, 0xE5, 0x10, 0x25, 0x28, 0x25, 0x28, 0x29, 0x24, 0xA9, 0x44, 0x71, 0x42, 0x40, 0x82 };
static const uint8_t bitmap_1425[] = { 0x30, 0x60, 0x10, 0x20, 0x12, 0x3E, 0x9F, 0xC0, 0x72, 0x60, 0x12, 0x2E, 0x16, 0x30, 0x1A, 0x20, 0x32, 0x20, 0xD3, 0xBE, 0x12, 0xE4, 0x12, 0x84, 0x14, 0x84, 0x54, 0x9C, 0x38, 0xE4, 0x20, 0x84 };
static const uint8_t bitmap_1426[] = { 0x30, 0x0C, 0x10, 0x30, 0x13, 0xC4, 0x9D, 0x24, 0x70, 0xA8, 0x12, 0xBE, 0x13, 0xC4, 0x1C, 0x08, 0x36, 0x78, 0xD1, 0x90, 0x10, 0x50, 0x10, 0x20, 0x10, 0x50, 0x50, 0x88, 0x33, 0x04, 0x2C, 0x02 };
static const uint8_t bitmap_1427[] = { 0x30, 0xC0, 0x10, 0x7C, 0x10, 0x40, 0x9E, 0x78, 0x73, 0x88, 0x12, 0x78, 0x17, 0x88, 0x1A, 0x08, 0x32, 0x78, 0xD3, 0xC8, 0x12, 0x40, 0x18, 0x7E, 0x17, 0xC0, 0x50, 0x40, 0x30, 0x40, 0x20, 0x40 };
static const uint8_t bitmap_1428[] = { 0x11, 0x10, 0x49, 0xFE, 0x7F, 0x04, 0x48, 0xE8, 0x8F, 0x20, 0x08, 0xE0, 0x0F, 0x30, 0x00, 0xE0, 0x1F, 0x00, 0x40, 0xF8, 0x3F, 0x80, 0x80, 0xFE, 0x7F, 0x80, 0x02, 0x80, 0x01, 0x00, 0x01, 0x00 };
static const uint8_t bitmap_1429[] = { 0x31, 0x00, 0x11, 0x00, 0x11, 0x00, 0x92, 0x3E, 0x7B, 0xC4, 0x16, 0x04, 0x12, 0x74, 0x1B, 0x84, 0x34, 0x84, 0xD8, 0xFC, 0x17, 0x94, 0x10, 0x94, 0x14, 0xF4, 0x57, 0x28, 0x34, 0x18, 0x20, 0x10 };
static const uint8_t bitmap_1430[] = { 0x30, 0x40, 0x10, 0x40, 0x10, 0x9C, 0x9C, 0xE8, 0x71, 0x08, 0x12, 0x10, 0x10, 0x20, 0x1D, 0x5E, 0x31, 0xC4, 0xD1, 0x04, 0x11, 0x1C, 0x11, 0xC4, 0x11, 0x04, 0x51, 0x1C, 0x31, 0xE4, 0x21, 0x04 };
static const uint8_t bitmap_1431[] = { 0x33, 0x60, 0x11, 0x20, 0x13, 0x2E, 0x9D, 0x30, 0x71, 0x20, 0x11, 0x20, 0x13, 0x2C, 0x1D, 0x30, 0x31, 0x20, 0xD1, 0x20, 0x13, 0x2E, 0x1D, 0x30, 0x11, 0x20, 0x51, 0x20, 0x31, 0x20, 0x21, 0x20 };
static const uint8_t bitmap_1432[] = { 0x30, 0x00, 0x16, 0x3E, 0x13, 0xC4, 0x9E, 0x04, 0x72, 0x3C, 0x13, 0xC0, 0x16, 0x24, 0x1A, 0xA4, 0x32, 0xBC, 0xD2, 0xE4, 0x12, 0x20, 0x15, 0x22, 0x15, 0x22, 0x59, 0x3E, 0x31, 0xE2, 0x21, 0x02 };
static const uint8_t bitmap_1433[] = { 0x30, 0x60, 0x10, 0x20, 0x12, 0x3E, 0x9F, 0xC0, 0x70, 0x00, 0x13, 0x3C, 0x15, 0xC8, 0x19, 0x08, 0x31, 0x38, 0xD1, 0xE8, 0x10, 0x20, 0x11, 0xA8, 0x11, 0x24, 0x52, 0xA2, 0x34, 0x62, 0x28, 0x40 };
static const uint8_t bitmap_1434[] = { 0x30, 0x00, 0x12, 0x3E, 0x13, 0xE4, 0x9E, 0x88, 0x74, 0xB0, 0x11, 0x08, 0x1A, 0xC4, 0x34, 0x40, 0xD4, 0x7C, 0x13, 0xC0, 0x11, 0x60, 0x11, 0x50, 0x12, 0x48, 0x54, 0x44, 0x38, 0x42, 0x20, 0x40 };
static const uint8_t bitmap_1435[] = { 0x30, 0x60, 0x10, 0x20, 0x12, 0x3C, 0x9D, 0xD0, 0x70, 0x90, 0x14, 0x5E, 0x17, 0xE0, 0x18, 0x40, 0x34, 0x7E, 0xD3, 0xC8, 0x10, 0x88, 0x10, 0x90, 0x11, 0xF0, 0x50, 0x28, 0x30, 0xC4, 0x27, 0x02 };
static const uint8_t bitmap_1436[] = { 0x30, 0xC0, 0x10, 0x40, 0x12, 0x7E, 0x9B, 0x84, 0x74, 0xA8, 0x10, 0x98, 0x15, 0x04, 0x1A, 0x04, 0x34, 0x00, 0xD2, 0x38, 0x11, 0xC0, 0x10, 0x40, 0x10, 0x40, 0x54, 0x7E, 0x33, 0x80, 0x20, 0x00 };
static const uint8_t bitmap_1437[] = { 0x30, 0x90, 0x10, 0x90, 0x11, 0x20, 0x9D, 0x3E, 0x73, 0xE0, 0x16, 0x20, 0x12, 0x3C, 0x1B, 0xE0, 0x32, 0x20, 0xD2, 0x3C, 0x13, 0xE0, 0x12, 0x20, 0x12, 0x20, 0x52, 0x3E, 0x33, 0xC0, 0x22, 0x00 };
static const uint8_t bitmap_1438[] = { 0x30, 0xC0, 0x10, 0x40, 0x12, 0x5E, 0x9F, 0xE0, 0x70, 0x90, 0x11, 0x48, 0x15, 0x7C, 0x1B, 0xCA, 0x36, 0x7A, 0xD3, 0xC8, 0x12, 0x78, 0x13, 0xC8, 0x12, 0x44, 0x50, 0x44, 0x30, 0x44, 0x20, 0x3E };
static const uint8_t bitmap_1439[] = { 0x31, 0xB0, 0x10, 0x90, 0x12, 0xBC, 0x9D, 0xD0, 0x70, 0x90, 0x14, 0xBE, 0x17, 0xC0, 0x18, 0x00, 0x33, 0x3C, 0xD1, 0xC8, 0x11, 0x38, 0x11, 0xC8, 0x11, 0x08, 0x51, 0x38, 0x31, 0xC8, 0x21, 0x08 };
static const uint8_t bitmap_1440[] = { 0x08, 0x82, 0x33, 0x8C, 0xE2, 0xB8, 0x22, 0x48, 0xBA, 0x4E, 0x64, 0x38, 0x28, 0xC8, 0x27, 0x48, 0xBA, 0x4E, 0x62, 0x78, 0x22, 0x48, 0x24, 0x48, 0x26, 0x88, 0x45, 0xA8, 0x49, 0x18, 0x80, 0x10 };
static const uint8_t bitmap_1441[] = { 0x64, 0x40, 0x24, 0x76, 0x22, 0x9A, 0xBA, 0x12, 0x65, 0xD4, 0x23, 0x18, 0x21, 0x14, 0x39, 0xF4, 0xE7, 0x12, 0x21, 0x12, 0x21, 0x9A, 0x22, 0x54, 0x22, 0x50, 0xA4, 0x30, 0x68, 0x10, 0x50, 0x10 };
static const uint8_t bitmap_1442[] = { 0x30, 0x40, 0x10, 0x50, 0x10, 0x8C, 0x9D, 0xF2, 0x70, 0x20, 0x14, 0x3E, 0x13, 0xD0, 0x1C, 0x8C, 0x31, 0x22, 0xD6, 0x28, 0x10, 0xCA, 0x13, 0x12, 0x10, 0x64, 0x51, 0x88, 0x30, 0x30, 0x23, 0xC0 };
static const uint8_t bitmap_1443[] = { 0x30, 0x00, 0x11, 0x38, 0x10, 0xD0, 0x9C, 0xA0, 0x72, 0x7C, 0x13, 0xC8, 0x14, 0xB0, 0x19, 0x20, 0x32, 0xA0, 0xD8, 0x7E, 0x17, 0xE0, 0x10, 0xD0, 0x11, 0x48, 0x52, 0x44, 0x3C, 0x42, 0x20, 0x40 };
static const uint8_t bitmap_1444[] = { 0x30, 0xC0, 0x10, 0x40, 0x14, 0x7C, 0x9B, 0xC0, 0x74, 0x7C, 0x13, 0x80, 0x14, 0xFE, 0x1B, 0x90, 0x31, 0x38, 0xD3, 0xC4, 0x1C, 0x7A, 0x13, 0xC0, 0x10, 0xA0, 0x51, 0x10, 0x32, 0x08, 0x2C, 0x04 };
static const uint8_t bitmap_1445[] = { 0x30, 0x90, 0x10, 0x90, 0x14, 0xBE, 0x9F, 0xD0, 0x70, 0x90, 0x10, 0x80, 0x16, 0x7E, 0x1B, 0xC4, 0x32, 0x44, 0xD2, 0x7C, 0x13, 0xC4, 0x12, 0x44, 0x12, 0x44, 0x52, 0x7C, 0x33, 0xC4, 0x22, 0x04 };
static const uint8_t bitmap_1446[] = { 0x30, 0x00, 0x13, 0x3C, 0x11, 0xC8, 0x9D, 0x38, 0x71, 0xC8, 0x11, 0x38, 0x15, 0xC0, 0x1C, 0x3E, 0x33, 0xC0, 0xD0, 0x40, 0x13, 0x5C, 0x11, 0x60, 0x11, 0x40, 0x51, 0xC0, 0x32, 0x60, 0x2C, 0x1E };
static const uint8_t bitmap_1447[] = { 0x30, 0x1C, 0x10, 0xE0, 0x17, 0x40, 0x98, 0x40, 0x74, 0x7E, 0x13, 0xC0, 0x14, 0x44, 0x1A, 0xDC, 0x33, 0x44, 0xD2, 0x44, 0x13, 0x5C, 0x12, 0x44, 0x12, 0x44, 0x52, 0x7C, 0x33, 0x84, 0x22, 0x04 };
static const uint8_t bitmap_1448[] = { 0x30, 0x00, 0x16, 0x7E, 0x13, 0x84, 0x9E, 0x7C, 0x73, 0x80, 0x12, 0x3C, 0x1F, 0xD0, 0x12, 0x48, 0x32, 0xBC, 0xD3, 0xE4, 0x12, 0x20, 0x15, 0x3C, 0x14, 0xE0, 0x58, 0x20, 0x24, 0x7E, 0x23, 0x80 };
static const uint8_t bitmap_1449[] = { 0x30, 0x40, 0x12, 0x44, 0x12, 0x44, 0x9E, 0x7C, 0x73, 0x80, 0x18, 0x3E, 0x17, 0xC0, 0x18, 0x40, 0x36, 0xBE, 0xD3, 0xE4, 0x12, 0xA4, 0x12, 0xA4, 0x12, 0xA4, 0x52, 0xB4, 0x32, 0xAC, 0x22, 0x08 };
static const uint8_t bitmap_1450[] = { 0x36, 0x64, 0x12, 0x24, 0x12, 0xE8, 0x9F, 0x30, 0x72, 0x24, 0x12, 0xA4, 0x13, 0x5E, 0x1C, 0x40, 0x32, 0xBC, 0xD3, 0xC8, 0x12, 0x38, 0x13, 0xC8, 0x12, 0x08, 0x52, 0x38, 0x33, 0xC8, 0x22, 0x08 };
static const uint8_t bitmap_1451[] = { 0x60, 0xB0, 0x23, 0x10, 0x2E, 0x10, 0xB2, 0x14, 0x63, 0xD4, 0x3E, 0x54, 0x22, 0x58, 0x37, 0x50, 0xE6, 0x90, 0x2A, 0xA8, 0x2A, 0x28, 0x22, 0x24, 0x22, 0x44, 0xA2, 0x42, 0x62, 0x82, 0x43, 0x02 };
static const uint8_t bitmap_1452[] = { 0x30, 0x00, 0x13, 0x3C, 0x11, 0xC8, 0x9D, 0x38, 0x71, 0xC8, 0x11, 0x38, 0x15, 0xC8, 0x18, 0x80, 0x30, 0xBE, 0xD1, 0xE2, 0x13, 0x22, 0x1D, 0x52, 0x11, 0x8A, 0x51, 0xF4, 0x31, 0x0C, 0x20, 0x08 };
static const uint8_t bitmap_1453[] = { 0x30, 0x0C, 0x10, 0x34, 0x13, 0xC4, 0x9D, 0x28, 0x70, 0xA8, 0x14, 0xBE, 0x13, 0xC0, 0x1C, 0x7E, 0x33, 0x80, 0xD0, 0xB8, 0x10, 0xD0, 0x11, 0x50, 0x16, 0x20, 0x50, 0x58, 0x31, 0x84, 0x26, 0x02 };
static const uint8_t bitmap_1454[] = { 0x31, 0x90, 0x16, 0x90, 0x12, 0x9E, 0x9E, 0xA0, 0x72, 0xA8, 0x12, 0xC4, 0x16, 0xBC, 0x19, 0xC8, 0x31, 0x08, 0xD1, 0x48, 0x11, 0x48, 0x11, 0x48, 0x11, 0x60, 0x50, 0xA4, 0x31, 0x24, 0x26, 0x1E };
static const uint8_t bitmap_1455[] = { 0x30, 0x80, 0x10, 0xB0, 0x11, 0xD0, 0x9D, 0x20, 0x76, 0x7C, 0x13, 0xC8, 0x16, 0x48, 0x1A, 0x78, 0x33, 0xC8, 0xD2, 0xA4, 0x11, 0x24, 0x16, 0xDE, 0x10, 0x20, 0x51, 0xC0, 0x30, 0x30, 0x20, 0x08 };
static const uint8_t bitmap_1456[] = { 0x64, 0x00, 0x22, 0x4E, 0x21, 0x32, 0xBD, 0x82, 0x64, 0xBA, 0x24, 0xCA, 0x25, 0x92, 0x3E, 0x62, 0x24, 0x5A, 0xE5, 0xB6, 0x26, 0xD2, 0x24, 0xB2, 0x24, 0xD2, 0xA4, 0x9A, 0x64, 0x06, 0x44, 0x04 };
static const uint8_t bitmap_1457[] = { 0x32, 0x64, 0x11, 0x24, 0x10, 0xA8, 0x9C, 0xBE, 0x73, 0xF0, 0x10, 0x68, 0x10, 0xA4, 0x19, 0x22, 0x36, 0x80, 0xD8, 0xBE, 0x17, 0xD0, 0x11, 0x10, 0x13, 0xE0, 0x50, 0x58, 0x31, 0x84, 0x2E, 0x02 };
static const uint8_t bitmap_1458[] = { 0x32, 0x44, 0x11, 0x24, 0x10, 0xA8, 0x9E, 0xBE, 0x73, 0xC4, 0x12, 0x38, 0x15, 0xC8, 0x19, 0x08, 0x31, 0x48, 0xD1, 0x48, 0x11, 0x48, 0x11, 0x48, 0x10, 0x60, 0x50, 0xA4, 0x31, 0x24, 0x2E, 0x1E };
static const uint8_t bitmap_1459[] = { 0x30, 0xD8, 0x10, 0x44, 0x14, 0x7C, 0x9B, 0xC0, 0x70, 0x78, 0x13, 0xC8, 0x16, 0x78, 0x1B, 0xC8, 0x32, 0x78, 0xD3, 0xC8, 0x12, 0x50, 0x18, 0x3E, 0x17, 0xD0, 0x51, 0x10, 0x30, 0xB0, 0x20, 0x20 };
static const uint8_t bitmap_1460[] = { 0x32, 0x10, 0x11, 0x10, 0x15, 0x7C, 0x9B, 0xC0, 0x72, 0x78, 0x11, 0xC0, 0x14, 0x40, 0x18, 0xBE, 0x37, 0xC0, 0xD0, 0x80, 0x11, 0x3C, 0x13, 0xE0, 0x14, 0x20, 0x5C, 0x3E, 0x33, 0xC0, 0x20, 0x00 };
static const uint8_t bitmap_1461[] = { 0x30, 0x00, 0x14, 0x3C, 0x13, 0xC8, 0x9D, 0x50, 0x70, 0xE0, 0x11, 0x98, 0x16, 0x44, 0x1A, 0x7E, 0x33, 0xC8, 0xD2, 0x48, 0x12, 0x78, 0x13, 0xD0, 0x12, 0x48, 0x50, 0x7C, 0x31, 0xC4, 0x2E, 0x02 };
static const uint8_t bitmap_1462[] = { 0x30, 0xC0, 0x17, 0x5C, 0x12, 0x44, 0x9E, 0x5C, 0x73, 0x44, 0x12, 0x44, 0x16, 0x7C, 0x1B, 0xC0, 0x30, 0x40, 0xD4, 0x7C, 0x13, 0x88, 0x11, 0x10, 0x10, 0xE0, 0x50, 0x58, 0x31, 0x84, 0x2E, 0x02 };
static const uint8_t bitmap_1463[] = { 0x30, 0x60, 0x12, 0x3E, 0x11, 0xE0, 0x9C, 0x9C, 0x70, 0xE8, 0x10, 0x98, 0x14, 0xE0, 0x1A, 0x1E, 0x33, 0xE2, 0xD2, 0x9A, 0x12, 0xEA, 0x12, 0x9A, 0x12, 0xEA, 0x52, 0x8A, 0x32, 0x06, 0x22, 0x04 };
static const uint8_t bitmap_1464[] = { 0x62, 0x00, 0x22, 0x6C, 0x25, 0xB8, 0xBE, 0xA8, 0xE4, 0xA8, 0x26, 0xA8, 0x2D, 0xC6, 0x35, 0x80, 0xE6, 0xCC, 0x3C, 0xB4, 0x26, 0xA4, 0x25, 0x98, 0x24, 0x88, 0xAA, 0x94, 0x69, 0xA4, 0x51, 0x42 };
static const uint8_t bitmap_1465[] = { 0x31, 0x10, 0x15, 0x3E, 0x13, 0xD0, 0x9D, 0x10, 0x71, 0x50, 0x10, 0x60, 0x14, 0x98, 0x19, 0x34, 0x33, 0xC2, 0xDC, 0x02, 0x13, 0x3C, 0x11, 0xC8, 0x11, 0x08, 0x51, 0x38, 0x31, 0xC8, 0x21, 0x08 };
static const uint8_t bitmap_1466[] = { 0x30, 0x90, 0x10, 0x90, 0x11, 0x3E, 0x9D, 0xE0, 0x73, 0x3C, 0x15, 0xE0, 0x15, 0x3C, 0x19, 0xE0, 0x31, 0x3E, 0xD1, 0xC0, 0x14, 0x38, 0x13, 0xD6, 0x10, 0x9A, 0x50, 0xA4, 0x31, 0x14, 0x26, 0x18 };
static const uint8_t bitmap_1467[] = { 0x30, 0x00, 0x16, 0x3E, 0x13, 0xD0, 0x9D, 0x30, 0x71, 0xD0, 0x11, 0x30, 0x11, 0xD0, 0x15, 0x3E, 0x39, 0xD0, 0xD6, 0x10, 0x11, 0x9E, 0x1E, 0xE4, 0x15, 0x28, 0x52, 0x18, 0x35, 0x24, 0x28, 0xC2 };
static const uint8_t bitmap_1468[] = { 0x30, 0x00, 0x16, 0x3C, 0x13, 0xD4, 0x9E, 0x94, 0x72, 0xBC, 0x13, 0xC0, 0x10, 0x40, 0x1C, 0x7C, 0x33, 0xC0, 0xD0, 0x40, 0x14, 0x7E, 0x13, 0xA0, 0x10, 0x90, 0x51, 0x68, 0x31, 0x84, 0x26, 0x04 };
static const uint8_t bitmap_1469[] = { 0x30, 0x0C, 0x10, 0x34, 0x13, 0xC8, 0x9C, 0x88, 0x72, 0x50, 0x11, 0x7C, 0x15, 0xC0, 0x1A, 0x40, 0x34, 0x7E, 0xDF, 0xC0, 0x10, 0x4C, 0x16, 0x44, 0x12, 0x44, 0x52, 0x7C, 0x33, 0xC4, 0x22, 0x04 };
static const uint8_t bitmap_1470[] = { 0x30, 0x14, 0x10, 0x14, 0x15, 0xD4, 0x9A, 0xAE, 0x70, 0xB8, 0x14, 0xE8, 0x12, 0xAE, 0x1B, 0x38, 0x31, 0x28, 0xD2, 0xAE, 0x12, 0xB8, 0x14, 0xA8, 0x14, 0x28, 0x58, 0x2E, 0x30, 0x38, 0x20, 0x20 };
static const uint8_t bitmap_1471[] = { 0x30, 0x60, 0x10, 0x20, 0x12, 0x3C, 0x9D, 0xE0, 0x72, 0x22, 0x11, 0x54, 0x10, 0xF0, 0x1D, 0x2C, 0x32, 0x5A, 0xD0, 0xE0, 0x14, 0x3E, 0x13, 0xE0, 0x10, 0x20, 0x50, 0x20, 0x30, 0x20, 0x20, 0x20 };
static const uint8_t bitmap_1472[] = { 0x30, 0x60, 0x10, 0x20, 0x12, 0x3E, 0x9D, 0xC8, 0x70, 0x88, 0x16, 0x7E, 0x13, 0xE2, 0x1A, 0x22, 0x33, 0x3A, 0xD2, 0xE2, 0x12, 0xBA, 0x12, 0xCA, 0x12, 0xBA, 0x52, 0xCA, 0x32, 0x06, 0x22, 0x04 };
static const uint8_t bitmap_1473[] = { 0x30, 0x64, 0x12, 0x24, 0x12, 0x3C, 0x9F, 0xD4, 0x72, 0x10, 0x11, 0x1C, 0x11, 0xE0, 0x1A, 0x20, 0x36, 0x3C, 0xDB, 0xE0, 0x12, 0x3C, 0x13, 0xE0, 0x12, 0x20, 0x52, 0x3E, 0x33, 0xC0, 0x22, 0x00 };
static const uint8_t bitmap_1474[] = { 0x01, 0x80, 0x60, 0xFE, 0x3F, 0x10, 0x32, 0x7C, 0x2F, 0xB8, 0x27, 0x54, 0x2A, 0x92, 0x33, 0x78, 0x2F, 0x80, 0x28, 0xFC, 0x27, 0x80, 0x30, 0xFE, 0x4F, 0x80, 0x42, 0x80, 0x81, 0x80, 0x01, 0x00 };
static const uint8_t bitmap_1475[] = { 0x30, 0x90, 0x14, 0xBE, 0x13, 0xD0, 0x9C, 0x90, 0x73, 0x3C, 0x11, 0xC8, 0x15, 0x38, 0x19, 0xC8, 0x31, 0x38, 0xD1, 0xC0, 0x18, 0x7E, 0x17, 0xC0, 0x10, 0xB0, 0x51, 0x08, 0x32, 0x04, 0x2C, 0x02 };
static const uint8_t bitmap_1476[] = { 0x04, 0x40, 0x85, 0xFE, 0x7E, 0x40, 0x15, 0xF0, 0x0E, 0x20, 0x09, 0xE0, 0x0E, 0x20, 0x89, 0xFE, 0x7E, 0x20, 0x10, 0xD8, 0x2F, 0x04, 0xD0, 0xFA, 0x0F, 0x80, 0x20, 0xFC, 0x1F, 0x80, 0x01, 0x00 };
static const uint8_t bitmap_1477[] = { 0x63, 0x08, 0x29, 0x48, 0x25, 0x88, 0xBB, 0x30, 0x65, 0xD6, 0x27, 0x5C, 0x2D, 0x64, 0x35, 0xD4, 0x25, 0x54, 0xE7, 0x48, 0x25, 0x48, 0x25, 0x48, 0x25, 0x54, 0xA5, 0x54, 0x64, 0xD2, 0x44, 0xA2 };
static const uint8_t bitmap_1478[] = { 0x32, 0x48, 0x11, 0x7E, 0x13, 0xC4, 0x9A, 0x38, 0x75, 0xC8, 0x11, 0x38, 0x11, 0xC8, 0x1C, 0x30, 0x33, 0xC0, 0xD4, 0x38, 0x13, 0xE0, 0x18, 0x3E, 0x17, 0xE0, 0x50, 0xA0, 0x30, 0x40, 0x20, 0x40 };
static const uint8_t bitmap_1479[] = { 0x6D, 0x88, 0x24, 0x88, 0x25, 0xC8, 0xBE, 0x90, 0x64, 0x9E, 0x25, 0xE8, 0x2E, 0x48, 0x35, 0xA8, 0x66, 0xA8, 0xA5, 0x98, 0x26, 0x88, 0x25, 0x88, 0x26, 0x94, 0xA4, 0xA4, 0x65, 0xC2, 0x44, 0x82 };
static const uint8_t bitmap_1480[] = { 0x6D, 0x82, 0x24, 0xB6, 0x2D, 0xD8, 0xB6, 0x90, 0x65, 0x90, 0x26, 0x96, 0x2C, 0x9C, 0x35, 0x94, 0x26, 0x94, 0xE4, 0x94, 0x35, 0xD4, 0x2E, 0x14, 0x21, 0x24, 0xA4, 0xA4, 0x64, 0x44, 0x58, 0x04 };
static const uint8_t bitmap_1481[] = { 0x30, 0xC0, 0x10, 0x40, 0x12, 0x7C, 0x9F, 0xA0, 0x71, 0x20, 0x14, 0xFC, 0x17, 0xC8, 0x1A, 0x78, 0x33, 0xC8, 0xD2, 0x78, 0x13, 0xC0, 0x14, 0x7C, 0x13, 0xC0, 0x58, 0x7E, 0x37, 0x80, 0x20, 0x00 };
static const uint8_t bitmap_1482[] = { 0x63, 0x10, 0x21, 0x10, 0x23, 0xD0, 0xBE, 0x2E, 0xE2, 0xB4, 0x25, 0xC4, 0x2E, 0x64, 0x30, 0x14, 0x2D, 0xD4, 0xE6, 0x88, 0x25, 0x88, 0x26, 0x94, 0x25, 0x94, 0xA6, 0xA2, 0x65, 0xC2, 0x44, 0x82 };
static const uint8_t bitmap_1483[] = { 0x30, 0xC0, 0x10, 0x40, 0x12, 0x7E, 0x9F, 0xA4, 0x75, 0x14, 0x12, 0x38, 0x17, 0xCC, 0x1A, 0x3A, 0x33, 0xC8, 0xD2, 0x38, 0x13, 0xC0, 0x11, 0x50, 0x12, 0x48, 0x55, 0x44, 0x38, 0xC2, 0x20, 0x80 };
static const uint8_t bitmap_1484[] = { 0x60, 0x60, 0x27, 0x80, 0x28, 0xF0, 0xB7, 0x80, 0xE8, 0xFC, 0x27, 0x84, 0x28, 0xFE, 0x31, 0x88, 0xEE, 0x70, 0x23, 0x9C, 0x2E, 0x70, 0x23, 0x9E, 0x2E, 0x70, 0xA2, 0x94, 0x63, 0x14, 0x46, 0x1E };
static const uint8_t bitmap_1485[] = { 0x30, 0x18, 0x10, 0x68, 0x13, 0xC8, 0x9E, 0x50, 0x71, 0x7E, 0x17, 0xD0, 0x19, 0x48, 0x31, 0x44, 0xD2, 0x7A, 0x17, 0xC8, 0x1A, 0x78, 0x13, 0xC8, 0x12, 0x48, 0x52, 0x78, 0x33, 0xC8, 0x22, 0x08 };
static const uint8_t bitmap_1486[] = { 0x30, 0x00, 0x13, 0x3C, 0x11, 0xC8, 0x9D, 0x38, 0x71, 0xC8, 0x11, 0x38, 0x11, 0xC0, 0x1C, 0x3E, 0x37, 0xC0, 0xD6, 0x8E, 0x15, 0xF4, 0x16, 0x94, 0x15, 0xC8, 0x56, 0x94, 0x38, 0xA4, 0x20, 0xC2 };
static const uint8_t bitmap_1487[] = { 0x60, 0x00, 0x25, 0xAC, 0x26, 0xB4, 0xBD, 0xAC, 0xE6, 0x30, 0x24, 0xA4, 0x27, 0xBC, 0x29, 0x20, 0x35, 0x7C, 0xE7, 0xA0, 0x21, 0x20, 0x29, 0x7E, 0x27, 0xA0, 0xA1, 0x18, 0x66, 0x04, 0x58, 0x02 };
static const uint8_t bitmap_1488[] = { 0x61, 0x30, 0x25, 0xDC, 0x23, 0x30, 0xB9, 0xDE, 0x67, 0x30, 0x21, 0xA8, 0x2A, 0x44, 0x34, 0xFA, 0xE3, 0x80, 0x21, 0x40, 0x22, 0x78, 0x27, 0xC0, 0x28, 0x7E, 0xA7, 0xC0, 0x60, 0x40, 0x40, 0x40 };
static const uint8_t bitmap_1489[] = { 0x60, 0x6C, 0x20, 0x22, 0x24, 0x3E, 0xBF, 0xE0, 0x64, 0x24, 0x25, 0xD4, 0x2C, 0x14, 0x35, 0xC8, 0x25, 0x4A, 0xE5, 0x56, 0x29, 0xA2, 0x28, 0x48, 0x31, 0x24, 0xA5, 0x22, 0x64, 0x88, 0x58, 0x7C };
static const uint8_t bitmap_1490[] = { 0x30, 0x00, 0x14, 0x7C, 0x13, 0xC0, 0x92, 0x7E, 0x7B, 0xC4, 0x14, 0x58, 0x17, 0x40, 0x18, 0x58, 0x33, 0x40, 0xD2, 0x3C, 0x13, 0xC4, 0x12, 0x7C, 0x13, 0xC4, 0x52, 0x7C, 0x33, 0xC4, 0x22, 0x04 };
static const uint8_t bitmap_1491[] = { 0x30, 0xC0, 0x14, 0x7E, 0x13, 0xC0, 0x9C, 0x3C, 0x73, 0xD4, 0x12, 0xB4, 0x16, 0xC4, 0x1A, 0x3C, 0x33, 0xC8, 0xD1, 0x38, 0x11, 0xC8, 0x11, 0x38, 0x11, 0xC0, 0x58, 0x3E, 0x37, 0xC0, 0x20, 0x00 };
static const uint8_t bitmap_1492[] = { 0x30, 0x00, 0x11, 0xBC, 0x10, 0xC8, 0x9C, 0x98, 0x70, 0xE8, 0x10, 0x16, 0x16, 0xDA, 0x1B, 0x56, 0x32, 0xDA, 0xD3, 0x60, 0x14, 0x3E, 0x13, 0xF0, 0x10, 0x68, 0x50, 0xA4, 0x31, 0x24, 0x26, 0x22 };
static const uint8_t bitmap_1493[] = { 0x28, 0x40, 0xAF, 0x5E, 0x78, 0xE8, 0x4E, 0xA8, 0x7B, 0x10, 0xAA, 0x28, 0x3E, 0x44, 0x24, 0xE2, 0x0F, 0x00, 0x21, 0xF8, 0x1F, 0x80, 0x80, 0xFE, 0x7F, 0x80, 0x02, 0x80, 0x01, 0x80, 0x01, 0x00 };
static const uint8_t bitmap_1494[] = { 0x30, 0x40, 0x10, 0x60, 0x10, 0x90, 0x9D, 0x48, 0x72, 0x5E, 0x15, 0xE8, 0x11, 0x58, 0x1D, 0xA8, 0x31, 0x78, 0xD1, 0xC0, 0x16, 0x7E, 0x13, 0xC4, 0x12, 0x54, 0x52, 0x74, 0x33, 0x8C, 0x22, 0x08 };
static const uint8_t bitmap_1495[] = { 0x30, 0x60, 0x12, 0x3E, 0x13, 0xE4, 0x9E, 0x08, 0x71, 0xEE, 0x11, 0x34, 0x12, 0xD4, 0x1D, 0x88, 0x31, 0x3C, 0xD6, 0xC2, 0x1A, 0x3E, 0x11, 0xE8, 0x11, 0x24, 0x52, 0xA2, 0x32, 0x62, 0x24, 0x40 };
static const uint8_t bitmap_1496[] = { 0x32, 0xB0, 0x9D, 0x5C, 0x72, 0xB0, 0x3A, 0xB8, 0x51, 0x14, 0x56, 0x92, 0x80, 0xFE, 0x7F, 0x40, 0x08, 0xF0, 0x17, 0x08, 0x28, 0xE4, 0xC7, 0x82, 0x20, 0xF8, 0x1F, 0x80, 0x02, 0x80, 0x01, 0x00 };
static const uint8_t bitmap_1497[] = { 0x03, 0x00, 0x01, 0x00, 0x81, 0xFE, 0x7F, 0x00, 0x01, 0x00, 0x01, 0x00, 0x21, 0xF8, 0x1F, 0x10, 0x02, 0x20, 0x01, 0x20, 0x00, 0xC0, 0x00, 0xA0, 0x01, 0x10, 0x06, 0x08, 0x18, 0x04, 0xE0, 0x02 };
static const uint8_t bitmap_1498[] = { 0x18, 0x80, 0x08, 0x80, 0xC8, 0x80, 0x48, 0x80, 0x49, 0x1E, 0x49, 0xE8, 0x4A, 0x08, 0x4A, 0x88, 0x4C, 0x50, 0x58, 0x30, 0x68, 0x10, 0xC8, 0x28, 0x08, 0x44, 0x08, 0x84, 0x0B, 0x02, 0x0C, 0x02 };
static const uint8_t bitmap_1499[] = { 0x00, 0x40, 0x8E, 0x40, 0x74, 0x40, 0x04, 0x9E, 0x04, 0xE8, 0x05, 0x08, 0xDE, 0x88, 0x64, 0x48, 0x40, 0x28, 0x40, 0x10, 0x40, 0x10, 0x42, 0x28, 0x4C, 0x24, 0x70, 0x44, 0xC0, 0x82, 0x03, 0x02 };
static const uint8_t bitmap_1500[] = { 0x00, 0x80, 0x00, 0x80, 0x00, 0x80, 0x8C, 0x9E, 0x71, 0xE8, 0x11, 0x08, 0x12, 0x88, 0x10, 0x48, 0x12, 0x50, 0x1C, 0x30, 0x30, 0x10, 0xC0, 0x28, 0x00, 0x44, 0x00, 0x84, 0x03, 0x02, 0x0C, 0x02 };
static const uint8_t bitmap_1501[] = { 0x30, 0x40, 0x10, 0x40, 0x10, 0x40, 0x9E, 0x9E, 0x70, 0xE8, 0x10, 0x88, 0x17, 0x48, 0x1A, 0x28, 0x12, 0x10, 0x22, 0x10, 0x22, 0x28, 0x24, 0x28, 0x44, 0x44, 0x64, 0x84, 0x99, 0x02, 0x12, 0x02 };
static const uint8_t bitmap_1502[] = { 0x00, 0x40, 0x87, 0x40, 0x78, 0x40, 0x08, 0x9E, 0x08, 0xE8, 0x69, 0x08, 0x2E, 0x48, 0x28, 0x28, 0x28, 0x10, 0x28, 0x10, 0x2B, 0x28, 0x2C, 0x28, 0x30, 0x44, 0xC0, 0x84, 0x01, 0x02, 0x06, 0x02 };
static const uint8_t bitmap_1503[] = { 0x30, 0x40, 0x10, 0x40, 0x10, 0x40, 0x9E, 0x4E, 0x70, 0xF8, 0x10, 0x88, 0x13, 0x48, 0x10, 0x28, 0xDE, 0x10, 0x64, 0x10, 0x44, 0x28, 0x44, 0x28, 0x44, 0x44, 0x5C, 0x84, 0x61, 0x02, 0x46, 0x02 };
static const uint8_t bitmap_1504[] = { 0x30, 0x40, 0x10, 0x40, 0x10, 0x40, 0x9E, 0x40, 0x60, 0x9E, 0x08, 0xE8, 0x45, 0x08, 0x4A, 0x88, 0xA8, 0x50, 0x10, 0x30, 0x18, 0x10, 0x24, 0x28, 0x24, 0x44, 0x40, 0x84, 0x81, 0x02, 0x06, 0x02 };
static const uint8_t bitmap_1505[] = { 0x0C, 0x40, 0x10, 0x40, 0xF0, 0x40, 0x10, 0x9E, 0x9E, 0xE8, 0x71, 0x08, 0x12, 0x88, 0x10, 0x48, 0xDC, 0x28, 0x64, 0x10, 0x44, 0x10, 0x44, 0x28, 0x5C, 0x24, 0x64, 0x44, 0x44, 0x82, 0x03, 0x02 };
static const uint8_t bitmap_1506[] = { 0x10, 0x40, 0x10, 0x40, 0x27, 0x40, 0x38, 0x9E, 0x40, 0xE8, 0xAF, 0x08, 0x3A, 0x88, 0x2A, 0x48, 0xA7, 0xA8, 0xFA, 0x10, 0x52, 0x10, 0x4A, 0x28, 0x4F, 0x24, 0xF4, 0x44, 0x0C, 0x82, 0x0B, 0x02 };
static const uint8_t bitmap_1507[] = { 0x1C, 0x20, 0x0A, 0x20, 0x09, 0x20, 0x8F, 0x3E, 0x78, 0x48, 0x09, 0x88, 0x4A, 0x48, 0x2C, 0x28, 0x2A, 0x28, 0x1A, 0x10, 0x29, 0x10, 0xC9, 0x28, 0x08, 0x24, 0x28, 0x44, 0x19, 0x82, 0x16, 0x02 };
static const uint8_t bitmap_1508[] = { 0x19, 0x20, 0x09, 0x20, 0x4F, 0x20, 0x39, 0x4E, 0x0A, 0x78, 0x8F, 0x88, 0x74, 0xC8, 0x09, 0x28, 0x1E, 0x28, 0x34, 0x10, 0xC9, 0x90, 0x0E, 0x28, 0x74, 0x24, 0x04, 0x44, 0x18, 0x82, 0x0B, 0x02 };
static const uint8_t bitmap_1509[] = { 0x08, 0x10, 0x08, 0x10, 0x14, 0x10, 0x12, 0x20, 0x22, 0x2E, 0x2D, 0x78, 0x51, 0x88, 0xA2, 0x48, 0x12, 0x28, 0x4A, 0x10, 0x2A, 0x10, 0x24, 0x28, 0x07, 0x24, 0x18, 0x44, 0xE0, 0x82, 0x03, 0x02 };
static const uint8_t bitmap_1510[] = { 0x30, 0x20, 0x92, 0x20, 0x52, 0x20, 0x54, 0x40, 0x10, 0x4E, 0x9E, 0xF8, 0xF3, 0x08, 0x82, 0x48, 0xAA, 0x28, 0xBA, 0x10, 0xAA, 0x10, 0xBA, 0x28, 0xAA, 0x24, 0x8A, 0x44, 0x86, 0x82, 0x85, 0x02 };
static const uint8_t bitmap_1511[] = { 0x00, 0x20, 0x8E, 0x20, 0x74, 0x20, 0x08, 0x4E, 0x9F, 0x78, 0x74, 0x88, 0x44, 0xC8, 0x5D, 0x28, 0x66, 0x10, 0x5C, 0x10, 0x66, 0x28, 0x4C, 0x28, 0x74, 0x44, 0xC4, 0x84, 0x05, 0x02, 0x06, 0x02 };
static const uint8_t bitmap_1512[] = { 0x6C, 0x20, 0x24, 0x20, 0xAF, 0x20, 0x74, 0x2E, 0x24, 0x78, 0xAF, 0x48, 0x70, 0x88, 0x4F, 0x48, 0x72, 0x28, 0x4E, 0x10, 0x72, 0x10, 0x4E, 0x28, 0x72, 0x24, 0x4A, 0x44, 0x46, 0x82, 0x45, 0x02 };
static const uint8_t bitmap_1513[] = { 0x18, 0x40, 0x08, 0x40, 0x8F, 0x40, 0x70, 0x5E, 0x2E, 0xE8, 0x32, 0x88, 0x2F, 0x48, 0x30, 0x28, 0x4F, 0x28, 0x32, 0x10, 0x14, 0x90, 0x0B, 0x28, 0x3C, 0x24, 0xC8, 0x44, 0x18, 0x82, 0x13, 0x02 };
static const uint8_t bitmap_1514[] = { 0x14, 0x20, 0x97, 0xA0, 0x7C, 0x20, 0x14, 0x4E, 0x20, 0x78, 0x2F, 0x88, 0x31, 0x48, 0x41, 0x28, 0xDD, 0x28, 0x69, 0x10, 0x49, 0x10, 0x5A, 0x28, 0x62, 0x24, 0x14, 0x44, 0x0C, 0x82, 0x0B, 0x02 };
static const uint8_t bitmap_1515[] = { 0x59, 0x20, 0x2A, 0x20, 0x2A, 0x20, 0x8F, 0x4E, 0x7C, 0x78, 0x2A, 0x88, 0x29, 0x48, 0x49, 0x28, 0x90, 0x28, 0x9F, 0x10, 0x72, 0x10, 0x22, 0x28, 0x74, 0x24, 0x0C, 0x44, 0x32, 0x82, 0xC3, 0x02 };
static const uint8_t bitmap_1516[] = { 0x18, 0x60, 0x08, 0x20, 0x8F, 0xA0, 0x70, 0x2E, 0x4E, 0x30, 0x72, 0x20, 0x4F, 0x3C, 0x70, 0xE4, 0x8F, 0x08, 0xF1, 0x48, 0x8D, 0x28, 0xB5, 0x10, 0xA5, 0x18, 0xAD, 0x24, 0xB3, 0x44, 0x82, 0x82 };
static const uint8_t bitmap_1517[] = { 0x18, 0x20, 0x8F, 0x20, 0x78, 0x4E, 0x4F, 0x78, 0x79, 0xC8, 0x4F, 0x30, 0x7C, 0x18, 0x1B, 0x64, 0x68, 0x82, 0x89, 0xFC, 0x7F, 0x00, 0x01, 0xF8, 0x19, 0x00, 0x89, 0xFE, 0x7E, 0x00, 0x00, 0x00 };
static const uint8_t bitmap_1518[] = { 0x1A, 0x20, 0x8F, 0xA0, 0x78, 0x20, 0x4F, 0x4E, 0x79, 0x78, 0x4F, 0x88, 0x79, 0x48, 0x4F, 0x28, 0x79, 0x28, 0x49, 0x10, 0x8F, 0x90, 0x70, 0x28, 0x1F, 0x24, 0x22, 0x44, 0x4A, 0x82, 0x8D, 0x02 };
static const uint8_t bitmap_1519[] = { 0x03, 0x00, 0x01, 0x00, 0x01, 0x00, 0x81, 0xFE, 0x7F, 0x20, 0x08, 0x20, 0x04, 0x20, 0x02, 0x40, 0x01, 0x40, 0x00, 0x80, 0x01, 0x40, 0x02, 0x20, 0x04, 0x10, 0x08, 0x08, 0x30, 0x04, 0xC0, 0x02 };
static const uint8_t bitmap_1520[] = { 0x03, 0x00, 0x81, 0xFE, 0x7F, 0x20, 0x04, 0x40, 0x02, 0xC0, 0x03, 0x30, 0x1C, 0x0C, 0xE1, 0xFA, 0x1E, 0x80, 0x01, 0x00, 0x21, 0xFC, 0x3E, 0x88, 0x24, 0x88, 0x24, 0xA8, 0x24, 0x98, 0x20, 0x10 };
static const uint8_t bitmap_1521[] = { 0x30, 0x30, 0x10, 0x14, 0x12, 0xD2, 0x9D, 0x12, 0x68, 0x10, 0x0C, 0x7E, 0x93, 0x90, 0x51, 0x10, 0x55, 0x10, 0x25, 0xD0, 0x35, 0x08, 0x2D, 0x2A, 0x45, 0xCA, 0x87, 0x04, 0x1C, 0x06, 0x00, 0x02 };
static const uint8_t bitmap_1522[] = { 0x03, 0x00, 0x99, 0x4E, 0x61, 0x38, 0x29, 0xC8, 0x26, 0x08, 0x24, 0x88, 0xBA, 0xCE, 0x62, 0xB8, 0x21, 0x08, 0x21, 0x88, 0x2A, 0x48, 0x32, 0x48, 0xC4, 0x08, 0x08, 0x8E, 0x10, 0x70, 0x00, 0x00 };
static const uint8_t bitmap_1523[] = { 0x04, 0x60, 0x02, 0x20, 0x01, 0x20, 0x11, 0x20, 0x08, 0x20, 0x04, 0x20, 0x04, 0x20, 0x00, 0x2E, 0x00, 0x70, 0x03, 0xA0, 0x1C, 0x20, 0xE0, 0x20, 0x00, 0x20, 0x00, 0x20, 0x00, 0x20, 0x00, 0x20 };
static const uint8_t bitmap_1524[] = { 0x30, 0x18, 0x12, 0x88, 0x92, 0x48, 0x54, 0x28, 0x51, 0x28, 0x9E, 0x88, 0x70, 0x48, 0x10, 0x4E, 0x38, 0x18, 0x34, 0x28, 0x52, 0xC8, 0x53, 0x08, 0x90, 0x08, 0x10, 0x08, 0x10, 0x08, 0x10, 0x08 };
static const uint8_t bitmap_1525[] = { 0x08, 0x0C, 0x0C, 0x44, 0x12, 0x24, 0x11, 0x14, 0x27, 0x94, 0x3D, 0x44, 0x44, 0x24, 0x87, 0xA4, 0x7C, 0x06, 0x06, 0x1C, 0x35, 0x64, 0x25, 0x04, 0x24, 0x84, 0x54, 0x84, 0x8C, 0x04, 0x08, 0x04 };
static const uint8_t bitmap_1526[] = { 0x6C, 0x18, 0x24, 0x08, 0xAF, 0x48, 0x74, 0x28, 0x2C, 0x28, 0x34, 0x88, 0x2C, 0x48, 0x34, 0x48, 0xAF, 0x8E, 0x74, 0x18, 0x52, 0x68, 0x53, 0x88, 0x60, 0x08, 0x4F, 0x88, 0x70, 0x08, 0x40, 0x08 };
static const uint8_t bitmap_1527[] = { 0x00, 0x18, 0x00, 0x60, 0x33, 0x80, 0x1C, 0x00, 0x10, 0x00, 0x10, 0x00, 0x10, 0x7E, 0x1F, 0xC0, 0x10, 0x40, 0x10, 0x40, 0x10, 0x40, 0x20, 0x40, 0x20, 0x40, 0x40, 0x40, 0x80, 0x40, 0x00, 0x40 };
static const uint8_t bitmap_1528[] = { 0x00, 0x18, 0x00, 0x60, 0x33, 0x80, 0x1C, 0x00, 0x10, 0x00, 0x10, 0x7E, 0x1F, 0xC0, 0x10, 0x40, 0x13, 0x40, 0x10, 0xE0, 0x20, 0x58, 0x20, 0x44, 0x40, 0x40, 0x80, 0x40, 0x00, 0x40, 0x00, 0x40 };
static const uint8_t bitmap_1529[] = { 0x08, 0x40, 0x08, 0x70, 0x10, 0x88, 0x2F, 0x04, 0xC2, 0xC0, 0x04, 0x30, 0x18, 0xCC, 0xF3, 0x02, 0x1C, 0x00, 0x10, 0xFC, 0x1F, 0x80, 0x20, 0x80, 0x20, 0x80, 0x40, 0x80, 0x80, 0x80, 0x00, 0x80 };
static const uint8_t bitmap_1530[] = { 0x10, 0x04, 0x11, 0x98, 0x10, 0xE0, 0x9E, 0x80, 0x70, 0x80, 0x28, 0x8E, 0x28, 0xF8, 0x4E, 0x88, 0x78, 0x88, 0x48, 0x88, 0x0A, 0x88, 0x1C, 0x88, 0xE9, 0x08, 0x09, 0x08, 0x0A, 0x08, 0x0C, 0x08 };
static const uint8_t bitmap_1531[] = { 0xCC, 0x0C, 0x65, 0xD0, 0x55, 0x60, 0x56, 0x40, 0x54, 0x40, 0x67, 0xCE, 0x5C, 0x78, 0x46, 0x48, 0x4D, 0x48, 0x55, 0x48, 0x54, 0xC8, 0x64, 0x48, 0x44, 0x88, 0x47, 0x88, 0x79, 0x08, 0x42, 0x08 };
static const uint8_t bitmap_1532[] = { 0x66, 0x0C, 0x22, 0xD0, 0xAF, 0x60, 0x72, 0x40, 0x2E, 0x40, 0x32, 0x4E, 0x22, 0x78, 0x2E, 0x48, 0x32, 0x48, 0x22, 0x48, 0xAF, 0x48, 0x74, 0x48, 0x24, 0x88, 0x22, 0x88, 0x43, 0x08, 0x80, 0x08 };
static const uint8_t bitmap_1533[] = { 0x18, 0x0C, 0x08, 0xD0, 0x4F, 0x60, 0x72, 0x40, 0x24, 0x40, 0x97, 0xCE, 0x78, 0x78, 0x08, 0x48, 0x8F, 0x48, 0x78, 0x48, 0x0C, 0x48, 0x2A, 0x88, 0x2A, 0x88, 0x69, 0x08, 0x9A, 0x08, 0x14, 0x08 };
static const uint8_t bitmap_1534[] = { 0x03, 0x00, 0x01, 0x00, 0x01, 0x00, 0x81, 0xFE, 0x7F, 0x00, 0x04, 0x00, 0x04, 0x00, 0x04, 0xF0, 0x07, 0x20, 0x04, 0x20, 0x04, 0x20, 0x08, 0x20, 0x08, 0x20, 0x11, 0x40, 0x20, 0xC0, 0xC0, 0x80 };
static const uint8_t bitmap_1535[] = { 0x30, 0x80, 0x10, 0x80, 0x10, 0x80, 0x9F, 0x3E, 0x71, 0xC0, 0x22, 0x20, 0x2F, 0xAE, 0x34, 0xB4, 0x24, 0xE4, 0x27, 0xB4, 0x24, 0xAC, 0x24, 0xA8, 0x44, 0xA0, 0x68, 0x84, 0x98, 0x44, 0x10, 0x3E };
static const uint8_t bitmap_1536[] = { 0x03, 0x00, 0x01, 0x00, 0x41, 0xFC, 0x3E, 0x20, 0x08, 0x40, 0x45, 0xFE, 0x7F, 0x04, 0x81, 0x00, 0x41, 0xFC, 0x3E, 0x00, 0x02, 0x78, 0x07, 0x90, 0x04, 0x10, 0x08, 0xA0, 0x10, 0x60, 0x60, 0x40 };
static const uint8_t bitmap_1537[] = { 0x30, 0x40, 0x10, 0x40, 0x10, 0x5E, 0x9E, 0xE0, 0x70, 0x84, 0x21, 0x08, 0x2E, 0x32, 0x34, 0xC4, 0x24, 0xA8, 0x24, 0x90, 0x24, 0x90, 0x44, 0x88, 0x44, 0x94, 0x68, 0xA4, 0x98, 0xC2, 0x13, 0x02 };
static const uint8_t bitmap_1538[] = { 0x31, 0x00, 0x11, 0x00, 0x11, 0x1E, 0x9D, 0xE0, 0x72, 0x00, 0x25, 0x1C, 0x2E, 0xE4, 0x34, 0x28, 0x25, 0xA0, 0x24, 0xAC, 0x24, 0xB0, 0x24, 0xA0, 0x45, 0x60, 0x69, 0x20, 0x9A, 0x10, 0x14, 0x0E };
static const uint8_t bitmap_1539[] = { 0x30, 0x80, 0x10, 0x80, 0x10, 0x9E, 0x9D, 0xE0, 0x71, 0x00, 0x22, 0x9C, 0x2C, 0xE0, 0x34, 0xA0, 0x25, 0x20, 0x26, 0x3E, 0x25, 0xE0, 0x24, 0x30, 0x44, 0x48, 0x68, 0x44, 0x98, 0x84, 0x13, 0x02 };
static const uint8_t bitmap_1540[] = { 0x33, 0x00, 0x11, 0x00, 0x11, 0x1E, 0x9F, 0xE8, 0x72, 0x88, 0x26, 0xBC, 0x21, 0xC8, 0x2E, 0xB8, 0x34, 0xC8, 0x24, 0xB8, 0x24, 0xC8, 0x26, 0xBE, 0x49, 0xD0, 0x68, 0x48, 0x99, 0x84, 0x16, 0x02 };
static const uint8_t bitmap_1541[] = { 0x00, 0x00, 0x40, 0xFC, 0x3F, 0x00, 0x01, 0x00, 0x01, 0x00, 0x01, 0x00, 0x81, 0xFE, 0x7F, 0x00, 0x01, 0xC0, 0x02, 0x80, 0x02, 0x80, 0x04, 0x80, 0x04, 0x84, 0x08, 0x84, 0x10, 0x44, 0xE0, 0x3E };
static const uint8_t bitmap_1542[] = { 0x00, 0x00, 0xCE, 0x8C, 0x74, 0xF8, 0x4C, 0x50, 0x74, 0x50, 0x44, 0x90, 0x4C, 0xBE, 0x75, 0xD0, 0x41, 0x10, 0x48, 0x20, 0x44, 0x30, 0x44, 0x50, 0x5A, 0x54, 0x62, 0x94, 0xC1, 0x14, 0x06, 0x0E };
static const uint8_t bitmap_1543[] = { 0x00, 0x00, 0x00, 0x00, 0x30, 0xFC, 0x1F, 0x08, 0x10, 0x08, 0x10, 0x08, 0x10, 0x08, 0x10, 0xF8, 0x1F, 0x08, 0x10, 0x08, 0x10, 0x08, 0x10, 0x08, 0x10, 0xF8, 0x1F, 0x08, 0x10, 0x08, 0x00, 0x00 };
static const uint8_t bitmap_1544[] = { 0x00, 0x00, 0x19, 0xF0, 0x0E, 0x20, 0x08, 0x20, 0x08, 0x20, 0x09, 0xE0, 0x0E, 0x20, 0x08, 0x20, 0x08, 0x20, 0x09, 0xE0, 0x0E, 0x20, 0x08, 0x00, 0x00, 0x00, 0x81, 0xFE, 0x7E, 0x00, 0x00, 0x00 };
static const uint8_t bitmap_1545[] = { 0x00, 0x00, 0x60, 0x00, 0x26, 0x7C, 0x23, 0x88, 0x22, 0x08, 0x22, 0x08, 0x22, 0x08, 0x22, 0x78, 0x23, 0x88, 0x22, 0x08, 0x22, 0x08, 0x22, 0x08, 0x22, 0x78, 0x23, 0x88, 0x22, 0x08, 0x20, 0x00 };
static const uint8_t bitmap_1546[] = { 0x30, 0x00, 0x10, 0x30, 0x11, 0xC0, 0x1E, 0x00, 0x10, 0x10, 0x10, 0x10, 0x0F, 0xF8, 0x00, 0x00, 0x19, 0xF0, 0x0E, 0x20, 0x09, 0xE0, 0x0E, 0x20, 0x08, 0x20, 0x09, 0xE0, 0x0E, 0x20, 0x08, 0x20 };
static const uint8_t bitmap_1547[] = { 0x00, 0x00, 0x31, 0xF8, 0x1E, 0x10, 0x10, 0x10, 0x11, 0xF0, 0x1E, 0x10, 0x10, 0x10, 0x11, 0xF0, 0x1F, 0x10, 0x11, 0x00, 0x81, 0xFE, 0x7F, 0x00, 0x01, 0x00, 0x01, 0x00, 0x01, 0x00, 0x01, 0x00 };
static const uint8_t bitmap_1548[] = { 0x08, 0x00, 0x08, 0x00, 0x10, 0xFE, 0x1F, 0x04, 0x20, 0x04, 0x73, 0xC4, 0x9C, 0x84, 0x10, 0x84, 0x13, 0x84, 0x1C, 0x84, 0x10, 0x84, 0x13, 0x88, 0x1C, 0x88, 0x10, 0x48, 0x00, 0x30, 0x00, 0x20 };
static const uint8_t bitmap_1549[] = { 0x30, 0x00, 0x11, 0xBC, 0x10, 0xC8, 0x10, 0x88, 0x9F, 0x88, 0x72, 0xB8, 0x12, 0xC8, 0x12, 0x88, 0x12, 0x88, 0x12, 0x88, 0x12, 0xB8, 0x22, 0xC8, 0x22, 0x80, 0x22, 0x04, 0x41, 0x04, 0x80, 0xFE };
static const uint8_t bitmap_1550[] = { 0x00, 0x00, 0x18, 0xF8, 0x0F, 0x10, 0x08, 0xF0, 0x0F, 0x10, 0x08, 0xF0, 0x0F, 0x00, 0x40, 0xFC, 0x3F, 0x00, 0x01, 0x00, 0x81, 0xFE, 0x7F, 0x00, 0x01, 0x00, 0x01, 0x00, 0x01, 0x00, 0x01, 0x00 };
static const uint8_t bitmap_1551[] = { 0x00, 0x18, 0x00, 0x08, 0xDC, 0x08, 0x68, 0x08, 0x4A, 0x1E, 0x49, 0xE8, 0x5A, 0x08, 0x69, 0x08, 0x48, 0x88, 0x48, 0x88, 0x48, 0x08, 0x58, 0x08, 0x68, 0x08, 0x40, 0x28, 0x00, 0x18, 0x00, 0x10 };
static const uint8_t bitmap_1552[] = { 0x00, 0x60, 0x00, 0x20, 0xDC, 0x20, 0x6B, 0x3E, 0x49, 0xE0, 0x49, 0x00, 0x59, 0x00, 0x69, 0x00, 0x49, 0x00, 0x49, 0x00, 0x49, 0x00, 0x59, 0x00, 0x6A, 0x00, 0x42, 0x00, 0x04, 0x00, 0x08, 0x00 };
static const uint8_t bitmap_1553[] = { 0x00, 0x00, 0x02, 0x1E, 0xDD, 0xE0, 0x68, 0x20, 0x48, 0x20, 0x48, 0x20, 0x58, 0x20, 0x69, 0x3C, 0x48, 0xE0, 0x48, 0x20, 0x48, 0x20, 0x58, 0x20, 0x68, 0x20, 0x44, 0x3E, 0x03, 0xC0, 0x00, 0x00 };
static const uint8_t bitmap_1554[] = { 0x00, 0x00, 0x19, 0xF0, 0x0E, 0x20, 0x09, 0xE0, 0x0E, 0x20, 0x09, 0xE0, 0x0E, 0x20, 0x0A, 0x00, 0x05, 0x9E, 0xD8, 0xE4, 0x60, 0x84, 0x41, 0x84, 0x4E, 0x94, 0x70, 0x8C, 0xC0, 0x88, 0x00, 0x80 };
static const uint8_t bitmap_1555[] = { 0x00, 0x00, 0x31, 0xF0, 0x1E, 0x20, 0x11, 0xE0, 0x1E, 0x20, 0x10, 0x20, 0x11, 0xE0, 0x1E, 0x20, 0x31, 0x88, 0x10, 0x88, 0x1E, 0xB0, 0x10, 0xC0, 0x11, 0x84, 0x16, 0x84, 0x18, 0x44, 0xE0, 0x3E };
static const uint8_t bitmap_1556[] = { 0x00, 0x00, 0x18, 0xF8, 0x0F, 0x10, 0x08, 0xF0, 0x0F, 0x10, 0x08, 0x10, 0x08, 0xF0, 0x0F, 0x00, 0x60, 0xFE, 0x3F, 0x04, 0x20, 0xFC, 0x3F, 0x04, 0x20, 0x04, 0x20, 0xFC, 0x3F, 0x04, 0x20, 0x04 };
static const uint8_t bitmap_1557[] = { 0x00, 0x00, 0x01, 0x9E, 0xDE, 0xE4, 0x64, 0x84, 0x44, 0x9C, 0x5C, 0xE4, 0x64, 0x84, 0x44, 0x84, 0x44, 0x9C, 0x5C, 0xE4, 0x64, 0x84, 0x40, 0x84, 0x00, 0x84, 0x01, 0x14, 0x01, 0x0C, 0x06, 0x08 };
static const uint8_t bitmap_1558[] = { 0x00, 0x30, 0x33, 0xC0, 0x1D, 0x00, 0x11, 0x7C, 0x1F, 0x80, 0x10, 0x80, 0x11, 0xC4, 0x16, 0x24, 0x38, 0x1C, 0xC9, 0xF6, 0x0E, 0x20, 0x09, 0xE0, 0x0E, 0x20, 0x09, 0xE0, 0x0E, 0x20, 0x08, 0x20 };
static const uint8_t bitmap_1559[] = { 0x00, 0x00, 0x19, 0xF0, 0x0E, 0x20, 0x09, 0xE0, 0x0E, 0x20, 0x09, 0xE0, 0x0E, 0x20, 0x04, 0x00, 0x09, 0xFE, 0x1E, 0x24, 0x22, 0x24, 0xC4, 0x44, 0x18, 0x88, 0x61, 0x48, 0x06, 0x30, 0x18, 0x20 };
static const uint8_t bitmap_1560[] = { 0x0C, 0xC0, 0x04, 0x40, 0x25, 0xF8, 0x1E, 0x40, 0x04, 0x40, 0x85, 0xFE, 0x7E, 0x00, 0x00, 0x00, 0x19, 0xF0, 0x0E, 0x20, 0x09, 0xE0, 0x0E, 0x20, 0x08, 0x20, 0x09, 0xE0, 0x0E, 0x20, 0x08, 0x20 };
static const uint8_t bitmap_1561[] = { 0x00, 0x00, 0x18, 0xF8, 0x0F, 0x10, 0x08, 0xF0, 0x0F, 0x10, 0x08, 0xF0, 0x0F, 0x10, 0x31, 0x00, 0x11, 0xFC, 0x1F, 0x00, 0x21, 0xF8, 0x5F, 0x00, 0x01, 0x00, 0x81, 0xFE, 0x7E, 0x00, 0x00, 0x00 };
static const uint8_t bitmap_1562[] = { 0x00, 0xC0, 0x00, 0x40, 0xB8, 0x40, 0xD6, 0x7C, 0x93, 0xC8, 0x92, 0x48, 0xB2, 0x48, 0xD2, 0x48, 0x9A, 0x7E, 0x97, 0xE0, 0x90, 0x90, 0xB0, 0x88, 0xD1, 0x04, 0x81, 0x04, 0x02, 0x02, 0x0C, 0x02 };
static const uint8_t bitmap_1563[] = { 0x03, 0x00, 0x01, 0x00, 0x41, 0xFC, 0x3F, 0x00, 0x21, 0xF8, 0x1E, 0x00, 0x85, 0xFE, 0x7E, 0x20, 0x09, 0xF8, 0x1E, 0x24, 0x29, 0xE2, 0xCE, 0x20, 0x08, 0x20, 0x09, 0xE0, 0x0E, 0x20, 0x08, 0x20 };
static const uint8_t bitmap_1564[] = { 0x00, 0xC0, 0xB8, 0x40, 0xD0, 0x40, 0x94, 0x78, 0x93, 0xC0, 0xB0, 0x40, 0xD0, 0x40, 0x98, 0x7E, 0x97, 0xC0, 0x90, 0xE0, 0x91, 0x50, 0xB1, 0x48, 0xD2, 0x44, 0x84, 0x44, 0x18, 0x42, 0x00, 0x40 };
static const uint8_t bitmap_1565[] = { 0x00, 0x80, 0x00, 0x80, 0xDC, 0x80, 0x69, 0x3E, 0x49, 0xC0, 0x4A, 0x40, 0x5C, 0x5C, 0x68, 0x60, 0x48, 0x40, 0x48, 0x40, 0x48, 0x5E, 0x58, 0x60, 0x68, 0x40, 0x40, 0x40, 0x00, 0x40, 0x00, 0x40 };
static const uint8_t bitmap_1566[] = { 0x00, 0x00, 0x02, 0x1E, 0xDD, 0xE4, 0x68, 0x44, 0x48, 0x44, 0x48, 0xA8, 0x58, 0x98, 0x69, 0x10, 0x4B, 0x3C, 0x4D, 0xC8, 0x49, 0x08, 0x59, 0x08, 0x69, 0x08, 0x41, 0x38, 0x01, 0xC8, 0x01, 0x08 };
static const uint8_t bitmap_1567[] = { 0x00, 0x00, 0x18, 0xF0, 0x0F, 0x20, 0x08, 0xE0, 0x0F, 0x20, 0x08, 0xE0, 0x0F, 0x00, 0x80, 0xFE, 0x7F, 0x00, 0x01, 0x00, 0x19, 0x78, 0x09, 0x80, 0x09, 0x00, 0x15, 0x00, 0x23, 0x00, 0x40, 0xFE };
static const uint8_t bitmap_1568[] = { 0x00, 0x00, 0x19, 0xF0, 0x0E, 0x20, 0x08, 0x20, 0x09, 0xE0, 0x0E, 0x40, 0x10, 0x30, 0x19, 0xE8, 0x2E, 0x24, 0x49, 0xE2, 0x8E, 0x20, 0x09, 0xE0, 0x0E, 0x00, 0x81, 0xFE, 0x7E, 0x00, 0x00, 0x00 };
static const uint8_t bitmap_1569[] = { 0x00, 0x00, 0x18, 0xF8, 0x0F, 0x10, 0x08, 0x10, 0x08, 0xF0, 0x0F, 0x10, 0x08, 0x10, 0x08, 0xF0, 0x0F, 0x08, 0x20, 0x48, 0x12, 0x48, 0x12, 0x50, 0x0A, 0x50, 0x8A, 0xFE, 0x7F, 0x00, 0x00, 0x00 };
static const uint8_t bitmap_1570[] = { 0x00, 0x00, 0x18, 0xF0, 0x0F, 0x20, 0x08, 0xE0, 0x0F, 0x20, 0x08, 0xE8, 0x2F, 0x28, 0x19, 0x10, 0x11, 0x20, 0x89, 0xFE, 0x7E, 0x80, 0x04, 0x80, 0x04, 0x80, 0x08, 0x84, 0x30, 0x84, 0xC0, 0x7E };
static const uint8_t bitmap_1571[] = { 0x00, 0x00, 0x40, 0xFC, 0x3F, 0x48, 0x22, 0x48, 0x12, 0x50, 0x92, 0xFE, 0x7F, 0x00, 0x08, 0xF8, 0x0F, 0x10, 0x08, 0x10, 0x08, 0xF0, 0x0F, 0x10, 0x08, 0x10, 0x08, 0xF0, 0x0F, 0x10, 0x08, 0x10 };
static const uint8_t bitmap_1572[] = { 0x00, 0x40, 0x00, 0x40, 0xD8, 0x40, 0x6E, 0xBE, 0x4B, 0xC2, 0x5A, 0x02, 0x6A, 0xBA, 0x4A, 0xCA, 0x4A, 0x8A, 0x4A, 0x8A, 0x5A, 0xBA, 0x6A, 0xCA, 0x42, 0x82, 0x02, 0x0A, 0x02, 0x06, 0x02, 0x04 };
static const uint8_t bitmap_1573[] = { 0x00, 0x00, 0x04, 0x3E, 0xBB, 0xE0, 0xD0, 0xA0, 0x90, 0xA0, 0xB6, 0xBE, 0xD3, 0xE4, 0x92, 0xA4, 0x92, 0xA4, 0x92, 0xBC, 0xB3, 0x04, 0xD2, 0x04, 0x82, 0x04, 0x02, 0x3C, 0x03, 0xC4, 0x02, 0x04 };
static const uint8_t bitmap_1574[] = { 0x01, 0x80, 0x00, 0x80, 0xB4, 0xBC, 0xD3, 0xC8, 0x90, 0x50, 0x90, 0x50, 0xB0, 0x24, 0xD0, 0xD4, 0x97, 0x0E, 0x90, 0x00, 0xB4, 0x7C, 0xD3, 0xA0, 0x81, 0x20, 0x01, 0x24, 0x02, 0x24, 0x1C, 0x1E };
static const uint8_t bitmap_1575[] = { 0x00, 0x00, 0x31, 0xF8, 0x1E, 0x10, 0x11, 0xF0, 0x1E, 0x10, 0x51, 0xFE, 0x7E, 0x04, 0x45, 0xF8, 0xBE, 0x00, 0x09, 0x00, 0x11, 0xF0, 0x3F, 0x00, 0x81, 0xFE, 0x7F, 0x00, 0x01, 0x00, 0x01, 0x00 };
static const uint8_t bitmap_1576[] = { 0x00, 0x80, 0x00, 0xB8, 0xDD, 0xD0, 0x69, 0x20, 0x4A, 0x3C, 0x4F, 0xC8, 0x5A, 0x48, 0x6A, 0x48, 0x4A, 0x78, 0x4B, 0xC8, 0x58, 0x60, 0x68, 0xA0, 0x48, 0xA4, 0x01, 0x24, 0x02, 0x24, 0x0C, 0x1E };
static const uint8_t bitmap_1577[] = { 0x00, 0x80, 0x00, 0x80, 0xDC, 0x9E, 0x69, 0xE0, 0x4A, 0x00, 0x4D, 0x1E, 0x59, 0xE4, 0x69, 0x44, 0x49, 0x3E, 0x4B, 0xC8, 0x49, 0x28, 0x5A, 0x3E, 0x6B, 0xC8, 0x42, 0x48, 0x00, 0x30, 0x00, 0x10 };
static const uint8_t bitmap_1578[] = { 0x00, 0x00, 0x18, 0xF0, 0x0F, 0x20, 0x08, 0xE0, 0x0F, 0x20, 0x08, 0xFC, 0x7F, 0x00, 0x28, 0xF0, 0x27, 0x00, 0x30, 0xFE, 0x2F, 0x48, 0x24, 0x28, 0x44, 0x50, 0x45, 0x88, 0x86, 0x04, 0x18, 0x02 };
static const uint8_t bitmap_1579[] = { 0x08, 0x20, 0x04, 0x20, 0x45, 0xFC, 0x3E, 0x48, 0x24, 0x48, 0x14, 0x50, 0x95, 0xFE, 0x7E, 0x00, 0x09, 0xF0, 0x0E, 0x20, 0x09, 0xE0, 0x0E, 0x20, 0x08, 0x20, 0x09, 0xE0, 0x0E, 0x20, 0x08, 0x20 };
static const uint8_t bitmap_1580[] = { 0x00, 0x00, 0x19, 0xF0, 0x0E, 0x20, 0x09, 0xE0, 0x0E, 0x20, 0x09, 0xE0, 0x0F, 0x00, 0x81, 0xFE, 0x7E, 0x00, 0x11, 0xF0, 0x0E, 0x20, 0x09, 0xE0, 0x0F, 0x40, 0x09, 0x30, 0x13, 0x08, 0x62, 0x04 };
static const uint8_t bitmap_1581[] = { 0x03, 0x02, 0x01, 0x66, 0xB1, 0x38, 0xD9, 0xE0, 0x97, 0x20, 0x91, 0x26, 0xB3, 0xBC, 0xD3, 0x64, 0x95, 0x24, 0x95, 0x24, 0xB9, 0x24, 0xD1, 0x24, 0x81, 0x44, 0x01, 0x44, 0x01, 0x84, 0x01, 0x04 };
static const uint8_t bitmap_1582[] = { 0x00, 0xC0, 0x02, 0x7C, 0xDD, 0xC0, 0x6A, 0x78, 0x49, 0xC0, 0x4C, 0x7E, 0x5B, 0xC0, 0x69, 0x3C, 0x49, 0xC8, 0x49, 0x38, 0x59, 0xC8, 0x69, 0x38, 0x41, 0xC8, 0x01, 0x28, 0x01, 0x18, 0x01, 0x10 };
static const uint8_t bitmap_1583[] = { 0x00, 0x00, 0x19, 0xF0, 0x0E, 0x20, 0x09, 0xE0, 0x0E, 0x20, 0x09, 0xE0, 0x0E, 0x20, 0x08, 0x20, 0x8E, 0x9E, 0xF2, 0xE2, 0x8E, 0x9E, 0xF2, 0xE2, 0x82, 0x82, 0x8E, 0x9E, 0xF2, 0xE2, 0x82, 0x82 };
static const uint8_t bitmap_1584[] = { 0x20, 0x00, 0x27, 0x9E, 0x38, 0xE4, 0x48, 0x84, 0x8F, 0x84, 0x78, 0x9C, 0x14, 0xE4, 0x12, 0x80, 0x29, 0xF0, 0xCE, 0x20, 0x09, 0xE0, 0x0E, 0x20, 0x08, 0x20, 0x09, 0xE0, 0x0E, 0x20, 0x08, 0x20 };
static const uint8_t bitmap_1585[] = { 0x00, 0xC0, 0x00, 0x40, 0xB4, 0x7E, 0xD3, 0xC0, 0x90, 0x00, 0x96, 0x3C, 0xB3, 0xC8, 0xD2, 0x08, 0x92, 0x38, 0x93, 0xC8, 0xB0, 0x40, 0xD2, 0x48, 0x82, 0x44, 0x05, 0x42, 0x08, 0xC2, 0x00, 0x80 };
static const uint8_t bitmap_1586[] = { 0x10, 0x0C, 0x9F, 0x50, 0x70, 0x60, 0x28, 0x4E, 0x2F, 0x78, 0x78, 0x48, 0x4B, 0x48, 0x1C, 0x88, 0xEB, 0x08, 0x08, 0xF8, 0x1F, 0x10, 0x10, 0xF0, 0x1F, 0x10, 0x10, 0xF0, 0x1F, 0x10, 0x10, 0x10 };
static const uint8_t bitmap_1587[] = { 0x00, 0x00, 0x0D, 0xCE, 0xB6, 0x74, 0xD4, 0x44, 0x94, 0x44, 0x95, 0xCC, 0xB6, 0x34, 0xD4, 0x40, 0x95, 0xCC, 0x96, 0x34, 0x94, 0x24, 0xB5, 0x98, 0xD6, 0x08, 0x94, 0x14, 0x04, 0x22, 0x04, 0xC2 };
static const uint8_t bitmap_1588[] = { 0x00, 0x00, 0x30, 0xF8, 0x1F, 0x10, 0x10, 0xF0, 0x1F, 0x14, 0x10, 0xF4, 0x1F, 0x08, 0x22, 0xF8, 0x1F, 0x20, 0x82, 0xFE, 0x7F, 0x10, 0x08, 0xF0, 0x3F, 0x10, 0xC8, 0xF0, 0x0F, 0x10, 0x08, 0x10 };
static const uint8_t bitmap_1589[] = { 0x00, 0x1C, 0x00, 0xE4, 0xBF, 0x44, 0xD1, 0x28, 0x94, 0xBC, 0x93, 0xC0, 0xB0, 0x80, 0xD8, 0xFE, 0x97, 0x80, 0x91, 0x38, 0x91, 0xC8, 0xB2, 0x50, 0xD4, 0x30, 0x98, 0x48, 0x01, 0x84, 0x0E, 0x02 };
static const uint8_t bitmap_1590[] = { 0x00, 0x60, 0x00, 0x20, 0xDE, 0x3E, 0x69, 0xC8, 0x48, 0x90, 0x4C, 0xBE, 0x5B, 0xC0, 0x68, 0x00, 0x49, 0x3C, 0x49, 0xC8, 0x59, 0x38, 0x69, 0xC8, 0x41, 0x08, 0x01, 0x38, 0x01, 0xC8, 0x01, 0x08 };
static const uint8_t bitmap_1591[] = { 0x04, 0x40, 0x85, 0xFE, 0x7E, 0x40, 0x15, 0xF0, 0x0E, 0x20, 0x09, 0xE0, 0x0E, 0x20, 0x09, 0xE0, 0x0E, 0x40, 0x85, 0xFE, 0x7E, 0x20, 0x09, 0xF8, 0x3E, 0x24, 0xC9, 0xE2, 0x0E, 0x20, 0x08, 0x20 };
static const uint8_t bitmap_1592[] = { 0x00, 0x00, 0x19, 0xF0, 0x0E, 0x20, 0x09, 0xE0, 0x0E, 0x20, 0x09, 0xE0, 0x0E, 0x40, 0x25, 0xF8, 0x1E, 0x40, 0x85, 0xFE, 0x7F, 0x20, 0x11, 0x18, 0x2B, 0xA4, 0xC5, 0x62, 0x0B, 0x10, 0x32, 0x08 };
static const uint8_t bitmap_1593[] = { 0x00, 0x00, 0x06, 0x3E, 0xBB, 0xD4, 0xD2, 0xBC, 0x93, 0xC8, 0xB4, 0x7C, 0xD3, 0xD0, 0x98, 0x7E, 0x97, 0xC0, 0x90, 0xBC, 0xB1, 0xC8, 0xD3, 0x38, 0x8D, 0xC8, 0x01, 0x38, 0x01, 0xC8, 0x01, 0x08 };
static const uint8_t bitmap_1594[] = { 0x00, 0x00, 0xB6, 0x78, 0xD3, 0x90, 0x92, 0x70, 0x93, 0x90, 0xB2, 0x78, 0xD3, 0xA0, 0x95, 0x7C, 0x93, 0xA0, 0x99, 0x7E, 0xB7, 0xC8, 0xD2, 0x54, 0x85, 0xE2, 0x19, 0x58, 0x06, 0xC4, 0x00, 0x80 };
static const uint8_t bitmap_1595[] = { 0x00, 0x00, 0x60, 0xFC, 0x3F, 0x08, 0x20, 0x08, 0x20, 0x08, 0x20, 0x08, 0x20, 0x08, 0x23, 0xC8, 0x3C, 0x08, 0x20, 0x08, 0x20, 0x08, 0x20, 0x08, 0x20, 0x08, 0x21, 0xF8, 0x3E, 0x08, 0x20, 0x08 };
static const uint8_t bitmap_1596[] = { 0x0C, 0xC0, 0x04, 0x40, 0x04, 0x40, 0xC4, 0xFE, 0x7F, 0x44, 0x44, 0x44, 0x44, 0x44, 0x44, 0x44, 0x45, 0xFC, 0x7E, 0x44, 0x44, 0x44, 0x44, 0x44, 0x44, 0x44, 0x45, 0xFC, 0x7E, 0x04, 0x40, 0x00 };
static const uint8_t bitmap_1597[] = { 0x00, 0x00, 0x80, 0xFE, 0x7F, 0x00, 0x01, 0x00, 0x31, 0xF8, 0x1F, 0x10, 0x11, 0xF0, 0x1F, 0x10, 0x11, 0xF0, 0x1F, 0x10, 0x15, 0x00, 0x03, 0x80, 0x02, 0x60, 0x04, 0x10, 0x18, 0x0C, 0xE0, 0x02 };
static const uint8_t bitmap_1598[] = { 0x04, 0x40, 0x85, 0xFE, 0x7E, 0x40, 0x25, 0xF8, 0x3E, 0x48, 0x25, 0xF8, 0x3E, 0x48, 0x25, 0xF8, 0x3E, 0x00, 0x11, 0xF0, 0x1E, 0x10, 0x11, 0xF0, 0x1E, 0x10, 0x11, 0xF0, 0x1E, 0x10, 0x10, 0x10 };
static const uint8_t bitmap_1599[] = { 0x00, 0x00, 0x19, 0xF0, 0x0E, 0x20, 0x09, 0xE0, 0x0E, 0x20, 0x09, 0xE0, 0x0E, 0x00, 0xC1, 0xFC, 0x7E, 0x44, 0x45, 0xFC, 0x7E, 0x10, 0x21, 0xF8, 0x1E, 0x20, 0x04, 0xC0, 0x03, 0x38, 0xFC, 0x06 };
static const uint8_t bitmap_1600[] = { 0x08, 0x20, 0x04, 0x40, 0x65, 0xFC, 0x3F, 0x28, 0x29, 0x28, 0x25, 0x48, 0x25, 0xF8, 0x3E, 0x08, 0x09, 0xE0, 0x0E, 0x20, 0x09, 0xE0, 0x0E, 0x20, 0x08, 0x20, 0x09, 0xE0, 0x0E, 0x20, 0x08, 0x20 };
static const uint8_t bitmap_1601[] = { 0x18, 0x60, 0x4F, 0x3C, 0x38, 0xE0, 0x08, 0x20, 0x8E, 0x3E, 0x79, 0xE0, 0x14, 0x58, 0x12, 0x84, 0x29, 0xF2, 0x4E, 0x20, 0x89, 0xE0, 0x0E, 0x20, 0x08, 0x20, 0x09, 0xE0, 0x0E, 0x20, 0x08, 0x20 };
static const uint8_t bitmap_1602[] = { 0x00, 0x00, 0x19, 0xF0, 0x0E, 0x20, 0x09, 0xE0, 0x0E, 0x20, 0x09, 0xE0, 0x0E, 0x00, 0x81, 0xFE, 0x7E, 0x00, 0x33, 0x3C, 0x2E, 0xC8, 0x32, 0x28, 0x2F, 0x10, 0x32, 0x28, 0xC2, 0xC4, 0x03, 0x02 };
static const uint8_t bitmap_1603[] = { 0x00, 0x00, 0x18, 0xF8, 0x0F, 0x10, 0x08, 0x10, 0x08, 0xF0, 0x0F, 0x10, 0x08, 0x10, 0x08, 0x10, 0x08, 0xF0, 0x0F, 0x10, 0x08, 0x10, 0x08, 0x10, 0x10, 0x10, 0x10, 0x50, 0x20, 0x30, 0x40, 0x20 };
static const uint8_t bitmap_1604[] = { 0x01, 0x00, 0x01, 0x00, 0x81, 0xFE, 0x7F, 0x00, 0x02, 0x00, 0x02, 0xF8, 0x07, 0x10, 0x0C, 0x10, 0x14, 0xF0, 0x27, 0x10, 0x44, 0x10, 0x04, 0xF0, 0x07, 0x10, 0x04, 0x50, 0x04, 0x30, 0x04, 0x20 };
static const uint8_t bitmap_1605[] = { 0x00, 0x00, 0x6E, 0xDE, 0x32, 0x64, 0x22, 0x44, 0x2E, 0x5C, 0x32, 0x64, 0x22, 0x44, 0x22, 0x44, 0x2E, 0x5C, 0x32, 0x64, 0x22, 0x44, 0x22, 0x44, 0x22, 0x44, 0x4A, 0x94, 0x46, 0x8C, 0x85, 0x08 };
static const uint8_t bitmap_1606[] = { 0x00, 0x00, 0x6F, 0xBC, 0x32, 0xC8, 0x22, 0x88, 0x2E, 0xA8, 0x32, 0x98, 0x22, 0x90, 0x22, 0x8E, 0x2E, 0xF4, 0x32, 0xA4, 0x22, 0x94, 0x22, 0x88, 0x22, 0x88, 0x4A, 0x94, 0x46, 0xA2, 0x84, 0xC2 };
static const uint8_t bitmap_1607[] = { 0x08, 0x00, 0x08, 0xDE, 0xDF, 0x64, 0x72, 0x44, 0x4E, 0x5C, 0x72, 0x64, 0x42, 0x44, 0x4E, 0x44, 0x72, 0x5C, 0x48, 0x64, 0x44, 0x44, 0x44, 0x44, 0x5A, 0x84, 0x62, 0x94, 0xC1, 0x0C, 0x06, 0x08 };
static const uint8_t bitmap_1608[] = { 0x18, 0x00, 0x08, 0xDE, 0x8F, 0x64, 0x78, 0x5C, 0x20, 0x64, 0x23, 0x5C, 0x2C, 0x64, 0x30, 0x8C, 0x40, 0xF8, 0x3F, 0x00, 0x21, 0xF8, 0x1F, 0x00, 0x01, 0x00, 0x81, 0xFE, 0x7E, 0x00, 0x00, 0x00 };
static const uint8_t bitmap_1609[] = { 0x18, 0x00, 0x08, 0xDE, 0x8F, 0x64, 0x78, 0x44, 0x08, 0x5C, 0xCF, 0x64, 0x72, 0x44, 0x4E, 0x44, 0x72, 0x5C, 0x4E, 0x64, 0x78, 0x44, 0x08, 0x44, 0x8F, 0x44, 0x78, 0x54, 0x08, 0x8C, 0x0B, 0x08 };
static const uint8_t bitmap_1610[] = { 0x22, 0x00, 0x22, 0x5E, 0xAF, 0xE4, 0x72, 0x44, 0x22, 0x5C, 0x2E, 0x64, 0x32, 0x44, 0x22, 0x44, 0x2E, 0x5C, 0x32, 0x64, 0x22, 0x44, 0xAF, 0xC4, 0x74, 0x44, 0x12, 0x94, 0x22, 0x8C, 0xC1, 0x08 };
static const uint8_t bitmap_1611[] = { 0x00, 0x90, 0xDA, 0xBE, 0x69, 0xD0, 0x4A, 0xBE, 0x5B, 0xC4, 0x6C, 0x38, 0x49, 0xC0, 0x4C, 0x3E, 0x5B, 0xC4, 0x68, 0xA8, 0x4B, 0x70, 0x48, 0xA8, 0x4B, 0x64, 0x68, 0xA4, 0x9B, 0x62, 0x90, 0x40 };
static const uint8_t bitmap_1612[] = { 0x03, 0x00, 0x01, 0x00, 0x01, 0x00, 0x01, 0x00, 0x81, 0xFE, 0x7F, 0x00, 0x03, 0x80, 0x05, 0x40, 0x05, 0x20, 0x09, 0x10, 0x09, 0x08, 0x11, 0x04, 0x21, 0x02, 0xC1, 0x00, 0x01, 0x00, 0x01, 0x00 };
static const uint8_t bitmap_1613[] = { 0x03, 0x00, 0x01, 0x00, 0x01, 0x00, 0x21, 0xF8, 0x1F, 0x00, 0x01, 0x00, 0x01, 0x00, 0x81, 0xFE, 0x7F, 0x00, 0x05, 0xC0, 0x05, 0x20, 0x09, 0x10, 0x11, 0x08, 0x21, 0x04, 0xC1, 0x02, 0x01, 0x00 };
static const uint8_t bitmap_1614[] = { 0x03, 0x00, 0x01, 0x00, 0x01, 0x00, 0x81, 0xFE, 0x7F, 0x00, 0x01, 0x00, 0x01, 0x00, 0x21, 0xF8, 0x1F, 0x80, 0x03, 0x40, 0x05, 0x20, 0x09, 0x10, 0x11, 0x08, 0x21, 0x04, 0xC1, 0x02, 0x01, 0x00 };
static const uint8_t bitmap_1615[] = { 0x03, 0x00, 0x01, 0x00, 0x01, 0x00, 0x81, 0xFE, 0x7F, 0x00, 0x05, 0x80, 0x05, 0x40, 0x09, 0x20, 0x09, 0x10, 0x11, 0x08, 0x31, 0xF4, 0x4F, 0x02, 0x81, 0x00, 0x01, 0x00, 0x01, 0x00, 0x01, 0x00 };
static const uint8_t bitmap_1616[] = { 0x03, 0x20, 0x01, 0x10, 0x01, 0x08, 0x01, 0x08, 0x81, 0xFE, 0x7F, 0x00, 0x03, 0x80, 0x05, 0x40, 0x05, 0x20, 0x09, 0x10, 0x09, 0x08, 0x11, 0x04, 0x21, 0x02, 0xC1, 0x00, 0x01, 0x00, 0x01, 0x00 };
static const uint8_t bitmap_1617[] = { 0x03, 0x00, 0x19, 0x00, 0x09, 0x00, 0x11, 0xF8, 0x1F, 0x00, 0x21, 0x00, 0x41, 0x00, 0x81, 0xFE, 0x7F, 0x00, 0x03, 0x80, 0x05, 0x40, 0x05, 0x20, 0x09, 0x10, 0x11, 0x08, 0x21, 0x04, 0xC1, 0x02 };
static const uint8_t bitmap_1618[] = { 0x18, 0x60, 0x08, 0x20, 0x08, 0x20, 0x8F, 0xA0, 0x78, 0x30, 0x08, 0x28, 0x1C, 0x24, 0x1A, 0x22, 0x29, 0x22, 0x29, 0x20, 0x48, 0x20, 0x88, 0x20, 0x08, 0x20, 0x08, 0x20, 0x08, 0x20, 0x08, 0x20 };
static const uint8_t bitmap_1619[] = { 0x00, 0x00, 0x0D, 0xE0, 0x06, 0x40, 0x04, 0x40, 0x08, 0x40, 0x08, 0x40, 0x10, 0x3E, 0x23, 0x00, 0xC1, 0x00, 0x41, 0xFE, 0x3F, 0x40, 0x05, 0x20, 0x09, 0x10, 0x11, 0x08, 0x21, 0x04, 0xC1, 0x02 };
static const uint8_t bitmap_1620[] = { 0x30, 0x00, 0x13, 0x70, 0x11, 0xA0, 0x9F, 0x20, 0x71, 0x20, 0x11, 0x20, 0x39, 0x20, 0x35, 0x20, 0x55, 0x20, 0x51, 0x20, 0x91, 0x20, 0x11, 0x20, 0x12, 0x24, 0x12, 0x24, 0x14, 0x14, 0x18, 0x0E };
static const uint8_t bitmap_1621[] = { 0x30, 0x00, 0x12, 0x3E, 0x11, 0xC0, 0x9E, 0x40, 0x70, 0x40, 0x10, 0x80, 0x38, 0xBE, 0x35, 0xC4, 0x55, 0x04, 0x50, 0x04, 0x90, 0x04, 0x10, 0x08, 0x10, 0x08, 0x10, 0x50, 0x10, 0x30, 0x10, 0x20 };
static const uint8_t bitmap_1622[] = { 0x00, 0x20, 0x18, 0x20, 0x06, 0xC0, 0x01, 0x80, 0x02, 0x60, 0x0C, 0x10, 0x73, 0x08, 0x01, 0x00, 0x81, 0xFE, 0x7F, 0x00, 0x01, 0x40, 0x09, 0x30, 0x11, 0x08, 0x25, 0x04, 0xC3, 0x02, 0x02, 0x00 };
static const uint8_t bitmap_1623[] = { 0x06, 0x00, 0x02, 0x00, 0x43, 0xE0, 0x3C, 0x40, 0x04, 0x40, 0x04, 0x44, 0x08, 0x44, 0x13, 0x3E, 0xE1, 0x00, 0x81, 0xFE, 0x7F, 0x00, 0x01, 0x40, 0x09, 0x30, 0x15, 0x08, 0x23, 0x04, 0xC2, 0x02 };
static const uint8_t bitmap_1624[] = { 0x30, 0x00, 0x12, 0x1C, 0x11, 0xE4, 0x9D, 0x04, 0x70, 0x84, 0x10, 0x48, 0x38, 0x48, 0x34, 0x28, 0x52, 0x10, 0x52, 0x10, 0x90, 0x28, 0x10, 0x28, 0x10, 0x44, 0x10, 0x84, 0x11, 0x02, 0x16, 0x02 };
static const uint8_t bitmap_1625[] = { 0x30, 0x00, 0x12, 0x1C, 0x11, 0xE0, 0x9C, 0x20, 0x70, 0x20, 0x10, 0x20, 0x3C, 0x3E, 0x37, 0xE0, 0x50, 0x20, 0x50, 0x20, 0x90, 0x20, 0x10, 0x20, 0x10, 0x20, 0x10, 0x20, 0x10, 0x20, 0x10, 0x20 };
static const uint8_t bitmap_1626[] = { 0x30, 0x08, 0x10, 0x08, 0x10, 0x10, 0x9E, 0x20, 0x70, 0x44, 0x11, 0x84, 0x38, 0x08, 0x34, 0x10, 0x54, 0x22, 0x50, 0x42, 0x91, 0x84, 0x10, 0x04, 0x10, 0x08, 0x10, 0x10, 0x10, 0x60, 0x11, 0x80 };
static const uint8_t bitmap_1627[] = { 0x03, 0x00, 0x01, 0x00, 0x81, 0xFE, 0x7F, 0x80, 0x05, 0x60, 0x09, 0x18, 0x11, 0x04, 0x31, 0xF2, 0xCE, 0x20, 0x02, 0x40, 0x81, 0xFE, 0x7E, 0x80, 0x00, 0x80, 0x02, 0x80, 0x01, 0x00, 0x01, 0x00 };
static const uint8_t bitmap_1628[] = { 0x03, 0x00, 0x01, 0x00, 0x81, 0xFE, 0x7F, 0x80, 0x05, 0x60, 0x05, 0x10, 0x09, 0x08, 0x11, 0x04, 0x21, 0x02, 0xD9, 0xF0, 0x0E, 0x20, 0x08, 0x20, 0x08, 0x20, 0x09, 0xE0, 0x0E, 0x20, 0x08, 0x20 };
static const uint8_t bitmap_1629[] = { 0x30, 0x18, 0x10, 0x08, 0x10, 0x08, 0x9E, 0x1E, 0x71, 0xE8, 0x10, 0x18, 0x38, 0x18, 0x34, 0x28, 0x52, 0x28, 0x50, 0x48, 0x90, 0x88, 0x11, 0x08, 0x16, 0x08, 0x10, 0x28, 0x10, 0x18, 0x10, 0x10 };
static const uint8_t bitmap_1630[] = { 0x30, 0x18, 0x10, 0x08, 0x10, 0x08, 0x9E, 0x1E, 0x71, 0xE8, 0x10, 0x08, 0x38, 0x88, 0x34, 0x48, 0x52, 0x48, 0x52, 0x48, 0x90, 0x08, 0x10, 0x08, 0x10, 0x08, 0x10, 0x28, 0x10, 0x18, 0x10, 0x10 };
static const uint8_t bitmap_1631[] = { 0x30, 0x60, 0x10, 0x20, 0x10, 0x20, 0x9C, 0x3E, 0x73, 0xE0, 0x10, 0x20, 0x39, 0x20, 0x34, 0xA0, 0x54, 0x60, 0x50, 0x20, 0x90, 0x50, 0x10, 0x48, 0x10, 0x84, 0x11, 0x04, 0x12, 0x02, 0x14, 0x02 };
static const uint8_t bitmap_1632[] = { 0x30, 0x60, 0x10, 0x20, 0x10, 0x20, 0x9E, 0x20, 0x70, 0x20, 0x12, 0x3C, 0x39, 0xE0, 0x34, 0x20, 0x54, 0x20, 0x50, 0x20, 0x90, 0x20, 0x10, 0x20, 0x10, 0x20, 0x18, 0x3E, 0x17, 0xC0, 0x10, 0x00 };
static const uint8_t bitmap_1633[] = { 0x03, 0x00, 0x01, 0x00, 0x81, 0xFE, 0x7F, 0x00, 0x01, 0x00, 0x31, 0xF8, 0x1F, 0x10, 0x11, 0x10, 0x11, 0xF0, 0x1F, 0x10, 0x15, 0xC0, 0x05, 0x20, 0x09, 0x10, 0x11, 0x08, 0x21, 0x04, 0xC1, 0x02 };
static const uint8_t bitmap_1634[] = { 0x30, 0x00, 0x10, 0x00, 0x12, 0x1C, 0x9D, 0xE0, 0x70, 0x20, 0x10, 0x20, 0x38, 0x20, 0x34, 0x20, 0x50, 0x20, 0x50, 0x20, 0x90, 0x20, 0x10, 0x20, 0x10, 0x20, 0x14, 0x3E, 0x13, 0xC0, 0x10, 0x00 };
static const uint8_t bitmap_1635[] = { 0x02, 0x00, 0x02, 0xF0, 0x07, 0x20, 0x08, 0x40, 0x16, 0x80, 0x61, 0xC0, 0x02, 0x30, 0x0F, 0x0C, 0x71, 0x02, 0x81, 0xFE, 0x7F, 0x00, 0x01, 0x40, 0x09, 0x30, 0x15, 0x08, 0x23, 0x04, 0xC2, 0x02 };
static const uint8_t bitmap_1636[] = { 0x03, 0x00, 0x01, 0x00, 0x21, 0xF8, 0x1F, 0x10, 0x11, 0x10, 0x09, 0x20, 0x09, 0x40, 0x85, 0xFE, 0x7F, 0x80, 0x03, 0x40, 0x05, 0x20, 0x09, 0x10, 0x11, 0x08, 0x21, 0x04, 0xC1, 0x02, 0x01, 0x00 };
static const uint8_t bitmap_1637[] = { 0x30, 0x00, 0x14, 0x78, 0x13, 0x90, 0x9C, 0x20, 0x70, 0x40, 0x10, 0x80, 0x39, 0x7E, 0x37, 0xA4, 0x54, 0xA4, 0x51, 0x24, 0x91, 0x44, 0x12, 0x44, 0x1C, 0x88, 0x11, 0x28, 0x16, 0x18, 0x10, 0x10 };
static const uint8_t bitmap_1638[] = { 0x30, 0xC0, 0x10, 0x40, 0x10, 0x40, 0x9C, 0x7C, 0x73, 0xC0, 0x10, 0x00, 0x3B, 0x70, 0x35, 0xA0, 0x55, 0x20, 0x51, 0x20, 0x91, 0x20, 0x11, 0x20, 0x12, 0x24, 0x12, 0x24, 0x14, 0x24, 0x18, 0x1E };
static const uint8_t bitmap_1639[] = { 0x30, 0x00, 0x12, 0x3C, 0x11, 0xC8, 0x9E, 0x10, 0x70, 0x10, 0x10, 0x30, 0x38, 0x28, 0x34, 0x64, 0x54, 0xA2, 0x51, 0x22, 0x92, 0x20, 0x10, 0x20, 0x10, 0x20, 0x10, 0x20, 0x10, 0x20, 0x10, 0x20 };
static const uint8_t bitmap_1640[] = { 0x03, 0x00, 0x01, 0x00, 0x01, 0x00, 0x81, 0xFE, 0x7F, 0x80, 0x05, 0x40, 0x05, 0x20, 0x09, 0x10, 0x11, 0x08, 0x21, 0x04, 0xC1, 0x02, 0x01, 0x00, 0x10, 0x88, 0x14, 0x44, 0x22, 0x22, 0xC2, 0x22 };
static const uint8_t bitmap_1641[] = { 0x30, 0x10, 0x10, 0x30, 0x10, 0x88, 0x9E, 0x84, 0x70, 0x84, 0x11, 0x22, 0x39, 0x22, 0x36, 0x20, 0x54, 0x40, 0x50, 0x50, 0x90, 0x48, 0x10, 0x84, 0x10, 0x9C, 0x11, 0xE2, 0x17, 0x02, 0x10, 0x00 };
static const uint8_t bitmap_1642[] = { 0x30, 0x0C, 0x13, 0x30, 0x11, 0xC0, 0x9F, 0x00, 0x71, 0x00, 0x11, 0x1C, 0x39, 0xE4, 0x35, 0x88, 0x55, 0x48, 0x51, 0x28, 0x92, 0x10, 0x12, 0x18, 0x14, 0x24, 0x18, 0x44, 0x11, 0x82, 0x16, 0x02 };
static const uint8_t bitmap_1643[] = { 0x30, 0x00, 0x14, 0x78, 0x13, 0x90, 0x9D, 0x10, 0x71, 0x20, 0x11, 0x20, 0x39, 0x3C, 0x35, 0x84, 0x55, 0x48, 0x51, 0x28, 0x92, 0x10, 0x12, 0x18, 0x14, 0x24, 0x18, 0x44, 0x11, 0x82, 0x16, 0x02 };
static const uint8_t bitmap_1644[] = { 0x30, 0x80, 0x10, 0x80, 0x10, 0x80, 0x9D, 0x1E, 0x71, 0xE2, 0x12, 0x02, 0x3C, 0x82, 0x34, 0x82, 0x50, 0xA2, 0x51, 0x12, 0x91, 0x72, 0x17, 0x94, 0x10, 0x04, 0x10, 0x28, 0x10, 0x18, 0x10, 0x10 };
static const uint8_t bitmap_1645[] = { 0x30, 0x00, 0x10, 0x00, 0x12, 0x1C, 0x9D, 0xE0, 0x70, 0x20, 0x10, 0x20, 0x38, 0x20, 0x36, 0x3C, 0x51, 0xE0, 0x50, 0x20, 0x90, 0x20, 0x10, 0x20, 0x10, 0x20, 0x14, 0x3E, 0x13, 0xC0, 0x10, 0x00 };
static const uint8_t bitmap_1646[] = { 0x30, 0x0C, 0x13, 0x30, 0x11, 0xC0, 0x9F, 0x00, 0x71, 0x00, 0x11, 0x1E, 0x39, 0xF0, 0x35, 0x10, 0x55, 0x10, 0x51, 0x10, 0x91, 0x10, 0x12, 0x10, 0x12, 0x10, 0x14, 0x10, 0x18, 0x10, 0x10, 0x10 };
static const uint8_t bitmap_1647[] = { 0x30, 0xC0, 0x10, 0x40, 0x10, 0x40, 0x9E, 0x7E, 0x73, 0xC4, 0x12, 0x48, 0x3C, 0x40, 0x34, 0x70, 0x54, 0xA0, 0x50, 0xA0, 0x90, 0xA0, 0x10, 0xA0, 0x11, 0x24, 0x11, 0x24, 0x12, 0x24, 0x1C, 0x1E };
static const uint8_t bitmap_1648[] = { 0x18, 0x60, 0x08, 0x20, 0x08, 0x20, 0x8F, 0x3E, 0x78, 0xE0, 0x08, 0x20, 0x1C, 0x70, 0x1A, 0x68, 0x2A, 0xA8, 0x28, 0xA4, 0x49, 0x22, 0x8A, 0x22, 0x0C, 0x20, 0x08, 0x20, 0x08, 0x20, 0x08, 0x20 };
static const uint8_t bitmap_1649[] = { 0x30, 0x80, 0x10, 0x80, 0x10, 0x80, 0x9E, 0x9E, 0x71, 0xE8, 0x11, 0x08, 0x3A, 0x88, 0x34, 0x50, 0x54, 0x30, 0x50, 0x10, 0x90, 0x28, 0x10, 0x28, 0x10, 0x44, 0x10, 0x84, 0x11, 0x02, 0x16, 0x02 };
static const uint8_t bitmap_1650[] = { 0x00, 0x00, 0x30, 0xF8, 0x1F, 0x10, 0x11, 0xF0, 0x1F, 0x10, 0x11, 0x10, 0x11, 0xF0, 0x1F, 0x10, 0x11, 0x00, 0x81, 0xFE, 0x7F, 0x80, 0x03, 0x60, 0x05, 0x10, 0x09, 0x08, 0x31, 0x04, 0xC1, 0x02 };
static const uint8_t bitmap_1651[] = { 0x30, 0x60, 0x10, 0x20, 0x12, 0x3E, 0x9F, 0xE0, 0x70, 0x20, 0x10, 0x20, 0x3A, 0x3C, 0x35, 0xC4, 0x52, 0x88, 0x50, 0x48, 0x90, 0x30, 0x10, 0x10, 0x10, 0x28, 0x10, 0x44, 0x11, 0x84, 0x16, 0x02 };
static const uint8_t bitmap_1652[] = { 0x30, 0x00, 0x16, 0x3E, 0x13, 0xC0, 0x9E, 0x08, 0x72, 0x88, 0x12, 0x48, 0x3A, 0x30, 0x36, 0x10, 0x52, 0x28, 0x52, 0x28, 0x92, 0x44, 0x12, 0x84, 0x13, 0x00, 0x12, 0x3E, 0x13, 0xC0, 0x12, 0x00 };
static const uint8_t bitmap_1653[] = { 0x03, 0x00, 0x41, 0xFC, 0x3F, 0x00, 0x01, 0xF8, 0x1F, 0x10, 0x11, 0x10, 0x13, 0xB0, 0x15, 0x40, 0x09, 0x30, 0x31, 0x08, 0xC3, 0x04, 0x00, 0x80, 0x06, 0x40, 0x01, 0x80, 0x00, 0x40, 0x00, 0x20 };
static const uint8_t bitmap_1654[] = { 0x30, 0x40, 0x10, 0xA0, 0x10, 0x90, 0x9D, 0x08, 0x72, 0x04, 0x15, 0x3A, 0x39, 0xD0, 0x35, 0x10, 0x55, 0x10, 0x51, 0x50, 0x91, 0x30, 0x11, 0x20, 0x11, 0x04, 0x10, 0x84, 0x10, 0x7E, 0x10, 0x00 };
static const uint8_t bitmap_1655[] = { 0x30, 0x00, 0x16, 0x7C, 0x13, 0x88, 0x9E, 0x68, 0x72, 0x28, 0x13, 0x28, 0x3A, 0xA8, 0x36, 0x48, 0x52, 0x48, 0x52, 0x68, 0x92, 0xAA, 0x12, 0x9A, 0x15, 0x0C, 0x16, 0x04, 0x18, 0x06, 0x10, 0x02 };
static const uint8_t bitmap_1656[] = { 0x30, 0x60, 0x10, 0x20, 0x10, 0x20, 0x9E, 0x3E, 0x71, 0xE0, 0x10, 0x20, 0x38, 0x20, 0x34, 0x20, 0x53, 0x3E, 0x51, 0xC4, 0x91, 0x04, 0x11, 0x04, 0x11, 0x04, 0x11, 0x3C, 0x11, 0xC4, 0x11, 0x04 };
static const uint8_t bitmap_1657[] = { 0x30, 0x00, 0x10, 0x00, 0x9F, 0xCE, 0x72, 0x74, 0x22, 0x44, 0x22, 0x4C, 0x54, 0x74, 0x4D, 0x40, 0x89, 0x00, 0x81, 0xFE, 0x7F, 0x80, 0x03, 0x40, 0x05, 0x30, 0x09, 0x08, 0x31, 0x04, 0xC1, 0x02 };
static const uint8_t bitmap_1658[] = { 0x30, 0x00, 0x14, 0x3E, 0x13, 0xC0, 0x9C, 0x40, 0x70, 0x40, 0x12, 0x7E, 0x3B, 0xC4, 0x36, 0x44, 0x52, 0x64, 0x52, 0x94, 0x92, 0x94, 0x13, 0x0C, 0x12, 0x04, 0x12, 0x14, 0x12, 0x0C, 0x12, 0x08 };
static const uint8_t bitmap_1659[] = { 0x30, 0x20, 0x10, 0x20, 0x10, 0x40, 0x9F, 0x5E, 0x71, 0xE4, 0x11, 0x04, 0x39, 0x04, 0x35, 0x04, 0x53, 0x3C, 0x51, 0xC4, 0x91, 0x04, 0x11, 0x04, 0x11, 0x04, 0x11, 0x3C, 0x11, 0xC4, 0x11, 0x04 };
static const uint8_t bitmap_1660[] = { 0x04, 0x20, 0x84, 0xFE, 0x7F, 0x20, 0x04, 0xE0, 0x07, 0x20, 0x04, 0x20, 0x04, 0xE0, 0x07, 0x20, 0x05, 0x00, 0x81, 0xFE, 0x7F, 0x80, 0x03, 0x60, 0x05, 0x10, 0x09, 0x08, 0x31, 0x04, 0xC1, 0x02 };
static const uint8_t bitmap_1661[] = { 0x31, 0x98, 0x10, 0x88, 0x10, 0x88, 0x9C, 0x88, 0x72, 0xBE, 0x13, 0xC8, 0x38, 0x88, 0x34, 0x88, 0x52, 0xB8, 0x50, 0xC8, 0x90, 0x88, 0x10, 0x88, 0x10, 0x88, 0x10, 0xB8, 0x10, 0xC8, 0x10, 0x88 };
static const uint8_t bitmap_1662[] = { 0x41, 0x80, 0x20, 0x80, 0x08, 0x8C, 0x94, 0xF0, 0x53, 0x80, 0x20, 0x84, 0xC0, 0x44, 0x21, 0x3E, 0x21, 0x00, 0x81, 0xFE, 0x7F, 0x80, 0x03, 0x40, 0x05, 0x30, 0x09, 0x08, 0x31, 0x04, 0xC1, 0x02 };
static const uint8_t bitmap_1663[] = { 0x41, 0x80, 0x20, 0x80, 0x08, 0xF0, 0x97, 0xA0, 0x51, 0x20, 0x21, 0x24, 0xC2, 0x24, 0x25, 0x1E, 0x29, 0x00, 0x91, 0xFE, 0x7F, 0x80, 0x03, 0x40, 0x05, 0x30, 0x09, 0x08, 0x31, 0x04, 0xC1, 0x02 };
static const uint8_t bitmap_1664[] = { 0x00, 0x00, 0x10, 0xF0, 0x0F, 0x20, 0x01, 0x40, 0x40, 0xFC, 0x3F, 0x90, 0x02, 0xA0, 0x04, 0x80, 0x1B, 0x80, 0x61, 0x00, 0x81, 0xFE, 0x7F, 0x80, 0x05, 0x60, 0x09, 0x18, 0x31, 0x04, 0xC1, 0x02 };
static const uint8_t bitmap_1665[] = { 0x30, 0x00, 0x13, 0x1C, 0x11, 0xE0, 0x9D, 0x00, 0x71, 0x00, 0x11, 0x3C, 0x39, 0xC8, 0x35, 0x08, 0x55, 0x08, 0x51, 0x38, 0x91, 0xC8, 0x11, 0x00, 0x11, 0x00, 0x11, 0x3E, 0x11, 0xC0, 0x11, 0x00 };
static const uint8_t bitmap_1666[] = { 0x30, 0x60, 0x10, 0x20, 0x10, 0x20, 0x9D, 0x3E, 0x71, 0xC4, 0x12, 0x08, 0x38, 0x00, 0x34, 0x3E, 0x53, 0xE0, 0x50, 0x20, 0x90, 0x20, 0x10, 0x20, 0x10, 0x20, 0x10, 0xA0, 0x10, 0x60, 0x10, 0x40 };
static const uint8_t bitmap_1667[] = { 0x03, 0x00, 0x01, 0x00, 0x81, 0xFE, 0x7F, 0x40, 0x05, 0x30, 0x09, 0x08, 0x19, 0xF4, 0x2E, 0x22, 0xC9, 0xE0, 0x0E, 0x20, 0x09, 0xE0, 0x0E, 0x20, 0x08, 0x00, 0x81, 0xFE, 0x7E, 0x00, 0x00, 0x00 };
static const uint8_t bitmap_1668[] = { 0x03, 0x00, 0x01, 0x00, 0x81, 0xFE, 0x7F, 0x00, 0x01, 0x00, 0x61, 0xFC, 0x3F, 0x28, 0x29, 0x48, 0x25, 0xF8, 0x3F, 0x88, 0x25, 0x60, 0x09, 0x10, 0x11, 0x08, 0x21, 0x04, 0xC1, 0x02, 0x01, 0x00 };
static const uint8_t bitmap_1669[] = { 0x30, 0xC0, 0x10, 0x20, 0x10, 0x20, 0x9E, 0x3C, 0x71, 0xE0, 0x10, 0x20, 0x38, 0x20, 0x34, 0x20, 0x56, 0x3C, 0x51, 0xE0, 0x90, 0x20, 0x10, 0x20, 0x10, 0x20, 0x14, 0x3E, 0x13, 0xC0, 0x10, 0x00 };
static const uint8_t bitmap_1670[] = { 0x30, 0x40, 0x16, 0xF6, 0x13, 0x9A, 0x9E, 0x52, 0x72, 0x52, 0x12, 0x52, 0x3A, 0x52, 0x36, 0x52, 0x52, 0x52, 0x52, 0xDA, 0x93, 0x56, 0x16, 0x54, 0x10, 0x90, 0x10, 0x90, 0x11, 0x10, 0x16, 0x10 };
static const uint8_t bitmap_1671[] = { 0x18, 0xC0, 0x08, 0x44, 0x6F, 0x58, 0x28, 0x60, 0x28, 0x40, 0x2F, 0x44, 0x38, 0x44, 0xC3, 0x3E, 0x01, 0x00, 0x81, 0xFE, 0x7F, 0x80, 0x03, 0x60, 0x05, 0x10, 0x09, 0x08, 0x31, 0x04, 0xC1, 0x02 };
static const uint8_t bitmap_1672[] = { 0x30, 0x60, 0x10, 0x20, 0x12, 0x3E, 0x9F, 0xC0, 0x70, 0x20, 0x10, 0x20, 0x3B, 0x3E, 0x35, 0xE4, 0x53, 0x24, 0x51, 0x24, 0x91, 0x24, 0x11, 0x34, 0x11, 0x2C, 0x11, 0x28, 0x10, 0x20, 0x10, 0x20 };
static const uint8_t bitmap_1673[] = { 0x30, 0x00, 0x15, 0xEC, 0x12, 0xB4, 0x9E, 0xA4, 0x72, 0xA4, 0x12, 0xA4, 0x3A, 0xBE, 0x37, 0xE4, 0x52, 0xA4, 0x52, 0xA4, 0x92, 0xA4, 0x12, 0xA4, 0x12, 0xA4, 0x14, 0xB4, 0x15, 0xAC, 0x19, 0x48 };
static const uint8_t bitmap_1674[] = { 0x30, 0x00, 0x12, 0x1C, 0x11, 0xE0, 0x9C, 0x00, 0x70, 0x00, 0x14, 0x1E, 0x3B, 0xE0, 0x34, 0x20, 0x51, 0x28, 0x51, 0x24, 0x91, 0x24, 0x12, 0x22, 0x12, 0x22, 0x14, 0xA2, 0x10, 0x60, 0x10, 0x40 };
static const uint8_t bitmap_1675[] = { 0x30, 0xD8, 0x10, 0x44, 0x10, 0x42, 0x9E, 0x7C, 0x71, 0xC0, 0x10, 0x40, 0x38, 0x7E, 0x37, 0xC0, 0x54, 0x48, 0x50, 0x28, 0x90, 0x28, 0x10, 0x12, 0x10, 0x32, 0x10, 0x4C, 0x11, 0x86, 0x16, 0x02 };
static const uint8_t bitmap_1676[] = { 0x30, 0x40, 0x10, 0x40, 0x10, 0x40, 0x9C, 0x9E, 0x73, 0xE0, 0x10, 0x80, 0x38, 0xA0, 0x35, 0x20, 0x55, 0x3C, 0x53, 0xE0, 0x92, 0x28, 0x11, 0x24, 0x11, 0x24, 0x12, 0xA2, 0x14, 0x62, 0x10, 0x40 };
static const uint8_t bitmap_1677[] = { 0x31, 0x08, 0x10, 0x88, 0x10, 0x90, 0x9E, 0xBC, 0x71, 0xC0, 0x10, 0x00, 0x38, 0x00, 0x34, 0x00, 0x56, 0x3C, 0x51, 0xC0, 0x90, 0x00, 0x10, 0x00, 0x10, 0x00, 0x14, 0x3E, 0x13, 0xC0, 0x10, 0x00 };
static const uint8_t bitmap_1678[] = { 0x30, 0x0C, 0x10, 0x04, 0x15, 0xC4, 0x9A, 0x84, 0x70, 0xCE, 0x14, 0xB4, 0x3A, 0xA4, 0x35, 0x24, 0x51, 0x14, 0x52, 0x94, 0x92, 0x44, 0x14, 0x44, 0x18, 0x04, 0x10, 0x14, 0x10, 0x0C, 0x10, 0x08 };
static const uint8_t bitmap_1679[] = { 0x30, 0x40, 0x10, 0x60, 0x10, 0x90, 0x9E, 0x88, 0x71, 0x04, 0x12, 0x3A, 0x3B, 0xC0, 0x34, 0x40, 0x54, 0x40, 0x52, 0x78, 0x91, 0xC0, 0x10, 0x40, 0x10, 0x40, 0x18, 0x7E, 0x17, 0x80, 0x10, 0x00 };
static const uint8_t bitmap_1680[] = { 0x30, 0x00, 0x14, 0x3E, 0x13, 0xE0, 0x9C, 0xA0, 0x70, 0xA0, 0x16, 0xBE, 0x3B, 0xE4, 0x36, 0xA4, 0x52, 0xA4, 0x52, 0xA4, 0x92, 0x9C, 0x13, 0x04, 0x12, 0x04, 0x12, 0x3C, 0x13, 0xC4, 0x12, 0x04 };
static const uint8_t bitmap_1681[] = { 0x00, 0x00, 0x80, 0xFE, 0x7F, 0x40, 0x04, 0x40, 0x65, 0xFC, 0x3E, 0x48, 0x24, 0x48, 0x25, 0xF8, 0x3F, 0x08, 0x21, 0x00, 0x81, 0xFE, 0x7F, 0x40, 0x05, 0x30, 0x09, 0x08, 0x31, 0x04, 0xC1, 0x02 };
static const uint8_t bitmap_1682[] = { 0x30, 0x60, 0x10, 0x20, 0x10, 0x20, 0x9C, 0x3E, 0x73, 0xD0, 0x10, 0x88, 0x38, 0x84, 0x35, 0x4A, 0x55, 0x2A, 0x52, 0x10, 0x90, 0x10, 0x10, 0x28, 0x10, 0x44, 0x10, 0x84, 0x11, 0x02, 0x16, 0x02 };
static const uint8_t bitmap_1683[] = { 0x30, 0x60, 0x11, 0xA0, 0x10, 0xA0, 0x9E, 0xBC, 0x71, 0xE0, 0x11, 0x20, 0x3A, 0x20, 0x36, 0x3E, 0x55, 0xE0, 0x50, 0x70, 0x90, 0xA8, 0x10, 0xA4, 0x11, 0x24, 0x12, 0x22, 0x14, 0x22, 0x10, 0x20 };
static const uint8_t bitmap_1684[] = { 0x32, 0x10, 0x11, 0x10, 0x11, 0x20, 0x9C, 0x3C, 0x73, 0xC0, 0x10, 0x40, 0x3A, 0x78, 0x35, 0xC0, 0x50, 0x40, 0x58, 0x7E, 0x97, 0xC0, 0x10, 0x40, 0x10, 0x40, 0x10, 0x40, 0x10, 0x40, 0x10, 0x40 };
static const uint8_t bitmap_1685[] = { 0x30, 0x60, 0x10, 0x20, 0x10, 0x20, 0x9C, 0x3E, 0x73, 0xC0, 0x10, 0x90, 0x38, 0x90, 0x35, 0x24, 0x51, 0xE4, 0x52, 0x48, 0x90, 0x88, 0x11, 0x10, 0x16, 0x28, 0x10, 0x44, 0x11, 0x82, 0x16, 0x02 };
static const uint8_t bitmap_1686[] = { 0x30, 0x00, 0x13, 0x3C, 0x11, 0xC8, 0x9F, 0x38, 0x71, 0xC8, 0x11, 0x08, 0x39, 0x38, 0x35, 0xC4, 0x55, 0x24, 0x51, 0x14, 0x91, 0x18, 0x11, 0x08, 0x11, 0x64, 0x11, 0x84, 0x17, 0x02, 0x10, 0x02 };
static const uint8_t bitmap_1687[] = { 0x30, 0x40, 0x10, 0x5C, 0x10, 0x68, 0x9E, 0x88, 0x70, 0x90, 0x11, 0x60, 0x3A, 0x30, 0x34, 0x48, 0x50, 0x84, 0x53, 0x3A, 0x9D, 0xC8, 0x11, 0x08, 0x11, 0x08, 0x11, 0x38, 0x11, 0xC8, 0x11, 0x08 };
static const uint8_t bitmap_1688[] = { 0x18, 0xC0, 0x08, 0x58, 0x4F, 0x44, 0x38, 0x44, 0x08, 0x40, 0x8F, 0xFE, 0x78, 0x40, 0x08, 0x44, 0x8F, 0x24, 0x78, 0x28, 0x1C, 0x28, 0x2A, 0x1A, 0x29, 0x12, 0x48, 0x2C, 0x88, 0xC6, 0x0B, 0x02 };
static const uint8_t bitmap_1689[] = { 0x30, 0x60, 0x10, 0x20, 0x11, 0x3C, 0x9E, 0xE0, 0x70, 0x20, 0x12, 0x3E, 0x39, 0xC0, 0x34, 0x60, 0x54, 0x20, 0x52, 0x3C, 0x91, 0xE0, 0x10, 0x20, 0x10, 0x20, 0x14, 0x3E, 0x13, 0xC0, 0x10, 0x00 };
static const uint8_t bitmap_1690[] = { 0x31, 0xA0, 0x10, 0xA0, 0x10, 0xA4, 0x9C, 0xA4, 0x72, 0xA8, 0x11, 0xB0, 0x38, 0xA0, 0x34, 0xB8, 0x55, 0xA4, 0x52, 0xA2, 0x94, 0xA2, 0x10, 0xA0, 0x11, 0x24, 0x11, 0x24, 0x12, 0x24, 0x1C, 0x1E };
static const uint8_t bitmap_1691[] = { 0x30, 0x00, 0x16, 0x1E, 0x13, 0xE0, 0x9E, 0x00, 0x72, 0x98, 0x12, 0x60, 0x3A, 0x20, 0x36, 0xB8, 0x52, 0x60, 0x52, 0x20, 0x93, 0x3C, 0x12, 0xE0, 0x12, 0x00, 0x12, 0x1E, 0x13, 0xE0, 0x12, 0x00 };
static const uint8_t bitmap_1692[] = { 0x03, 0x00, 0x41, 0xFE, 0x7F, 0x04, 0x84, 0x08, 0x85, 0xFE, 0x7E, 0x40, 0x08, 0x80, 0x1D, 0xC0, 0x06, 0x30, 0x79, 0x08, 0x81, 0xFE, 0x7F, 0x80, 0x03, 0x60, 0x05, 0x18, 0x19, 0x04, 0xE1, 0x02 };
static const uint8_t bitmap_1693[] = { 0x03, 0x00, 0x01, 0x3C, 0x01, 0xC0, 0x01, 0x00, 0x19, 0xF8, 0x0F, 0x10, 0x08, 0xF0, 0x0F, 0x10, 0x08, 0xF0, 0x0F, 0x00, 0x81, 0xFE, 0x7F, 0x80, 0x03, 0x60, 0x05, 0x18, 0x19, 0x04, 0xE1, 0x02 };
static const uint8_t bitmap_1694[] = { 0x30, 0x00, 0x16, 0x1E, 0x13, 0xE2, 0x9E, 0x02, 0x72, 0x9A, 0x12, 0x62, 0x3A, 0x02, 0x36, 0xBA, 0x52, 0xD2, 0x52, 0x92, 0x92, 0xB2, 0x12, 0xD2, 0x12, 0x02, 0x12, 0x0A, 0x12, 0x06, 0x12, 0x04 };
static const uint8_t bitmap_1695[] = { 0x00, 0x00, 0x11, 0xE0, 0x0E, 0x40, 0x01, 0x80, 0x06, 0x60, 0x19, 0x1C, 0x8E, 0xE8, 0x72, 0x50, 0x14, 0x38, 0x0D, 0x44, 0xB5, 0xFE, 0x7F, 0x80, 0x05, 0x60, 0x09, 0x18, 0x31, 0x04, 0xC1, 0x02 };
static const uint8_t bitmap_1696[] = { 0x30, 0x60, 0x10, 0x20, 0x10, 0x20, 0x9E, 0x3E, 0x73, 0xE0, 0x10, 0x20, 0x3A, 0x3C, 0x35, 0xE0, 0x54, 0x00, 0x53, 0x3C, 0x91, 0xC8, 0x11, 0x08, 0x11, 0x08, 0x11, 0x38, 0x11, 0xC8, 0x11, 0x08 };
static const uint8_t bitmap_1697[] = { 0x30, 0x64, 0x12, 0x24, 0x11, 0x28, 0x9C, 0xA8, 0x70, 0xA0, 0x12, 0x3E, 0x39, 0xC4, 0x34, 0x04, 0x50, 0x04, 0x52, 0x3C, 0x91, 0xC4, 0x10, 0x04, 0x10, 0x04, 0x12, 0x3C, 0x11, 0xC4, 0x10, 0x04 };
static const uint8_t bitmap_1698[] = { 0x30, 0x0C, 0x10, 0x70, 0x13, 0xC0, 0x9C, 0x40, 0x74, 0x5E, 0x13, 0xE0, 0x38, 0x50, 0x34, 0x88, 0x51, 0xB4, 0x56, 0x92, 0x90, 0x90, 0x10, 0x90, 0x11, 0x10, 0x11, 0x10, 0x12, 0x10, 0x14, 0x10 };
static const uint8_t bitmap_1699[] = { 0x30, 0xA0, 0x10, 0xA4, 0x11, 0x24, 0x9D, 0x28, 0x73, 0x30, 0x15, 0xE4, 0x39, 0x24, 0x35, 0x1E, 0x51, 0x40, 0x50, 0x40, 0x94, 0x7E, 0x13, 0xC0, 0x10, 0x40, 0x10, 0x40, 0x10, 0x40, 0x10, 0x40 };
static const uint8_t bitmap_1700[] = { 0x18, 0x20, 0x08, 0x20, 0x48, 0x5E, 0x28, 0xE4, 0x2B, 0x44, 0x08, 0x28, 0x18, 0x10, 0xE8, 0x60, 0x0B, 0x80, 0x09, 0x00, 0x81, 0xFE, 0x7F, 0x40, 0x05, 0x30, 0x09, 0x08, 0x31, 0x04, 0xC1, 0x02 };
static const uint8_t bitmap_1701[] = { 0x30, 0x60, 0x10, 0x20, 0x10, 0x20, 0x9D, 0x3E, 0x71, 0xC0, 0x11, 0x10, 0x39, 0x10, 0x35, 0x9C, 0x55, 0x70, 0x51, 0x10, 0x91, 0x10, 0x12, 0x10, 0x12, 0x10, 0x15, 0x1E, 0x18, 0xE0, 0x10, 0x00 };
static const uint8_t bitmap_1702[] = { 0x30, 0x00, 0x11, 0x3C, 0x10, 0xC8, 0x9E, 0x50, 0x73, 0x3E, 0x11, 0xE4, 0x39, 0x24, 0x35, 0x3C, 0x53, 0xE4, 0x51, 0x24, 0x91, 0x3C, 0x11, 0xE4, 0x11, 0x24, 0x11, 0x34, 0x11, 0x2C, 0x11, 0x28 };
static const uint8_t bitmap_1703[] = { 0x40, 0x00, 0x28, 0x78, 0x87, 0x90, 0x52, 0x94, 0x14, 0x92, 0x29, 0x22, 0xC2, 0xE0, 0x2C, 0x40, 0x23, 0x00, 0xA1, 0xFE, 0x7F, 0x80, 0x05, 0x60, 0x09, 0x18, 0x31, 0x04, 0xC1, 0x02, 0x01, 0x00 };
static const uint8_t bitmap_1704[] = { 0x31, 0x00, 0x11, 0x00, 0x11, 0x3E, 0x9F, 0xC0, 0x72, 0x00, 0x15, 0x3C, 0x39, 0xC4, 0x35, 0x24, 0x55, 0x3E, 0x57, 0xE8, 0x92, 0x48, 0x12, 0x3E, 0x13, 0xC8, 0x12, 0x48, 0x10, 0x30, 0x10, 0x20 };
static const uint8_t bitmap_1705[] = { 0x33, 0x00, 0x11, 0x26, 0x15, 0xFA, 0x9B, 0x22, 0x71, 0x24, 0x15, 0xE8, 0x3B, 0x24, 0x35, 0x24, 0x55, 0x22, 0x59, 0xE2, 0x97, 0x32, 0x11, 0x2C, 0x12, 0x28, 0x12, 0x20, 0x14, 0x20, 0x18, 0x20 };
static const uint8_t bitmap_1706[] = { 0x30, 0x00, 0x12, 0x1E, 0x11, 0xE0, 0x9E, 0x3C, 0x71, 0xE4, 0x11, 0x3C, 0x39, 0xE4, 0x35, 0x24, 0x55, 0x3C, 0x51, 0xE4, 0x91, 0x20, 0x10, 0xA0, 0x10, 0x70, 0x10, 0x88, 0x11, 0x04, 0x16, 0x02 };
static const uint8_t bitmap_1707[] = { 0x31, 0x64, 0x11, 0x24, 0x10, 0xA8, 0x9E, 0xA8, 0x73, 0x3E, 0x11, 0xC4, 0x39, 0x04, 0x35, 0x3C, 0x55, 0xC4, 0x51, 0x04, 0x91, 0x3C, 0x11, 0xC4, 0x11, 0x04, 0x11, 0x14, 0x11, 0x0C, 0x11, 0x08 };
static const uint8_t bitmap_1708[] = { 0x18, 0x60, 0x08, 0x20, 0x8E, 0x3E, 0x79, 0xE0, 0x1C, 0x78, 0x2A, 0xA4, 0x2A, 0xA2, 0x4B, 0x22, 0x8C, 0xF8, 0x07, 0x10, 0x18, 0x20, 0x66, 0x40, 0x01, 0x80, 0x06, 0x00, 0x18, 0x00, 0xE0, 0x00 };
static const uint8_t bitmap_1709[] = { 0x30, 0x00, 0x12, 0x3C, 0x11, 0xC0, 0x9C, 0x40, 0x72, 0x78, 0x11, 0xC8, 0x38, 0x88, 0x34, 0xBE, 0x57, 0xC0, 0x50, 0x00, 0x93, 0x3C, 0x11, 0xC8, 0x11, 0x08, 0x11, 0x78, 0x11, 0x88, 0x11, 0x08 };
static const uint8_t bitmap_1710[] = { 0x03, 0x0C, 0x0C, 0x64, 0x78, 0x24, 0x8F, 0xA4, 0x78, 0x24, 0x1C, 0x24, 0x2A, 0x14, 0x49, 0x0C, 0x89, 0x08, 0x81, 0xFE, 0x7F, 0x80, 0x03, 0x60, 0x05, 0x10, 0x09, 0x08, 0x31, 0x04, 0xC1, 0x02 };
static const uint8_t bitmap_1711[] = { 0x30, 0x40, 0x10, 0x50, 0x10, 0x88, 0x9C, 0x9C, 0x71, 0x64, 0x17, 0x90, 0x38, 0x88, 0x35, 0x04, 0x52, 0x84, 0x54, 0xB8, 0x91, 0xC8, 0x16, 0x50, 0x10, 0x20, 0x10, 0xD8, 0x13, 0x04, 0x1C, 0x02 };
static const uint8_t bitmap_1712[] = { 0x31, 0x10, 0x10, 0x90, 0x12, 0xBC, 0x9F, 0xC8, 0x70, 0x48, 0x12, 0x78, 0x3B, 0xC8, 0x36, 0x40, 0x52, 0x7E, 0x57, 0xC4, 0x94, 0xC4, 0x11, 0x64, 0x11, 0x58, 0x12, 0x50, 0x1C, 0x40, 0x10, 0x40 };
static const uint8_t bitmap_1713[] = { 0x30, 0x68, 0x10, 0x24, 0x10, 0x24, 0x9C, 0x3E, 0x73, 0xE0, 0x10, 0x24, 0x3A, 0xA4, 0x36, 0xA4, 0x52, 0xE8, 0x57, 0xA8, 0x92, 0x90, 0x14, 0x92, 0x14, 0xAA, 0x18, 0x4C, 0x10, 0x86, 0x13, 0x02 };
static const uint8_t bitmap_1714[] = { 0x30, 0xC0, 0x10, 0x40, 0x10, 0x40, 0x9C, 0x7E, 0x73, 0x90, 0x10, 0x88, 0x39, 0x3C, 0x35, 0xC2, 0x56, 0x30, 0x50, 0x90, 0x92, 0x90, 0x12, 0x90, 0x12, 0x94, 0x14, 0x94, 0x14, 0x94, 0x18, 0x0E };
static const uint8_t bitmap_1715[] = { 0x30, 0x80, 0x10, 0xC0, 0x10, 0xA0, 0x9D, 0x10, 0x71, 0x08, 0x12, 0x74, 0x3D, 0x82, 0x34, 0x84, 0x50, 0x44, 0x52, 0x24, 0x91, 0x28, 0x10, 0x88, 0x10, 0x90, 0x14, 0x7E, 0x13, 0x80, 0x10, 0x00 };
static const uint8_t bitmap_1716[] = { 0x30, 0x40, 0x10, 0xC0, 0x13, 0x3C, 0x9D, 0xC8, 0x71, 0x38, 0x11, 0xC8, 0x39, 0x38, 0x35, 0xC8, 0x55, 0x40, 0x56, 0x7E, 0x93, 0xC4, 0x12, 0x44, 0x12, 0x54, 0x12, 0x4C, 0x12, 0x48, 0x10, 0x40 };
static const uint8_t bitmap_1717[] = { 0x31, 0x88, 0x10, 0x88, 0x12, 0xBE, 0x9D, 0xC8, 0x70, 0x88, 0x10, 0xB8, 0x38, 0xC8, 0x34, 0x88, 0x52, 0xB8, 0x50, 0xC8, 0x90, 0x88, 0x14, 0xBE, 0x13, 0xD0, 0x10, 0x88, 0x11, 0x04, 0x16, 0x02 };
static const uint8_t bitmap_1718[] = { 0x30, 0x00, 0x13, 0x3C, 0x11, 0xC8, 0x9D, 0x38, 0x71, 0xC8, 0x11, 0x08, 0x39, 0x38, 0x35, 0xC8, 0x50, 0x00, 0x56, 0x66, 0x92, 0x28, 0x13, 0xB0, 0x12, 0x20, 0x12, 0xE4, 0x13, 0x24, 0x1C, 0x1E };
static const uint8_t bitmap_1719[] = { 0x30, 0xC0, 0x10, 0x40, 0x12, 0x7C, 0x9D, 0xC0, 0x72, 0x78, 0x11, 0x80, 0x38, 0xFE, 0x37, 0x90, 0x55, 0x48, 0x52, 0x74, 0x95, 0xC2, 0x1A, 0x7C, 0x11, 0xC0, 0x10, 0x40, 0x10, 0x40, 0x10, 0x40 };
static const uint8_t bitmap_1720[] = { 0x30, 0x60, 0x10, 0x20, 0x12, 0x3E, 0x9F, 0xC4, 0x72, 0x08, 0x15, 0x38, 0x38, 0xC0, 0x34, 0x00, 0x52, 0x3E, 0x51, 0xE0, 0x90, 0x28, 0x11, 0x24, 0x11, 0x22, 0x12, 0xA2, 0x14, 0x60, 0x10, 0x40 };
static const uint8_t bitmap_1721[] = { 0x30, 0x30, 0x10, 0x10, 0x9F, 0x1E, 0x70, 0xF0, 0x10, 0x10, 0x9E, 0x9E, 0xF2, 0xF2, 0x92, 0x92, 0x96, 0x96, 0xB2, 0xB2, 0x38, 0x58, 0x54, 0x54, 0x52, 0x92, 0x91, 0x12, 0x12, 0x10, 0x10, 0x10 };
static const uint8_t bitmap_1722[] = { 0x30, 0x00, 0x16, 0xD6, 0x13, 0x5A, 0x9E, 0x52, 0x72, 0xD6, 0x13, 0x5A, 0x3A, 0x52, 0x36, 0x52, 0x52, 0xD6, 0x53, 0x5A, 0x92, 0x52, 0x12, 0x52, 0x12, 0x52, 0x15, 0x5A, 0x14, 0xE6, 0x18, 0xA4 };
static const uint8_t bitmap_1723[] = { 0x03, 0x10, 0x11, 0x10, 0x09, 0x20, 0x49, 0xFE, 0x7F, 0x04, 0x40, 0xE8, 0x8F, 0x20, 0x08, 0x20, 0x09, 0xE0, 0x0F, 0x00, 0x81, 0xFE, 0x7F, 0x40, 0x05, 0x30, 0x09, 0x08, 0x31, 0x04, 0xC1, 0x02 };
static const uint8_t bitmap_1724[] = { 0x03, 0x00, 0x01, 0x00, 0x41, 0xFC, 0x3F, 0x80, 0x05, 0x60, 0x09, 0x10, 0x11, 0x08, 0x69, 0x64, 0x08, 0x20, 0x8F, 0x3E, 0x78, 0xE0, 0x1C, 0x70, 0x2A, 0xA8, 0x49, 0x24, 0x8A, 0x22, 0x08, 0x20 };
static const uint8_t bitmap_1725[] = { 0x30, 0xC0, 0x12, 0x78, 0x11, 0xC0, 0x9C, 0x40, 0x74, 0x7C, 0x13, 0xA0, 0x38, 0x98, 0x35, 0x04, 0x56, 0x82, 0x50, 0xB8, 0x90, 0xD0, 0x11, 0x50, 0x16, 0x20, 0x10, 0x58, 0x11, 0x84, 0x16, 0x02 };
static const uint8_t bitmap_1726[] = { 0x30, 0x00, 0x16, 0x7C, 0x13, 0xC8, 0x9E, 0x78, 0x73, 0xC8, 0x12, 0x48, 0x3A, 0x78, 0x37, 0xC8, 0x52, 0x40, 0x54, 0x7E, 0x93, 0xE0, 0x10, 0xD0, 0x11, 0x48, 0x12, 0x44, 0x1C, 0x42, 0x10, 0x42 };
static const uint8_t bitmap_1727[] = { 0x30, 0xC0, 0x10, 0x40, 0x12, 0x7E, 0x9F, 0xC4, 0x72, 0x08, 0x15, 0x38, 0x39, 0xD0, 0x35, 0x10, 0x53, 0x30, 0x51, 0xC0, 0x91, 0x3C, 0x11, 0xC8, 0x11, 0x08, 0x11, 0x38, 0x11, 0xC8, 0x11, 0x08 };
static const uint8_t bitmap_1728[] = { 0x30, 0xC0, 0x10, 0x40, 0x12, 0x7C, 0x9F, 0xE0, 0x70, 0x90, 0x11, 0x08, 0x3A, 0x7E, 0x37, 0x88, 0x54, 0x08, 0x52, 0xE8, 0x93, 0x48, 0x12, 0xC8, 0x13, 0x48, 0x12, 0x28, 0x10, 0x18, 0x10, 0x10 };
static const uint8_t bitmap_1729[] = { 0x30, 0x60, 0x10, 0x20, 0x12, 0x3E, 0x9D, 0xE0, 0x70, 0x3C, 0x11, 0xC8, 0x39, 0x38, 0x35, 0xC8, 0x51, 0x38, 0x51, 0xC8, 0x91, 0x38, 0x11, 0xC8, 0x11, 0x08, 0x15, 0x3E, 0x13, 0xC0, 0x10, 0x00 };
static const uint8_t bitmap_1730[] = { 0x30, 0x48, 0x10, 0x48, 0x10, 0x90, 0x9E, 0x9E, 0x71, 0xE0, 0x13, 0x20, 0x3D, 0x3C, 0x35, 0xE0, 0x55, 0x20, 0x51, 0x3C, 0x91, 0xE0, 0x11, 0x20, 0x11, 0x20, 0x11, 0x3E, 0x11, 0xE0, 0x11, 0x00 };
static const uint8_t bitmap_1731[] = { 0x33, 0x00, 0x11, 0x00, 0x11, 0x6E, 0x9D, 0xB4, 0x71, 0x44, 0x11, 0x24, 0x39, 0xD4, 0x37, 0x14, 0x51, 0x88, 0x55, 0x48, 0x95, 0x48, 0x15, 0x54, 0x19, 0x14, 0x13, 0x22, 0x12, 0x42, 0x11, 0x82 };
static const uint8_t bitmap_1732[] = { 0x60, 0x30, 0x2D, 0x90, 0x26, 0x90, 0xBD, 0x5E, 0x65, 0x70, 0x26, 0x2E, 0x35, 0x34, 0x6D, 0x64, 0x65, 0xAC, 0xA5, 0x34, 0xA7, 0x2C, 0x25, 0x34, 0x24, 0x24, 0x24, 0x34, 0x24, 0x2C, 0x24, 0x28 };
static const uint8_t bitmap_1733[] = { 0x30, 0x00, 0x16, 0xF6, 0x13, 0x5A, 0x9E, 0x52, 0x72, 0xD4, 0x13, 0x58, 0x3A, 0x54, 0x36, 0xD4, 0x53, 0x52, 0x52, 0x52, 0x92, 0x7A, 0x13, 0xD4, 0x16, 0x50, 0x18, 0x50, 0x10, 0x50, 0x10, 0x50 };
static const uint8_t bitmap_1734[] = { 0x30, 0xC0, 0x10, 0x40, 0x12, 0x7C, 0x9D, 0xC0, 0x72, 0x78, 0x11, 0x80, 0x38, 0xFE, 0x37, 0x90, 0x51, 0x78, 0x53, 0x94, 0x95, 0x72, 0x19, 0x90, 0x11, 0x10, 0x11, 0x70, 0x11, 0x90, 0x11, 0x10 };
static const uint8_t bitmap_1735[] = { 0x18, 0x60, 0x08, 0x20, 0x8F, 0x3E, 0x78, 0xF0, 0x1C, 0x68, 0x2A, 0xA4, 0x4B, 0x22, 0x88, 0xFC, 0x7F, 0x08, 0x01, 0x10, 0x19, 0x78, 0x09, 0x80, 0x09, 0x00, 0x15, 0x00, 0x23, 0x00, 0xC0, 0xFE };
static const uint8_t bitmap_1736[] = { 0x36, 0x60, 0x12, 0x24, 0x12, 0xE8, 0x9F, 0x30, 0x72, 0x24, 0x12, 0x64, 0x3B, 0xDE, 0x36, 0x40, 0x50, 0xBC, 0x53, 0xC8, 0x92, 0x38, 0x13, 0xC8, 0x12, 0x08, 0x12, 0x38, 0x13, 0xC8, 0x12, 0x08 };
static const uint8_t bitmap_1737[] = { 0x31, 0x64, 0x11, 0x24, 0x10, 0xA8, 0x9C, 0xBE, 0x73, 0xF0, 0x10, 0x68, 0x38, 0xA4, 0x35, 0x22, 0x56, 0x40, 0x54, 0x7E, 0x93, 0xD0, 0x10, 0x90, 0x11, 0xE0, 0x10, 0x58, 0x11, 0x84, 0x16, 0x02 };
static const uint8_t bitmap_1738[] = { 0x30, 0x00, 0x16, 0xEE, 0x13, 0x54, 0x9E, 0xC4, 0x73, 0x54, 0x12, 0x54, 0x3A, 0xDE, 0x37, 0x68, 0x52, 0x10, 0x53, 0x1C, 0x92, 0x98, 0x12, 0xE8, 0x13, 0x2A, 0x1C, 0x2A, 0x10, 0x4A, 0x11, 0x86 };
static const uint8_t bitmap_1739[] = { 0x31, 0x90, 0x16, 0x90, 0x12, 0x9E, 0x9E, 0xA0, 0x72, 0xA8, 0x12, 0xC4, 0x3A, 0xBC, 0x35, 0xC8, 0x55, 0x08, 0x51, 0x48, 0x91, 0x48, 0x11, 0x48, 0x11, 0x60, 0x10, 0xA4, 0x11, 0x24, 0x16, 0x1E };
static const uint8_t bitmap_1740[] = { 0x60, 0x40, 0x20, 0x60, 0x20, 0x90, 0xB9, 0x08, 0x61, 0x74, 0x23, 0x82, 0x34, 0x0C, 0x6D, 0xD4, 0x66, 0x54, 0xA5, 0xD4, 0xA6, 0x54, 0x25, 0xD4, 0x26, 0x44, 0x25, 0x54, 0x24, 0xCC, 0x24, 0x88 };
static const uint8_t bitmap_1741[] = { 0x31, 0x80, 0x10, 0xB6, 0x16, 0xDA, 0x9B, 0x52, 0x72, 0xD4, 0x13, 0x58, 0x3A, 0x54, 0x36, 0xD4, 0x53, 0x52, 0x52, 0x92, 0x92, 0x9A, 0x12, 0x54, 0x12, 0xD0, 0x13, 0x50, 0x16, 0x10, 0x10, 0x10 };
static const uint8_t bitmap_1742[] = { 0x30, 0xC0, 0x10, 0x40, 0x12, 0x7E, 0x9F, 0x84, 0x75, 0x10, 0x11, 0x48, 0x3A, 0x64, 0x34, 0x90, 0x50, 0x88, 0x51, 0x3C, 0x93, 0xCA, 0x15, 0x08, 0x19, 0x08, 0x11, 0x38, 0x11, 0xC8, 0x11, 0x08 };
static const uint8_t bitmap_1743[] = { 0x30, 0xC0, 0x10, 0x40, 0x12, 0x7C, 0x9F, 0x90, 0x71, 0x20, 0x14, 0xBE, 0x3B, 0xC4, 0x34, 0x48, 0x54, 0x7E, 0x53, 0x80, 0x90, 0xBC, 0x10, 0xC8, 0x11, 0x08, 0x11, 0x50, 0x12, 0x30, 0x1C, 0x20 };
static const uint8_t bitmap_1744[] = { 0x30, 0x60, 0x12, 0x3E, 0x13, 0xE4, 0x9C, 0x98, 0x70, 0x84, 0x11, 0x42, 0x3A, 0x40, 0x34, 0x8E, 0x50, 0xF0, 0x51, 0x4C, 0x92, 0x70, 0x14, 0x4C, 0x10, 0x70, 0x10, 0x40, 0x10, 0x40, 0x10, 0x40 };
static const uint8_t bitmap_1745[] = { 0x30, 0x40, 0x16, 0xC6, 0x13, 0x3A, 0x9E, 0x12, 0x72, 0x92, 0x12, 0xE4, 0x3B, 0x2C, 0x34, 0x48, 0x53, 0x3E, 0x51, 0xE4, 0x91, 0x3C, 0x11, 0xE4, 0x11, 0x24, 0x11, 0x3C, 0x11, 0xC4, 0x11, 0x04 };
static const uint8_t bitmap_1746[] = { 0x30, 0x40, 0x10, 0x40, 0x12, 0xBC, 0x9F, 0xC8, 0x72, 0x78, 0x13, 0xC8, 0x3A, 0x48, 0x36, 0x78, 0x53, 0xC8, 0x50, 0x90, 0x90, 0xD4, 0x11, 0x5C, 0x11, 0x70, 0x12, 0x44, 0x14, 0x44, 0x18, 0x3E };
static const uint8_t bitmap_1747[] = { 0x31, 0x90, 0x16, 0x90, 0x12, 0x96, 0x9E, 0x98, 0x72, 0xA0, 0x12, 0xA8, 0x3A, 0xC4, 0x34, 0x84, 0x54, 0x80, 0x52, 0x3C, 0x93, 0xE8, 0x12, 0xA8, 0x12, 0xA8, 0x1A, 0xBE, 0x17, 0xC0, 0x10, 0x00 };
static const uint8_t bitmap_1748[] = { 0x30, 0x90, 0x14, 0xBE, 0x13, 0xD0, 0x9E, 0xBC, 0x73, 0xD4, 0x12, 0xBC, 0x3B, 0xD4, 0x36, 0xBC, 0x53, 0xC0, 0x51, 0x3C, 0x91, 0xC8, 0x11, 0x38, 0x11, 0xC8, 0x11, 0x38, 0x11, 0xC8, 0x11, 0x08 };
static const uint8_t bitmap_1749[] = { 0x30, 0xC0, 0x12, 0x7C, 0x11, 0xD0, 0x9C, 0x90, 0x74, 0xBE, 0x13, 0xC0, 0x39, 0x3C, 0x35, 0xC8, 0x55, 0x38, 0x51, 0xC8, 0x91, 0x38, 0x11, 0xC0, 0x14, 0x7E, 0x13, 0xC0, 0x10, 0x40, 0x10, 0x40 };
static const uint8_t bitmap_1750[] = { 0x30, 0x90, 0x14, 0xBE, 0x13, 0xD0, 0x9C, 0x90, 0x73, 0x3C, 0x11, 0xC8, 0x39, 0x38, 0x35, 0xC8, 0x55, 0x38, 0x51, 0xC0, 0x98, 0x7E, 0x17, 0xC0, 0x10, 0xB0, 0x11, 0x08, 0x12, 0x04, 0x1C, 0x02 };
static const uint8_t bitmap_1751[] = { 0x30, 0x90, 0x12, 0xBC, 0x13, 0xD0, 0x9C, 0x90, 0x74, 0xBE, 0x13, 0xC0, 0x30, 0x7C, 0x3B, 0xC4, 0x56, 0x7C, 0x53, 0xC4, 0x92, 0x44, 0x12, 0x7C, 0x13, 0xD4, 0x12, 0x88, 0x11, 0x04, 0x16, 0x02 };
static const uint8_t bitmap_1752[] = { 0x60, 0x00, 0x2C, 0xCE, 0x27, 0x74, 0xBC, 0x44, 0x65, 0x54, 0x25, 0x54, 0x35, 0x54, 0x6D, 0x18, 0x62, 0xA4, 0xAC, 0xC4, 0xA0, 0xBE, 0x2F, 0xD0, 0x21, 0x10, 0x23, 0xE0, 0x20, 0x98, 0x2F, 0x04 };
static const uint8_t bitmap_1753[] = { 0x60, 0x08, 0x29, 0xC8, 0x26, 0x88, 0xB9, 0x10, 0x6D, 0xD6, 0x26, 0xBC, 0x35, 0xC8, 0x6E, 0xA8, 0x65, 0xA8, 0xA6, 0x90, 0xA4, 0xD8, 0x27, 0x94, 0x24, 0xA4, 0x38, 0xA4, 0x20, 0xC2, 0x20, 0x82 };
static const uint8_t bitmap_1754[] = { 0x30, 0x00, 0x11, 0x1C, 0x10, 0xE8, 0x9E, 0x50, 0x72, 0x3E, 0x11, 0xE4, 0x38, 0xA8, 0x35, 0x20, 0x56, 0x3E, 0x53, 0xD2, 0x92, 0x4A, 0x12, 0xDE, 0x13, 0x6A, 0x12, 0x5A, 0x12, 0x66, 0x12, 0x04 };
static const uint8_t bitmap_1755[] = { 0x30, 0x48, 0x13, 0xC8, 0x10, 0x52, 0x9E, 0xB2, 0x72, 0x8C, 0x11, 0x74, 0x3B, 0x82, 0x35, 0x7A, 0x59, 0x90, 0x51, 0x10, 0x91, 0x70, 0x11, 0x90, 0x11, 0x20, 0x18, 0xBE, 0x17, 0xC0, 0x10, 0x00 };
static const uint8_t bitmap_1756[] = { 0x30, 0x80, 0x10, 0xB8, 0x11, 0xD0, 0x9D, 0x20, 0x72, 0x7C, 0x17, 0xC8, 0x3A, 0x78, 0x37, 0xC4, 0x50, 0xA4, 0x57, 0x68, 0x90, 0x98, 0x17, 0x34, 0x10, 0x52, 0x11, 0x92, 0x16, 0x60, 0x10, 0x20 };
static const uint8_t bitmap_1757[] = { 0x30, 0x00, 0x16, 0x3E, 0x13, 0xC0, 0x9E, 0x0C, 0x73, 0x74, 0x12, 0x84, 0x3A, 0x66, 0x37, 0xBC, 0x52, 0xA4, 0x52, 0xF4, 0x93, 0x2C, 0x12, 0xA4, 0x14, 0xA4, 0x14, 0xD4, 0x1B, 0x0C, 0x10, 0x08 };
static const uint8_t bitmap_1758[] = { 0x30, 0xC0, 0x14, 0x7E, 0x13, 0xC0, 0x9E, 0x3C, 0x73, 0xD4, 0x12, 0xB4, 0x3A, 0xC4, 0x36, 0x3C, 0x53, 0xC8, 0x51, 0x38, 0x91, 0xC8, 0x11, 0x38, 0x11, 0xC0, 0x18, 0x3E, 0x17, 0xC0, 0x10, 0x00 };
static const uint8_t bitmap_1759[] = { 0x30, 0x80, 0x10, 0xF0, 0x10, 0xA0, 0x9D, 0x5E, 0x73, 0xE8, 0x16, 0xBC, 0x3A, 0xE2, 0x37, 0x1C, 0x52, 0xE0, 0x52, 0x1C, 0x92, 0xE0, 0x15, 0x1C, 0x15, 0xE4, 0x19, 0x1C, 0x11, 0xE4, 0x11, 0x04 };
static const uint8_t bitmap_1760[] = { 0x30, 0x90, 0x12, 0xBE, 0x11, 0xD0, 0x9C, 0xBE, 0x73, 0xC4, 0x15, 0x38, 0x39, 0xC0, 0x34, 0x3E, 0x53, 0xC8, 0x51, 0x48, 0x96, 0xD0, 0x11, 0x38, 0x16, 0x64, 0x11, 0xA2, 0x16, 0x60, 0x10, 0x40 };
static const uint8_t bitmap_1761[] = { 0x08, 0x00, 0x08, 0x00, 0x08, 0x00, 0x10, 0xFE, 0x1F, 0x04, 0x20, 0x08, 0x42, 0x10, 0x83, 0x00, 0x02, 0x80, 0x02, 0x40, 0x04, 0x20, 0x04, 0x10, 0x08, 0x08, 0x10, 0x04, 0x20, 0x04, 0xC0, 0x02 };
static const uint8_t bitmap_1762[] = { 0x01, 0x00, 0x41, 0x00, 0x21, 0x00, 0x12, 0x3E, 0x13, 0xC4, 0x04, 0x48, 0x08, 0x50, 0x10, 0x40, 0x10, 0x40, 0x20, 0xA0, 0x20, 0x90, 0xC1, 0x08, 0x21, 0x04, 0x22, 0x04, 0x24, 0x02, 0x38, 0x02 };
static const uint8_t bitmap_1763[] = { 0x00, 0x40, 0x00, 0x40, 0x8E, 0x40, 0x74, 0x9E, 0x04, 0xE4, 0x44, 0xA8, 0x29, 0x20, 0x1A, 0x20, 0x08, 0x30, 0x14, 0x28, 0x14, 0x48, 0x22, 0x44, 0x22, 0x84, 0x40, 0x82, 0x81, 0x02, 0x02, 0x02 };
static const uint8_t bitmap_1764[] = { 0x03, 0x40, 0x64, 0x40, 0x38, 0x40, 0x20, 0x9E, 0x20, 0xE4, 0x27, 0xA8, 0x3D, 0x20, 0x24, 0x20, 0x24, 0x30, 0x24, 0x28, 0x24, 0x48, 0x24, 0x44, 0x44, 0x84, 0x44, 0x82, 0x85, 0x02, 0x06, 0x02 };
static const uint8_t bitmap_1765[] = { 0x00, 0xC0, 0xC7, 0x40, 0x78, 0x40, 0x40, 0x5E, 0x44, 0xE4, 0x64, 0xA8, 0x55, 0x30, 0x48, 0x20, 0x4C, 0x20, 0x52, 0x50, 0x52, 0x48, 0x60, 0x44, 0x47, 0x84, 0x78, 0x82, 0x41, 0x02, 0x06, 0x02 };
static const uint8_t bitmap_1766[] = { 0x10, 0x20, 0x14, 0x20, 0x22, 0x20, 0x21, 0x2E, 0x49, 0x72, 0x88, 0x54, 0x14, 0x98, 0x12, 0x10, 0x21, 0x10, 0x6E, 0xA8, 0xB2, 0x28, 0x22, 0x24, 0x22, 0x44, 0x2E, 0x42, 0x32, 0x82, 0x23, 0x02 };
static const uint8_t bitmap_1767[] = { 0x22, 0x20, 0x22, 0x20, 0xAF, 0xA0, 0x72, 0x4E, 0x22, 0x74, 0x2E, 0xA8, 0x33, 0x30, 0x22, 0x20, 0x2E, 0x20, 0x32, 0x30, 0x22, 0x48, 0xAF, 0x48, 0x74, 0x44, 0x26, 0x84, 0x41, 0x02, 0x82, 0x02 };
static const uint8_t bitmap_1768[] = { 0x18, 0x40, 0x08, 0x40, 0x8F, 0x40, 0x78, 0x9E, 0x08, 0xE4, 0x4F, 0x28, 0x31, 0x20, 0x4E, 0x20, 0x30, 0x20, 0x8F, 0x50, 0x78, 0x48, 0x0C, 0x48, 0x4A, 0x84, 0x6A, 0x84, 0x99, 0x02, 0x12, 0x02 };
static const uint8_t bitmap_1769[] = { 0x00, 0x20, 0xCF, 0x20, 0x72, 0x20, 0x4E, 0x20, 0x72, 0x4E, 0x4E, 0x74, 0x72, 0x98, 0x21, 0x10, 0x2F, 0x90, 0x71, 0x10, 0xD1, 0x28, 0x69, 0x28, 0x4D, 0x44, 0x72, 0x44, 0x46, 0x82, 0x05, 0x02 };
static const uint8_t bitmap_1770[] = { 0x42, 0x20, 0x22, 0x20, 0x14, 0x20, 0x9F, 0x40, 0x74, 0x5E, 0x5F, 0xE4, 0x35, 0x28, 0x9F, 0xA0, 0x75, 0x20, 0x5F, 0x30, 0x34, 0x48, 0x36, 0x48, 0x55, 0x84, 0x54, 0x84, 0x95, 0x02, 0x16, 0x02 };
static const uint8_t bitmap_1771[] = { 0x00, 0x20, 0x8F, 0x20, 0x72, 0x20, 0x5A, 0x4E, 0x6A, 0x74, 0x5A, 0x94, 0x6B, 0x18, 0x40, 0x10, 0x9F, 0x10, 0x62, 0x28, 0x5A, 0x28, 0x6A, 0x24, 0x5A, 0x44, 0x6A, 0x42, 0x06, 0x82, 0x05, 0x02 };
static const uint8_t bitmap_1772[] = { 0x03, 0x00, 0x01, 0x00, 0x01, 0x00, 0x01, 0x00, 0x31, 0x00, 0x11, 0x00, 0x11, 0x78, 0x11, 0x80, 0x11, 0x00, 0x11, 0x00, 0x11, 0x00, 0x11, 0x00, 0x11, 0x00, 0x91, 0xFE, 0x7E, 0x00, 0x00, 0x00 };
static const uint8_t bitmap_1773[] = { 0x00, 0x00, 0x40, 0xFC, 0x3F, 0x00, 0x01, 0x00, 0x01, 0x00, 0x01, 0x00, 0x31, 0x78, 0x11, 0x80, 0x11, 0x00, 0x11, 0x00, 0x11, 0x00, 0x11, 0x00, 0x11, 0x00, 0x91, 0xFE, 0x7E, 0x00, 0x00, 0x00 };
static const uint8_t bitmap_1774[] = { 0x0D, 0x80, 0x04, 0x80, 0x04, 0x84, 0x64, 0x84, 0x24, 0x88, 0x27, 0x90, 0x24, 0xE0, 0x24, 0x80, 0x24, 0x80, 0x24, 0x80, 0x24, 0x80, 0x25, 0x80, 0x26, 0x84, 0x38, 0x84, 0xE0, 0x44, 0x00, 0x3E };
static const uint8_t bitmap_1775[] = { 0x03, 0x00, 0x19, 0x00, 0x09, 0x78, 0x09, 0x80, 0x09, 0x00, 0x89, 0xFE, 0x7F, 0x00, 0x01, 0x00, 0x09, 0x08, 0x09, 0x10, 0x11, 0x20, 0x21, 0x40, 0x40, 0x80, 0x03, 0x00, 0x0C, 0x00, 0x70, 0x00 };
static const uint8_t bitmap_1776[] = { 0x00, 0xD0, 0x26, 0x48, 0x18, 0x44, 0x00, 0x40, 0x80, 0xFE, 0x7F, 0x40, 0x04, 0x40, 0x04, 0x40, 0x37, 0xA0, 0x14, 0x20, 0x14, 0x24, 0x15, 0x94, 0x16, 0x14, 0x38, 0x0C, 0xC0, 0x06, 0x00, 0x02 };
static const uint8_t bitmap_1777[] = { 0x30, 0x60, 0x10, 0x20, 0x14, 0x3E, 0xD3, 0xE0, 0x50, 0x20, 0x54, 0x20, 0x5A, 0x3C, 0x51, 0xC4, 0x50, 0x88, 0x50, 0x48, 0x54, 0x30, 0x58, 0x10, 0x60, 0x28, 0xC0, 0x44, 0x01, 0x82, 0x06, 0x02 };
static const uint8_t bitmap_1778[] = { 0x00, 0x00, 0x80, 0xFE, 0x7F, 0x80, 0x03, 0x60, 0x05, 0x18, 0x19, 0x04, 0xE1, 0x00, 0x40, 0xFC, 0x3F, 0x00, 0x01, 0x00, 0x19, 0x78, 0x09, 0x80, 0x09, 0x00, 0x89, 0xFE, 0x7E, 0x00, 0x00, 0x00 };
static const uint8_t bitmap_1779[] = { 0x00, 0x00, 0x80, 0xFE, 0x7F, 0x00, 0x04, 0x00, 0x04, 0x00, 0x08, 0xF8, 0x0F, 0x10, 0x10, 0x20, 0x28, 0x20, 0xC4, 0x40, 0x02, 0x80, 0x01, 0x00, 0x02, 0x00, 0x0C, 0x00, 0x30, 0x00, 0xC0, 0x00 };
static const uint8_t bitmap_1780[] = { 0x00, 0x00, 0x81, 0xFE, 0x7E, 0x80, 0x10, 0x80, 0x10, 0x84, 0x17, 0x84, 0x1A, 0x88, 0x22, 0xB0, 0x22, 0xC0, 0x54, 0x80, 0x94, 0x80, 0x08, 0x80, 0x08, 0x84, 0x10, 0x84, 0x20, 0x44, 0xC0, 0x3E };
static const uint8_t bitmap_1781[] = { 0x00, 0x04, 0x8E, 0x18, 0x70, 0x60, 0x13, 0xA0, 0x10, 0x20, 0x2C, 0x20, 0x34, 0x20, 0x44, 0x3E, 0xAB, 0xE0, 0x18, 0x20, 0x10, 0x20, 0x10, 0x20, 0x20, 0x20, 0x40, 0x20, 0x80, 0x20, 0x00, 0x20 };
static const uint8_t bitmap_1782[] = { 0x00, 0x60, 0x8E, 0x20, 0x70, 0x20, 0x13, 0x3C, 0x11, 0xE8, 0x2D, 0x28, 0x35, 0x28, 0x47, 0x3E, 0xA9, 0xE0, 0x18, 0x20, 0x10, 0x50, 0x10, 0x88, 0x20, 0x84, 0x41, 0x04, 0x82, 0x02, 0x0C, 0x02 };
static const uint8_t bitmap_1783[] = { 0x00, 0x80, 0x8E, 0x80, 0x70, 0x80, 0x21, 0x1E, 0x21, 0xE2, 0x2E, 0x02, 0x35, 0x72, 0x45, 0xA2, 0x65, 0x62, 0x99, 0xA2, 0x09, 0x64, 0x11, 0xA4, 0x11, 0x04, 0x20, 0x28, 0x40, 0x18, 0x80, 0x10 };
static const uint8_t bitmap_1784[] = { 0x00, 0x60, 0x8D, 0xA0, 0x70, 0xA0, 0x20, 0xBC, 0x21, 0xE0, 0x3D, 0x20, 0x2A, 0x20, 0x4A, 0x3E, 0x69, 0xE0, 0x98, 0x70, 0x08, 0xA8, 0x10, 0xA4, 0x11, 0x24, 0x22, 0x22, 0x4C, 0x22, 0x80, 0x20 };
static const uint8_t bitmap_1785[] = { 0x00, 0xD8, 0x8E, 0x44, 0x70, 0x42, 0x12, 0x7A, 0x11, 0xC0, 0x1C, 0x40, 0x16, 0x7E, 0x25, 0xC0, 0x34, 0x48, 0x2C, 0x28, 0x48, 0x28, 0x48, 0x12, 0x90, 0x32, 0x10, 0x4C, 0x21, 0x86, 0x46, 0x02 };
static const uint8_t bitmap_1786[] = { 0x00, 0x60, 0x9C, 0x20, 0x62, 0x3E, 0x21, 0xE0, 0x20, 0x3C, 0x2D, 0xC8, 0x39, 0x38, 0x49, 0xC8, 0x49, 0x38, 0xA9, 0xC8, 0x11, 0x38, 0x11, 0xC8, 0x21, 0x08, 0x25, 0x3E, 0x43, 0xC0, 0x80, 0x00 };
static const uint8_t bitmap_1787[] = { 0x00, 0x00, 0xCE, 0xB8, 0x70, 0xD0, 0x40, 0x90, 0x44, 0x90, 0x65, 0x90, 0x55, 0x0E, 0x4A, 0x00, 0x49, 0x3C, 0x54, 0xC8, 0x52, 0x48, 0x60, 0x30, 0x4F, 0x28, 0x70, 0x44, 0x41, 0x82, 0x06, 0x02 };
static const uint8_t bitmap_1788[] = { 0x06, 0x00, 0xD9, 0xB8, 0x60, 0xD0, 0x40, 0x90, 0x5C, 0x90, 0x60, 0x90, 0x41, 0x0E, 0x5D, 0x00, 0x62, 0x7C, 0x41, 0x88, 0x46, 0x48, 0x58, 0x30, 0x60, 0x10, 0xC0, 0x28, 0x40, 0xC4, 0x43, 0x02 };
static const uint8_t bitmap_1789[] = { 0x06, 0x00, 0xD8, 0xB8, 0x60, 0xD0, 0x5E, 0x90, 0x64, 0x90, 0x5C, 0x90, 0x65, 0x0E, 0x5E, 0x00, 0x61, 0x3C, 0x40, 0xC8, 0x5E, 0x88, 0x64, 0x50, 0x44, 0x30, 0xA8, 0x48, 0x98, 0x84, 0x13, 0x02 };
static const uint8_t bitmap_1790[] = { 0x00, 0x00, 0xC7, 0x4C, 0x79, 0x78, 0x41, 0x48, 0x4F, 0x48, 0x74, 0x48, 0x54, 0x86, 0x57, 0x00, 0x7C, 0x9C, 0x54, 0x64, 0x57, 0x28, 0x78, 0x10, 0x4A, 0x18, 0x91, 0x24, 0x91, 0x44, 0x61, 0x82 };
static const uint8_t bitmap_1791[] = { 0x20, 0x00, 0xAE, 0xC8, 0xC2, 0x7C, 0x8E, 0x48, 0xE2, 0x48, 0x82, 0x88, 0x9E, 0x86, 0xE3, 0x00, 0x01, 0x9C, 0x9E, 0x68, 0x70, 0x88, 0x10, 0x70, 0x16, 0x10, 0x38, 0x28, 0xC0, 0xC4, 0x03, 0x02 };
static const uint8_t bitmap_1792[] = { 0x30, 0x00, 0x10, 0xCC, 0x5E, 0x78, 0x64, 0x48, 0x28, 0x48, 0xAF, 0x88, 0x78, 0x86, 0x11, 0x00, 0x29, 0x9C, 0xCA, 0x64, 0x14, 0x48, 0x6E, 0x28, 0x15, 0x18, 0x69, 0x24, 0x18, 0x44, 0x11, 0x82 };
static const uint8_t bitmap_1793[] = { 0x00, 0x00, 0x18, 0xF8, 0x0F, 0x10, 0x09, 0x10, 0x08, 0x90, 0x08, 0x90, 0x89, 0xFE, 0x7E, 0x10, 0x09, 0x10, 0x10, 0x90, 0x10, 0x90, 0x11, 0xFE, 0x3E, 0x20, 0x20, 0xA0, 0x00, 0x60, 0x00, 0x40 };
static const uint8_t bitmap_1794[] = { 0x10, 0x00, 0x10, 0x00, 0x10, 0xFC, 0x3F, 0x00, 0x20, 0x00, 0x59, 0xF8, 0x8F, 0x10, 0x09, 0x10, 0x88, 0xFE, 0x7F, 0x10, 0x12, 0x10, 0x11, 0x20, 0x13, 0xFC, 0x3C, 0xA0, 0x20, 0x60, 0x00, 0x40 };
static const uint8_t bitmap_1795[] = { 0x03, 0x00, 0x41, 0xFC, 0x3F, 0x00, 0x21, 0xF0, 0x1F, 0x00, 0x81, 0xFE, 0x7F, 0x00, 0x08, 0xF0, 0x0F, 0x20, 0x89, 0xFE, 0x7E, 0x20, 0x11, 0x20, 0x13, 0xFC, 0x3D, 0x40, 0x20, 0xC0, 0x00, 0x80 };
static const uint8_t bitmap_1796[] = { 0x61, 0x80, 0x20, 0x80, 0x20, 0x80, 0x20, 0x80, 0x20, 0x84, 0x2E, 0x98, 0x30, 0xE0, 0x20, 0x80, 0x20, 0x80, 0x20, 0x80, 0x20, 0x80, 0x23, 0x80, 0x2C, 0x84, 0x30, 0x84, 0xC0, 0x84, 0x00, 0x7E };
static const uint8_t bitmap_1797[] = { 0x31, 0x80, 0x10, 0x8C, 0x16, 0xB0, 0x18, 0xC0, 0x10, 0x84, 0x11, 0x84, 0x16, 0x84, 0x18, 0x7E, 0xE3, 0x00, 0x01, 0x00, 0x81, 0xFE, 0x7F, 0x00, 0x01, 0x00, 0x01, 0x00, 0x01, 0x00, 0x01, 0x00 };
static const uint8_t bitmap_1798[] = { 0x31, 0x80, 0x10, 0x8C, 0x16, 0xB0, 0x18, 0xC4, 0x10, 0x84, 0x16, 0x7E, 0x78, 0x00, 0x81, 0xFE, 0x7E, 0x80, 0x10, 0x84, 0x1E, 0x98, 0x24, 0xE0, 0xD4, 0x80, 0x08, 0x84, 0x30, 0x84, 0xC0, 0x7E };
static const uint8_t bitmap_1799[] = { 0x00, 0x30, 0x00, 0xC0, 0x07, 0x00, 0x3A, 0x00, 0x02, 0x00, 0x42, 0xF8, 0x3F, 0x00, 0x02, 0x00, 0x02, 0x00, 0x82, 0xFC, 0x7F, 0x00, 0x02, 0x00, 0x02, 0x04, 0x02, 0x04, 0x01, 0x04, 0x00, 0xFE };
static const uint8_t bitmap_1800[] = { 0x0C, 0xC0, 0x10, 0x40, 0xE0, 0x5C, 0x20, 0x60, 0x20, 0x40, 0xBC, 0x40, 0x63, 0x7C, 0x21, 0xC8, 0x21, 0x08, 0xBD, 0x08, 0x61, 0x08, 0x21, 0x38, 0x21, 0xC8, 0x21, 0x04, 0x10, 0x04, 0x0F, 0xFE };
static const uint8_t bitmap_1801[] = { 0x03, 0x00, 0x41, 0xFC, 0x3F, 0x00, 0x00, 0xE0, 0x0F, 0x20, 0x48, 0xFE, 0x7F, 0x04, 0x40, 0x68, 0x83, 0x80, 0x1E, 0x00, 0x23, 0xF0, 0x1E, 0x00, 0x83, 0xF8, 0x7E, 0x04, 0x02, 0x04, 0x01, 0xFE };
static const uint8_t bitmap_1802[] = { 0x0C, 0x60, 0x30, 0xAC, 0xE0, 0xB0, 0x23, 0x20, 0x20, 0x58, 0xB8, 0x84, 0x63, 0x00, 0x20, 0x60, 0xB8, 0xAC, 0x60, 0xB0, 0x23, 0x20, 0x20, 0x58, 0x20, 0x84, 0x23, 0x04, 0x10, 0x04, 0x0F, 0xFE };
static const uint8_t bitmap_1803[] = { 0x00, 0x30, 0x00, 0xC0, 0x33, 0x00, 0x1D, 0x00, 0x11, 0x00, 0x11, 0x00, 0x11, 0x7E, 0x1F, 0x80, 0x10, 0x80, 0x10, 0x80, 0x10, 0x40, 0x10, 0x40, 0x11, 0xA4, 0x16, 0x14, 0x18, 0x0C, 0xE0, 0x06 };
static const uint8_t bitmap_1804[] = { 0x00, 0x00, 0x61, 0xF8, 0x3E, 0x10, 0x20, 0x10, 0x21, 0xF0, 0x3F, 0x10, 0x21, 0x00, 0x21, 0xFC, 0x3F, 0x00, 0x20, 0x80, 0x20, 0x80, 0x20, 0x40, 0x21, 0x40, 0x26, 0x24, 0x38, 0x14, 0xE0, 0x0E };
static const uint8_t bitmap_1805[] = { 0x30, 0x00, 0x13, 0x1E, 0x11, 0xE4, 0x11, 0x04, 0x9F, 0x3C, 0x71, 0xE4, 0x41, 0x20, 0x41, 0x3E, 0x41, 0xE0, 0x41, 0x10, 0x41, 0x10, 0x4D, 0x12, 0x71, 0x0A, 0x41, 0x6C, 0x01, 0x86, 0x07, 0x02 };
static const uint8_t bitmap_1806[] = { 0x08, 0x00, 0x08, 0x00, 0x09, 0xFC, 0x1E, 0x00, 0x11, 0xF8, 0x3E, 0x00, 0x40, 0x00, 0xC1, 0xF8, 0x3E, 0x10, 0x00, 0x10, 0x00, 0x10, 0x00, 0x12, 0x00, 0x0A, 0x00, 0x0C, 0x00, 0x06, 0x00, 0x02 };
static const uint8_t bitmap_1807[] = { 0x10, 0x00, 0x11, 0xFC, 0x1E, 0x00, 0x21, 0xF0, 0x3E, 0x00, 0x61, 0xF8, 0x9E, 0x10, 0x09, 0x10, 0x17, 0x90, 0x20, 0x50, 0x63, 0xB0, 0x9C, 0x8A, 0x08, 0x8A, 0x15, 0x04, 0x23, 0x06, 0xC2, 0x02 };
static const uint8_t bitmap_1808[] = { 0x10, 0x00, 0x13, 0xF8, 0x3C, 0x00, 0x23, 0xF0, 0x5C, 0x00, 0xA3, 0xF8, 0x3C, 0x10, 0x43, 0x90, 0x3D, 0x10, 0x02, 0x10, 0x1D, 0x90, 0xE3, 0x4A, 0x1C, 0x0A, 0x87, 0xE4, 0x7C, 0x06, 0x00, 0x02 };
static const uint8_t bitmap_1809[] = { 0x10, 0x00, 0x13, 0xF8, 0x3C, 0x00, 0x23, 0xF0, 0x5C, 0x00, 0xA3, 0xF8, 0x3D, 0x10, 0x12, 0x10, 0x4B, 0xD0, 0x3C, 0x10, 0x47, 0x90, 0x3C, 0x0A, 0x87, 0xEA, 0x7C, 0x04, 0x04, 0x06, 0x04, 0x02 };
static const uint8_t bitmap_1810[] = { 0x08, 0x00, 0x09, 0xFC, 0x0E, 0x00, 0x11, 0xF0, 0x3E, 0x00, 0x41, 0xF8, 0xBE, 0x10, 0x45, 0xF0, 0x7E, 0x50, 0x48, 0x90, 0x8B, 0xF0, 0x7D, 0x0A, 0x11, 0x0A, 0x3A, 0x04, 0x05, 0x86, 0x78, 0x42 };
static const uint8_t bitmap_1811[] = { 0x10, 0x00, 0x13, 0xF8, 0x3C, 0x00, 0x23, 0xF0, 0x5C, 0x00, 0xA3, 0xF8, 0x3E, 0x50, 0x12, 0x90, 0x23, 0x10, 0x0C, 0xD0, 0x72, 0x30, 0x0A, 0x4A, 0x32, 0x8A, 0x05, 0x84, 0x18, 0x66, 0x60, 0x12 };
static const uint8_t bitmap_1812[] = { 0x10, 0x00, 0x11, 0xFC, 0x1E, 0x00, 0x21, 0xF0, 0x3E, 0x00, 0x61, 0xF8, 0x9E, 0x50, 0x21, 0xD0, 0x1E, 0x50, 0x41, 0xF0, 0x3E, 0x50, 0x12, 0x8A, 0x0B, 0x8A, 0x3A, 0x64, 0xC6, 0x16, 0x04, 0x02 };
static const uint8_t bitmap_1813[] = { 0x03, 0x00, 0x01, 0x00, 0x01, 0x04, 0x01, 0x04, 0x9D, 0x18, 0x65, 0xA0, 0x05, 0x40, 0x09, 0x20, 0x09, 0x10, 0x11, 0x08, 0x11, 0x08, 0x21, 0x04, 0x41, 0x02, 0x85, 0x02, 0x03, 0x00, 0x02, 0x00 };
static const uint8_t bitmap_1814[] = { 0x06, 0x00, 0x01, 0x80, 0x00, 0x40, 0x23, 0x40, 0x1D, 0x04, 0x01, 0x04, 0x01, 0x88, 0x8D, 0x50, 0x75, 0x20, 0x09, 0x10, 0x11, 0x08, 0x11, 0x08, 0x21, 0x04, 0x45, 0x02, 0x83, 0x02, 0x02, 0x00 };
static const uint8_t bitmap_1815[] = { 0x40, 0xC0, 0x20, 0x40, 0x10, 0x40, 0x00, 0x40, 0x88, 0x40, 0x48, 0x7E, 0x2F, 0xC0, 0x10, 0x40, 0x10, 0x40, 0x10, 0x40, 0x20, 0x40, 0x20, 0x40, 0xC0, 0x40, 0x20, 0x40, 0x20, 0x40, 0x20, 0x40 };
static const uint8_t bitmap_1816[] = { 0x03, 0x10, 0x01, 0x08, 0x01, 0x08, 0x81, 0xFE, 0x7F, 0x00, 0x01, 0x08, 0x21, 0x10, 0x11, 0x20, 0x09, 0xC0, 0x05, 0x20, 0x09, 0x10, 0x11, 0x08, 0x21, 0x04, 0xC5, 0x02, 0x03, 0x02, 0x02, 0x00 };
static const uint8_t bitmap_1817[] = { 0x40, 0x00, 0x26, 0x3E, 0x13, 0xC0, 0x02, 0x00, 0x82, 0x00, 0x4A, 0x00, 0x2A, 0x00, 0x12, 0x00, 0x12, 0x00, 0x12, 0x00, 0x22, 0x00, 0x22, 0x00, 0xC2, 0x00, 0x22, 0x3E, 0x23, 0xC0, 0x22, 0x00 };
static const uint8_t bitmap_1818[] = { 0x40, 0x00, 0x24, 0x3C, 0x13, 0xC4, 0x02, 0x08, 0x89, 0x08, 0x48, 0x88, 0x28, 0x48, 0x10, 0x50, 0x10, 0x30, 0x10, 0x10, 0x20, 0x28, 0x20, 0x48, 0xC0, 0x84, 0x21, 0x04, 0x22, 0x02, 0x2C, 0x02 };
static const uint8_t bitmap_1819[] = { 0x40, 0x00, 0x24, 0x3C, 0x13, 0xC0, 0x00, 0x40, 0x88, 0x40, 0x48, 0x40, 0x28, 0x7E, 0x17, 0xC0, 0x10, 0x40, 0x10, 0x40, 0x20, 0x40, 0x20, 0x40, 0xC0, 0x40, 0x20, 0x40, 0x20, 0x40, 0x20, 0x40 };
static const uint8_t bitmap_1820[] = { 0x40, 0x00, 0x24, 0x78, 0x13, 0x90, 0x01, 0x10, 0x81, 0x10, 0x49, 0x10, 0x29, 0xF0, 0x17, 0x10, 0x11, 0x10, 0x11, 0x10, 0x21, 0x08, 0x21, 0x0A, 0xC1, 0x0A, 0x21, 0x04, 0x21, 0x06, 0x20, 0x02 };
static const uint8_t bitmap_1821[] = { 0x41, 0x80, 0x20, 0x80, 0x10, 0x80, 0x00, 0x80, 0x8C, 0xBE, 0x4B, 0xD0, 0x29, 0x10, 0x11, 0x10, 0x12, 0x10, 0x13, 0x20, 0x20, 0xA0, 0x20, 0x60, 0xC0, 0x90, 0x21, 0x08, 0x26, 0x04, 0x38, 0x04 };
static const uint8_t bitmap_1822[] = { 0x00, 0x00, 0x20, 0xF0, 0x1F, 0x00, 0x01, 0x00, 0x01, 0x00, 0x81, 0xFE, 0x7E, 0x00, 0x01, 0x08, 0x47, 0x10, 0x3B, 0xA0, 0x05, 0x60, 0x09, 0x18, 0x11, 0x04, 0x25, 0x02, 0xC3, 0x00, 0x02, 0x00 };
static const uint8_t bitmap_1823[] = { 0x40, 0x00, 0x20, 0x00, 0x14, 0x3C, 0x03, 0xC0, 0x88, 0x40, 0x48, 0x40, 0x28, 0x40, 0x10, 0x40, 0x10, 0x40, 0x10, 0x40, 0x20, 0x40, 0x20, 0x40, 0xC0, 0x40, 0x28, 0x7E, 0x27, 0x80, 0x20, 0x00 };
static const uint8_t bitmap_1824[] = { 0x40, 0xC0, 0x20, 0x40, 0x16, 0x40, 0x02, 0x4C, 0x8A, 0x58, 0x4A, 0x68, 0x2A, 0xC8, 0x13, 0x48, 0x16, 0x68, 0x1A, 0x58, 0x22, 0x50, 0x22, 0x40, 0xC2, 0x44, 0x22, 0x04, 0x21, 0x04, 0x20, 0xFE };
static const uint8_t bitmap_1825[] = { 0x40, 0x00, 0x24, 0x7C, 0x13, 0x80, 0x00, 0x00, 0x88, 0x00, 0x4C, 0x7E, 0x2B, 0x80, 0x10, 0x80, 0x11, 0x3E, 0x13, 0xC4, 0x22, 0x04, 0x20, 0x04, 0xC0, 0x08, 0x20, 0x48, 0x20, 0x30, 0x20, 0x20 };
static const uint8_t bitmap_1826[] = { 0x40, 0x00, 0x24, 0x78, 0x13, 0x90, 0x00, 0x20, 0x88, 0x40, 0x48, 0x80, 0x29, 0x7E, 0x17, 0xA4, 0x10, 0xA4, 0x11, 0x24, 0x21, 0x44, 0x22, 0x44, 0xCC, 0x88, 0x21, 0x28, 0x26, 0x18, 0x20, 0x10 };
static const uint8_t bitmap_1827[] = { 0x40, 0x00, 0x24, 0x3C, 0x13, 0xC0, 0x00, 0x40, 0x80, 0x40, 0x48, 0x40, 0x28, 0x40, 0x14, 0x7C, 0x13, 0xC0, 0x10, 0x40, 0x20, 0x40, 0x20, 0x40, 0xC0, 0x40, 0x30, 0x7E, 0x2F, 0x80, 0x20, 0x00 };
static const uint8_t bitmap_1828[] = { 0x41, 0x80, 0x20, 0x80, 0x10, 0x80, 0x00, 0x80, 0x8C, 0xFE, 0x4B, 0x80, 0x28, 0x80, 0x10, 0x80, 0x11, 0x40, 0x11, 0x20, 0x21, 0x10, 0x22, 0x08, 0xC3, 0x08, 0x24, 0x84, 0x28, 0x42, 0x30, 0x02 };
static const uint8_t bitmap_1829[] = { 0x40, 0x08, 0x21, 0x08, 0x10, 0x88, 0x06, 0x96, 0x82, 0x52, 0x4A, 0x52, 0x2A, 0x22, 0x12, 0x32, 0x12, 0x52, 0x12, 0x4A, 0x22, 0x8A, 0x23, 0x02, 0xC2, 0x02, 0x22, 0x1E, 0x23, 0xE2, 0x22, 0x02 };
static const uint8_t bitmap_1830[] = { 0x42, 0x00, 0x22, 0x78, 0x13, 0x80, 0x04, 0x78, 0x87, 0x80, 0x48, 0x00, 0x2C, 0x78, 0x13, 0x90, 0x10, 0x10, 0x10, 0x10, 0x20, 0x10, 0x20, 0x12, 0xC0, 0x0A, 0x20, 0x0C, 0x20, 0x06, 0x20, 0x02 };
static const uint8_t bitmap_1831[] = { 0x40, 0x80, 0x20, 0x40, 0x10, 0x20, 0x01, 0x90, 0x80, 0x80, 0x48, 0x80, 0x2A, 0x80, 0x12, 0x88, 0x12, 0x84, 0x12, 0x84, 0x22, 0x82, 0x22, 0x82, 0xC4, 0x42, 0x24, 0x40, 0x28, 0x24, 0x30, 0x1C };
static const uint8_t bitmap_1832[] = { 0x40, 0x18, 0x20, 0x20, 0x10, 0xC0, 0x07, 0x40, 0x88, 0x40, 0x48, 0x40, 0x28, 0x7E, 0x17, 0xC0, 0x10, 0x60, 0x10, 0x90, 0x20, 0x90, 0x21, 0x08, 0xC1, 0x04, 0x22, 0x04, 0x2C, 0x02, 0x30, 0x02 };
static const uint8_t bitmap_1833[] = { 0x40, 0xC0, 0x20, 0x40, 0x10, 0x40, 0x02, 0x7E, 0x8B, 0xC4, 0x4A, 0x48, 0x2C, 0x40, 0x10, 0x70, 0x10, 0xA0, 0x10, 0xA0, 0x20, 0xA0, 0x20, 0xA0, 0xC1, 0x24, 0x21, 0x24, 0x22, 0x24, 0x2C, 0x1E };
static const uint8_t bitmap_1834[] = { 0x40, 0x00, 0x24, 0x3E, 0x17, 0xC4, 0x04, 0x08, 0x88, 0x00, 0x4B, 0x70, 0x29, 0xA0, 0x11, 0x20, 0x11, 0x20, 0x11, 0x20, 0x21, 0x20, 0x21, 0x20, 0xC2, 0x24, 0x22, 0x24, 0x24, 0x24, 0x28, 0x1E };
static const uint8_t bitmap_1835[] = { 0x40, 0xC0, 0x20, 0x40, 0x10, 0x40, 0x08, 0x7E, 0x87, 0xC0, 0x40, 0x40, 0x28, 0xE0, 0x11, 0x50, 0x11, 0x48, 0x12, 0x44, 0x22, 0x44, 0x24, 0x42, 0xD8, 0x42, 0x20, 0x40, 0x20, 0x40, 0x20, 0x40 };
static const uint8_t bitmap_1836[] = { 0x40, 0xC0, 0x20, 0x40, 0x10, 0x50, 0x03, 0x48, 0x81, 0x44, 0x49, 0x42, 0x2A, 0x42, 0x12, 0x40, 0x14, 0x44, 0x10, 0x44, 0x20, 0x08, 0x20, 0x10, 0xC0, 0x20, 0x20, 0x40, 0x21, 0x80, 0x2E, 0x00 };
static const uint8_t bitmap_1837[] = { 0x40, 0xC0, 0x20, 0x40, 0x18, 0x7E, 0x07, 0xC0, 0x80, 0x40, 0x48, 0x40, 0x28, 0x7E, 0x17, 0xC4, 0x14, 0x44, 0x14, 0x44, 0x24, 0x44, 0x24, 0x54, 0xC4, 0x4C, 0x24, 0x48, 0x20, 0x40, 0x20, 0x40 };
static const uint8_t bitmap_1838[] = { 0x40, 0x80, 0x20, 0x80, 0x10, 0x80, 0x01, 0x1E, 0x89, 0xE2, 0x4A, 0x02, 0x2C, 0x82, 0x10, 0x82, 0x10, 0xA2, 0x11, 0x12, 0x21, 0x72, 0x27, 0x94, 0xC0, 0x04, 0x20, 0x28, 0x20, 0x18, 0x20, 0x10 };
static const uint8_t bitmap_1839[] = { 0x40, 0x00, 0x23, 0x78, 0x11, 0x90, 0x01, 0x10, 0x89, 0x10, 0x49, 0x0E, 0x2A, 0x00, 0x14, 0x78, 0x13, 0x88, 0x10, 0x90, 0x20, 0x50, 0x20, 0x20, 0xC0, 0x50, 0x20, 0x88, 0x23, 0x04, 0x2C, 0x02 };
static const uint8_t bitmap_1840[] = { 0x40, 0x00, 0x26, 0x1E, 0x13, 0xE0, 0x02, 0x20, 0x8A, 0x20, 0x4A, 0x20, 0x2B, 0x3E, 0x12, 0xE4, 0x12, 0x24, 0x12, 0x24, 0x22, 0x44, 0x24, 0x44, 0xC4, 0x84, 0x28, 0xA8, 0x31, 0x18, 0x26, 0x10 };
static const uint8_t bitmap_1841[] = { 0x40, 0x40, 0x20, 0xA0, 0x10, 0x90, 0x01, 0x08, 0x82, 0x04, 0x45, 0x02, 0x29, 0x08, 0x11, 0x10, 0x11, 0x60, 0x11, 0x80, 0x21, 0x00, 0x21, 0x04, 0xC1, 0x04, 0x20, 0x84, 0x20, 0x7E, 0x20, 0x00 };
static const uint8_t bitmap_1842[] = { 0x40, 0x40, 0x20, 0xA0, 0x10, 0x90, 0x01, 0x08, 0x82, 0x04, 0x4D, 0x3A, 0x29, 0xD0, 0x11, 0x10, 0x11, 0x10, 0x11, 0x50, 0x21, 0x30, 0x21, 0x20, 0xC1, 0x04, 0x20, 0x84, 0x20, 0x7E, 0x20, 0x00 };
static const uint8_t bitmap_1843[] = { 0x40, 0x60, 0x20, 0x20, 0x10, 0x20, 0x03, 0x3E, 0x81, 0xC4, 0x49, 0x04, 0x29, 0x04, 0x11, 0x3C, 0x11, 0xC4, 0x11, 0x00, 0x21, 0x00, 0x21, 0x00, 0xC2, 0x00, 0x22, 0x00, 0x24, 0x00, 0x28, 0x00 };
static const uint8_t bitmap_1844[] = { 0x40, 0xC0, 0x20, 0x40, 0x10, 0x40, 0x08, 0x7E, 0x87, 0xC0, 0x48, 0x40, 0x28, 0x40, 0x14, 0x7C, 0x13, 0xC0, 0x10, 0xE0, 0x21, 0x50, 0x21, 0x48, 0xC2, 0x44, 0x24, 0x44, 0x38, 0x42, 0x20, 0x40 };
static const uint8_t bitmap_1845[] = { 0x40, 0x00, 0x23, 0x3C, 0x11, 0xC8, 0x01, 0x08, 0x81, 0x08, 0x49, 0x38, 0x29, 0xC8, 0x11, 0x08, 0x11, 0x08, 0x11, 0x38, 0x21, 0xC8, 0x21, 0x08, 0xC1, 0x08, 0x31, 0x3E, 0x2F, 0xC0, 0x20, 0x00 };
static const uint8_t bitmap_1846[] = { 0x40, 0x00, 0x28, 0x7E, 0x17, 0x88, 0x00, 0x08, 0x88, 0x08, 0x4E, 0xE8, 0x2B, 0x48, 0x12, 0x48, 0x12, 0x48, 0x12, 0xC8, 0x23, 0x48, 0x20, 0x08, 0xC0, 0x48, 0x20, 0x28, 0x20, 0x18, 0x20, 0x10 };
static const uint8_t bitmap_1847[] = { 0x43, 0x60, 0x21, 0x20, 0x19, 0x7C, 0x0F, 0xA8, 0x81, 0x28, 0x49, 0x78, 0x2F, 0xA8, 0x15, 0x20, 0x15, 0x7E, 0x17, 0xA2, 0x2D, 0x22, 0x22, 0x34, 0xC2, 0x2C, 0x24, 0x28, 0x38, 0x20, 0x20, 0x20 };
static const uint8_t bitmap_1848[] = { 0x40, 0xC0, 0x20, 0x40, 0x10, 0x40, 0x00, 0x40, 0x8E, 0x7E, 0x4B, 0xC4, 0x2A, 0x44, 0x12, 0x44, 0x12, 0x7C, 0x13, 0xC4, 0x22, 0x44, 0x22, 0x44, 0xC2, 0x44, 0x22, 0x7C, 0x23, 0x84, 0x22, 0x04 };
static const uint8_t bitmap_1849[] = { 0x40, 0x40, 0x20, 0x40, 0x10, 0x50, 0x00, 0x88, 0x88, 0x84, 0x49, 0x3C, 0x29, 0xC2, 0x16, 0x02, 0x10, 0x00, 0x16, 0x7C, 0x23, 0x88, 0x22, 0x08, 0xC2, 0x08, 0x22, 0x78, 0x23, 0x88, 0x22, 0x08 };
static const uint8_t bitmap_1850[] = { 0x40, 0x00, 0x24, 0x3E, 0x13, 0xC4, 0x00, 0x84, 0x88, 0x84, 0x49, 0x28, 0x29, 0x18, 0x12, 0x10, 0x16, 0x7C, 0x1B, 0x88, 0x22, 0x08, 0x22, 0x08, 0xC2, 0x08, 0x22, 0x78, 0x23, 0x88, 0x22, 0x08 };
static const uint8_t bitmap_1851[] = { 0x40, 0xC0, 0x20, 0x40, 0x10, 0x40, 0x04, 0x7E, 0x83, 0xC0, 0x48, 0x40, 0x28, 0x40, 0x10, 0x40, 0x16, 0x7C, 0x13, 0x88, 0x22, 0x08, 0x22, 0x08, 0xC2, 0x08, 0x22, 0x78, 0x23, 0x88, 0x22, 0x08 };
static const uint8_t bitmap_1852[] = { 0x40, 0xC0, 0x20, 0x40, 0x10, 0x40, 0x00, 0x5E, 0x80, 0x60, 0x48, 0x40, 0x28, 0x40, 0x10, 0x40, 0x16, 0x7E, 0x13, 0xC4, 0x22, 0x04, 0x22, 0x04, 0xC2, 0x04, 0x22, 0x3C, 0x23, 0xC4, 0x22, 0x04 };
static const uint8_t bitmap_1853[] = { 0x40, 0x00, 0x23, 0x78, 0x11, 0x90, 0x01, 0x10, 0x89, 0x10, 0x49, 0x10, 0x2A, 0x0E, 0x12, 0x00, 0x14, 0x3C, 0x1B, 0xC8, 0x22, 0x08, 0x22, 0x08, 0xC2, 0x08, 0x22, 0x78, 0x23, 0x88, 0x22, 0x08 };
static const uint8_t bitmap_1854[] = { 0x46, 0xD8, 0x22, 0x48, 0x12, 0x48, 0x02, 0x48, 0x8A, 0x48, 0x52, 0x7E, 0x2F, 0xC8, 0x12, 0x48, 0x12, 0x48, 0x12, 0x58, 0x22, 0x68, 0x22, 0x40, 0xC2, 0x00, 0x22, 0x3E, 0x23, 0xC0, 0x22, 0x00 };
static const uint8_t bitmap_1855[] = { 0x01, 0x00, 0x19, 0xF0, 0x0F, 0x20, 0x08, 0xE0, 0x0F, 0x20, 0x08, 0x20, 0x09, 0xE0, 0x0F, 0x28, 0x01, 0x08, 0x9D, 0x90, 0x65, 0x50, 0x05, 0x20, 0x09, 0x10, 0x15, 0x08, 0x23, 0x04, 0xC2, 0x02 };
static const uint8_t bitmap_1856[] = { 0x40, 0x40, 0x20, 0x40, 0x10, 0x80, 0x06, 0xBE, 0x8B, 0xC4, 0x4A, 0x04, 0x2A, 0x04, 0x12, 0x04, 0x12, 0x3C, 0x13, 0xC4, 0x22, 0x04, 0x22, 0x04, 0xC2, 0x04, 0x22, 0x3C, 0x23, 0xC4, 0x22, 0x04 };
static const uint8_t bitmap_1857[] = { 0x41, 0x80, 0x20, 0x40, 0x10, 0x28, 0x00, 0x08, 0x89, 0x88, 0x48, 0x90, 0x28, 0x90, 0x12, 0x94, 0x12, 0xA4, 0x12, 0xA2, 0x24, 0xC2, 0x28, 0x82, 0xC1, 0x48, 0x22, 0x48, 0x2C, 0x28, 0x20, 0x1C };
static const uint8_t bitmap_1858[] = { 0x40, 0xC0, 0x20, 0x40, 0x10, 0x40, 0x04, 0x7C, 0x8B, 0xC0, 0x48, 0x40, 0x28, 0x40, 0x10, 0x7E, 0x1F, 0x80, 0x10, 0x80, 0x21, 0x10, 0x21, 0x10, 0xC1, 0x28, 0x22, 0xC8, 0x2F, 0x04, 0x20, 0x04 };
static const uint8_t bitmap_1859[] = { 0x40, 0x0C, 0x20, 0x30, 0x10, 0xC0, 0x07, 0x40, 0x80, 0x40, 0x4C, 0x7C, 0x2B, 0x88, 0x10, 0x10, 0x10, 0x20, 0x10, 0x40, 0x20, 0x80, 0x25, 0x00, 0xC6, 0x00, 0x29, 0x00, 0x30, 0xC0, 0x20, 0x3E };
static const uint8_t bitmap_1860[] = { 0x40, 0x60, 0x20, 0x20, 0x12, 0x20, 0x02, 0x3E, 0x8B, 0xC4, 0x4C, 0x08, 0x28, 0x00, 0x14, 0x3E, 0x13, 0xE0, 0x10, 0x20, 0x20, 0x20, 0x20, 0x20, 0xC0, 0x20, 0x20, 0xA0, 0x20, 0x60, 0x20, 0x40 };
static const uint8_t bitmap_1861[] = { 0x41, 0x00, 0x21, 0x00, 0x11, 0x00, 0x02, 0x7C, 0x8B, 0x88, 0x4A, 0x08, 0x2D, 0xE8, 0x16, 0x48, 0x14, 0x48, 0x15, 0xC8, 0x26, 0x50, 0x24, 0x30, 0xC4, 0x20, 0x24, 0x04, 0x22, 0x04, 0x21, 0xFE };
static const uint8_t bitmap_1862[] = { 0x40, 0xC0, 0x20, 0x40, 0x10, 0x40, 0x06, 0x7E, 0x8B, 0xC4, 0x4A, 0x48, 0x2A, 0x40, 0x12, 0x7C, 0x13, 0xC8, 0x12, 0x90, 0x24, 0x50, 0x24, 0x20, 0xC8, 0x50, 0x30, 0x88, 0x23, 0x04, 0x2C, 0x02 };
static const uint8_t bitmap_1863[] = { 0x40, 0xC0, 0x20, 0x40, 0x10, 0x40, 0x04, 0x7C, 0x8B, 0xC0, 0x48, 0x08, 0x2A, 0x08, 0x12, 0x08, 0x11, 0x10, 0x11, 0x10, 0x21, 0x10, 0x21, 0x20, 0xC1, 0x20, 0x28, 0x7E, 0x27, 0x80, 0x20, 0x00 };
static const uint8_t bitmap_1864[] = { 0x40, 0x00, 0x26, 0x3C, 0x13, 0xC8, 0x02, 0x08, 0x8A, 0x38, 0x4B, 0xC8, 0x2A, 0x00, 0x12, 0x0C, 0x13, 0x10, 0x15, 0x60, 0x25, 0x80, 0x25, 0x00, 0xC9, 0x04, 0x29, 0x04, 0x30, 0x84, 0x20, 0x7E };
static const uint8_t bitmap_1865[] = { 0x41, 0x80, 0x20, 0x40, 0x10, 0x40, 0x04, 0x7C, 0x8B, 0xC0, 0x48, 0x40, 0x28, 0x40, 0x10, 0x40, 0x14, 0x78, 0x13, 0xC0, 0x20, 0x40, 0x20, 0x40, 0xC0, 0x40, 0x28, 0x7E, 0x27, 0x80, 0x20, 0x00 };
static const uint8_t bitmap_1866[] = { 0x40, 0x00, 0x26, 0x3E, 0x13, 0xC4, 0x02, 0x04, 0x8A, 0x04, 0x4A, 0x3C, 0x2B, 0xC4, 0x12, 0x04, 0x12, 0x04, 0x12, 0x3C, 0x23, 0xC4, 0x22, 0x04, 0xC2, 0x04, 0x22, 0x3C, 0x23, 0xC4, 0x22, 0x04 };
static const uint8_t bitmap_1867[] = { 0x03, 0x00, 0x01, 0x00, 0x41, 0xFC, 0x3F, 0x00, 0x21, 0xF8, 0x1E, 0x00, 0x85, 0xFE, 0x7E, 0x10, 0x09, 0x08, 0x11, 0x14, 0x2B, 0x62, 0xC5, 0x80, 0x09, 0x60, 0x15, 0x18, 0x63, 0x04, 0x02, 0x00 };
static const uint8_t bitmap_1868[] = { 0x41, 0x80, 0x20, 0x40, 0x10, 0x20, 0x04, 0xE0, 0x8B, 0x44, 0x48, 0x44, 0x28, 0x48, 0x13, 0x70, 0x1D, 0x50, 0x11, 0x48, 0x22, 0x48, 0x22, 0x44, 0xC4, 0x44, 0x29, 0x42, 0x30, 0xC2, 0x20, 0x80 };
static const uint8_t bitmap_1869[] = { 0x00, 0x00, 0x80, 0xFE, 0x7F, 0x00, 0x04, 0xF8, 0x0F, 0x10, 0x18, 0x10, 0x28, 0xF0, 0xCF, 0x10, 0x09, 0x08, 0x9D, 0x90, 0x65, 0x50, 0x05, 0x20, 0x09, 0x10, 0x15, 0x08, 0x23, 0x04, 0xC2, 0x02 };
static const uint8_t bitmap_1870[] = { 0x40, 0x00, 0x24, 0x3E, 0x17, 0xC4, 0x04, 0x88, 0x88, 0xB8, 0x49, 0xC0, 0x29, 0x00, 0x11, 0x3E, 0x13, 0xC4, 0x12, 0x04, 0x28, 0x74, 0x27, 0x88, 0xC0, 0x08, 0x20, 0x50, 0x20, 0x30, 0x20, 0x20 };
static const uint8_t bitmap_1871[] = { 0x40, 0x50, 0x21, 0x48, 0x11, 0x44, 0x02, 0x5E, 0x8B, 0xE0, 0x4E, 0x40, 0x28, 0x5C, 0x10, 0xE8, 0x10, 0x88, 0x10, 0x88, 0x21, 0x50, 0x21, 0x30, 0xC2, 0x28, 0x2C, 0x44, 0x20, 0x82, 0x27, 0x02 };
static const uint8_t bitmap_1872[] = { 0x40, 0x00, 0x24, 0x78, 0x13, 0x90, 0x01, 0x20, 0x88, 0xC0, 0x48, 0xA0, 0x29, 0x58, 0x12, 0x44, 0x1C, 0x7A, 0x13, 0xC0, 0x20, 0x40, 0x28, 0x7E, 0xC7, 0xC0, 0x20, 0x40, 0x20, 0x40, 0x20, 0x40 };
static const uint8_t bitmap_1873[] = { 0x40, 0xC0, 0x20, 0x40, 0x10, 0x40, 0x08, 0x7E, 0x87, 0xC0, 0x48, 0x40, 0x2C, 0x7C, 0x13, 0xC0, 0x10, 0x00, 0x12, 0x7C, 0x23, 0x88, 0x22, 0x08, 0xC2, 0x08, 0x22, 0x78, 0x23, 0x88, 0x22, 0x08 };
static const uint8_t bitmap_1874[] = { 0x42, 0x10, 0x21, 0x10, 0x11, 0x20, 0x04, 0xBC, 0x8B, 0xC0, 0x48, 0x40, 0x2C, 0x78, 0x13, 0xC0, 0x10, 0x40, 0x10, 0x40, 0x28, 0x7E, 0x27, 0xC0, 0xC0, 0x40, 0x20, 0x40, 0x20, 0x40, 0x20, 0x40 };
static const uint8_t bitmap_1875[] = { 0x40, 0x00, 0x28, 0x7E, 0x17, 0xA0, 0x01, 0x20, 0x89, 0x20, 0x4D, 0x7E, 0x27, 0xA4, 0x15, 0x24, 0x15, 0x24, 0x15, 0x24, 0x26, 0x1C, 0x24, 0x04, 0xC4, 0x04, 0x24, 0x7C, 0x27, 0x84, 0x24, 0x04 };
static const uint8_t bitmap_1876[] = { 0x40, 0xC0, 0x23, 0x40, 0x11, 0x40, 0x01, 0x7C, 0x8B, 0xC0, 0x4A, 0x40, 0x2A, 0x40, 0x14, 0x7E, 0x13, 0xA0, 0x11, 0x20, 0x21, 0x20, 0x21, 0x20, 0xC2, 0x24, 0x22, 0x24, 0x24, 0x24, 0x38, 0x1E };
static const uint8_t bitmap_1877[] = { 0x41, 0x00, 0x21, 0x00, 0x11, 0x38, 0x02, 0xD0, 0x8B, 0x10, 0x4C, 0xA0, 0x28, 0x60, 0x10, 0x98, 0x11, 0x04, 0x16, 0x7A, 0x2B, 0x88, 0x22, 0x08, 0xC2, 0x08, 0x22, 0x78, 0x23, 0x88, 0x22, 0x08 };
static const uint8_t bitmap_1878[] = { 0x40, 0x00, 0x26, 0x3E, 0x13, 0xC2, 0x02, 0x02, 0x8B, 0x3A, 0x4A, 0xC2, 0x2A, 0x02, 0x12, 0xBA, 0x12, 0xCA, 0x12, 0x8A, 0x22, 0xBA, 0x22, 0xCA, 0xC2, 0x82, 0x22, 0x0A, 0x22, 0x06, 0x22, 0x04 };
static const uint8_t bitmap_1879[] = { 0x40, 0xC0, 0x22, 0x7C, 0x11, 0xC8, 0x08, 0x7E, 0x87, 0xC8, 0x48, 0x48, 0x2A, 0x78, 0x11, 0xC8, 0x10, 0x40, 0x14, 0x7C, 0x23, 0xC0, 0x20, 0x40, 0xC8, 0x7E, 0x27, 0xC0, 0x20, 0x40, 0x20, 0x40 };
static const uint8_t bitmap_1880[] = { 0x41, 0xB0, 0x20, 0x90, 0x10, 0x90, 0x00, 0x90, 0x8C, 0xBC, 0x4B, 0xD0, 0x28, 0x90, 0x10, 0x90, 0x10, 0x90, 0x18, 0xBE, 0x27, 0xC0, 0x20, 0x10, 0xC1, 0x08, 0x22, 0x04, 0x24, 0x04, 0x28, 0x02 };
static const uint8_t bitmap_1881[] = { 0x43, 0x0C, 0x21, 0x64, 0x11, 0x24, 0x01, 0x24, 0x8B, 0xB4, 0x4B, 0x6C, 0x2D, 0x6C, 0x15, 0x24, 0x11, 0x24, 0x11, 0x24, 0x21, 0x24, 0x21, 0x24, 0xC2, 0x24, 0x22, 0x24, 0x24, 0x04, 0x28, 0x04 };
static const uint8_t bitmap_1882[] = { 0x40, 0x18, 0x20, 0x60, 0x13, 0xC0, 0x00, 0x40, 0x88, 0x40, 0x4C, 0x7E, 0x2B, 0xC0, 0x10, 0x40, 0x10, 0x40, 0x16, 0x7C, 0x23, 0x88, 0x22, 0x08, 0xC2, 0x08, 0x22, 0x78, 0x23, 0x88, 0x22, 0x08 };
static const uint8_t bitmap_1883[] = { 0x40, 0x60, 0x20, 0x20, 0x11, 0x3C, 0x00, 0xE0, 0x88, 0x20, 0x4A, 0x3E, 0x29, 0xC0, 0x10, 0x20, 0x10, 0x20, 0x12, 0x3C, 0x21, 0xE0, 0x20, 0x20, 0xC0, 0x20, 0x24, 0x3E, 0x23, 0xC0, 0x20, 0x00 };
static const uint8_t bitmap_1884[] = { 0x40, 0x40, 0x20, 0x40, 0x10, 0xA0, 0x00, 0x90, 0x89, 0x08, 0x49, 0x04, 0x2A, 0x3A, 0x15, 0xC2, 0x18, 0x00, 0x16, 0x3C, 0x23, 0xC8, 0x22, 0x08, 0xC2, 0x08, 0x22, 0x78, 0x23, 0x88, 0x22, 0x08 };
static const uint8_t bitmap_1885[] = { 0x40, 0x18, 0x20, 0x20, 0x16, 0xC4, 0x03, 0x08, 0x8A, 0xB0, 0x4A, 0xC4, 0x2A, 0xA4, 0x12, 0xA8, 0x12, 0x90, 0x12, 0x90, 0x24, 0x88, 0x24, 0x88, 0xC4, 0x94, 0x28, 0xA4, 0x30, 0xC2, 0x23, 0x02 };
static const uint8_t bitmap_1886[] = { 0x40, 0xC0, 0x20, 0x40, 0x18, 0x7C, 0x07, 0x90, 0x88, 0x88, 0x49, 0x38, 0x29, 0xC4, 0x17, 0x04, 0x14, 0xB0, 0x12, 0x90, 0x22, 0x90, 0x22, 0x90, 0xC4, 0x94, 0x24, 0x94, 0x28, 0x14, 0x30, 0x0E };
static const uint8_t bitmap_1887[] = { 0x40, 0xD8, 0x20, 0x44, 0x10, 0x42, 0x04, 0x7C, 0x8B, 0xC0, 0x48, 0x40, 0x2C, 0x7E, 0x13, 0xC0, 0x10, 0x48, 0x10, 0x28, 0x20, 0x28, 0x20, 0x12, 0xC0, 0x32, 0x20, 0x4C, 0x21, 0x86, 0x2E, 0x02 };
static const uint8_t bitmap_1888[] = { 0x18, 0x20, 0x08, 0x20, 0x48, 0x5E, 0x28, 0xE4, 0x2B, 0x44, 0x08, 0x28, 0x18, 0x10, 0xE8, 0x60, 0x0B, 0x88, 0x01, 0x08, 0x9D, 0x90, 0x65, 0x60, 0x09, 0x10, 0x15, 0x08, 0x23, 0x04, 0xC2, 0x02 };
static const uint8_t bitmap_1889[] = { 0x41, 0x80, 0x20, 0x80, 0x14, 0xBC, 0x03, 0xC8, 0x88, 0x50, 0x48, 0x50, 0x28, 0x24, 0x10, 0xD4, 0x17, 0x0E, 0x10, 0x00, 0x24, 0x7C, 0x23, 0xA0, 0xC1, 0x20, 0x21, 0x24, 0x22, 0x24, 0x2C, 0x1E };
static const uint8_t bitmap_1890[] = { 0x40, 0xC0, 0x20, 0x40, 0x10, 0x40, 0x06, 0x7C, 0x83, 0xC8, 0x4A, 0x48, 0x2A, 0x48, 0x12, 0x78, 0x13, 0xC8, 0x12, 0x50, 0x20, 0x48, 0x20, 0x48, 0xC0, 0x5C, 0x20, 0xE4, 0x2F, 0x02, 0x20, 0x02 };
static const uint8_t bitmap_1891[] = { 0x40, 0x06, 0x2D, 0xC2, 0x16, 0x72, 0x05, 0x52, 0x85, 0x52, 0x45, 0x52, 0x2D, 0x52, 0x15, 0x52, 0x15, 0x52, 0x15, 0x52, 0x25, 0x42, 0x25, 0x42, 0xC1, 0x02, 0x22, 0x8A, 0x24, 0x46, 0x38, 0x44 };
static const uint8_t bitmap_1892[] = { 0x40, 0xC0, 0x20, 0x40, 0x14, 0x7E, 0x03, 0x88, 0x88, 0x90, 0x48, 0x60, 0x28, 0x58, 0x11, 0x94, 0x17, 0x12, 0x19, 0x10, 0x21, 0x10, 0x21, 0x10, 0xC1, 0x10, 0x22, 0x10, 0x22, 0x10, 0x24, 0x10 };
static const uint8_t bitmap_1893[] = { 0x43, 0x06, 0x21, 0x02, 0x11, 0x32, 0x09, 0xD2, 0x86, 0x92, 0x48, 0x92, 0x2C, 0x92, 0x12, 0x92, 0x11, 0x12, 0x11, 0x92, 0x22, 0x42, 0x22, 0x42, 0xC4, 0x02, 0x28, 0x0A, 0x30, 0x06, 0x20, 0x04 };
static const uint8_t bitmap_1894[] = { 0x40, 0x00, 0x24, 0x3E, 0x17, 0xC4, 0x04, 0x88, 0x88, 0xBC, 0x47, 0xC0, 0x21, 0x00, 0x11, 0x40, 0x12, 0x78, 0x13, 0xC0, 0x22, 0x40, 0x28, 0x7E, 0xC7, 0xC0, 0x20, 0x40, 0x20, 0x40, 0x20, 0x40 };
static const uint8_t bitmap_1895[] = { 0x40, 0x60, 0x20, 0x20, 0x10, 0x20, 0x02, 0x5E, 0x8B, 0xE4, 0x4A, 0x48, 0x2C, 0x44, 0x10, 0xA8, 0x11, 0x10, 0x13, 0x10, 0x2D, 0x08, 0x21, 0x08, 0xC1, 0x24, 0x21, 0x44, 0x21, 0x82, 0x2E, 0x02 };
static const uint8_t bitmap_1896[] = { 0x46, 0x06, 0x22, 0xC8, 0x12, 0x70, 0x0B, 0xC0, 0x8E, 0x40, 0x42, 0x4E, 0x2A, 0xF8, 0x13, 0x48, 0x16, 0x48, 0x2A, 0x48, 0x22, 0x48, 0x22, 0x88, 0xC2, 0x88, 0x2B, 0x08, 0x26, 0x08, 0x24, 0x08 };
static const uint8_t bitmap_1897[] = { 0x40, 0xD8, 0x20, 0x44, 0x14, 0x7E, 0x07, 0xC0, 0x88, 0x40, 0x4A, 0x7E, 0x2B, 0xC4, 0x12, 0x7C, 0x13, 0xC4, 0x12, 0x44, 0x22, 0x7C, 0x23, 0xC4, 0xC2, 0x44, 0x22, 0x54, 0x22, 0x4C, 0x22, 0x48 };
static const uint8_t bitmap_1898[] = { 0x40, 0xC0, 0x23, 0x40, 0x11, 0x40, 0x01, 0x7C, 0x8B, 0xC0, 0x4A, 0x40, 0x2C, 0x7E, 0x13, 0xC0, 0x10, 0x00, 0x16, 0x7C, 0x23, 0x88, 0x22, 0x08, 0xC2, 0x08, 0x22, 0x78, 0x23, 0x88, 0x22, 0x08 };
static const uint8_t bitmap_1899[] = { 0x40, 0xC0, 0x20, 0x80, 0x16, 0xF8, 0x03, 0x90, 0x8A, 0x70, 0x4B, 0x90, 0x2A, 0x10, 0x12, 0x70, 0x13, 0x88, 0x12, 0x48, 0x22, 0x30, 0x22, 0x10, 0xC2, 0x28, 0x22, 0xC4, 0x23, 0x04, 0x2C, 0x02 };
static const uint8_t bitmap_1900[] = { 0x40, 0x18, 0x20, 0x64, 0x17, 0x88, 0x02, 0x48, 0x89, 0x50, 0x4D, 0x3C, 0x2B, 0xC8, 0x10, 0x10, 0x10, 0xA0, 0x18, 0x7E, 0x27, 0xA0, 0x20, 0x20, 0xC0, 0x20, 0x20, 0xA0, 0x20, 0x40, 0x20, 0x40 };
static const uint8_t bitmap_1901[] = { 0x41, 0x10, 0x21, 0x08, 0x12, 0x44, 0x02, 0x42, 0x8C, 0xA2, 0x48, 0x90, 0x29, 0x08, 0x12, 0x04, 0x16, 0x7E, 0x1B, 0x88, 0x22, 0x08, 0x22, 0x08, 0xC2, 0x08, 0x22, 0x78, 0x23, 0x88, 0x22, 0x08 };
static const uint8_t bitmap_1902[] = { 0x41, 0x00, 0x21, 0x00, 0x11, 0x3E, 0x03, 0xC0, 0x8A, 0x00, 0x4E, 0x3C, 0x2B, 0xC4, 0x12, 0x44, 0x12, 0x3E, 0x1F, 0xC4, 0x22, 0x88, 0x24, 0x48, 0xC4, 0x7E, 0x27, 0xA8, 0x24, 0x18, 0x20, 0x10 };
static const uint8_t bitmap_1903[] = { 0x40, 0x00, 0x22, 0x7C, 0x11, 0x88, 0x02, 0x78, 0x89, 0x88, 0x4A, 0x78, 0x29, 0x80, 0x12, 0x7E, 0x13, 0x84, 0x12, 0x78, 0x25, 0x88, 0x20, 0x50, 0xC0, 0x20, 0x20, 0x58, 0x21, 0x84, 0x2E, 0x02 };
static const uint8_t bitmap_1904[] = { 0x40, 0x40, 0x20, 0x60, 0x10, 0x90, 0x00, 0x88, 0x89, 0x04, 0x4A, 0x1A, 0x2D, 0xE0, 0x10, 0x20, 0x14, 0x3E, 0x13, 0xE0, 0x21, 0x28, 0x21, 0x24, 0xC2, 0x22, 0x2C, 0xA2, 0x20, 0x60, 0x20, 0x40 };
static const uint8_t bitmap_1905[] = { 0x44, 0xC4, 0x22, 0x44, 0x11, 0x48, 0x01, 0x50, 0x8A, 0x7E, 0x4B, 0xC4, 0x2A, 0x04, 0x12, 0x3C, 0x13, 0xC4, 0x12, 0x04, 0x22, 0x3C, 0x23, 0xC4, 0xC2, 0x04, 0x22, 0x14, 0x22, 0x0C, 0x22, 0x08 };
static const uint8_t bitmap_1906[] = { 0x40, 0xC0, 0x20, 0x40, 0x13, 0x5C, 0x01, 0x60, 0x89, 0x40, 0x4D, 0x7E, 0x2B, 0xC0, 0x10, 0x44, 0x12, 0x44, 0x12, 0x48, 0x24, 0x48, 0x28, 0x50, 0xC0, 0x20, 0x20, 0x40, 0x21, 0x80, 0x2E, 0x00 };
static const uint8_t bitmap_1907[] = { 0x40, 0x00, 0x24, 0x7C, 0x13, 0x90, 0x00, 0xA0, 0x8E, 0x7E, 0x4B, 0xC4, 0x2A, 0x44, 0x12, 0x7C, 0x13, 0xC4, 0x12, 0x44, 0x22, 0x7C, 0x23, 0xC4, 0xC2, 0x44, 0x22, 0x54, 0x22, 0x4C, 0x22, 0x48 };
static const uint8_t bitmap_1908[] = { 0x42, 0x10, 0x21, 0x10, 0x11, 0x20, 0x05, 0x3C, 0x8B, 0xC8, 0x48, 0x48, 0x2A, 0x78, 0x13, 0xC8, 0x12, 0x40, 0x14, 0x7E, 0x27, 0xC2, 0x25, 0x54, 0xC2, 0x4C, 0x24, 0x48, 0x38, 0x40, 0x20, 0x40 };
static const uint8_t bitmap_1909[] = { 0x41, 0x80, 0x20, 0x80, 0x14, 0xF8, 0x03, 0x80, 0x8C, 0xF8, 0x4B, 0x80, 0x28, 0xFC, 0x17, 0x90, 0x11, 0x10, 0x11, 0x7E, 0x22, 0x90, 0x22, 0x90, 0xC4, 0x50, 0x38, 0x50, 0x20, 0x30, 0x20, 0x20 };
static const uint8_t bitmap_1910[] = { 0x43, 0x30, 0x21, 0x10, 0x19, 0x7E, 0x17, 0x90, 0x81, 0x00, 0x44, 0x3E, 0x27, 0xC4, 0x18, 0x48, 0x10, 0x40, 0x24, 0x7E, 0x23, 0xC4, 0x20, 0x84, 0xC0, 0x84, 0x21, 0x28, 0x22, 0x18, 0x2C, 0x10 };
static const uint8_t bitmap_1911[] = { 0x40, 0x00, 0x26, 0x3C, 0x13, 0xC8, 0x02, 0x08, 0x8A, 0x38, 0x4B, 0xC8, 0x2A, 0x40, 0x14, 0x7E, 0x17, 0xC4, 0x14, 0x64, 0x24, 0x94, 0x25, 0x0C, 0xC6, 0x04, 0x24, 0x14, 0x24, 0x0C, 0x24, 0x08 };
static const uint8_t bitmap_1912[] = { 0x41, 0x00, 0x21, 0x60, 0x13, 0xA0, 0x02, 0x40, 0x84, 0x7C, 0x4B, 0xC8, 0x22, 0x48, 0x12, 0x48, 0x12, 0x48, 0x1A, 0x7E, 0x27, 0xC0, 0x20, 0x60, 0xC0, 0x90, 0x21, 0x08, 0x22, 0x04, 0x2C, 0x02 };
static const uint8_t bitmap_1913[] = { 0x40, 0x80, 0x20, 0x80, 0x11, 0x3C, 0x01, 0xC8, 0x82, 0x90, 0x4C, 0x60, 0x28, 0x98, 0x11, 0x44, 0x16, 0x42, 0x18, 0x7E, 0x27, 0xC0, 0x22, 0x58, 0xC2, 0x44, 0x25, 0x42, 0x28, 0xC2, 0x20, 0x80 };
static const uint8_t bitmap_1914[] = { 0x44, 0x00, 0x22, 0x4E, 0x11, 0x32, 0x01, 0x02, 0x8C, 0x02, 0x45, 0x32, 0x2C, 0xC2, 0x14, 0x42, 0x15, 0x72, 0x14, 0xC2, 0x24, 0x42, 0x26, 0x7A, 0xC5, 0x82, 0x24, 0x0A, 0x24, 0x06, 0x24, 0x04 };
static const uint8_t bitmap_1915[] = { 0x44, 0x00, 0x22, 0x4E, 0x11, 0x32, 0x01, 0x02, 0x8C, 0x02, 0x45, 0xBA, 0x2C, 0xD2, 0x14, 0xB2, 0x14, 0xD2, 0x14, 0x92, 0x24, 0xB2, 0x24, 0xD2, 0xC4, 0x92, 0x24, 0x0A, 0x24, 0x06, 0x24, 0x04 };
static const uint8_t bitmap_1916[] = { 0x40, 0x04, 0x2B, 0x64, 0x15, 0x24, 0x01, 0x28, 0x8D, 0x28, 0x47, 0x30, 0x35, 0x20, 0x14, 0x2E, 0x15, 0xF0, 0x2F, 0x28, 0x29, 0x28, 0x21, 0x24, 0xC1, 0x24, 0x2A, 0x3C, 0x26, 0x62, 0x25, 0x82 };
static const uint8_t bitmap_1917[] = { 0x40, 0x00, 0x24, 0x3E, 0x13, 0xC4, 0x00, 0x44, 0x82, 0x44, 0x4C, 0xA8, 0x20, 0x98, 0x11, 0x10, 0x16, 0x60, 0x10, 0x2C, 0x23, 0x30, 0x21, 0x20, 0xC1, 0x20, 0x29, 0x3E, 0x27, 0xC0, 0x20, 0x00 };
static const uint8_t bitmap_1918[] = { 0x40, 0x06, 0x2C, 0xF2, 0x17, 0x2A, 0x04, 0x2A, 0x84, 0xEA, 0x47, 0xAA, 0x34, 0x8A, 0x14, 0xFA, 0x17, 0xAA, 0x2A, 0xAA, 0x2A, 0xA2, 0x2A, 0xA2, 0xD2, 0xE2, 0x22, 0xAA, 0x20, 0x86, 0x20, 0x84 };
static const uint8_t bitmap_1919[] = { 0x40, 0x00, 0x2C, 0x3E, 0x17, 0xC0, 0x04, 0x20, 0x85, 0x3C, 0x44, 0xE0, 0x2C, 0x20, 0x16, 0x3E, 0x15, 0xC0, 0x14, 0x20, 0x26, 0x3C, 0x29, 0xE0, 0xC8, 0x20, 0x34, 0x3E, 0x23, 0xC0, 0x20, 0x00 };
static const uint8_t bitmap_1920[] = { 0x40, 0xC0, 0x20, 0x40, 0x14, 0x7E, 0x07, 0xC0, 0x89, 0x20, 0x49, 0x2E, 0x29, 0x34, 0x12, 0x24, 0x12, 0x5C, 0x16, 0xA8, 0x2B, 0x10, 0x22, 0x18, 0xC2, 0x24, 0x22, 0x44, 0x23, 0x82, 0x22, 0x02 };
static const uint8_t bitmap_1921[] = { 0x40, 0x00, 0x24, 0x3C, 0x13, 0xC8, 0x00, 0x88, 0x8C, 0x56, 0x44, 0x6A, 0x2E, 0x2A, 0x15, 0xB2, 0x14, 0x22, 0x14, 0xB2, 0x25, 0x2A, 0x26, 0xA6, 0xC4, 0x62, 0x24, 0x42, 0x27, 0xFE, 0x24, 0x02 };
static const uint8_t bitmap_1922[] = { 0x40, 0xC0, 0x20, 0x40, 0x14, 0x7E, 0x07, 0x84, 0x84, 0x08, 0x48, 0x7C, 0x2F, 0xC0, 0x10, 0x40, 0x16, 0x40, 0x12, 0x5C, 0x22, 0x60, 0x22, 0x40, 0xC5, 0x40, 0x24, 0xC0, 0x28, 0x60, 0x30, 0x1E };
static const uint8_t bitmap_1923[] = { 0x43, 0x08, 0x20, 0x90, 0x10, 0x60, 0x01, 0x90, 0x86, 0x48, 0x48, 0xFE, 0x2F, 0x80, 0x11, 0x3C, 0x13, 0xC8, 0x16, 0x38, 0x2B, 0xC8, 0x22, 0x38, 0xC3, 0xC8, 0x22, 0x28, 0x22, 0x18, 0x22, 0x10 };
static const uint8_t bitmap_1924[] = { 0x46, 0x30, 0x22, 0x10, 0x12, 0x10, 0x13, 0x9E, 0x8E, 0x70, 0x42, 0x10, 0x2B, 0x38, 0x16, 0xB4, 0x16, 0x54, 0x2A, 0x52, 0x2A, 0x92, 0x33, 0x12, 0xC2, 0x10, 0x22, 0x10, 0x22, 0x10, 0x22, 0x10 };
static const uint8_t bitmap_1925[] = { 0x40, 0xC8, 0x24, 0x48, 0x12, 0x50, 0x01, 0x40, 0x8C, 0x7E, 0x47, 0xC4, 0x24, 0x04, 0x15, 0x34, 0x15, 0xD4, 0x15, 0x14, 0x25, 0x14, 0x25, 0x34, 0xC5, 0xD4, 0x25, 0x14, 0x24, 0x0C, 0x24, 0x08 };
static const uint8_t bitmap_1926[] = { 0x43, 0x00, 0x21, 0x2C, 0x11, 0xD4, 0x01, 0x24, 0x89, 0x24, 0x49, 0xD4, 0x2F, 0x14, 0x11, 0x88, 0x15, 0x48, 0x15, 0x48, 0x25, 0x54, 0x29, 0x14, 0xD1, 0x24, 0x25, 0x22, 0x23, 0x42, 0x22, 0x82 };
static const uint8_t bitmap_1927[] = { 0x42, 0x00, 0x22, 0x00, 0x12, 0x3E, 0x07, 0xC2, 0x84, 0x02, 0x4A, 0x72, 0x2B, 0x82, 0x12, 0x82, 0x14, 0xFA, 0x1B, 0x92, 0x24, 0x92, 0x24, 0xF2, 0xC7, 0x14, 0x24, 0x14, 0x20, 0x0C, 0x20, 0x08 };
static const uint8_t bitmap_1928[] = { 0x40, 0xC0, 0x22, 0x4C, 0x12, 0x50, 0x04, 0x60, 0x88, 0x90, 0x48, 0x88, 0x29, 0x04, 0x12, 0xC0, 0x14, 0x40, 0x12, 0x4C, 0x22, 0x50, 0x24, 0xA0, 0xC0, 0x90, 0x21, 0x08, 0x22, 0x04, 0x2C, 0x02 };
static const uint8_t bitmap_1929[] = { 0x43, 0x10, 0x21, 0x10, 0x11, 0x10, 0x11, 0xD8, 0x8E, 0x24, 0x42, 0x22, 0x22, 0xD2, 0x13, 0x48, 0x12, 0x44, 0x12, 0x44, 0x24, 0x90, 0x24, 0x88, 0xC8, 0x88, 0x2D, 0x04, 0x33, 0x04, 0x22, 0x00 };
static const uint8_t bitmap_1930[] = { 0x40, 0x0C, 0x20, 0x38, 0x17, 0xC4, 0x04, 0x44, 0x82, 0x28, 0x49, 0x2C, 0x29, 0x30, 0x13, 0xC0, 0x10, 0x40, 0x14, 0x7E, 0x23, 0xC0, 0x20, 0x40, 0xC0, 0x40, 0x24, 0x7C, 0x23, 0x80, 0x20, 0x00 };
static const uint8_t bitmap_1931[] = { 0x41, 0x10, 0x21, 0x10, 0x11, 0x20, 0x02, 0x3E, 0x8B, 0xE0, 0x4E, 0x20, 0x2A, 0x3C, 0x13, 0xE0, 0x12, 0x20, 0x12, 0x3C, 0x23, 0xE0, 0x22, 0x20, 0xC2, 0x20, 0x22, 0x3E, 0x23, 0xC0, 0x22, 0x00 };
static const uint8_t bitmap_1932[] = { 0x40, 0x00, 0x24, 0x7E, 0x17, 0x84, 0x05, 0x28, 0x81, 0x10, 0x49, 0x08, 0x2A, 0xC4, 0x14, 0x40, 0x18, 0x7E, 0x17, 0xC0, 0x21, 0x60, 0x21, 0x50, 0xC2, 0x48, 0x24, 0x44, 0x38, 0x42, 0x20, 0x40 };
static const uint8_t bitmap_1933[] = { 0x40, 0xC0, 0x28, 0x7E, 0x17, 0xC0, 0x01, 0x3C, 0x89, 0xC8, 0x49, 0x38, 0x29, 0xC0, 0x12, 0x38, 0x11, 0xD0, 0x10, 0x20, 0x28, 0x7E, 0x27, 0xA0, 0xC0, 0x20, 0x20, 0xA0, 0x20, 0x40, 0x20, 0x40 };
static const uint8_t bitmap_1934[] = { 0x40, 0x00, 0x26, 0x7C, 0x13, 0x88, 0x02, 0x78, 0x8B, 0x88, 0x4A, 0x08, 0x2A, 0x78, 0x13, 0x88, 0x16, 0x64, 0x12, 0x24, 0x23, 0xA8, 0x22, 0x30, 0xC2, 0x24, 0x22, 0xE4, 0x23, 0x24, 0x2C, 0x1E };
static const uint8_t bitmap_1935[] = { 0x41, 0x80, 0x20, 0x80, 0x10, 0xFE, 0x0F, 0x40, 0x81, 0x30, 0x4A, 0x88, 0x2C, 0xF4, 0x17, 0x92, 0x14, 0xF0, 0x17, 0x90, 0x24, 0xF0, 0x27, 0x90, 0xC4, 0x84, 0x20, 0x84, 0x20, 0x84, 0x20, 0x7E };
static const uint8_t bitmap_1936[] = { 0x40, 0x00, 0x24, 0x7C, 0x13, 0xC0, 0x00, 0x40, 0x8C, 0x7E, 0x4B, 0xA0, 0x29, 0x18, 0x12, 0x04, 0x15, 0x82, 0x18, 0xA8, 0x22, 0xA4, 0x22, 0x94, 0xC4, 0x92, 0x2A, 0x82, 0x21, 0x80, 0x21, 0x00 };
static const uint8_t bitmap_1937[] = { 0x40, 0xC0, 0x24, 0x7C, 0x13, 0xC0, 0x04, 0x78, 0x8B, 0xC0, 0x48, 0x7E, 0x2F, 0x80, 0x12, 0x7C, 0x13, 0x88, 0x12, 0x78, 0x23, 0x88, 0x22, 0x78, 0xC3, 0x88, 0x22, 0x28, 0x22, 0x18, 0x22, 0x10 };
static const uint8_t bitmap_1938[] = { 0x46, 0x06, 0x22, 0x62, 0x12, 0x2A, 0x03, 0x2A, 0x82, 0xB2, 0x4A, 0xA2, 0x2A, 0x3E, 0x13, 0xE2, 0x12, 0x72, 0x12, 0x6A, 0x22, 0xAA, 0x22, 0xA6, 0xC5, 0x22, 0x24, 0x22, 0x28, 0x22, 0x30, 0x02 };
static const uint8_t bitmap_1939[] = { 0x41, 0x02, 0x21, 0x2C, 0x11, 0xF0, 0x0F, 0x20, 0x82, 0x20, 0x43, 0x26, 0x2D, 0x3C, 0x15, 0xE4, 0x17, 0x24, 0x19, 0x64, 0x21, 0xA4, 0x23, 0x24, 0xCD, 0x44, 0x21, 0x44, 0x21, 0x84, 0x21, 0x04 };
static const uint8_t bitmap_1940[] = { 0x41, 0x00, 0x21, 0x70, 0x11, 0xA0, 0x03, 0x40, 0x8A, 0x7C, 0x4F, 0xC8, 0x2A, 0x48, 0x12, 0x78, 0x13, 0xC8, 0x12, 0x48, 0x22, 0x78, 0x23, 0xC8, 0xC2, 0x00, 0x28, 0x3E, 0x27, 0xC0, 0x20, 0x00 };
static const uint8_t bitmap_1941[] = { 0x40, 0x40, 0x20, 0x50, 0x10, 0x8C, 0x03, 0xF2, 0x88, 0x20, 0x4C, 0x3E, 0x2B, 0xD0, 0x10, 0x8C, 0x13, 0x22, 0x1C, 0x28, 0x20, 0xCA, 0x23, 0x12, 0xC0, 0x64, 0x21, 0x88, 0x20, 0x30, 0x23, 0xC0 };
static const uint8_t bitmap_1942[] = { 0x40, 0xC0, 0x20, 0xA0, 0x11, 0x10, 0x01, 0x08, 0x8A, 0x74, 0x4F, 0x82, 0x28, 0x0C, 0x15, 0xD4, 0x16, 0x54, 0x15, 0xD4, 0x26, 0x54, 0x25, 0xD4, 0xC6, 0x44, 0x25, 0x54, 0x24, 0xCC, 0x24, 0x88 };
static const uint8_t bitmap_1943[] = { 0x20, 0x00, 0x16, 0x7C, 0x8B, 0x80, 0x4A, 0x7C, 0x13, 0x88, 0x12, 0x78, 0x23, 0x80, 0xC2, 0x7E, 0x23, 0x80, 0x21, 0x00, 0x81, 0xFE, 0x7F, 0x80, 0x03, 0x60, 0x0D, 0x18, 0x31, 0x04, 0xC1, 0x02 };
static const uint8_t bitmap_1944[] = { 0x40, 0xC0, 0x2C, 0x7E, 0x17, 0xD0, 0x04, 0x90, 0x86, 0xBC, 0x45, 0xD0, 0x2C, 0xB0, 0x14, 0xD0, 0x14, 0x80, 0x16, 0x38, 0x25, 0xC8, 0x24, 0x90, 0xC8, 0x60, 0x28, 0x50, 0x31, 0x8C, 0x26, 0x02 };
static const uint8_t bitmap_1945[] = { 0x40, 0xC0, 0x20, 0x40, 0x14, 0x7E, 0x0B, 0xC0, 0x80, 0xF0, 0x49, 0x48, 0x2A, 0x7C, 0x17, 0x8A, 0x1A, 0x78, 0x13, 0x88, 0x22, 0x78, 0x23, 0x88, 0xC2, 0x00, 0x30, 0x7E, 0x2F, 0x80, 0x20, 0x00 };
static const uint8_t bitmap_1946[] = { 0x46, 0x30, 0x22, 0x10, 0x13, 0x90, 0x0E, 0x10, 0x82, 0x5E, 0x53, 0xF2, 0x3C, 0x92, 0x10, 0x12, 0x1B, 0x92, 0x25, 0x12, 0x24, 0x22, 0x27, 0xA2, 0xDA, 0x24, 0x22, 0x54, 0x26, 0x8C, 0x25, 0x08 };
static const uint8_t bitmap_1947[] = { 0x40, 0x00, 0x23, 0x78, 0x11, 0x90, 0x01, 0x70, 0x89, 0x90, 0x49, 0x10, 0x29, 0x70, 0x11, 0x90, 0x11, 0x00, 0x14, 0x7C, 0x27, 0xA8, 0x25, 0x28, 0xC5, 0x28, 0x35, 0xFE, 0x2F, 0x00, 0x20, 0x00 };
static const uint8_t bitmap_1948[] = { 0x41, 0xB0, 0x20, 0x90, 0x14, 0xBC, 0x03, 0xD0, 0x88, 0x90, 0x48, 0xBE, 0x2F, 0xD0, 0x11, 0x08, 0x11, 0x7C, 0x13, 0x92, 0x2D, 0x10, 0x21, 0x70, 0xC1, 0x90, 0x21, 0x08, 0x21, 0x08, 0x20, 0xFC };
static const uint8_t bitmap_1949[] = { 0x40, 0xC0, 0x20, 0x40, 0x12, 0x7E, 0x03, 0xC4, 0x8C, 0x3C, 0x4B, 0xC0, 0x28, 0x38, 0x13, 0xC8, 0x11, 0x38, 0x11, 0xC8, 0x21, 0x38, 0x21, 0xC8, 0xC1, 0x00, 0x28, 0x3E, 0x27, 0xC0, 0x20, 0x00 };
static const uint8_t bitmap_1950[] = { 0x40, 0x00, 0x26, 0x78, 0x13, 0x90, 0x02, 0x70, 0x8B, 0x90, 0x4A, 0x70, 0x2B, 0x80, 0x11, 0x3E, 0x11, 0xE4, 0x13, 0x24, 0x25, 0x54, 0x39, 0x8C, 0xC1, 0x34, 0x21, 0xC8, 0x21, 0x18, 0x20, 0x10 };
static const uint8_t bitmap_1951[] = { 0x43, 0x20, 0x21, 0x20, 0x11, 0x2E, 0x11, 0xB8, 0x8E, 0xC0, 0x4A, 0x6E, 0x2A, 0xD4, 0x13, 0xA8, 0x12, 0x90, 0x24, 0xDE, 0x24, 0xA8, 0x24, 0x88, 0xC8, 0x88, 0x2D, 0x28, 0x33, 0x10, 0x22, 0x10 };
static const uint8_t bitmap_1952[] = { 0x40, 0x30, 0x20, 0x10, 0x15, 0xD0, 0x06, 0x94, 0x84, 0xB4, 0x45, 0xB2, 0x2E, 0xD2, 0x14, 0x90, 0x15, 0x92, 0x16, 0x92, 0x24, 0x84, 0x25, 0x84, 0xC6, 0x88, 0x20, 0x10, 0x20, 0x20, 0x21, 0xC0 };
static const uint8_t bitmap_1953[] = { 0x41, 0x80, 0x22, 0x9E, 0x1E, 0x70, 0x02, 0x10, 0x8A, 0x9C, 0x4F, 0x70, 0x2A, 0x10, 0x12, 0x9C, 0x13, 0x70, 0x1E, 0x10, 0x23, 0x1E, 0x22, 0xF0, 0xC4, 0x10, 0x24, 0x10, 0x28, 0x10, 0x30, 0x10 };
static const uint8_t bitmap_1954[] = { 0x43, 0x00, 0x21, 0x36, 0x11, 0x1A, 0x05, 0xF2, 0x8B, 0x12, 0x49, 0x16, 0x29, 0x1A, 0x11, 0x12, 0x15, 0xD2, 0x16, 0x56, 0x24, 0x5A, 0x24, 0x52, 0xC5, 0xE2, 0x26, 0x2A, 0x20, 0x46, 0x20, 0x84 };
static const uint8_t bitmap_1955[] = { 0x43, 0x00, 0x21, 0x6E, 0x11, 0x34, 0x09, 0xE4, 0x8F, 0x24, 0x49, 0x2C, 0x2B, 0xB4, 0x13, 0x64, 0x15, 0x24, 0x15, 0x2C, 0x29, 0x34, 0x31, 0x24, 0xC1, 0x24, 0x21, 0x2C, 0x21, 0x34, 0x21, 0x24 };
static const uint8_t bitmap_1956[] = { 0x40, 0xC0, 0x28, 0x7E, 0x17, 0xD0, 0x00, 0x94, 0x8A, 0x92, 0x4A, 0x92, 0x2C, 0x90, 0x10, 0x7C, 0x13, 0x88, 0x14, 0x78, 0x23, 0x80, 0x22, 0x7E, 0xC7, 0x84, 0x24, 0x24, 0x20, 0x18, 0x20, 0x10 };
static const uint8_t bitmap_1957[] = { 0x40, 0x00, 0x26, 0x7C, 0x13, 0x88, 0x02, 0x08, 0x8A, 0x78, 0x4B, 0x88, 0x2A, 0x08, 0x12, 0x78, 0x13, 0x84, 0x10, 0x24, 0x29, 0x28, 0x29, 0x28, 0xC5, 0x28, 0x35, 0x7E, 0x2F, 0x80, 0x20, 0x00 };
static const uint8_t bitmap_1958[] = { 0x40, 0xC0, 0x26, 0x7C, 0x13, 0xC8, 0x02, 0x78, 0x8B, 0xC0, 0x48, 0x7E, 0x2F, 0x80, 0x12, 0x7C, 0x13, 0x88, 0x12, 0x48, 0x22, 0x48, 0x22, 0x48, 0xC2, 0xA0, 0x21, 0x18, 0x22, 0x04, 0x2C, 0x02 };
static const uint8_t bitmap_1959[] = { 0x40, 0x1C, 0x2D, 0xCA, 0x16, 0x4A, 0x04, 0x6C, 0x85, 0x58, 0x45, 0x48, 0x2D, 0x6E, 0x15, 0x58, 0x15, 0x4A, 0x15, 0x4A, 0x25, 0x4C, 0x25, 0x48, 0xC1, 0x1A, 0x22, 0xA4, 0x24, 0x46, 0x28, 0x22 };
static const uint8_t bitmap_1960[] = { 0x40, 0x00, 0x25, 0xCC, 0x1E, 0xB8, 0x04, 0x88, 0x85, 0xA8, 0x46, 0xA8, 0x2C, 0xAE, 0x15, 0xB8, 0x16, 0x50, 0x15, 0x10, 0x25, 0x1C, 0x24, 0xA8, 0xC5, 0xAA, 0x26, 0xAA, 0x2C, 0x4A, 0x21, 0x8E };
static const uint8_t bitmap_1961[] = { 0x40, 0x00, 0x2C, 0x1E, 0x17, 0xE0, 0x04, 0x20, 0x85, 0xBC, 0x44, 0xE4, 0x2C, 0x9C, 0x14, 0xE4, 0x14, 0x84, 0x14, 0x9C, 0x24, 0xE4, 0x28, 0xA8, 0xC9, 0x24, 0x31, 0xA4, 0x22, 0x62, 0x2C, 0x42 };
static const uint8_t bitmap_1962[] = { 0x40, 0x80, 0x2D, 0x8E, 0x16, 0x72, 0x04, 0x12, 0x84, 0x92, 0x45, 0xA4, 0x2E, 0xAC, 0x14, 0x48, 0x12, 0xBE, 0x13, 0xC4, 0x22, 0x7C, 0x23, 0xC4, 0xC2, 0x44, 0x22, 0x7C, 0x23, 0xC4, 0x22, 0x04 };
static const uint8_t bitmap_1963[] = { 0x42, 0x10, 0x21, 0x10, 0x11, 0x20, 0x04, 0x7E, 0x8B, 0xA0, 0x48, 0x10, 0x29, 0x08, 0x11, 0x04, 0x12, 0x7A, 0x17, 0xAA, 0x2D, 0x28, 0x25, 0x28, 0xC5, 0x28, 0x35, 0xFE, 0x2F, 0x00, 0x20, 0x00 };
static const uint8_t bitmap_1964[] = { 0x40, 0x1C, 0x20, 0x60, 0x17, 0x88, 0x0A, 0x48, 0x81, 0x50, 0x49, 0x20, 0x2B, 0xC8, 0x14, 0x98, 0x11, 0x64, 0x27, 0x82, 0x30, 0xFE, 0x2F, 0x80, 0xC1, 0x60, 0x22, 0x18, 0x2C, 0x04, 0x30, 0x02 };
static const uint8_t bitmap_1965[] = { 0x44, 0x40, 0x22, 0x56, 0x12, 0x9A, 0x0A, 0xF2, 0x8F, 0x16, 0x41, 0x1A, 0x29, 0x52, 0x15, 0x52, 0x15, 0x56, 0x15, 0xDA, 0x27, 0x52, 0x25, 0x52, 0xC2, 0x12, 0x22, 0x2A, 0x24, 0x26, 0x38, 0xC4 };
static const uint8_t bitmap_1966[] = { 0x40, 0xC0, 0x20, 0x40, 0x14, 0x7E, 0x07, 0xC4, 0x89, 0x18, 0x4A, 0x44, 0x2A, 0xA2, 0x14, 0x90, 0x11, 0x08, 0x12, 0x04, 0x26, 0x7A, 0x2B, 0x88, 0xC2, 0x08, 0x22, 0x78, 0x23, 0x88, 0x22, 0x08 };
static const uint8_t bitmap_1967[] = { 0x40, 0x00, 0x29, 0xCE, 0x16, 0xB4, 0x00, 0x84, 0x8A, 0xAC, 0x4B, 0xB4, 0x2A, 0x20, 0x14, 0xAE, 0x17, 0xBA, 0x28, 0xA2, 0x25, 0x96, 0x22, 0x8A, 0xCC, 0x92, 0x25, 0x74, 0x23, 0x0C, 0x22, 0x08 };
static const uint8_t bitmap_1968[] = { 0x40, 0x60, 0x22, 0x3C, 0x13, 0xE0, 0x01, 0x38, 0x89, 0xC8, 0x49, 0x38, 0x29, 0xC8, 0x11, 0x38, 0x11, 0xC8, 0x11, 0x38, 0x21, 0xC8, 0x25, 0x3E, 0xC3, 0xD0, 0x20, 0x88, 0x21, 0x04, 0x26, 0x02 };
static const uint8_t bitmap_1969[] = { 0x42, 0x08, 0x21, 0x10, 0x15, 0x3E, 0x07, 0xC8, 0x81, 0x10, 0x4A, 0x10, 0x2A, 0xA4, 0x14, 0xA4, 0x17, 0x38, 0x19, 0x48, 0x22, 0x10, 0x25, 0x14, 0xC5, 0x24, 0x2B, 0xAC, 0x3C, 0xF2, 0x20, 0x82 };
static const uint8_t bitmap_1970[] = { 0x40, 0x00, 0x23, 0x7C, 0x11, 0x88, 0x01, 0x68, 0x89, 0xA8, 0x4B, 0x7E, 0x2B, 0xC4, 0x15, 0x38, 0x11, 0xC8, 0x11, 0x38, 0x21, 0xC8, 0x21, 0x38, 0xC1, 0xC8, 0x21, 0x28, 0x21, 0x18, 0x21, 0x10 };
static const uint8_t bitmap_1971[] = { 0x40, 0x1C, 0x20, 0x60, 0x17, 0x84, 0x02, 0x44, 0x81, 0x28, 0x49, 0x28, 0x28, 0x5E, 0x12, 0xC4, 0x13, 0x04, 0x12, 0x1C, 0x22, 0xC4, 0x23, 0x04, 0xC2, 0x04, 0x22, 0x3C, 0x23, 0xC4, 0x22, 0x04 };
static const uint8_t bitmap_1972[] = { 0x41, 0x80, 0x20, 0x80, 0x18, 0xFE, 0x07, 0x90, 0x89, 0x08, 0x4A, 0x84, 0x2C, 0xA2, 0x11, 0x10, 0x11, 0x70, 0x17, 0x88, 0x21, 0x44, 0x22, 0x28, 0xCE, 0x10, 0x32, 0xC8, 0x23, 0x04, 0x2C, 0x02 };
static const uint8_t bitmap_1973[] = { 0x42, 0x48, 0x22, 0x48, 0x12, 0x7E, 0x0F, 0xC8, 0x82, 0x48, 0x4A, 0x00, 0x2C, 0x7E, 0x17, 0xC4, 0x14, 0x48, 0x1A, 0x7C, 0x23, 0xC8, 0x22, 0x48, 0xC2, 0x68, 0x22, 0x58, 0x22, 0x50, 0x20, 0x40 };
static const uint8_t bitmap_1974[] = { 0x41, 0x10, 0x21, 0x10, 0x19, 0x7C, 0x07, 0x90, 0x89, 0x10, 0x49, 0x7E, 0x2F, 0xA0, 0x10, 0xA0, 0x1C, 0xBE, 0x17, 0xE4, 0x24, 0xA4, 0x25, 0x74, 0xC5, 0x2C, 0x26, 0x44, 0x24, 0x8C, 0x24, 0x08 };
static const uint8_t bitmap_1975[] = { 0x40, 0xCC, 0x20, 0x70, 0x10, 0x40, 0x0C, 0x7E, 0x87, 0x84, 0x44, 0x98, 0x2F, 0xE4, 0x14, 0x84, 0x14, 0x7E, 0x14, 0x40, 0x24, 0x28, 0x2A, 0x94, 0xCA, 0x92, 0x32, 0x82, 0x2C, 0x48, 0x20, 0x3C };
static const uint8_t bitmap_1976[] = { 0x41, 0x90, 0x26, 0x90, 0x12, 0x96, 0x02, 0x98, 0x8A, 0xA0, 0x4A, 0xA8, 0x2A, 0xC4, 0x12, 0x84, 0x10, 0x80, 0x12, 0x3C, 0x23, 0xE8, 0x22, 0xA8, 0xC2, 0xA8, 0x2A, 0xBE, 0x27, 0xC0, 0x20, 0x00 };
static const uint8_t bitmap_1977[] = { 0x40, 0xC0, 0x20, 0x40, 0x14, 0x7E, 0x07, 0x84, 0x84, 0x18, 0x4B, 0x60, 0x29, 0x80, 0x11, 0x3C, 0x11, 0xD0, 0x11, 0x10, 0x29, 0x3E, 0x27, 0xC0, 0xC0, 0x30, 0x21, 0x08, 0x22, 0x04, 0x2C, 0x02 };
static const uint8_t bitmap_1978[] = { 0x40, 0x14, 0x20, 0x14, 0x15, 0xD4, 0x02, 0xAE, 0x88, 0xB8, 0x4C, 0xE8, 0x2A, 0xAE, 0x13, 0x38, 0x11, 0x28, 0x12, 0xAE, 0x22, 0xB8, 0x24, 0xA8, 0xC4, 0x28, 0x28, 0x2E, 0x20, 0x38, 0x20, 0x20 };
static const uint8_t bitmap_1979[] = { 0x40, 0xC0, 0x24, 0x7E, 0x17, 0xD0, 0x01, 0x10, 0x84, 0xBE, 0x47, 0xC2, 0x2C, 0x42, 0x16, 0x7A, 0x15, 0xC2, 0x15, 0x7A, 0x25, 0xCA, 0x25, 0x0A, 0xC5, 0x3A, 0x25, 0xCA, 0x24, 0x06, 0x24, 0x04 };
static const uint8_t bitmap_1980[] = { 0x40, 0x00, 0x28, 0x7E, 0x17, 0xA0, 0x02, 0xFC, 0x8B, 0xA8, 0x4A, 0xA8, 0x2A, 0xF8, 0x13, 0x80, 0x14, 0x7C, 0x13, 0x80, 0x28, 0x7E, 0x27, 0xC0, 0xC2, 0x58, 0x25, 0x44, 0x28, 0xC2, 0x30, 0x82 };
static const uint8_t bitmap_1981[] = { 0x40, 0xC0, 0x20, 0x40, 0x14, 0x7E, 0x03, 0xE0, 0x89, 0x58, 0x4A, 0x44, 0x2C, 0xB2, 0x11, 0x08, 0x12, 0xC4, 0x1C, 0x4A, 0x22, 0x50, 0x21, 0x70, 0xC2, 0x48, 0x25, 0x44, 0x38, 0xC2, 0x20, 0x80 };
static const uint8_t bitmap_1982[] = { 0x40, 0x00, 0x26, 0x3E, 0x13, 0xC4, 0x02, 0x04, 0x8A, 0x3C, 0x4B, 0xC0, 0x2A, 0x3E, 0x13, 0xE0, 0x12, 0x22, 0x22, 0x3E, 0x27, 0xE2, 0x26, 0x2A, 0xCA, 0xA2, 0x32, 0x2A, 0x22, 0xAE, 0x22, 0xA4 };
static const uint8_t bitmap_1983[] = { 0x40, 0xC0, 0x24, 0x7E, 0x17, 0xD0, 0x00, 0xA4, 0x8A, 0x44, 0x4A, 0x64, 0x2A, 0x94, 0x13, 0x7C, 0x13, 0xC0, 0x1C, 0x7E, 0x27, 0xC2, 0x24, 0x62, 0xC4, 0x92, 0x24, 0xFA, 0x27, 0x86, 0x24, 0x04 };
static const uint8_t bitmap_1984[] = { 0x40, 0xC0, 0x20, 0x40, 0x14, 0x7E, 0x07, 0x84, 0x84, 0x78, 0x4B, 0xC0, 0x2E, 0x7C, 0x13, 0xC8, 0x12, 0x78, 0x13, 0xC8, 0x22, 0x48, 0x22, 0x78, 0xC3, 0xA8, 0x21, 0x18, 0x22, 0x04, 0x2C, 0x02 };
static const uint8_t bitmap_1985[] = { 0x41, 0x20, 0x29, 0x7E, 0x17, 0xA0, 0x01, 0x00, 0x8E, 0x78, 0x4B, 0x90, 0x2A, 0x70, 0x13, 0x90, 0x12, 0x70, 0x13, 0xC0, 0x28, 0x7E, 0x27, 0xC0, 0xC0, 0xB0, 0x21, 0x08, 0x26, 0x04, 0x38, 0x02 };
static const uint8_t bitmap_1986[] = { 0x40, 0x00, 0x23, 0x78, 0x11, 0x90, 0x01, 0x70, 0x89, 0x90, 0x49, 0x70, 0x29, 0x80, 0x14, 0x7E, 0x17, 0xA4, 0x14, 0xFC, 0x27, 0x80, 0x24, 0x78, 0xC3, 0x90, 0x20, 0x60, 0x21, 0x9C, 0x2E, 0x02 };
static const uint8_t bitmap_1987[] = { 0x43, 0x08, 0x21, 0x08, 0x19, 0xE8, 0x0F, 0x10, 0x81, 0x1E, 0x45, 0xF4, 0x2F, 0x58, 0x15, 0x50, 0x15, 0xD0, 0x17, 0x18, 0x21, 0x94, 0x23, 0x54, 0xC5, 0x24, 0x29, 0x22, 0x31, 0x42, 0x21, 0x82 };
static const uint8_t bitmap_1988[] = { 0x40, 0x90, 0x24, 0xBC, 0x13, 0xC0, 0x02, 0x78, 0x81, 0xC0, 0x4C, 0x7C, 0x2B, 0x80, 0x10, 0x34, 0x13, 0x64, 0x10, 0xA8, 0x29, 0xF0, 0x26, 0xA8, 0xC1, 0x24, 0x22, 0xA2, 0x2C, 0x62, 0x20, 0x40 };
static const uint8_t bitmap_1989[] = { 0x41, 0x10, 0x29, 0x3E, 0x17, 0xD0, 0x01, 0x40, 0x84, 0x78, 0x43, 0xC8, 0x2C, 0x7E, 0x1B, 0xC8, 0x12, 0x78, 0x1D, 0xC4, 0x24, 0x64, 0x25, 0x54, 0xC5, 0x54, 0x29, 0x54, 0x2A, 0x44, 0x30, 0x44 };
static const uint8_t bitmap_1990[] = { 0x40, 0x1C, 0x20, 0x68, 0x17, 0xC8, 0x02, 0x50, 0x89, 0x7E, 0x4F, 0xE0, 0x29, 0x58, 0x11, 0x44, 0x12, 0x7A, 0x17, 0xC8, 0x2A, 0x78, 0x23, 0xC8, 0xC2, 0x48, 0x22, 0x78, 0x23, 0x88, 0x22, 0x08 };
static const uint8_t bitmap_1991[] = { 0x43, 0x30, 0x25, 0x9C, 0x17, 0x70, 0x01, 0x10, 0x89, 0x9E, 0x4F, 0x74, 0x2A, 0x92, 0x12, 0xA2, 0x16, 0x7C, 0x13, 0x88, 0x22, 0x78, 0x23, 0x88, 0xC2, 0x08, 0x22, 0x78, 0x23, 0x88, 0x22, 0x08 };
static const uint8_t bitmap_1992[] = { 0x40, 0x00, 0x28, 0x7E, 0x17, 0xA0, 0x09, 0x7C, 0x8F, 0xA4, 0x49, 0x7C, 0x2F, 0x88, 0x14, 0x78, 0x17, 0x88, 0x14, 0x78, 0x27, 0x88, 0x24, 0x80, 0xD0, 0xFE, 0x2F, 0x80, 0x20, 0x80, 0x20, 0x80 };
static const uint8_t bitmap_1993[] = { 0x43, 0x00, 0x21, 0x36, 0x11, 0xDA, 0x0F, 0x12, 0x85, 0xD6, 0x46, 0x5A, 0x2D, 0xD2, 0x16, 0x52, 0x14, 0x56, 0x15, 0xDA, 0x27, 0x52, 0x21, 0x12, 0xD1, 0xF2, 0x2F, 0x2A, 0x21, 0x26, 0x21, 0x44 };
static const uint8_t bitmap_1994[] = { 0x40, 0x44, 0x23, 0xC8, 0x18, 0xB2, 0x05, 0x14, 0x85, 0x08, 0x4A, 0x74, 0x2F, 0x82, 0x12, 0x78, 0x13, 0x90, 0x12, 0x10, 0x22, 0x70, 0x23, 0x90, 0xC1, 0x20, 0x31, 0x7E, 0x2F, 0x80, 0x20, 0x00 };
static const uint8_t bitmap_1995[] = { 0x43, 0x10, 0x21, 0x10, 0x13, 0xD0, 0x0E, 0x2E, 0x82, 0xB4, 0x45, 0xC4, 0x2E, 0x64, 0x10, 0x14, 0x1D, 0xD4, 0x16, 0x88, 0x25, 0x88, 0x26, 0x94, 0xC5, 0x94, 0x26, 0xA4, 0x25, 0xC2, 0x24, 0x82 };
static const uint8_t bitmap_1996[] = { 0x43, 0x04, 0x21, 0x04, 0x15, 0xE8, 0x0B, 0x08, 0x89, 0xD2, 0x4E, 0x02, 0x29, 0xE4, 0x16, 0x44, 0x14, 0x48, 0x15, 0xD0, 0x26, 0xA2, 0x24, 0x82, 0xC2, 0xE4, 0x23, 0x08, 0x2C, 0x10, 0x20, 0x60 };
static const uint8_t bitmap_1997[] = { 0x48, 0x00, 0x25, 0x3E, 0x14, 0xC2, 0x00, 0x42, 0x82, 0x7A, 0x59, 0xC2, 0x28, 0x7A, 0x1B, 0xDA, 0x2B, 0x6A, 0x2A, 0xFA, 0x2B, 0xCA, 0x48, 0xE2, 0xC9, 0x52, 0x2A, 0x4A, 0x2C, 0x46, 0x28, 0x04 };
static const uint8_t bitmap_1998[] = { 0x40, 0x00, 0x23, 0x38, 0x11, 0xD0, 0x01, 0x30, 0x89, 0xD0, 0x48, 0x2E, 0x2D, 0xB4, 0x16, 0xAC, 0x15, 0xB0, 0x16, 0x40, 0x28, 0x7E, 0x27, 0xE0, 0xC1, 0x58, 0x22, 0x44, 0x2C, 0x42, 0x30, 0x40 };
static const uint8_t bitmap_1999[] = { 0x40, 0x40, 0x26, 0x7E, 0x13, 0x84, 0x02, 0x54, 0x8B, 0x64, 0x4A, 0x7C, 0x2B, 0xC4, 0x12, 0x64, 0x12, 0xD4, 0x13, 0x40, 0x28, 0x7E, 0x27, 0xC0, 0xC0, 0xB0, 0x21, 0x08, 0x22, 0x04, 0x2C, 0x02 };
static const uint8_t bitmap_2000[] = { 0x42, 0x10, 0x22, 0x10, 0x1D, 0x90, 0x06, 0xA6, 0x85, 0xB8, 0x4E, 0xC8, 0x35, 0xA8, 0x16, 0x18, 0x13, 0xD8, 0x2E, 0x08, 0x25, 0xD4, 0x26, 0x94, 0xC4, 0xA4, 0x2D, 0x22, 0x33, 0x42, 0x22, 0x82 };
static const uint8_t bitmap_2001[] = { 0x46, 0x00, 0x22, 0x9E, 0x1A, 0x70, 0x0B, 0x9C, 0x8A, 0x64, 0x4A, 0x54, 0x2B, 0xD4, 0x1E, 0x54, 0x12, 0x54, 0x2A, 0xD4, 0x2A, 0xD4, 0x2B, 0x50, 0xD2, 0x18, 0x24, 0x24, 0x28, 0x42, 0x31, 0x82 };
static const uint8_t bitmap_2002[] = { 0x40, 0x00, 0x26, 0x78, 0x13, 0x90, 0x02, 0x70, 0x8B, 0x90, 0x4A, 0x70, 0x2B, 0xA0, 0x19, 0x7C, 0x17, 0xA0, 0x19, 0x7E, 0x27, 0x98, 0x23, 0x54, 0xCC, 0xE2, 0x33, 0x58, 0x2C, 0xC4, 0x20, 0x80 };
static const uint8_t bitmap_2003[] = { 0x41, 0x20, 0x29, 0x7E, 0x17, 0xA0, 0x01, 0x7C, 0x8F, 0x24, 0x49, 0x3C, 0x2F, 0x20, 0x12, 0x7E, 0x13, 0xC0, 0x14, 0x7C, 0x2F, 0xC0, 0x24, 0x7C, 0xC7, 0xC0, 0x24, 0x7E, 0x27, 0x80, 0x24, 0x00 };
static const uint8_t bitmap_2004[] = { 0x03, 0x00, 0x01, 0x00, 0x01, 0x08, 0x11, 0x18, 0x11, 0x20, 0x11, 0x40, 0x21, 0x00, 0x21, 0x00, 0x42, 0x80, 0x02, 0x40, 0x04, 0x20, 0x04, 0x10, 0x08, 0x08, 0x10, 0x04, 0x20, 0x02, 0xC0, 0x02 };
static const uint8_t bitmap_2005[] = { 0x00, 0x00, 0x81, 0xFE, 0x7F, 0x00, 0x01, 0x08, 0x01, 0x08, 0x11, 0x10, 0x11, 0x20, 0x11, 0x40, 0x21, 0x00, 0x22, 0xC0, 0x42, 0x20, 0x04, 0x10, 0x08, 0x08, 0x10, 0x04, 0x20, 0x02, 0xC0, 0x02 };
static const uint8_t bitmap_2006[] = { 0x30, 0x00, 0x12, 0x1E, 0x11, 0xE0, 0x12, 0x20, 0x52, 0x20, 0x54, 0x20, 0x58, 0x20, 0x90, 0x20, 0x90, 0x20, 0x10, 0x20, 0x10, 0x20, 0x28, 0x20, 0x24, 0x20, 0x24, 0xA0, 0x40, 0x60, 0x80, 0x40 };
static const uint8_t bitmap_2007[] = { 0x18, 0x00, 0x08, 0x00, 0x88, 0xFE, 0x7F, 0x00, 0x08, 0x80, 0x08, 0x88, 0x0A, 0x88, 0x0A, 0x90, 0x12, 0xE0, 0x14, 0x80, 0x20, 0xC0, 0x21, 0x20, 0x41, 0x10, 0x82, 0x08, 0x0C, 0x04, 0x30, 0x04 };
static const uint8_t bitmap_2008[] = { 0x00, 0x00, 0x21, 0xF8, 0x1E, 0x10, 0x21, 0xF0, 0x1E, 0x10, 0x00, 0x10, 0x21, 0xF0, 0x1E, 0x08, 0x01, 0x08, 0x09, 0x30, 0x0A, 0xC0, 0x32, 0x20, 0x04, 0x10, 0x08, 0x08, 0x30, 0x04, 0xC0, 0x02 };
static const uint8_t bitmap_2009[] = { 0x30, 0x60, 0x10, 0x20, 0x10, 0x20, 0x14, 0x20, 0x54, 0x20, 0x5A, 0x3C, 0x51, 0xE0, 0x90, 0x20, 0x10, 0x20, 0x10, 0x20, 0x28, 0x20, 0x24, 0x20, 0x24, 0x20, 0x48, 0x3E, 0x47, 0xC0, 0x80, 0x00 };
static const uint8_t bitmap_2010[] = { 0x04, 0x00, 0x05, 0xE0, 0x0E, 0x40, 0x10, 0x80, 0x61, 0x40, 0x02, 0x30, 0x04, 0x08, 0x19, 0x04, 0xE1, 0x1A, 0x09, 0x20, 0x12, 0xC0, 0x62, 0x20, 0x04, 0x10, 0x08, 0x08, 0x30, 0x04, 0xC0, 0x02 };
static const uint8_t bitmap_2011[] = { 0x30, 0x80, 0x10, 0x80, 0x10, 0x80, 0x15, 0x3E, 0x55, 0xC4, 0x59, 0x04, 0x53, 0x04, 0x94, 0x84, 0x10, 0x44, 0x10, 0x44, 0x28, 0x08, 0x24, 0x08, 0x24, 0x08, 0x40, 0x50, 0x40, 0x30, 0x80, 0x20 };
static const uint8_t bitmap_2012[] = { 0x03, 0x00, 0x01, 0x00, 0x41, 0xFE, 0x7E, 0x04, 0x40, 0x08, 0x83, 0x10, 0x01, 0x04, 0x19, 0x0C, 0x09, 0x10, 0x11, 0x20, 0x62, 0xC0, 0x02, 0x20, 0x04, 0x10, 0x08, 0x08, 0x30, 0x04, 0xC0, 0x02 };
static const uint8_t bitmap_2013[] = { 0x30, 0xC0, 0x10, 0x40, 0x10, 0x40, 0x54, 0x40, 0x54, 0x4C, 0x5A, 0x44, 0x92, 0x44, 0x92, 0x44, 0x12, 0x44, 0x12, 0x44, 0x1A, 0x44, 0x26, 0x44, 0x22, 0x44, 0x22, 0x7C, 0x43, 0xC4, 0x82, 0x04 };
static const uint8_t bitmap_2014[] = { 0x30, 0x60, 0x10, 0x20, 0x10, 0x20, 0x57, 0x3E, 0x55, 0xC4, 0x59, 0x04, 0x91, 0x04, 0x91, 0x3C, 0x11, 0xC4, 0x11, 0x00, 0x19, 0x00, 0x25, 0x00, 0x25, 0x00, 0x22, 0x00, 0x42, 0x00, 0x84, 0x00 };
static const uint8_t bitmap_2015[] = { 0x30, 0x80, 0x10, 0x80, 0x14, 0x80, 0x54, 0x9E, 0x55, 0xE4, 0x59, 0x08, 0x92, 0x60, 0x94, 0x20, 0x10, 0x20, 0x10, 0x20, 0x18, 0x50, 0x24, 0x48, 0x24, 0x84, 0x20, 0x84, 0x41, 0x02, 0x86, 0x02 };
static const uint8_t bitmap_2016[] = { 0x03, 0x00, 0x11, 0x0C, 0x11, 0x10, 0x22, 0xE0, 0x04, 0x10, 0x08, 0x08, 0x33, 0x04, 0xC1, 0x00, 0x09, 0x0C, 0x09, 0x30, 0x11, 0xC0, 0x22, 0x20, 0x04, 0x10, 0x08, 0x08, 0x30, 0x04, 0xC0, 0x02 };
static const uint8_t bitmap_2017[] = { 0x30, 0x60, 0x10, 0x20, 0x14, 0x28, 0x15, 0xA4, 0x58, 0xA2, 0x50, 0xA2, 0x51, 0x20, 0x91, 0x24, 0x12, 0x24, 0x10, 0x24, 0x18, 0x08, 0x24, 0x08, 0x24, 0x10, 0x20, 0x20, 0x40, 0xC0, 0x83, 0x00 };
static const uint8_t bitmap_2018[] = { 0x30, 0x60, 0x10, 0x20, 0x16, 0x3E, 0x15, 0xC0, 0x58, 0x00, 0x51, 0xB8, 0x50, 0xD0, 0x90, 0x90, 0x10, 0x90, 0x10, 0x90, 0x18, 0x90, 0x24, 0x90, 0x25, 0x14, 0x21, 0x14, 0x42, 0x14, 0x8C, 0x0E };
static const uint8_t bitmap_2019[] = { 0x30, 0x60, 0x10, 0x20, 0x14, 0x20, 0x14, 0x3E, 0x5B, 0xC0, 0x50, 0x48, 0x50, 0x88, 0x90, 0x90, 0x11, 0x70, 0x13, 0xA0, 0x18, 0x20, 0x24, 0x48, 0x24, 0x8C, 0x21, 0x74, 0x47, 0x82, 0x80, 0x02 };
static const uint8_t bitmap_2020[] = { 0x30, 0x00, 0x13, 0x1C, 0x15, 0xE0, 0x15, 0x00, 0x59, 0x00, 0x51, 0x3C, 0x51, 0xC8, 0x91, 0x08, 0x11, 0x08, 0x11, 0x38, 0x19, 0xC8, 0x25, 0x00, 0x25, 0x00, 0x21, 0x1E, 0x41, 0xE0, 0x81, 0x00 };
static const uint8_t bitmap_2021[] = { 0x03, 0x00, 0x31, 0x18, 0x11, 0x08, 0x11, 0xF8, 0x1F, 0x08, 0x10, 0x00, 0x91, 0xFC, 0x7E, 0x00, 0x11, 0x8C, 0x14, 0x90, 0x14, 0xA0, 0x29, 0x40, 0x21, 0x30, 0x42, 0x08, 0x8C, 0x04, 0x30, 0x02 };
static const uint8_t bitmap_2022[] = { 0x30, 0x80, 0x10, 0x80, 0x14, 0x80, 0x15, 0x1E, 0x59, 0xE4, 0x52, 0x04, 0x56, 0x74, 0x93, 0xA4, 0x12, 0x24, 0x12, 0x64, 0x1B, 0xA8, 0x26, 0x18, 0x22, 0x10, 0x22, 0x04, 0x41, 0x04, 0x80, 0xFE };
static const uint8_t bitmap_2023[] = { 0x30, 0x80, 0x10, 0x80, 0x14, 0x80, 0x15, 0x1E, 0x59, 0xE0, 0x52, 0x40, 0x54, 0x5C, 0x90, 0x60, 0x10, 0x40, 0x10, 0x40, 0x18, 0x5E, 0x24, 0x60, 0x24, 0x40, 0x20, 0x40, 0x40, 0x40, 0x80, 0x40 };
static const uint8_t bitmap_2024[] = { 0x03, 0x00, 0x01, 0x00, 0x01, 0xFC, 0x01, 0x00, 0x01, 0x00, 0x31, 0xF8, 0x1F, 0x10, 0x10, 0x10, 0x10, 0x10, 0x10, 0x10, 0x11, 0xF0, 0x1E, 0x10, 0x04, 0x88, 0x12, 0x44, 0x21, 0x22, 0xC1, 0x22 };
static const uint8_t bitmap_2025[] = { 0x30, 0x40, 0x10, 0x40, 0x14, 0x40, 0x14, 0x9E, 0x5B, 0xE0, 0x50, 0x80, 0x54, 0xF0, 0x93, 0x20, 0x11, 0x3C, 0x13, 0xE0, 0x1A, 0x28, 0x25, 0x24, 0x25, 0x24, 0x22, 0xA2, 0x44, 0x62, 0x80, 0x40 };
static const uint8_t bitmap_2026[] = { 0x30, 0x04, 0x13, 0x18, 0x15, 0xE0, 0x15, 0x00, 0x59, 0x60, 0x51, 0x20, 0x51, 0x20, 0x92, 0x3E, 0x13, 0xE0, 0x12, 0x20, 0x18, 0xA8, 0x24, 0xA4, 0x25, 0x24, 0x22, 0xA2, 0x4C, 0x62, 0x80, 0x40 };
static const uint8_t bitmap_2027[] = { 0x30, 0x88, 0x10, 0x48, 0x14, 0x50, 0x16, 0x3C, 0x59, 0xC0, 0x50, 0x00, 0x50, 0x00, 0x90, 0x00, 0x11, 0x3C, 0x10, 0xC0, 0x18, 0x00, 0x24, 0x00, 0x20, 0x00, 0x24, 0x3E, 0x43, 0xC0, 0x80, 0x00 };
static const uint8_t bitmap_2028[] = { 0x00, 0x0C, 0x87, 0x84, 0x78, 0x64, 0x08, 0x24, 0x17, 0xA4, 0x39, 0x24, 0x42, 0x24, 0xB2, 0x24, 0x0C, 0x04, 0x08, 0x14, 0x30, 0x0C, 0xC0, 0x08, 0x14, 0x88, 0x14, 0x44, 0x22, 0x22, 0xC2, 0x22 };
static const uint8_t bitmap_2029[] = { 0x31, 0xB0, 0x10, 0x90, 0x14, 0x90, 0x14, 0x90, 0x5A, 0xBC, 0x51, 0xD0, 0x50, 0x90, 0x90, 0x90, 0x10, 0x90, 0x14, 0xBE, 0x1B, 0xC0, 0x24, 0x10, 0x25, 0x08, 0x21, 0x08, 0x42, 0x04, 0x84, 0x04 };
static const uint8_t bitmap_2030[] = { 0x30, 0x40, 0x10, 0x40, 0x14, 0x5C, 0x14, 0xE8, 0x58, 0x88, 0x51, 0x50, 0x56, 0x20, 0x90, 0x58, 0x11, 0x84, 0x16, 0x3A, 0x19, 0xC8, 0x25, 0x08, 0x25, 0x08, 0x21, 0x38, 0x41, 0xC8, 0x81, 0x08 };
static const uint8_t bitmap_2031[] = { 0x30, 0xC0, 0x10, 0x40, 0x14, 0x40, 0x14, 0x7C, 0x5B, 0xC8, 0x52, 0x48, 0x52, 0x48, 0x92, 0x78, 0x13, 0xC8, 0x12, 0x50, 0x18, 0x48, 0x24, 0x48, 0x24, 0x5C, 0x20, 0xE4, 0x47, 0x02, 0x80, 0x02 };
static const uint8_t bitmap_2032[] = { 0x30, 0x00, 0x16, 0x3E, 0x13, 0xC2, 0x16, 0x22, 0x5A, 0x22, 0x53, 0x3A, 0x52, 0xE2, 0x92, 0x22, 0x12, 0x32, 0x12, 0x4A, 0x1A, 0x4A, 0x26, 0x82, 0x23, 0x02, 0x22, 0x3E, 0x43, 0xC2, 0x82, 0x02 };
static const uint8_t bitmap_2033[] = { 0x30, 0xC0, 0x10, 0x48, 0x14, 0x78, 0x17, 0xC8, 0x58, 0x50, 0x54, 0x7E, 0x53, 0xC0, 0x90, 0x9C, 0x10, 0xE0, 0x11, 0x80, 0x1A, 0xBE, 0x25, 0xC4, 0x25, 0x04, 0x20, 0x28, 0x40, 0x18, 0x80, 0x10 };
static const uint8_t bitmap_2034[] = { 0x30, 0x00, 0x12, 0x3C, 0x15, 0xC0, 0x54, 0x40, 0x57, 0x7C, 0x59, 0xC8, 0x91, 0x08, 0x91, 0x48, 0x11, 0x48, 0x11, 0x48, 0x29, 0x48, 0x25, 0x48, 0x24, 0x60, 0x40, 0x98, 0x81, 0x04, 0x06, 0x02 };
static const uint8_t bitmap_2035[] = { 0x31, 0x80, 0x10, 0x80, 0x16, 0xBC, 0x15, 0xC8, 0x58, 0x50, 0x50, 0x50, 0x50, 0x24, 0x90, 0xD4, 0x17, 0x0E, 0x10, 0x00, 0x1A, 0x7C, 0x25, 0xA0, 0x24, 0xA0, 0x20, 0xA4, 0x41, 0x24, 0x8E, 0x1E };
static const uint8_t bitmap_2036[] = { 0x40, 0x00, 0x24, 0x78, 0x93, 0xA0, 0x40, 0x40, 0x28, 0xBE, 0x13, 0xD4, 0x20, 0x94, 0x21, 0x24, 0xC6, 0x68, 0x21, 0x98, 0x29, 0x10, 0x09, 0x20, 0x31, 0xC0, 0x02, 0x30, 0x0C, 0x0C, 0xF0, 0x02 };
static const uint8_t bitmap_2037[] = { 0x30, 0xC0, 0x10, 0x40, 0x9E, 0x78, 0x71, 0xD0, 0x12, 0x50, 0x1D, 0x50, 0xF0, 0xD2, 0x10, 0xAA, 0x51, 0x2C, 0x32, 0x06, 0x2C, 0x02, 0x00, 0x10, 0x14, 0x88, 0x14, 0x44, 0x22, 0x22, 0xC2, 0x22 };
static const uint8_t bitmap_2038[] = { 0x03, 0x00, 0x81, 0xFE, 0x7E, 0x00, 0x09, 0xF0, 0x0E, 0x20, 0x09, 0xE0, 0x0E, 0x00, 0x21, 0xF8, 0x1E, 0x10, 0x01, 0x60, 0x02, 0x80, 0x01, 0x80, 0x01, 0x08, 0x14, 0x44, 0x22, 0x22, 0xC2, 0x22 };
static const uint8_t bitmap_2039[] = { 0x00, 0x00, 0x40, 0xFC, 0x3F, 0x00, 0x01, 0xF0, 0x09, 0x00, 0x89, 0xFE, 0x7F, 0x00, 0x08, 0xF0, 0x0F, 0x00, 0x10, 0xFE, 0x1F, 0x24, 0x11, 0x14, 0x08, 0x94, 0x24, 0xA8, 0x24, 0x18, 0xC0, 0x10 };
static const uint8_t bitmap_2040[] = { 0x30, 0x00, 0x13, 0x3C, 0x15, 0xC8, 0x15, 0x38, 0x59, 0xC8, 0x51, 0x38, 0x51, 0xC8, 0x91, 0x00, 0x14, 0x7C, 0x13, 0xC0, 0x18, 0x40, 0x24, 0x7E, 0x27, 0xC0, 0x20, 0x40, 0x40, 0x40, 0x80, 0x40 };
static const uint8_t bitmap_2041[] = { 0x30, 0x80, 0x10, 0xB8, 0x14, 0xD0, 0x15, 0x20, 0x59, 0x3C, 0x53, 0xC8, 0x56, 0x48, 0x92, 0x48, 0x12, 0x48, 0x16, 0x7E, 0x1B, 0xC0, 0x24, 0x60, 0x24, 0x90, 0x21, 0x08, 0x42, 0x04, 0x8C, 0x02 };
static const uint8_t bitmap_2042[] = { 0x18, 0x60, 0x08, 0x20, 0x8F, 0x3E, 0x78, 0xF0, 0x1C, 0x68, 0x2A, 0xA4, 0x29, 0x22, 0x4A, 0x20, 0x81, 0x00, 0x09, 0x0C, 0x09, 0x30, 0x12, 0xC0, 0x62, 0x20, 0x04, 0x18, 0x18, 0x04, 0xE0, 0x02 };
static const uint8_t bitmap_2043[] = { 0x04, 0x40, 0x04, 0x40, 0x08, 0xFC, 0x1F, 0x80, 0x30, 0x80, 0x50, 0xF8, 0x9F, 0x80, 0x10, 0x80, 0x10, 0xF8, 0x1F, 0x80, 0x10, 0x80, 0x10, 0xFC, 0x1F, 0x00, 0x14, 0x44, 0x22, 0x22, 0xC2, 0x22 };
static const uint8_t bitmap_2044[] = { 0x30, 0x40, 0x10, 0x40, 0x14, 0x9C, 0x14, 0xE8, 0x59, 0x08, 0x52, 0x10, 0x54, 0x20, 0x91, 0x5E, 0x11, 0xC4, 0x11, 0x04, 0x19, 0x1C, 0x25, 0xC4, 0x25, 0x04, 0x21, 0x1C, 0x41, 0xE4, 0x81, 0x04 };
static const uint8_t bitmap_2045[] = { 0x10, 0x68, 0x10, 0x24, 0x17, 0x24, 0x1A, 0x20, 0x32, 0x3E, 0x4B, 0xE0, 0xA4, 0x50, 0x14, 0x48, 0x08, 0x84, 0x11, 0x04, 0x26, 0x02, 0xC8, 0x02, 0x08, 0x88, 0x24, 0x44, 0x22, 0x22, 0xC2, 0x22 };
static const uint8_t bitmap_2046[] = { 0x30, 0x20, 0x10, 0x40, 0x15, 0x7C, 0x15, 0xC8, 0x59, 0x38, 0x51, 0xC8, 0x51, 0x38, 0x91, 0xC0, 0x12, 0x3C, 0x11, 0xC0, 0x1A, 0x78, 0x25, 0xC0, 0x24, 0x40, 0x24, 0x7E, 0x43, 0x80, 0x80, 0x00 };
static const uint8_t bitmap_2047[] = { 0x08, 0x20, 0x04, 0x40, 0x85, 0xFE, 0x7E, 0x00, 0x00, 0x0C, 0x6E, 0xC4, 0x32, 0x44, 0x2E, 0x44, 0x32, 0x44, 0x2E, 0x54, 0x32, 0x0C, 0x26, 0x08, 0x22, 0x00, 0x14, 0x44, 0x22, 0x22, 0xC2, 0x22 };
static const uint8_t bitmap_2048[] = { 0x10, 0x20, 0x10, 0x20, 0x17, 0x20, 0x3A, 0x4E, 0x24, 0xF4, 0x47, 0x44, 0xB9, 0x28, 0x47, 0x10, 0x39, 0x28, 0x47, 0x44, 0x39, 0x82, 0x00, 0x00, 0x24, 0x88, 0x22, 0x44, 0x42, 0x22, 0x82, 0x22 };
static const uint8_t bitmap_2049[] = { 0x31, 0x10, 0x15, 0x7C, 0x17, 0x90, 0x55, 0x70, 0x59, 0x90, 0x51, 0x10, 0x91, 0x70, 0x91, 0xD0, 0x11, 0x40, 0x14, 0x7E, 0x2B, 0xC0, 0x24, 0xE0, 0x25, 0x50, 0x42, 0x48, 0x84, 0x44, 0x18, 0x42 };
static const uint8_t bitmap_2050[] = { 0x00, 0x00, 0xDE, 0x1E, 0x65, 0xE2, 0x44, 0x44, 0x44, 0x54, 0x5C, 0x88, 0x65, 0x9E, 0x46, 0xE4, 0x44, 0x84, 0x5C, 0x9C, 0x64, 0xE4, 0x40, 0x00, 0x24, 0x88, 0x22, 0x44, 0x42, 0x22, 0x82, 0x22 };
static const uint8_t bitmap_2051[] = { 0x03, 0x00, 0x01, 0x10, 0x21, 0xF0, 0x1F, 0x20, 0x01, 0x40, 0x81, 0xFE, 0x7F, 0x00, 0x04, 0xF8, 0x0F, 0x10, 0x38, 0xF0, 0xCF, 0x10, 0x08, 0xF0, 0x0F, 0x10, 0x14, 0x44, 0x22, 0x22, 0xC2, 0x22 };
static const uint8_t bitmap_2052[] = { 0x30, 0x60, 0x10, 0x20, 0x14, 0x3E, 0x17, 0xC4, 0x5A, 0x04, 0x52, 0x3C, 0x53, 0xC4, 0x92, 0x00, 0x93, 0x32, 0x12, 0xEE, 0x1B, 0x32, 0x26, 0xAA, 0x22, 0x66, 0x24, 0xBA, 0x4B, 0x66, 0x80, 0x44 };
static const uint8_t bitmap_2053[] = { 0x30, 0x20, 0x10, 0x40, 0x17, 0x7C, 0x15, 0xC8, 0x59, 0x38, 0x51, 0xC8, 0x51, 0x38, 0x91, 0xC8, 0x11, 0x38, 0x11, 0xC8, 0x19, 0x00, 0x24, 0xA4, 0x22, 0x92, 0x22, 0x92, 0x42, 0x48, 0x8C, 0x3C };
static const uint8_t bitmap_2054[] = { 0x10, 0xC4, 0x12, 0x58, 0x27, 0x60, 0x39, 0x44, 0xE0, 0x44, 0x4F, 0x3E, 0x72, 0x00, 0x4E, 0xC4, 0x72, 0x58, 0x4E, 0x60, 0x72, 0x44, 0x46, 0x44, 0x44, 0x3E, 0x24, 0x88, 0x22, 0x44, 0xC2, 0x22 };
static const uint8_t bitmap_2055[] = { 0x00, 0x38, 0x01, 0xC0, 0x7F, 0x00, 0x81, 0xFE, 0x7F, 0x00, 0x21, 0xFC, 0x3F, 0x28, 0x29, 0x48, 0x25, 0xF8, 0x3F, 0x00, 0x41, 0xFC, 0x3F, 0x00, 0x81, 0xFE, 0x7E, 0x88, 0x24, 0x44, 0xC2, 0x22 };
static const uint8_t bitmap_2056[] = { 0x30, 0x60, 0x10, 0x20, 0x15, 0x3E, 0x55, 0xC4, 0x5D, 0x18, 0x52, 0xA8, 0x90, 0xA4, 0x91, 0x52, 0x12, 0x48, 0x10, 0x84, 0x19, 0x3A, 0x27, 0xCA, 0x25, 0x08, 0x25, 0x38, 0x41, 0xC8, 0x81, 0x08 };
static const uint8_t bitmap_2057[] = { 0xC7, 0x9C, 0x78, 0xE4, 0x48, 0x84, 0x4E, 0x84, 0x5A, 0x9C, 0x52, 0xE4, 0x56, 0x80, 0x58, 0x84, 0x48, 0x84, 0x4F, 0x84, 0x78, 0x7E, 0x40, 0x00, 0x28, 0x88, 0x24, 0x44, 0x42, 0x22, 0x82, 0x22 };
static const uint8_t bitmap_2058[] = { 0x30, 0xC0, 0x9E, 0x40, 0x70, 0x40, 0x4F, 0x5C, 0x74, 0xE8, 0x4D, 0x48, 0x74, 0xC8, 0x5C, 0x6A, 0x28, 0xAA, 0x9E, 0xA4, 0x71, 0x06, 0x12, 0x02, 0x20, 0x88, 0x14, 0x44, 0x22, 0x22, 0xC2, 0x22 };
static const uint8_t bitmap_2059[] = { 0x18, 0x10, 0x8F, 0x10, 0x78, 0x20, 0x4F, 0x2E, 0x38, 0x78, 0x8F, 0x48, 0x70, 0xA8, 0x17, 0x10, 0x1A, 0x18, 0x22, 0x24, 0x34, 0x44, 0x4D, 0x82, 0x88, 0x88, 0x24, 0x44, 0x22, 0x22, 0xC2, 0x22 };
static const uint8_t bitmap_2060[] = { 0x62, 0x34, 0x22, 0xD2, 0x23, 0x52, 0x2A, 0x7E, 0x6D, 0x50, 0x74, 0x90, 0xAA, 0x90, 0xB1, 0x28, 0x21, 0x24, 0x22, 0x44, 0x24, 0x42, 0x58, 0x82, 0x55, 0x24, 0x45, 0x24, 0x88, 0x92, 0x10, 0x92 };
static const uint8_t bitmap_2061[] = { 0x04, 0x40, 0x04, 0x40, 0x85, 0xFE, 0x7E, 0x40, 0x15, 0xF4, 0x16, 0x54, 0xF0, 0x14, 0x15, 0xD8, 0x16, 0x50, 0x35, 0xD4, 0xD6, 0x54, 0x14, 0x0E, 0x08, 0x90, 0x24, 0x48, 0x22, 0x24, 0xC2, 0x22 };
static const uint8_t bitmap_2062[] = { 0x30, 0x00, 0x11, 0xBC, 0x14, 0xC8, 0x54, 0x98, 0x58, 0xE8, 0x50, 0x16, 0x96, 0xDA, 0x93, 0x56, 0x12, 0xDA, 0x13, 0x60, 0x14, 0x3E, 0x2B, 0xE0, 0x24, 0x70, 0x24, 0xA8, 0x41, 0x24, 0x86, 0x22 };
static const uint8_t bitmap_2063[] = { 0x30, 0x00, 0x13, 0x3C, 0x15, 0xC8, 0x55, 0x38, 0x55, 0xC8, 0x59, 0x38, 0x91, 0xD0, 0x94, 0xBC, 0x13, 0xD0, 0x10, 0xBE, 0x2F, 0xE8, 0x29, 0x34, 0x26, 0xE2, 0x44, 0xB8, 0x83, 0x64, 0x00, 0x40 };
static const uint8_t bitmap_2064[] = { 0x00, 0x18, 0x00, 0xE0, 0x37, 0x20, 0x18, 0x20, 0x13, 0x10, 0x11, 0x10, 0x11, 0x10, 0x11, 0x08, 0x11, 0x08, 0x11, 0x08, 0x21, 0x04, 0x21, 0x04, 0x21, 0x04, 0x41, 0x02, 0x81, 0x02, 0x01, 0x02 };
static const uint8_t bitmap_2065[] = { 0x06, 0x00, 0xCD, 0x9C, 0x74, 0xE8, 0x44, 0xA8, 0x54, 0xA8, 0x54, 0xB8, 0x54, 0xE8, 0x54, 0x80, 0x52, 0x84, 0x52, 0x84, 0x51, 0x44, 0x51, 0x3E, 0x50, 0x80, 0x90, 0x40, 0x90, 0x30, 0x10, 0x0E };
static const uint8_t bitmap_2066[] = { 0x00, 0x38, 0x01, 0xC8, 0x3F, 0x10, 0x08, 0xA4, 0x45, 0xFE, 0x7E, 0x04, 0x42, 0x08, 0xA3, 0xF0, 0x1E, 0x00, 0x05, 0xF0, 0x06, 0x20, 0x09, 0x40, 0x30, 0xC0, 0x03, 0x30, 0x1C, 0x0C, 0xE0, 0x02 };
static const uint8_t bitmap_2067[] = { 0x00, 0x38, 0x03, 0xC8, 0x7C, 0x90, 0xC5, 0xFE, 0x7E, 0x44, 0x45, 0xFC, 0x7E, 0x04, 0x26, 0x18, 0x3B, 0x0E, 0x26, 0xF8, 0x3A, 0x88, 0x26, 0x48, 0x3C, 0x48, 0x22, 0x28, 0x3F, 0x18, 0xE1, 0x10 };
static const uint8_t bitmap_2068[] = { 0x02, 0x00, 0x02, 0xC0, 0x04, 0x30, 0x04, 0x08, 0x08, 0x14, 0x14, 0x12, 0x22, 0x22, 0x41, 0x20, 0x80, 0xC0, 0x00, 0x40, 0x00, 0xA0, 0x01, 0x10, 0x02, 0x08, 0x0C, 0x04, 0x30, 0x02, 0xC0, 0x02 };
static const uint8_t bitmap_2069[] = { 0x04, 0x40, 0x04, 0x30, 0x08, 0x2C, 0x16, 0x42, 0xE1, 0xC0, 0x02, 0x30, 0x0C, 0x0C, 0x30, 0x02, 0xC0, 0xFC, 0x3F, 0x08, 0x01, 0x08, 0x01, 0x08, 0x01, 0x28, 0x01, 0x18, 0x01, 0x10, 0x01, 0x00 };
static const uint8_t bitmap_2070[] = { 0x04, 0x40, 0x04, 0x30, 0x08, 0x2C, 0x16, 0x42, 0xE1, 0xC0, 0x02, 0x30, 0x0C, 0x0C, 0x31, 0xFA, 0xDF, 0x10, 0x11, 0x10, 0x11, 0xF0, 0x1F, 0x10, 0x10, 0x04, 0x10, 0x04, 0x08, 0x04, 0x07, 0xFE };
static const uint8_t bitmap_2071[] = { 0x04, 0x30, 0x08, 0x2C, 0x16, 0x42, 0xE1, 0xC0, 0x06, 0x38, 0x1C, 0x06, 0xE9, 0xE0, 0x0E, 0x40, 0x34, 0xA0, 0xC3, 0x3E, 0x0C, 0xC4, 0xF3, 0x08, 0x0C, 0xD0, 0x00, 0x60, 0x01, 0x80, 0x3E, 0x00 };
static const uint8_t bitmap_2072[] = { 0x03, 0x00, 0x01, 0x00, 0x81, 0xFE, 0x7F, 0x08, 0x09, 0x68, 0x69, 0x10, 0x11, 0x28, 0x29, 0x44, 0x45, 0x28, 0x2A, 0x90, 0x12, 0x68, 0x2C, 0x20, 0x44, 0x10, 0x08, 0x08, 0x30, 0x04, 0xC0, 0x02 };
static const uint8_t bitmap_2073[] = { 0x01, 0x80, 0x30, 0x80, 0x10, 0x80, 0x10, 0x80, 0x10, 0xFE, 0x1F, 0x80, 0x10, 0x00, 0x10, 0x00, 0x11, 0xE0, 0x1E, 0x40, 0x10, 0x40, 0x20, 0x40, 0x20, 0x40, 0x40, 0x40, 0x80, 0x40, 0x00, 0x40 };
static const uint8_t bitmap_2074[] = { 0xD8, 0x0C, 0x4B, 0x30, 0x49, 0xC0, 0x49, 0x00, 0x5D, 0x00, 0x61, 0x3C, 0x41, 0xC8, 0x5D, 0x48, 0x69, 0x28, 0x49, 0x10, 0x49, 0x10, 0x4A, 0x28, 0x4A, 0x24, 0x8C, 0x44, 0x88, 0x82, 0x0B, 0x02 };
static const uint8_t bitmap_2075[] = { 0xD8, 0x40, 0x4B, 0x5E, 0x49, 0xE4, 0x49, 0x3C, 0x5D, 0xE4, 0x61, 0x24, 0x41, 0x3C, 0x5D, 0xE4, 0x69, 0x50, 0x48, 0x50, 0x4C, 0x9E, 0x4B, 0xF0, 0x48, 0x10, 0x88, 0x10, 0x88, 0x10, 0x08, 0x10 };
static const uint8_t bitmap_2076[] = { 0x00, 0x00, 0x40, 0xFC, 0x3F, 0x40, 0x08, 0x40, 0x08, 0x40, 0x10, 0x40, 0x11, 0xFE, 0x3E, 0xC0, 0x21, 0x40, 0x02, 0x40, 0x04, 0x40, 0x08, 0x40, 0x30, 0x40, 0xC1, 0x40, 0x00, 0xC0, 0x00, 0x80 };
static const uint8_t bitmap_2077[] = { 0x03, 0x00, 0x11, 0x00, 0x11, 0x00, 0x11, 0xFC, 0x1F, 0x00, 0x21, 0x00, 0x21, 0x00, 0x41, 0x00, 0x81, 0xFE, 0x7F, 0x00, 0x01, 0x00, 0x01, 0x00, 0x01, 0x00, 0x01, 0x00, 0x01, 0x00, 0x01, 0x00 };
static const uint8_t bitmap_2078[] = { 0x18, 0x60, 0x08, 0x20, 0x68, 0x20, 0x2E, 0x20, 0x38, 0x20, 0x4A, 0x3C, 0x49, 0xE0, 0x8A, 0x20, 0x0C, 0x20, 0x38, 0x20, 0xC8, 0x20, 0x08, 0x20, 0x08, 0x20, 0x0C, 0x3E, 0x0B, 0xC0, 0x08, 0x00 };
static const uint8_t bitmap_2079[] = { 0x03, 0x00, 0x01, 0x00, 0x41, 0xFE, 0x7E, 0x04, 0x43, 0x08, 0x99, 0x00, 0x09, 0xF8, 0x1F, 0x00, 0x21, 0x00, 0xC1, 0xFE, 0x7F, 0x00, 0x01, 0x00, 0x01, 0x00, 0x01, 0x00, 0x01, 0x00, 0x01, 0x00 };
static const uint8_t bitmap_2080[] = { 0x18, 0x80, 0x68, 0x80, 0x28, 0x80, 0x2E, 0x9E, 0x38, 0xE8, 0x49, 0x08, 0x49, 0x88, 0x8E, 0x50, 0x08, 0x50, 0x38, 0x20, 0xC8, 0x30, 0x08, 0x48, 0x08, 0x48, 0x08, 0x84, 0x09, 0x02, 0x0A, 0x02 };
static const uint8_t bitmap_2081[] = { 0x31, 0x00, 0xD1, 0x00, 0x51, 0x00, 0x5D, 0x3E, 0x73, 0xD2, 0x92, 0x92, 0x94, 0x92, 0x14, 0x92, 0x39, 0x12, 0xD1, 0x22, 0x12, 0x24, 0x1C, 0x44, 0x10, 0x84, 0x11, 0x28, 0x16, 0x18, 0x10, 0x10 };
static const uint8_t bitmap_2082[] = { 0x30, 0x60, 0xD3, 0x20, 0x51, 0x20, 0x5D, 0x20, 0x71, 0x3C, 0x93, 0xE0, 0x94, 0x20, 0x14, 0x20, 0x1A, 0x3C, 0x31, 0xE0, 0xD0, 0x20, 0x10, 0x20, 0x10, 0x20, 0x14, 0x3E, 0x13, 0xC0, 0x10, 0x00 };
static const uint8_t bitmap_2083[] = { 0x03, 0x00, 0x01, 0x00, 0x41, 0xFC, 0x3E, 0x40, 0x04, 0x20, 0x49, 0xFE, 0x7F, 0x04, 0x51, 0x08, 0x91, 0xFC, 0x3F, 0x00, 0x41, 0x00, 0x81, 0xFE, 0x7F, 0x00, 0x01, 0x00, 0x01, 0x00, 0x01, 0x00 };
static const uint8_t bitmap_2084[] = { 0x30, 0xC0, 0x10, 0x40, 0xD2, 0x7C, 0x5D, 0xC0, 0x70, 0x40, 0x54, 0x7E, 0x93, 0x90, 0x14, 0x10, 0x1C, 0x7E, 0x33, 0x90, 0xD1, 0x10, 0x10, 0x90, 0x10, 0x90, 0x10, 0x50, 0x10, 0x30, 0x10, 0x20 };
static const uint8_t bitmap_2085[] = { 0x30, 0x00, 0x14, 0x3E, 0xD3, 0xE0, 0x50, 0xA0, 0x5C, 0xA0, 0x72, 0xBE, 0x93, 0xE4, 0x96, 0xA4, 0x1A, 0xA4, 0x32, 0xA4, 0xD2, 0x9C, 0x13, 0x04, 0x12, 0x04, 0x12, 0x3C, 0x13, 0xC4, 0x12, 0x04 };
static const uint8_t bitmap_2086[] = { 0x00, 0x00, 0x60, 0xFE, 0x3F, 0x04, 0x20, 0xFC, 0x3F, 0x08, 0x28, 0x90, 0x24, 0xB0, 0x22, 0x88, 0x3C, 0x04, 0x25, 0x80, 0x24, 0xF8, 0x2F, 0x80, 0x50, 0xFE, 0x4F, 0x80, 0x80, 0x80, 0x00, 0x80 };
static const uint8_t bitmap_2087[] = { 0x06, 0x0C, 0x18, 0x64, 0x68, 0x24, 0x8F, 0xA4, 0x78, 0x24, 0x1C, 0x04, 0x2A, 0x14, 0xC9, 0x0C, 0x31, 0xF8, 0x1F, 0x00, 0x11, 0x00, 0xA1, 0xFE, 0x7F, 0x00, 0x01, 0x00, 0x01, 0x00, 0x01, 0x00 };
static const uint8_t bitmap_2088[] = { 0x03, 0x30, 0x01, 0x08, 0x01, 0x08, 0x01, 0x00, 0x81, 0xFE, 0x7F, 0x00, 0x01, 0x80, 0x01, 0x40, 0x02, 0x20, 0x02, 0x20, 0x04, 0x10, 0x04, 0x08, 0x08, 0x04, 0x10, 0x04, 0x20, 0x02, 0xC0, 0x02 };
static const uint8_t bitmap_2089[] = { 0x08, 0x00, 0x8B, 0x3C, 0x51, 0xC8, 0x21, 0x08, 0x51, 0x08, 0x91, 0x08, 0x11, 0x28, 0x29, 0x18, 0x29, 0x10, 0x49, 0x00, 0x89, 0x00, 0x09, 0x00, 0x09, 0x04, 0x51, 0x04, 0x30, 0x84, 0x20, 0x7E };
static const uint8_t bitmap_2090[] = { 0x30, 0xD0, 0x10, 0x48, 0x10, 0x44, 0x90, 0x44, 0x58, 0x7E, 0x57, 0xC0, 0x10, 0x40, 0x30, 0x40, 0x50, 0x60, 0x90, 0x90, 0x10, 0x90, 0x10, 0x88, 0x11, 0x04, 0x11, 0x04, 0x12, 0x02, 0x1C, 0x02 };
static const uint8_t bitmap_2091[] = { 0x08, 0xD0, 0x88, 0x48, 0x50, 0x48, 0x20, 0x40, 0x68, 0x7E, 0xA7, 0xC0, 0x10, 0x70, 0x30, 0xA0, 0x50, 0xA0, 0x50, 0xA0, 0x91, 0x20, 0x11, 0x20, 0x12, 0x24, 0xA2, 0x24, 0x64, 0x24, 0x58, 0x1E };
static const uint8_t bitmap_2092[] = { 0x08, 0x00, 0x8A, 0x1E, 0x51, 0xE0, 0x20, 0x20, 0x60, 0x20, 0x90, 0x20, 0x10, 0x20, 0x2A, 0x3C, 0x29, 0xE0, 0x48, 0x20, 0x88, 0x20, 0x08, 0x20, 0x08, 0x20, 0x54, 0x3E, 0x33, 0xC0, 0x20, 0x00 };
static const uint8_t bitmap_2093[] = { 0x08, 0x00, 0x8B, 0x3C, 0x51, 0xC8, 0x21, 0x08, 0x31, 0x48, 0x51, 0x48, 0x91, 0x48, 0x29, 0x48, 0x29, 0x48, 0x49, 0x48, 0x89, 0x48, 0x09, 0x60, 0x08, 0x50, 0x50, 0x88, 0x31, 0x04, 0x26, 0x02 };
static const uint8_t bitmap_2094[] = { 0x08, 0x0C, 0x8E, 0x30, 0x53, 0xD0, 0x22, 0x10, 0x62, 0x50, 0xA2, 0x48, 0x12, 0x48, 0x32, 0x48, 0x52, 0x48, 0x52, 0x44, 0x92, 0x64, 0x12, 0x54, 0x14, 0x54, 0xA4, 0x7A, 0x6B, 0x8A, 0x50, 0x02 };
static const uint8_t bitmap_2095[] = { 0x08, 0x80, 0x88, 0x80, 0x50, 0x80, 0x21, 0x3E, 0x51, 0xC4, 0x92, 0x04, 0x15, 0x74, 0x29, 0xA4, 0x29, 0x24, 0x49, 0x64, 0x89, 0xA4, 0x09, 0x08, 0x08, 0x08, 0x50, 0x50, 0x30, 0x30, 0x20, 0x20 };
static const uint8_t bitmap_2096[] = { 0x08, 0xC0, 0x88, 0x40, 0x50, 0x40, 0x22, 0x7E, 0x53, 0xC4, 0x94, 0x08, 0x10, 0x00, 0x2C, 0x7E, 0x2B, 0xC0, 0x48, 0x40, 0x88, 0x40, 0x08, 0x40, 0x08, 0x40, 0x51, 0x40, 0x30, 0xC0, 0x20, 0x80 };
static const uint8_t bitmap_2097[] = { 0x08, 0x00, 0x8E, 0x78, 0x53, 0x90, 0x22, 0x70, 0x63, 0x90, 0xA2, 0x10, 0x12, 0x70, 0x33, 0x94, 0x52, 0x44, 0x52, 0x28, 0x92, 0x10, 0x12, 0x10, 0x12, 0x28, 0xA2, 0xC4, 0x63, 0x02, 0x4E, 0x02 };
static const uint8_t bitmap_2098[] = { 0x08, 0xC0, 0x88, 0x40, 0x50, 0x40, 0x28, 0x7E, 0x67, 0x80, 0xA1, 0x10, 0x11, 0x08, 0x32, 0x94, 0x52, 0x50, 0x54, 0x20, 0x90, 0x50, 0x10, 0x48, 0x10, 0x88, 0xA1, 0x04, 0x62, 0x02, 0x4C, 0x02 };
static const uint8_t bitmap_2099[] = { 0x10, 0xC0, 0x90, 0x40, 0x60, 0x40, 0x26, 0x7C, 0x53, 0xC8, 0x92, 0x48, 0x12, 0x48, 0x2A, 0x78, 0x2B, 0xC8, 0x4A, 0x50, 0x88, 0x48, 0x08, 0x48, 0x08, 0x5C, 0x50, 0xE4, 0x37, 0x02, 0x20, 0x02 };
static const uint8_t bitmap_2100[] = { 0x08, 0xC0, 0x88, 0x40, 0x52, 0x7C, 0x21, 0xC0, 0x52, 0x48, 0x92, 0x48, 0x11, 0x50, 0x29, 0x50, 0x2D, 0x7E, 0x4B, 0xE0, 0x88, 0x90, 0x08, 0x88, 0x09, 0x08, 0x51, 0x04, 0x32, 0x02, 0x2C, 0x02 };
static const uint8_t bitmap_2101[] = { 0x0B, 0x00, 0x89, 0x1E, 0x51, 0xF0, 0x2D, 0x10, 0x65, 0x5E, 0xA5, 0x74, 0x15, 0x54, 0x35, 0x54, 0x55, 0x54, 0x55, 0x54, 0x95, 0x54, 0x11, 0x54, 0x12, 0x5C, 0xA2, 0x54, 0x64, 0x10, 0x48, 0x10 };
static const uint8_t bitmap_2102[] = { 0x08, 0x80, 0x88, 0xB8, 0x50, 0xD0, 0x21, 0x20, 0x66, 0x7C, 0xA3, 0xC8, 0x18, 0x7E, 0x37, 0xC8, 0x50, 0x48, 0x54, 0x78, 0x93, 0xC8, 0x10, 0x40, 0x10, 0x40, 0xA1, 0x40, 0x60, 0xC0, 0x40, 0x80 };
static const uint8_t bitmap_2103[] = { 0x10, 0x34, 0x92, 0x14, 0x61, 0x12, 0x21, 0x12, 0x50, 0x5E, 0x90, 0x30, 0x15, 0x90, 0x2B, 0x10, 0x29, 0x10, 0x49, 0x18, 0x89, 0x14, 0x09, 0x64, 0x09, 0xA4, 0x53, 0x22, 0x30, 0x42, 0x20, 0x82 };
static const uint8_t bitmap_2104[] = { 0x08, 0x00, 0x96, 0x3C, 0x53, 0xC8, 0x22, 0x48, 0x62, 0x78, 0x93, 0xC8, 0x12, 0x48, 0x2A, 0x78, 0x2B, 0xC0, 0x48, 0x40, 0x8C, 0x7C, 0x0B, 0xC0, 0x08, 0x40, 0x58, 0x7E, 0x37, 0x80, 0x20, 0x00 };
static const uint8_t bitmap_2105[] = { 0x08, 0x60, 0x88, 0x20, 0x53, 0x3C, 0x21, 0xC8, 0x51, 0x38, 0x91, 0xC8, 0x11, 0x08, 0x29, 0x38, 0x29, 0xC4, 0x49, 0x24, 0x89, 0x18, 0x09, 0x10, 0x09, 0x08, 0x51, 0x64, 0x31, 0x82, 0x26, 0x02 };
static const uint8_t bitmap_2106[] = { 0x09, 0xB0, 0x88, 0x90, 0x52, 0xBC, 0x21, 0xD0, 0x20, 0x90, 0x50, 0x90, 0x94, 0xBE, 0x2B, 0xC0, 0x29, 0x3C, 0x49, 0xC8, 0x89, 0x38, 0x09, 0xC8, 0x09, 0x08, 0x51, 0x38, 0x31, 0xC8, 0x21, 0x08 };
static const uint8_t bitmap_2107[] = { 0x04, 0x00, 0x8B, 0x3C, 0x49, 0xC8, 0x31, 0x38, 0x21, 0xC8, 0x51, 0x38, 0x91, 0xC8, 0x28, 0x00, 0x2A, 0x3E, 0x4B, 0xC4, 0x8A, 0x3C, 0x0B, 0xC4, 0x0A, 0x04, 0x52, 0x3C, 0x33, 0xC4, 0x22, 0x04 };
static const uint8_t bitmap_2108[] = { 0x08, 0x00, 0x8A, 0x3C, 0x51, 0xD0, 0x20, 0xA0, 0x28, 0x7E, 0x57, 0xA0, 0x90, 0xA0, 0x28, 0x60, 0x28, 0x40, 0x4A, 0x3C, 0x8B, 0xE8, 0x0A, 0xA8, 0x0A, 0xA8, 0x5A, 0xBE, 0x37, 0xC0, 0x20, 0x00 };
static const uint8_t bitmap_2109[] = { 0x08, 0xC0, 0x88, 0x40, 0x54, 0x7C, 0x23, 0xC0, 0x64, 0x78, 0xA3, 0xC0, 0x18, 0x7E, 0x37, 0x80, 0x52, 0x78, 0x53, 0x88, 0x92, 0x78, 0x13, 0x88, 0x12, 0x78, 0xA3, 0xA8, 0x62, 0x18, 0x42, 0x10 };
static const uint8_t bitmap_2110[] = { 0x08, 0x00, 0x8A, 0x7C, 0x53, 0x88, 0x22, 0x78, 0x63, 0x88, 0xA2, 0x78, 0x13, 0x88, 0x30, 0x40, 0x52, 0x7C, 0x53, 0xC0, 0x94, 0x78, 0x1B, 0xC0, 0x10, 0x40, 0xA8, 0x7E, 0x67, 0x80, 0x40, 0x00 };
static const uint8_t bitmap_2111[] = { 0x08, 0xC4, 0x88, 0x44, 0x52, 0x78, 0x21, 0xC8, 0x20, 0x50, 0x54, 0x7E, 0x93, 0xA0, 0x28, 0x40, 0x28, 0xBC, 0x49, 0xC8, 0x8A, 0xB8, 0x0C, 0xC8, 0x08, 0x88, 0x50, 0xB8, 0x30, 0xC8, 0x20, 0x88 };
static const uint8_t bitmap_2112[] = { 0x10, 0x90, 0x90, 0x90, 0x58, 0xBE, 0x27, 0xD0, 0x20, 0x90, 0x50, 0x80, 0x96, 0x7E, 0x2B, 0xC4, 0x2A, 0x44, 0x4A, 0x7C, 0x8B, 0xC4, 0x0A, 0x44, 0x0A, 0x44, 0x52, 0x7C, 0x33, 0xC4, 0x22, 0x04 };
static const uint8_t bitmap_2113[] = { 0x10, 0x00, 0x96, 0x3E, 0x53, 0xE2, 0x22, 0x3E, 0x23, 0xE2, 0x52, 0x3E, 0x93, 0xC0, 0x29, 0x3C, 0x29, 0xC4, 0x49, 0x3C, 0x89, 0xC4, 0x09, 0x3C, 0x09, 0xC4, 0x51, 0x14, 0x31, 0x0C, 0x21, 0x08 };
static const uint8_t bitmap_2114[] = { 0x30, 0x68, 0x10, 0x24, 0x9F, 0x24, 0x70, 0x20, 0x11, 0x3E, 0x9E, 0xE0, 0xFA, 0x20, 0xAA, 0x20, 0xAA, 0x30, 0xDE, 0x28, 0xB2, 0x48, 0x92, 0x44, 0xDE, 0x44, 0xB2, 0x84, 0x96, 0x82, 0x95, 0x02 };
static const uint8_t bitmap_2115[] = { 0x0A, 0x00, 0x8A, 0xB8, 0x52, 0x50, 0x22, 0x10, 0x65, 0x3E, 0xA4, 0xC0, 0x1C, 0x9C, 0x34, 0xE0, 0x55, 0x20, 0x56, 0x3E, 0x95, 0xE0, 0x14, 0x30, 0x14, 0x48, 0xA4, 0x44, 0x64, 0x82, 0x47, 0x02 };
static const uint8_t bitmap_2116[] = { 0x08, 0x00, 0x8B, 0x78, 0x51, 0x88, 0x21, 0x68, 0x61, 0xA8, 0xA5, 0x7E, 0x17, 0xC4, 0x35, 0x38, 0x59, 0xC8, 0x51, 0x38, 0x91, 0xC8, 0x11, 0x38, 0x11, 0xC8, 0xA1, 0x28, 0x61, 0x18, 0x41, 0x10 };
static const uint8_t bitmap_2117[] = { 0x08, 0x60, 0x8A, 0x3C, 0x51, 0xE0, 0x20, 0x20, 0x24, 0x3E, 0x53, 0xC0, 0x91, 0x3C, 0x29, 0xC8, 0x29, 0x08, 0x49, 0x38, 0x89, 0xE4, 0x08, 0x54, 0x09, 0x88, 0x56, 0xB4, 0x30, 0xC2, 0x23, 0x82 };
static const uint8_t bitmap_2118[] = { 0x03, 0x00, 0x01, 0x00, 0x01, 0x00, 0x81, 0xFE, 0x7F, 0x00, 0x02, 0x20, 0x04, 0x20, 0x04, 0x40, 0x0B, 0xC0, 0x1C, 0x80, 0x01, 0x20, 0x01, 0x10, 0x02, 0x08, 0x04, 0xF8, 0x0F, 0x04, 0x70, 0x04 };
static const uint8_t bitmap_2119[] = { 0x03, 0x00, 0x01, 0x00, 0x41, 0xFC, 0x3E, 0x44, 0x42, 0x48, 0x24, 0x90, 0x17, 0x20, 0x0A, 0x58, 0x34, 0xC4, 0xCF, 0x22, 0x01, 0x20, 0x81, 0xFE, 0x7F, 0x00, 0x01, 0x00, 0x01, 0x00, 0x01, 0x00 };
static const uint8_t bitmap_2120[] = { 0x00, 0x00, 0x40, 0xFC, 0x3F, 0x00, 0x01, 0x00, 0x01, 0x00, 0x01, 0x00, 0x21, 0xF8, 0x1F, 0x00, 0x01, 0x20, 0x01, 0x10, 0x01, 0x08, 0x01, 0x08, 0x01, 0x00, 0x81, 0xFE, 0x7E, 0x00, 0x00, 0x00 };
static const uint8_t bitmap_2121[] = { 0x00, 0x00, 0x40, 0xFC, 0x3F, 0x00, 0x01, 0x00, 0x01, 0x00, 0x01, 0x00, 0x01, 0x00, 0x21, 0xF8, 0x1F, 0x00, 0x01, 0x00, 0x01, 0x00, 0x01, 0x00, 0x01, 0x00, 0x81, 0xFE, 0x7E, 0x00, 0x00, 0x00 };
static const uint8_t bitmap_2122[] = { 0x00, 0x80, 0x00, 0x80, 0x8E, 0x9C, 0x70, 0xE8, 0x10, 0x88, 0x11, 0x08, 0x9D, 0x10, 0x72, 0x10, 0x10, 0x10, 0x12, 0x28, 0x1C, 0x28, 0x10, 0x44, 0xE0, 0x84, 0x01, 0x02, 0x02, 0x02, 0x0C, 0x02 };
static const uint8_t bitmap_2123[] = { 0x00, 0x00, 0x02, 0x3C, 0x8D, 0xC8, 0x70, 0x08, 0x10, 0x90, 0x10, 0x90, 0x9C, 0x90, 0x71, 0x3E, 0x11, 0xC4, 0x11, 0x04, 0x14, 0x34, 0x1B, 0xC4, 0x30, 0x04, 0xC0, 0x28, 0x00, 0x18, 0x00, 0x10 };
static const uint8_t bitmap_2124[] = { 0x00, 0x00, 0x8C, 0x00, 0x71, 0x3C, 0x10, 0xC0, 0x10, 0x00, 0x9C, 0x00, 0x72, 0x3E, 0x11, 0xD0, 0x10, 0x90, 0x14, 0x90, 0x18, 0x90, 0x21, 0x10, 0xC1, 0x14, 0x02, 0x14, 0x04, 0x14, 0x18, 0x0E };
static const uint8_t bitmap_2125[] = { 0x00, 0x80, 0x00, 0x80, 0x8E, 0x80, 0x70, 0x9E, 0x11, 0xE8, 0x11, 0x08, 0x9E, 0x88, 0x70, 0x50, 0x10, 0x30, 0x12, 0x10, 0x14, 0x28, 0x18, 0x28, 0x30, 0x44, 0xC0, 0x84, 0x01, 0x02, 0x06, 0x02 };
static const uint8_t bitmap_2126[] = { 0x00, 0x00, 0x02, 0x3E, 0x8D, 0xE0, 0x70, 0x20, 0x10, 0x40, 0x10, 0x70, 0x9C, 0x88, 0x70, 0xC4, 0x11, 0x42, 0x12, 0x42, 0x1C, 0x40, 0x30, 0x40, 0xC0, 0x40, 0x00, 0x40, 0x00, 0x40, 0x00, 0x40 };
static const uint8_t bitmap_2127[] = { 0x00, 0x00, 0x01, 0x3C, 0x8F, 0xC8, 0x71, 0x08, 0x11, 0x48, 0x11, 0x48, 0x9D, 0x48, 0x71, 0x48, 0x11, 0x48, 0x13, 0x48, 0x14, 0x60, 0x18, 0xA0, 0x30, 0xA4, 0xC1, 0x24, 0x02, 0x24, 0x0C, 0x1E };
static const uint8_t bitmap_2128[] = { 0x00, 0x40, 0x8C, 0x60, 0x70, 0x90, 0x10, 0x88, 0x11, 0x44, 0x12, 0x24, 0x9C, 0x22, 0x72, 0x3C, 0x11, 0xC8, 0x10, 0x08, 0x14, 0x10, 0x19, 0x10, 0x30, 0xA0, 0xC0, 0x40, 0x00, 0x20, 0x00, 0x20 };
static const uint8_t bitmap_2129[] = { 0x00, 0x60, 0x8E, 0x20, 0x70, 0x20, 0x10, 0x2E, 0x10, 0x30, 0x10, 0x20, 0x9E, 0x20, 0x70, 0x20, 0x11, 0x3C, 0x13, 0xC4, 0x15, 0x04, 0x19, 0x04, 0x31, 0x04, 0xC1, 0x3C, 0x01, 0xC4, 0x01, 0x04 };
static const uint8_t bitmap_2130[] = { 0x00, 0x60, 0x8C, 0x20, 0x70, 0x20, 0x13, 0x3E, 0x11, 0xE4, 0x9D, 0x28, 0x71, 0x20, 0x11, 0x3C, 0x11, 0xC8, 0x15, 0x48, 0x1A, 0x50, 0x22, 0x30, 0xC4, 0x28, 0x08, 0x44, 0x11, 0x84, 0x06, 0x02 };
static const uint8_t bitmap_2131[] = { 0x00, 0x00, 0x05, 0xEC, 0x9A, 0xB4, 0x62, 0xA4, 0x22, 0xA4, 0x22, 0xA4, 0xBA, 0xBE, 0x67, 0xE4, 0x22, 0xA4, 0x22, 0xA4, 0x3A, 0xA4, 0x22, 0xA4, 0xC2, 0xA4, 0x04, 0xB4, 0x05, 0xAC, 0x09, 0x48 };
static const uint8_t bitmap_2132[] = { 0x00, 0x40, 0x00, 0x60, 0x9C, 0x90, 0x70, 0x88, 0x11, 0x24, 0x12, 0x22, 0x9C, 0x48, 0x70, 0x88, 0x13, 0x10, 0x10, 0x22, 0x1C, 0xC2, 0x33, 0x04, 0xC0, 0x08, 0x00, 0x10, 0x00, 0x60, 0x03, 0x80 };
static const uint8_t bitmap_2133[] = { 0x00, 0xC0, 0x03, 0x40, 0x8D, 0x40, 0x72, 0x7C, 0x13, 0xC0, 0x14, 0x40, 0x9C, 0x40, 0x70, 0x7E, 0x17, 0xC0, 0x10, 0xE0, 0x1D, 0x50, 0x31, 0x48, 0xC2, 0x44, 0x04, 0x42, 0x18, 0x42, 0x00, 0x40 };
static const uint8_t bitmap_2134[] = { 0x01, 0x80, 0x98, 0xCE, 0x60, 0xB8, 0x22, 0x88, 0x22, 0x88, 0x22, 0x88, 0xBA, 0xCE, 0x62, 0xB8, 0x24, 0x88, 0x24, 0x88, 0x20, 0x88, 0x39, 0x08, 0x21, 0x08, 0xC1, 0x4E, 0x02, 0x30, 0x04, 0x00 };
static const uint8_t bitmap_2135[] = { 0x00, 0x68, 0x00, 0x24, 0x8C, 0x24, 0x72, 0x3E, 0x11, 0xE0, 0x12, 0x24, 0x9D, 0x24, 0x70, 0xB8, 0x10, 0xA8, 0x10, 0x68, 0x14, 0xA4, 0x19, 0x24, 0x32, 0x22, 0xCC, 0xA2, 0x00, 0x60, 0x00, 0x40 };
static const uint8_t bitmap_2136[] = { 0x00, 0xC0, 0x00, 0x40, 0x8F, 0x7C, 0x71, 0xC8, 0x11, 0x38, 0x11, 0xC8, 0x9D, 0x08, 0x71, 0x38, 0x11, 0xC4, 0x15, 0x44, 0x19, 0x28, 0x21, 0x10, 0xC1, 0x28, 0x01, 0x44, 0x01, 0x84, 0x06, 0x02 };
static const uint8_t bitmap_2137[] = { 0x00, 0x00, 0x8E, 0x3C, 0x73, 0xC8, 0x12, 0x48, 0x12, 0x78, 0x13, 0xC8, 0x9E, 0x48, 0x72, 0x78, 0x13, 0xC8, 0x12, 0x40, 0x1C, 0x7C, 0x33, 0xC0, 0xC0, 0x40, 0x08, 0x7E, 0x07, 0x80, 0x00, 0x00 };
static const uint8_t bitmap_2138[] = { 0x00, 0xC0, 0x00, 0x40, 0x9C, 0x7C, 0x73, 0xD0, 0x10, 0x88, 0x10, 0x98, 0x9D, 0x64, 0x77, 0x84, 0x10, 0x30, 0x13, 0x50, 0x1D, 0x50, 0x31, 0x50, 0xC1, 0x54, 0x02, 0x54, 0x04, 0x14, 0x18, 0x0E };
static const uint8_t bitmap_2139[] = { 0x00, 0x64, 0x01, 0x24, 0x9C, 0xA8, 0x70, 0xBE, 0x13, 0xC4, 0x11, 0x04, 0x9D, 0x64, 0x71, 0x24, 0x11, 0x24, 0x11, 0x24, 0x1D, 0x24, 0x31, 0x24, 0xC0, 0x50, 0x00, 0x88, 0x01, 0x04, 0x0E, 0x02 };
static const uint8_t bitmap_2140[] = { 0x00, 0x00, 0x8C, 0x3E, 0x73, 0xC0, 0x10, 0x84, 0x11, 0x44, 0x9E, 0x28, 0x72, 0x70, 0x11, 0xA8, 0x17, 0x14, 0x11, 0x34, 0x18, 0x52, 0x31, 0x92, 0xC6, 0x10, 0x00, 0xA0, 0x00, 0x60, 0x00, 0x40 };
static const uint8_t bitmap_2141[] = { 0x03, 0x30, 0x01, 0x10, 0x99, 0x10, 0x61, 0x10, 0x29, 0xDE, 0x27, 0x30, 0xB9, 0x10, 0x63, 0xB8, 0x23, 0x74, 0x25, 0x54, 0x2D, 0x52, 0x35, 0x92, 0xC9, 0x10, 0x01, 0x10, 0x01, 0x10, 0x01, 0x10 };
static const uint8_t bitmap_2142[] = { 0x00, 0x00, 0x87, 0x1E, 0x78, 0xE0, 0x4F, 0x3C, 0x38, 0xE0, 0x8F, 0x3E, 0x79, 0xE0, 0x02, 0x40, 0x05, 0x30, 0x08, 0x8C, 0x30, 0x82, 0xD1, 0xF0, 0x0E, 0x20, 0x00, 0x40, 0x00, 0x80, 0x01, 0x00 };
static const uint8_t bitmap_2143[] = { 0x00, 0xC0, 0x98, 0x40, 0x64, 0x7E, 0x23, 0xC0, 0x20, 0x00, 0xBA, 0x7C, 0x63, 0x88, 0x22, 0x08, 0x22, 0x38, 0x23, 0xC8, 0x38, 0x50, 0x22, 0x48, 0xC2, 0x44, 0x05, 0x42, 0x08, 0xC2, 0x10, 0x80 };
static const uint8_t bitmap_2144[] = { 0x00, 0x92, 0x8C, 0x92, 0x71, 0x24, 0x12, 0x48, 0x11, 0x24, 0x9C, 0x92, 0x70, 0x92, 0x11, 0x3E, 0x13, 0xCA, 0x16, 0x92, 0x1A, 0x62, 0x22, 0x32, 0xC2, 0x4A, 0x02, 0xBE, 0x03, 0xC2, 0x02, 0x02 };
static const uint8_t bitmap_2145[] = { 0x00, 0x40, 0x02, 0x44, 0x8E, 0x44, 0x72, 0x7C, 0x13, 0xC0, 0x10, 0x00, 0x9C, 0x3E, 0x73, 0xC0, 0x10, 0x40, 0x16, 0xBE, 0x1B, 0xD2, 0x32, 0x52, 0xC2, 0x52, 0x02, 0x5A, 0x02, 0x56, 0x02, 0x04 };
static const uint8_t bitmap_2146[] = { 0x00, 0x00, 0x87, 0x1E, 0x78, 0xE0, 0x4F, 0x3C, 0x38, 0xE0, 0x08, 0x20, 0x9F, 0x3E, 0x62, 0xE0, 0x01, 0x10, 0x14, 0xA0, 0x14, 0x48, 0x22, 0x84, 0xC3, 0x02, 0x05, 0x0A, 0x38, 0xC8, 0xC0, 0x3C };
static const uint8_t bitmap_2147[] = { 0x00, 0x80, 0x00, 0x80, 0x9D, 0x7C, 0x67, 0x88, 0x24, 0xF8, 0x27, 0x88, 0xBC, 0x88, 0x64, 0xF8, 0x27, 0x88, 0x28, 0xD0, 0x31, 0x58, 0x21, 0x6C, 0xC2, 0x70, 0x04, 0x44, 0x08, 0x44, 0x30, 0x3E };
static const uint8_t bitmap_2148[] = { 0x00, 0xC0, 0x9C, 0x40, 0x74, 0x7C, 0x13, 0xA0, 0x11, 0x28, 0x12, 0xC8, 0x9E, 0x68, 0x72, 0xB8, 0x13, 0xC0, 0x14, 0x7E, 0x1F, 0xC4, 0x34, 0xA4, 0xC4, 0xB4, 0x05, 0xD4, 0x04, 0x0C, 0x04, 0x08 };
static const uint8_t bitmap_2149[] = { 0x00, 0x60, 0x6F, 0x3C, 0x32, 0xC8, 0x2E, 0x5E, 0x31, 0xE0, 0x3E, 0x3C, 0x52, 0xE0, 0x5E, 0x20, 0x90, 0xFC, 0x7F, 0x00, 0x21, 0xF8, 0x1F, 0x10, 0x01, 0x08, 0x81, 0xFE, 0x7E, 0x00, 0x00, 0x00 };
static const uint8_t bitmap_2150[] = { 0x00, 0x38, 0x30, 0xC0, 0x1F, 0x20, 0x11, 0x20, 0x11, 0x10, 0x11, 0x10, 0x11, 0x10, 0x11, 0x08, 0x11, 0x08, 0x11, 0x08, 0x21, 0x44, 0x21, 0x24, 0x21, 0x64, 0x43, 0x92, 0x9C, 0x12, 0x00, 0x02 };
static const uint8_t bitmap_2151[] = { 0x00, 0x0C, 0x9F, 0xB0, 0x68, 0xD0, 0xBE, 0x90, 0xEA, 0xA8, 0xBE, 0xA8, 0xE2, 0xA8, 0x9C, 0xA8, 0x60, 0xA4, 0x9E, 0xA4, 0x70, 0xA4, 0x19, 0x34, 0x55, 0x2A, 0x55, 0x3A, 0xB2, 0xCA, 0x24, 0x02 };
static const uint8_t bitmap_2152[] = { 0x60, 0x78, 0x25, 0x88, 0xBE, 0x6E, 0x55, 0x54, 0x55, 0x54, 0x55, 0x54, 0xBD, 0x6E, 0x65, 0x58, 0x2D, 0x48, 0x35, 0x6E, 0xE5, 0x58, 0x29, 0x28, 0x49, 0xA8, 0x53, 0xA8, 0x8C, 0x98, 0x00, 0x08 };
static const uint8_t bitmap_2153[] = { 0x30, 0x04, 0x9F, 0x58, 0x70, 0x68, 0x0F, 0x48, 0x75, 0x54, 0x57, 0x54, 0x74, 0x54, 0x9F, 0x54, 0x74, 0x54, 0x5E, 0x52, 0x34, 0x52, 0x9F, 0x5A, 0x75, 0x56, 0x32, 0x9A, 0xDA, 0xE2, 0x21, 0x02 };
static const uint8_t bitmap_2154[] = { 0x00, 0x00, 0x80, 0xFE, 0x7F, 0x00, 0x08, 0x00, 0x09, 0xE0, 0x0E, 0x40, 0x0A, 0x40, 0x09, 0x40, 0x09, 0x40, 0x09, 0x40, 0x10, 0x40, 0x10, 0xC4, 0x17, 0x44, 0x18, 0x44, 0xE0, 0x24, 0x00, 0x1E };
static const uint8_t bitmap_2155[] = { 0x44, 0x00, 0x25, 0x1E, 0x29, 0xE0, 0x8E, 0x80, 0x74, 0x80, 0x24, 0x9C, 0x24, 0xE8, 0xAE, 0x88, 0x74, 0xC8, 0x24, 0xA8, 0x24, 0xA8, 0x24, 0x8A, 0x24, 0x9A, 0x44, 0xAA, 0x44, 0xCC, 0x87, 0x06 };
static const uint8_t bitmap_2156[] = { 0x41, 0x00, 0x21, 0x3E, 0x13, 0xC4, 0x04, 0xA8, 0x19, 0x10, 0xE2, 0x08, 0x0C, 0x08, 0x81, 0xFE, 0x7E, 0x00, 0x05, 0xE0, 0x06, 0x20, 0x09, 0x40, 0x09, 0x44, 0x13, 0xC4, 0x1C, 0x24, 0xE0, 0x1E };
static const uint8_t bitmap_2157[] = { 0x18, 0x60, 0x08, 0x20, 0x08, 0x20, 0x08, 0x20, 0x89, 0xFE, 0x7E, 0x20, 0x08, 0x20, 0x08, 0x20, 0x09, 0xE0, 0x0E, 0x20, 0x08, 0x20, 0x08, 0x20, 0x08, 0x20, 0x09, 0xE0, 0x0E, 0x20, 0x08, 0x20 };
static const uint8_t bitmap_2158[] = { 0x0C, 0x60, 0x04, 0x20, 0x44, 0xFC, 0x3F, 0x20, 0x04, 0xE0, 0x07, 0x20, 0x04, 0xE0, 0x07, 0x20, 0x84, 0xFE, 0x7F, 0x40, 0x22, 0x20, 0x22, 0x10, 0x2C, 0x10, 0x21, 0xFC, 0x3E, 0x00, 0x20, 0x00 };
static const uint8_t bitmap_2159[] = { 0x0D, 0x98, 0x10, 0x88, 0xF0, 0x88, 0x10, 0x88, 0x9C, 0xBE, 0x73, 0xC8, 0x10, 0x88, 0x10, 0x88, 0x10, 0xB8, 0xDE, 0xC8, 0x64, 0x88, 0x44, 0x88, 0x44, 0x88, 0x5C, 0xB8, 0x64, 0xC8, 0x44, 0x88 };
static const uint8_t bitmap_2160[] = { 0x03, 0x00, 0x19, 0x00, 0x09, 0x00, 0x09, 0xF8, 0x1F, 0x00, 0x11, 0x00, 0x21, 0x00, 0x41, 0x00, 0xA1, 0xF8, 0x1F, 0x00, 0x01, 0x00, 0x01, 0x00, 0x01, 0x00, 0x81, 0xFE, 0x7E, 0x00, 0x00, 0x00 };
static const uint8_t bitmap_2161[] = { 0x30, 0x00, 0x13, 0x1E, 0xD1, 0xE4, 0x51, 0x3C, 0x5D, 0xE4, 0x71, 0x24, 0x91, 0x3C, 0x5D, 0xE4, 0x71, 0x20, 0x12, 0x3E, 0x17, 0xE2, 0x18, 0x42, 0x30, 0x42, 0xC0, 0x94, 0x01, 0x0C, 0x06, 0x08 };
static const uint8_t bitmap_2162[] = { 0x00, 0x00, 0x30, 0xFC, 0x1F, 0x08, 0x11, 0x08, 0x11, 0xF8, 0x1F, 0x08, 0x11, 0x08, 0x11, 0x08, 0x11, 0xF8, 0x1F, 0x08, 0x11, 0x08, 0x11, 0x08, 0x21, 0x08, 0x21, 0x28, 0x41, 0x18, 0x80, 0x10 };
static const uint8_t bitmap_2163[] = { 0x00, 0x00, 0x30, 0xFC, 0x1F, 0x08, 0x11, 0x08, 0x11, 0xF8, 0x1F, 0x08, 0x11, 0x08, 0x11, 0xF8, 0x1F, 0x08, 0x11, 0x28, 0x11, 0x18, 0x11, 0x10, 0x21, 0x04, 0x21, 0x04, 0x40, 0x84, 0x80, 0x7E };
static const uint8_t bitmap_2164[] = { 0x03, 0x30, 0x01, 0x08, 0x81, 0xFE, 0x7F, 0x00, 0x01, 0x00, 0x31, 0xFC, 0x1F, 0x08, 0x11, 0xF8, 0x1F, 0x08, 0x11, 0x08, 0x11, 0xF8, 0x1F, 0x08, 0x11, 0x08, 0x11, 0x28, 0x11, 0x18, 0x11, 0x10 };
static const uint8_t bitmap_2165[] = { 0x00, 0x00, 0x00, 0x00, 0x60, 0xFE, 0x3F, 0x04, 0x21, 0x04, 0x21, 0x04, 0x21, 0x04, 0x21, 0xFC, 0x3F, 0x04, 0x21, 0x04, 0x21, 0x04, 0x21, 0x04, 0x21, 0x04, 0x21, 0xFC, 0x3E, 0x04, 0x20, 0x04 };
static const uint8_t bitmap_2166[] = { 0x03, 0x00, 0x01, 0x00, 0x01, 0x00, 0x01, 0x00, 0x61, 0xFC, 0x3F, 0x08, 0x21, 0x08, 0x21, 0x08, 0x21, 0xF8, 0x3F, 0x08, 0x21, 0x08, 0x21, 0x08, 0x21, 0x08, 0x21, 0xF8, 0x3E, 0x08, 0x20, 0x08 };
static const uint8_t bitmap_2167[] = { 0x00, 0x00, 0x60, 0xFC, 0x3F, 0x08, 0x21, 0x08, 0x21, 0xF8, 0x3F, 0x08, 0x21, 0x08, 0x21, 0x08, 0x21, 0xF8, 0x3F, 0x08, 0x21, 0x00, 0x01, 0x00, 0x01, 0x00, 0x01, 0x00, 0x01, 0x00, 0x01, 0x00 };
static const uint8_t bitmap_2168[] = { 0x03, 0x00, 0x01, 0x00, 0x01, 0x00, 0x61, 0xFC, 0x3F, 0x08, 0x21, 0x08, 0x21, 0xF8, 0x3F, 0x08, 0x21, 0x08, 0x21, 0xF8, 0x3F, 0x08, 0x21, 0x00, 0x01, 0x00, 0x01, 0x00, 0x01, 0x00, 0x01, 0x00 };
static const uint8_t bitmap_2169[] = { 0x03, 0x00, 0x01, 0x00, 0x01, 0x00, 0x61, 0xFC, 0x3F, 0x08, 0x21, 0x08, 0x21, 0xF8, 0x3F, 0x08, 0x21, 0x08, 0x21, 0xF8, 0x3F, 0x08, 0x21, 0x00, 0x01, 0x04, 0x01, 0x04, 0x00, 0x84, 0x00, 0x7E };
static const uint8_t bitmap_2170[] = { 0x00, 0x00, 0x30, 0xFC, 0x1F, 0x08, 0x11, 0xF8, 0x1F, 0x08, 0x11, 0x08, 0x11, 0xF8, 0x1F, 0x08, 0x11, 0x00, 0x81, 0xFE, 0x7F, 0x04, 0x02, 0x04, 0x02, 0x04, 0x04, 0x28, 0x18, 0x18, 0xE0, 0x10 };
static const uint8_t bitmap_2171[] = { 0x10, 0x00, 0x10, 0x00, 0x10, 0xFE, 0x1F, 0x02, 0x20, 0x02, 0x21, 0xF2, 0x7E, 0x22, 0xA2, 0x22, 0x23, 0xE2, 0x3E, 0x22, 0x22, 0x22, 0x23, 0xE4, 0x3C, 0x24, 0x20, 0x28, 0x00, 0x18, 0x00, 0x10 };
static const uint8_t bitmap_2172[] = { 0x00, 0x00, 0x80, 0xFE, 0x7F, 0x00, 0x00, 0x00, 0x11, 0xFC, 0xDF, 0x14, 0x51, 0x14, 0x51, 0xF4, 0x5F, 0x14, 0x51, 0x14, 0x51, 0xF4, 0x5E, 0x14, 0x50, 0x04, 0x43, 0xFC, 0x7C, 0x04, 0x40, 0x04 };
static const uint8_t bitmap_2173[] = { 0x30, 0x00, 0x12, 0x78, 0x11, 0x90, 0xDE, 0x20, 0x74, 0x40, 0x54, 0x80, 0x5D, 0x7E, 0x77, 0xD4, 0x54, 0x94, 0x5C, 0xA4, 0x75, 0x24, 0x52, 0x44, 0x10, 0x88, 0x11, 0x28, 0x16, 0x18, 0x10, 0x10 };
static const uint8_t bitmap_2174[] = { 0x00, 0x00, 0x30, 0xF8, 0x1F, 0x10, 0x11, 0xF0, 0x1F, 0x10, 0x11, 0x10, 0x11, 0xF0, 0x1F, 0x90, 0x12, 0x40, 0x04, 0x70, 0x0C, 0x48, 0x34, 0x44, 0xC8, 0x42, 0x08, 0x40, 0x10, 0x40, 0x60, 0x40 };
static const uint8_t bitmap_2175[] = { 0x00, 0x00, 0x30, 0xF8, 0x1F, 0x10, 0x11, 0xF0, 0x1F, 0x10, 0x11, 0x10, 0x11, 0xF0, 0x1E, 0x00, 0x80, 0xFE, 0x7F, 0x04, 0x11, 0x88, 0x10, 0x68, 0x11, 0x10, 0x16, 0x08, 0x18, 0x04, 0xE0, 0x02 };
static const uint8_t bitmap_2176[] = { 0x00, 0x64, 0x01, 0x24, 0x8E, 0xA8, 0xF4, 0xA0, 0x96, 0x3C, 0x95, 0xE0, 0x9C, 0x20, 0xF4, 0x20, 0x96, 0x3E, 0x95, 0xE0, 0x94, 0x20, 0x9C, 0x20, 0xE4, 0x20, 0x80, 0x20, 0x00, 0x20, 0x00, 0x20 };
static const uint8_t bitmap_2177[] = { 0x02, 0x00, 0x67, 0x1E, 0x38, 0xE4, 0x20, 0x44, 0x24, 0xA4, 0x26, 0x98, 0x3B, 0x10, 0xD2, 0xF8, 0x1F, 0x10, 0x11, 0x10, 0x11, 0xF0, 0x1F, 0x10, 0x11, 0x10, 0x11, 0xF0, 0x1F, 0x10, 0x10, 0x10 };
static const uint8_t bitmap_2178[] = { 0x03, 0x00, 0x01, 0x00, 0x81, 0xFE, 0x7E, 0x80, 0x04, 0xA0, 0x0F, 0x10, 0x32, 0xF8, 0x0F, 0x04, 0x70, 0xF4, 0x1F, 0x10, 0x11, 0xF0, 0x1F, 0x10, 0x11, 0x10, 0x11, 0xF0, 0x1E, 0x10, 0x10, 0x10 };
static const uint8_t bitmap_2179[] = { 0x00, 0x40, 0x00, 0x40, 0x9C, 0x9C, 0xE8, 0xE8, 0xA9, 0x08, 0xAB, 0x90, 0xAC, 0x60, 0xF8, 0x50, 0xA8, 0x88, 0xA9, 0x3C, 0xAB, 0xCA, 0xBD, 0x08, 0xC9, 0x08, 0x81, 0x38, 0x01, 0xC8, 0x01, 0x08 };
static const uint8_t bitmap_2180[] = { 0x00, 0x38, 0x03, 0xD0, 0x3D, 0x10, 0x11, 0x20, 0x89, 0xFE, 0x7F, 0x40, 0x05, 0x30, 0x09, 0x08, 0x11, 0xF4, 0x3F, 0x12, 0xD1, 0xF0, 0x1F, 0x10, 0x11, 0x10, 0x11, 0xF0, 0x1E, 0x10, 0x10, 0x10 };
static const uint8_t bitmap_2181[] = { 0x00, 0xC0, 0x00, 0x40, 0x9E, 0x7C, 0xF5, 0xC0, 0x96, 0x7C, 0x95, 0xC0, 0x9E, 0x7E, 0xF5, 0xC8, 0x94, 0x48, 0x94, 0xBE, 0x94, 0xC8, 0x9D, 0x48, 0xE2, 0x48, 0x84, 0x28, 0x08, 0x18, 0x00, 0x10 };
static const uint8_t bitmap_2182[] = { 0x00, 0x60, 0x00, 0x20, 0x9E, 0x3C, 0xF5, 0xE0, 0x94, 0x50, 0x94, 0x88, 0x9D, 0x08, 0xF6, 0x7E, 0x97, 0x88, 0x95, 0x68, 0x9D, 0xA8, 0xE5, 0x68, 0x81, 0xA8, 0x01, 0x28, 0x00, 0x18, 0x00, 0x10 };
static const uint8_t bitmap_2183[] = { 0x00, 0x00, 0x9E, 0x3E, 0x65, 0xC0, 0x04, 0x3C, 0xDD, 0xE4, 0x65, 0x3C, 0x41, 0xE4, 0x5F, 0x3E, 0xE5, 0xE4, 0x45, 0x3C, 0xF5, 0xE4, 0x45, 0x3C, 0x75, 0xE0, 0xCA, 0x3E, 0xB9, 0xC0, 0x10, 0x00 };
static const uint8_t bitmap_2184[] = { 0x00, 0xC0, 0x8C, 0x40, 0x74, 0x7C, 0x0B, 0xC0, 0x10, 0x48, 0xD0, 0x9C, 0x5C, 0xE4, 0x53, 0x84, 0x50, 0x30, 0x53, 0x50, 0x55, 0x50, 0x59, 0x50, 0x61, 0x54, 0xC2, 0x54, 0x02, 0x54, 0x0C, 0x0E };
static const uint8_t bitmap_2185[] = { 0x62, 0x00, 0x2C, 0x9C, 0x30, 0xE8, 0x24, 0x50, 0x24, 0x20, 0x1F, 0x3E, 0x21, 0xE4, 0x2E, 0x28, 0x31, 0xA0, 0x50, 0xAC, 0x9E, 0xB0, 0x70, 0xA0, 0x28, 0xE0, 0x25, 0x20, 0x45, 0x10, 0x82, 0x0E };
static const uint8_t bitmap_2186[] = { 0x01, 0x80, 0x00, 0x80, 0x30, 0xFE, 0x9F, 0x80, 0x58, 0x3C, 0x57, 0xC8, 0x12, 0x10, 0x31, 0x20, 0xD0, 0xA0, 0x10, 0x40, 0x10, 0x40, 0x20, 0x40, 0x20, 0x40, 0x41, 0x40, 0x80, 0xC0, 0x00, 0x80 };
static const uint8_t bitmap_2187[] = { 0x01, 0x80, 0x00, 0x80, 0x30, 0xFE, 0x9F, 0x00, 0x51, 0x00, 0x52, 0x3E, 0x13, 0xC0, 0x34, 0x00, 0xDA, 0x70, 0x11, 0xA0, 0x20, 0x40, 0x21, 0x80, 0x42, 0x00, 0x84, 0x04, 0x04, 0x04, 0x03, 0xFE };
static const uint8_t bitmap_2188[] = { 0x01, 0x80, 0x00, 0x80, 0x30, 0xFE, 0x9F, 0x00, 0x51, 0x00, 0x51, 0x70, 0x11, 0xA0, 0x32, 0x20, 0xD4, 0x40, 0x10, 0x40, 0x20, 0xA0, 0x20, 0x90, 0x41, 0x08, 0x82, 0x04, 0x0C, 0x02, 0x30, 0x02 };
static const uint8_t bitmap_2189[] = { 0x01, 0x80, 0x00, 0x80, 0x30, 0xFE, 0x9F, 0x00, 0x50, 0x3C, 0x57, 0xC0, 0x12, 0x00, 0x32, 0x00, 0xDA, 0x3E, 0x17, 0xC0, 0x12, 0x00, 0x22, 0x00, 0x22, 0x00, 0x42, 0x3C, 0x83, 0xC0, 0x02, 0x00 };
static const uint8_t bitmap_2190[] = { 0x01, 0x80, 0x00, 0x80, 0x30, 0xFE, 0x9F, 0x00, 0x50, 0x00, 0x5C, 0xF8, 0x17, 0x90, 0x34, 0x90, 0xD4, 0x90, 0x14, 0xF0, 0x17, 0x90, 0x24, 0x00, 0x24, 0x04, 0x44, 0x04, 0x82, 0x04, 0x01, 0xFE };
static const uint8_t bitmap_2191[] = { 0x01, 0x80, 0x30, 0xFE, 0x1F, 0x80, 0x90, 0x00, 0x53, 0x70, 0x51, 0xA0, 0x11, 0x20, 0x31, 0x1E, 0x52, 0x00, 0x96, 0x78, 0x19, 0x90, 0x20, 0xA0, 0x20, 0x60, 0x40, 0x98, 0x83, 0x04, 0x1C, 0x02 };
static const uint8_t bitmap_2192[] = { 0x01, 0x80, 0x00, 0x80, 0x30, 0xFE, 0x9F, 0x00, 0x50, 0x80, 0x51, 0x60, 0x12, 0x18, 0x34, 0xE4, 0xDB, 0x22, 0x12, 0x20, 0x12, 0xA0, 0x22, 0x60, 0x22, 0x40, 0x42, 0x04, 0x81, 0x04, 0x00, 0xFE };
static const uint8_t bitmap_2193[] = { 0x01, 0x80, 0x00, 0x80, 0x30, 0xFE, 0x9F, 0x00, 0x54, 0x78, 0x57, 0x90, 0x14, 0x50, 0x36, 0x50, 0xD5, 0x50, 0x14, 0x90, 0x25, 0x48, 0x29, 0x4A, 0x4A, 0x2A, 0x94, 0x24, 0x10, 0x06, 0x20, 0x02 };
static const uint8_t bitmap_2194[] = { 0x01, 0x80, 0x30, 0xFE, 0x1F, 0x80, 0x90, 0xC0, 0x56, 0x7C, 0x53, 0xC8, 0x12, 0x50, 0x32, 0x78, 0x53, 0x88, 0x92, 0x90, 0x24, 0x50, 0x24, 0x20, 0x48, 0x50, 0x90, 0x88, 0x23, 0x04, 0x0C, 0x02 };
static const uint8_t bitmap_2195[] = { 0x01, 0x80, 0x00, 0x80, 0x30, 0xFE, 0x1F, 0x00, 0x90, 0x80, 0x51, 0x60, 0x52, 0x98, 0x14, 0x84, 0x39, 0x22, 0xD6, 0x24, 0x10, 0x44, 0x21, 0x88, 0x26, 0x10, 0x40, 0x60, 0x81, 0x80, 0x0E, 0x00 };
static const uint8_t bitmap_2196[] = { 0x01, 0x80, 0x00, 0x80, 0x30, 0xFE, 0x9F, 0x00, 0x51, 0x00, 0x51, 0x78, 0x13, 0x90, 0x35, 0x20, 0xD8, 0xC0, 0x10, 0xB0, 0x11, 0x4C, 0x22, 0x22, 0x2C, 0x00, 0x40, 0xC0, 0x80, 0x20, 0x00, 0x10 };
static const uint8_t bitmap_2197[] = { 0x00, 0xC0, 0x30, 0x7E, 0x1F, 0xC0, 0x91, 0x00, 0x51, 0x3C, 0x53, 0xC0, 0x12, 0x40, 0x34, 0x40, 0x58, 0x7E, 0x97, 0xC0, 0x10, 0xA0, 0x21, 0x10, 0x21, 0x08, 0x42, 0x04, 0x84, 0x04, 0x18, 0x02 };
static const uint8_t bitmap_2198[] = { 0x01, 0x80, 0x30, 0xFE, 0x1F, 0x80, 0x90, 0x00, 0x58, 0x7C, 0x57, 0x80, 0x10, 0x80, 0x34, 0xFC, 0x57, 0x88, 0x94, 0x88, 0x14, 0xE8, 0x25, 0x18, 0x26, 0x08, 0x44, 0x28, 0x84, 0x18, 0x04, 0x10 };
static const uint8_t bitmap_2199[] = { 0x01, 0x80, 0x00, 0x80, 0x30, 0xFE, 0x1F, 0x80, 0x90, 0x00, 0x54, 0x7C, 0x53, 0xC0, 0x10, 0x40, 0x36, 0x5C, 0xD2, 0x60, 0x12, 0x40, 0x22, 0x40, 0x22, 0x40, 0x52, 0x7E, 0x8F, 0x80, 0x00, 0x00 };
static const uint8_t bitmap_2200[] = { 0x01, 0x80, 0x00, 0x80, 0x30, 0xFE, 0x9F, 0x80, 0x50, 0xC0, 0x51, 0x20, 0x11, 0x10, 0x32, 0x78, 0xD7, 0x84, 0x18, 0x82, 0x14, 0xF0, 0x23, 0x80, 0x20, 0x80, 0x50, 0xFE, 0x8F, 0x00, 0x00, 0x00 };
static const uint8_t bitmap_2201[] = { 0x01, 0x80, 0x00, 0x80, 0x30, 0xFE, 0x9F, 0x90, 0x52, 0x20, 0x51, 0x40, 0x19, 0x7C, 0x37, 0x80, 0xD4, 0xF0, 0x13, 0x80, 0x10, 0x80, 0x28, 0xFE, 0x27, 0x80, 0x40, 0x80, 0x80, 0x80, 0x00, 0x80 };
static const uint8_t bitmap_2202[] = { 0x01, 0x80, 0x00, 0x80, 0x30, 0xFE, 0x9F, 0x80, 0x52, 0x78, 0x53, 0x90, 0x12, 0x70, 0x33, 0x90, 0xD2, 0x74, 0x13, 0x84, 0x12, 0x58, 0x22, 0x20, 0x22, 0x10, 0x42, 0xC8, 0x83, 0x04, 0x1C, 0x02 };
static const uint8_t bitmap_2203[] = { 0x01, 0x80, 0x30, 0xFE, 0x1F, 0x80, 0x94, 0x78, 0x53, 0x80, 0x50, 0x00, 0x16, 0x78, 0x33, 0x90, 0x52, 0x10, 0x92, 0x70, 0x13, 0x90, 0x22, 0x10, 0x21, 0x20, 0x51, 0x7E, 0x8F, 0x80, 0x00, 0x00 };
static const uint8_t bitmap_2204[] = { 0x01, 0x80, 0x30, 0xFE, 0x1F, 0x80, 0x94, 0x78, 0x53, 0x90, 0x50, 0xA0, 0x14, 0x7C, 0x37, 0x88, 0x54, 0xF8, 0x97, 0x88, 0x14, 0x88, 0x24, 0xF8, 0x27, 0x88, 0x44, 0xA8, 0x84, 0x98, 0x04, 0x90 };
static const uint8_t bitmap_2205[] = { 0x00, 0xC0, 0x30, 0x7E, 0x1F, 0x80, 0x90, 0x6C, 0x51, 0x84, 0x5F, 0x34, 0x11, 0x14, 0x39, 0xD4, 0xD7, 0x14, 0x11, 0x14, 0x23, 0x94, 0x25, 0x54, 0x45, 0x04, 0x49, 0x14, 0x91, 0x0C, 0x01, 0x08 };
static const uint8_t bitmap_2206[] = { 0x01, 0x80, 0x30, 0xFC, 0x1F, 0x80, 0x91, 0x70, 0x51, 0xA0, 0x52, 0x40, 0x14, 0xBC, 0x3F, 0xC8, 0xD4, 0x88, 0x14, 0x88, 0x14, 0xFE, 0x2F, 0x80, 0x21, 0x60, 0x42, 0x18, 0x84, 0x04, 0x18, 0x02 };
static const uint8_t bitmap_2207[] = { 0x01, 0x80, 0x00, 0x80, 0x30, 0xFE, 0x9F, 0x00, 0x52, 0x88, 0x52, 0xB0, 0x14, 0xC0, 0x31, 0x30, 0xD2, 0x08, 0x1C, 0x84, 0x12, 0x98, 0x22, 0xA0, 0x2D, 0x60, 0x41, 0x10, 0x86, 0x0C, 0x18, 0x02 };
static const uint8_t bitmap_2208[] = { 0x01, 0x80, 0x30, 0xFE, 0x1F, 0x80, 0x90, 0x00, 0x54, 0xEE, 0x57, 0x34, 0x15, 0x24, 0x35, 0x24, 0x59, 0xE4, 0x97, 0x24, 0x11, 0x24, 0x22, 0xA4, 0x22, 0x6C, 0x44, 0x34, 0x88, 0x20, 0x10, 0x00 };
static const uint8_t bitmap_2209[] = { 0x01, 0x80, 0x00, 0x80, 0x30, 0xFE, 0x9F, 0x80, 0x50, 0x7C, 0x57, 0x88, 0x14, 0xF8, 0x37, 0x88, 0xD4, 0xF8, 0x17, 0x88, 0x18, 0x7E, 0x27, 0x90, 0x21, 0x10, 0x41, 0x10, 0x82, 0x10, 0x0C, 0x10 };
static const uint8_t bitmap_2210[] = { 0x01, 0x80, 0x30, 0xFE, 0x1F, 0x00, 0x94, 0xF8, 0x57, 0x10, 0x54, 0xF0, 0x17, 0x10, 0x34, 0xF0, 0xD7, 0x10, 0x10, 0x00, 0x1C, 0xFC, 0x27, 0x48, 0x25, 0x48, 0x55, 0xFE, 0x9F, 0x00, 0x00, 0x00 };
static const uint8_t bitmap_2211[] = { 0x01, 0x80, 0x30, 0xFE, 0x1F, 0x00, 0x91, 0x4E, 0x57, 0x72, 0x54, 0x12, 0x15, 0xA4, 0x36, 0xDC, 0xD0, 0x88, 0x16, 0x7C, 0x13, 0xC8, 0x22, 0x78, 0x23, 0xC8, 0x42, 0x78, 0x83, 0x88, 0x02, 0x08 };
static const uint8_t bitmap_2212[] = { 0x01, 0x80, 0x00, 0x80, 0x30, 0xFE, 0x9F, 0x40, 0x54, 0xDC, 0x57, 0x44, 0x14, 0x5C, 0x37, 0x44, 0x54, 0x7C, 0x97, 0xC0, 0x18, 0x7C, 0x27, 0x88, 0x20, 0x90, 0x40, 0x70, 0x81, 0x8C, 0x1E, 0x02 };
static const uint8_t bitmap_2213[] = { 0x01, 0x80, 0x00, 0x80, 0x30, 0xFE, 0x9F, 0x10, 0x51, 0x10, 0x55, 0x3E, 0x13, 0xD0, 0x31, 0x60, 0x50, 0x98, 0x93, 0x34, 0x1D, 0xC2, 0x22, 0x3C, 0x23, 0xC8, 0x42, 0x38, 0x83, 0xC8, 0x02, 0x08 };
static const uint8_t bitmap_2214[] = { 0x01, 0x80, 0x30, 0xFE, 0x1F, 0x80, 0x91, 0x7C, 0x57, 0x88, 0x54, 0x78, 0x17, 0x88, 0x34, 0x78, 0xD7, 0x88, 0x14, 0x78, 0x17, 0xA0, 0x31, 0x18, 0x26, 0x64, 0x5B, 0x8A, 0x82, 0x08, 0x01, 0xFC };
static const uint8_t bitmap_2215[] = { 0x01, 0x80, 0x30, 0xFE, 0x1F, 0xA4, 0x90, 0x28, 0x5B, 0x4E, 0x55, 0x78, 0x11, 0xC8, 0x39, 0x4E, 0xD5, 0x78, 0x12, 0x48, 0x12, 0x4E, 0x25, 0x78, 0x25, 0x48, 0x48, 0x4E, 0x90, 0x70, 0x00, 0x40 };
static const uint8_t bitmap_2216[] = { 0x01, 0x80, 0x00, 0x80, 0x30, 0xFE, 0x9F, 0x80, 0x52, 0x6E, 0x5B, 0xB4, 0x16, 0xAC, 0x32, 0xB4, 0xD5, 0xC0, 0x19, 0x7C, 0x17, 0xA4, 0x24, 0x94, 0x25, 0x44, 0x44, 0xB4, 0x85, 0x0C, 0x04, 0x08 };
static const uint8_t bitmap_2217[] = { 0x01, 0x80, 0x30, 0xFE, 0x1F, 0xA0, 0x90, 0x2C, 0x5D, 0x34, 0x57, 0x48, 0x15, 0x9E, 0x35, 0x74, 0xD6, 0x8C, 0x15, 0x74, 0x15, 0x8C, 0x27, 0x74, 0x25, 0x2A, 0x44, 0xA2, 0x84, 0x94, 0x05, 0x0E };
static const uint8_t bitmap_2218[] = { 0x01, 0x80, 0x00, 0x80, 0x30, 0xFE, 0x9F, 0x80, 0x52, 0x70, 0x53, 0x90, 0x12, 0x70, 0x33, 0xAC, 0x55, 0xB4, 0x96, 0xAC, 0x15, 0xB4, 0x26, 0x40, 0x28, 0x44, 0x48, 0x7C, 0x8F, 0x84, 0x08, 0x04 };
static const uint8_t bitmap_2219[] = { 0x01, 0x80, 0x30, 0xFE, 0x1F, 0xA2, 0x92, 0x14, 0x53, 0xB6, 0x52, 0xD8, 0x17, 0x48, 0x3D, 0x6E, 0xD5, 0xD8, 0x17, 0x48, 0x15, 0x6E, 0x25, 0xD8, 0x26, 0x28, 0x40, 0xC8, 0x8F, 0x08, 0x00, 0x08 };
static const uint8_t bitmap_2220[] = { 0x01, 0x10, 0x0F, 0x20, 0x02, 0xC4, 0x44, 0x28, 0x28, 0x10, 0x10, 0x08, 0x28, 0xE4, 0xC7, 0x02, 0x01, 0x00, 0x41, 0xFC, 0x3F, 0x80, 0x02, 0x40, 0x02, 0x20, 0x04, 0x10, 0x18, 0x08, 0x60, 0x04 };
static const uint8_t bitmap_2221[] = { 0x01, 0x10, 0x1F, 0x92, 0x42, 0x62, 0x22, 0x14, 0x15, 0xE8, 0x0E, 0x04, 0x10, 0x02, 0x39, 0xF0, 0xCE, 0x20, 0x08, 0x20, 0x09, 0xE0, 0x0E, 0x40, 0x04, 0x40, 0x83, 0xFE, 0x7E, 0x00, 0x00, 0x00 };
static const uint8_t bitmap_2222[] = { 0x01, 0x00, 0x01, 0x00, 0x02, 0x00, 0x64, 0xFC, 0x3F, 0x08, 0x20, 0x08, 0x20, 0x08, 0x20, 0x08, 0x21, 0xF8, 0x3E, 0x08, 0x20, 0x08, 0x20, 0x08, 0x20, 0x08, 0x21, 0xF8, 0x3E, 0x08, 0x20, 0x08 };
static const uint8_t bitmap_2223[] = { 0x00, 0x00, 0x80, 0xFE, 0x7F, 0x00, 0x02, 0x00, 0x02, 0x00, 0x35, 0xF8, 0x1E, 0x10, 0x10, 0x10, 0x10, 0x10, 0x11, 0xF0, 0x1E, 0x10, 0x10, 0x10, 0x10, 0x10, 0x11, 0xF0, 0x1E, 0x10, 0x10, 0x10 };
static const uint8_t bitmap_2224[] = { 0x01, 0x00, 0x01, 0x00, 0x32, 0xF8, 0x1F, 0x10, 0x10, 0xF0, 0x1F, 0x10, 0x10, 0x10, 0x10, 0xF0, 0x1F, 0x10, 0x00, 0x00, 0x18, 0x1C, 0x08, 0xE0, 0x8F, 0x04, 0x78, 0x04, 0x08, 0x04, 0x07, 0xFE };
static const uint8_t bitmap_2225[] = { 0x10, 0x80, 0x10, 0x80, 0x20, 0x80, 0xBD, 0x3E, 0xC9, 0xC4, 0x8A, 0x04, 0x8D, 0x04, 0xB8, 0x84, 0xC8, 0x44, 0x88, 0x44, 0x88, 0x04, 0xB8, 0x08, 0xC8, 0x08, 0x80, 0x48, 0x00, 0x30, 0x00, 0x20 };
static const uint8_t bitmap_2226[] = { 0x61, 0x80, 0x20, 0x8C, 0x26, 0xB0, 0x38, 0xC0, 0x20, 0x84, 0x23, 0x44, 0x2D, 0x3E, 0x31, 0x00, 0xCB, 0xF0, 0x0E, 0x20, 0x09, 0xE0, 0x0E, 0x20, 0x08, 0x20, 0x09, 0xE0, 0x0E, 0x20, 0x08, 0x20 };
static const uint8_t bitmap_2227[] = { 0x02, 0x00, 0x1B, 0xF0, 0x0E, 0x20, 0x09, 0xE0, 0x0E, 0x20, 0x09, 0xE0, 0x0E, 0x00, 0x40, 0xFC, 0x3F, 0x00, 0x01, 0x00, 0x21, 0xF8, 0x1F, 0x00, 0x01, 0x00, 0x81, 0xFE, 0x7E, 0x00, 0x00, 0x00 };
static const uint8_t bitmap_2228[] = { 0x10, 0x60, 0x10, 0xA0, 0x20, 0xA0, 0xDE, 0xBC, 0x65, 0xE0, 0x45, 0x20, 0x46, 0x3E, 0x5D, 0xE0, 0x64, 0x00, 0x45, 0x9C, 0x44, 0xE8, 0x44, 0x88, 0x5C, 0x88, 0x64, 0x98, 0x40, 0xE8, 0x00, 0x88 };
static const uint8_t bitmap_2229[] = { 0x10, 0x60, 0x10, 0x20, 0x22, 0x3E, 0xDB, 0xC4, 0x6A, 0x08, 0x4D, 0x3C, 0x49, 0xC0, 0x58, 0x00, 0x6C, 0x3E, 0x4B, 0xE0, 0x48, 0xA0, 0x58, 0xA0, 0x69, 0x20, 0x41, 0x24, 0x02, 0x24, 0x0C, 0x1E };
static const uint8_t bitmap_2230[] = { 0x03, 0x00, 0x01, 0x00, 0x01, 0x00, 0x31, 0xFC, 0x1F, 0x08, 0x11, 0x10, 0x11, 0x00, 0x11, 0xF0, 0x1E, 0x20, 0x12, 0x20, 0x21, 0x40, 0x20, 0xC0, 0x41, 0x30, 0x82, 0x08, 0x0C, 0x04, 0x30, 0x02 };
static const uint8_t bitmap_2231[] = { 0x10, 0x30, 0x10, 0x10, 0x2E, 0x10, 0x35, 0x9E, 0x48, 0xF2, 0x8E, 0x94, 0x72, 0x90, 0x02, 0x9E, 0x02, 0xE2, 0x4E, 0xA4, 0x32, 0x94, 0x02, 0x88, 0x02, 0x88, 0x8F, 0x14, 0x72, 0x22, 0x02, 0xC2 };
static const uint8_t bitmap_2232[] = { 0x00, 0x00, 0x00, 0x00, 0x30, 0xFC, 0x1F, 0x48, 0x12, 0x48, 0x12, 0x48, 0x12, 0x48, 0x12, 0x48, 0x12, 0x48, 0x12, 0x48, 0x12, 0x48, 0x12, 0x48, 0x12, 0x48, 0x92, 0xFE, 0x7F, 0x00, 0x00, 0x00 };
static const uint8_t bitmap_2233[] = { 0x00, 0x80, 0x05, 0xC0, 0x04, 0x20, 0x08, 0x10, 0x10, 0xF8, 0x2F, 0x14, 0xC2, 0x12, 0x04, 0xE0, 0x08, 0x40, 0x70, 0xFC, 0x1F, 0x48, 0x12, 0x48, 0x12, 0x48, 0x92, 0xFE, 0x7F, 0x00, 0x00, 0x00 };
static const uint8_t bitmap_2234[] = { 0x00, 0x00, 0x41, 0xF0, 0x3E, 0x20, 0x08, 0x2E, 0x09, 0xB4, 0x0E, 0x84, 0x19, 0x04, 0x16, 0x28, 0x23, 0x18, 0x44, 0x90, 0xE9, 0xF8, 0x3E, 0x48, 0x24, 0x48, 0xA5, 0xFE, 0x7E, 0x00, 0x00, 0x00 };
static const uint8_t bitmap_2235[] = { 0x10, 0x10, 0x08, 0x10, 0x04, 0x20, 0x84, 0xFE, 0x7F, 0x80, 0x04, 0x40, 0x08, 0x30, 0x10, 0x08, 0x20, 0x04, 0xE1, 0xFA, 0x3E, 0x48, 0x24, 0x48, 0x24, 0x48, 0xA5, 0xFE, 0x7E, 0x00, 0x00, 0x00 };
static const uint8_t bitmap_2236[] = { 0x03, 0x60, 0x01, 0x10, 0x21, 0xF8, 0x1F, 0x00, 0x81, 0xFE, 0x7F, 0x10, 0x00, 0xA0, 0x00, 0xC4, 0x07, 0x34, 0x78, 0x0E, 0x10, 0xF8, 0x1F, 0x48, 0x12, 0x48, 0x92, 0xFE, 0x7F, 0x00, 0x00, 0x00 };
static const uint8_t bitmap_2237[] = { 0x00, 0xC0, 0x18, 0x40, 0x08, 0x40, 0x4F, 0x70, 0x38, 0x4C, 0x08, 0x42, 0x0F, 0x40, 0x18, 0x40, 0xE0, 0x40, 0x21, 0xFC, 0x3E, 0x48, 0x24, 0x48, 0x24, 0x48, 0xA5, 0xFE, 0x7E, 0x00, 0x00, 0x00 };
static const uint8_t bitmap_2238[] = { 0x0C, 0x40, 0x64, 0x40, 0x24, 0x4E, 0x24, 0xF0, 0x24, 0x80, 0x25, 0x60, 0x26, 0x10, 0x24, 0x08, 0x04, 0x00, 0x61, 0xFC, 0x3E, 0x48, 0x24, 0x48, 0x24, 0x48, 0xA5, 0xFE, 0x7E, 0x00, 0x00, 0x00 };
static const uint8_t bitmap_2239[] = { 0x03, 0x00, 0x02, 0xC0, 0x04, 0x20, 0x09, 0xD8, 0x1E, 0x04, 0x21, 0xE2, 0xCE, 0x20, 0x08, 0x20, 0x09, 0xE0, 0x0E, 0x00, 0x61, 0xFC, 0x3E, 0x48, 0x24, 0x48, 0xA5, 0xFE, 0x7E, 0x00, 0x00, 0x00 };
static const uint8_t bitmap_2240[] = { 0x18, 0x00, 0x88, 0xFE, 0x7F, 0x00, 0x08, 0x88, 0x0A, 0x88, 0x12, 0x90, 0x14, 0xE0, 0x21, 0x10, 0x42, 0x08, 0x9C, 0x04, 0x61, 0xFC, 0x3E, 0x48, 0x24, 0x48, 0xA5, 0xFE, 0x7E, 0x00, 0x00, 0x00 };
static const uint8_t bitmap_2241[] = { 0x08, 0x20, 0x04, 0x40, 0x45, 0xFC, 0x3F, 0x00, 0x01, 0xF8, 0x3F, 0x00, 0x01, 0x00, 0x81, 0xFE, 0x7F, 0x00, 0x00, 0x00, 0x31, 0xFC, 0x1E, 0x48, 0x12, 0x48, 0x93, 0xFE, 0x7E, 0x00, 0x00, 0x00 };
static const uint8_t bitmap_2242[] = { 0x41, 0x00, 0x21, 0x00, 0x29, 0x3C, 0x13, 0xC8, 0x12, 0x50, 0x24, 0x60, 0xC8, 0x98, 0x21, 0x04, 0x26, 0x02, 0x30, 0xFC, 0x1F, 0x48, 0x12, 0x48, 0x12, 0x48, 0x92, 0xFE, 0x7F, 0x00, 0x00, 0x00 };
static const uint8_t bitmap_2243[] = { 0x01, 0x00, 0x01, 0x00, 0x1A, 0xF8, 0x0F, 0x10, 0x08, 0x90, 0x89, 0xFE, 0x7E, 0x10, 0x09, 0x50, 0x11, 0x30, 0x20, 0x20, 0xC1, 0xF8, 0x3E, 0x48, 0x24, 0x48, 0xA5, 0xFE, 0x7E, 0x00, 0x00, 0x00 };
static const uint8_t bitmap_2244[] = { 0x01, 0xB0, 0x00, 0x88, 0x60, 0xFE, 0x3F, 0x80, 0x20, 0x48, 0x27, 0x48, 0x3A, 0x32, 0x22, 0x12, 0x54, 0x6C, 0x4C, 0x86, 0xE9, 0xF8, 0x3E, 0x48, 0x24, 0x48, 0xA5, 0xFE, 0x7E, 0x00, 0x00, 0x00 };
static const uint8_t bitmap_2245[] = { 0x00, 0x00, 0xDD, 0x9E, 0x64, 0xE4, 0x5C, 0x9C, 0x64, 0xE4, 0x44, 0x9C, 0x5C, 0xE4, 0x64, 0x94, 0x41, 0x0C, 0x06, 0x08, 0x61, 0xFC, 0x3E, 0x48, 0x24, 0x48, 0xA5, 0xFE, 0x7E, 0x00, 0x00, 0x00 };
static const uint8_t bitmap_2246[] = { 0x00, 0x00, 0x31, 0xF8, 0x1E, 0x10, 0x10, 0x10, 0x10, 0x10, 0x11, 0xF0, 0x1E, 0x10, 0x10, 0x10, 0x10, 0x10, 0x11, 0xF0, 0x1E, 0x10, 0x10, 0x10, 0x10, 0x10, 0x11, 0xF0, 0x1E, 0x10, 0x10, 0x10 };
static const uint8_t bitmap_2247[] = { 0x00, 0x00, 0xD8, 0x00, 0x6C, 0x1E, 0x4B, 0xE0, 0x58, 0x20, 0x68, 0x20, 0x48, 0x20, 0x48, 0x20, 0x58, 0x20, 0x68, 0x20, 0x48, 0x20, 0x48, 0x20, 0x58, 0x20, 0x68, 0xA0, 0x40, 0x60, 0x00, 0x40 };
static const uint8_t bitmap_2248[] = { 0x03, 0x00, 0x01, 0x00, 0x81, 0xFE, 0x7F, 0x00, 0x08, 0x00, 0x09, 0xF0, 0x0E, 0x00, 0x19, 0xF0, 0x0E, 0x20, 0x09, 0xE0, 0x0E, 0x20, 0x09, 0xE0, 0x0E, 0x20, 0x09, 0xE0, 0x0E, 0x20, 0x08, 0x20 };
static const uint8_t bitmap_2249[] = { 0x03, 0x00, 0x81, 0xFE, 0x7F, 0x00, 0x01, 0x00, 0x19, 0xF0, 0x0E, 0x20, 0x09, 0xE0, 0x0E, 0x20, 0x09, 0xE0, 0x0E, 0x20, 0x09, 0xE0, 0x0E, 0x20, 0x08, 0x20, 0x88, 0xFE, 0x7F, 0x00, 0x00, 0x00 };
static const uint8_t bitmap_2250[] = { 0x30, 0x00, 0x11, 0x9E, 0x10, 0xE4, 0x9E, 0x84, 0x70, 0x84, 0x10, 0x9C, 0x38, 0xE4, 0x34, 0x84, 0x52, 0x84, 0x50, 0x9C, 0x90, 0xE4, 0x10, 0x84, 0x10, 0x84, 0x10, 0x9C, 0x10, 0xE4, 0x10, 0x84 };
static const uint8_t bitmap_2251[] = { 0x00, 0xC0, 0xDC, 0x40, 0x68, 0x40, 0x4C, 0x7C, 0x5B, 0xC0, 0x68, 0x58, 0x4A, 0x48, 0x4A, 0x48, 0x5A, 0x48, 0x6A, 0x78, 0x4B, 0xC8, 0x4A, 0x40, 0x58, 0x44, 0x68, 0x44, 0x40, 0x24, 0x00, 0x1E };
static const uint8_t bitmap_2252[] = { 0x00, 0x20, 0xDD, 0x60, 0x69, 0x10, 0x49, 0x08, 0x5A, 0x08, 0x6A, 0x04, 0x4E, 0x3A, 0x49, 0xCA, 0x58, 0x88, 0x68, 0x88, 0x48, 0x88, 0x49, 0x08, 0x59, 0x08, 0x6A, 0x50, 0x44, 0x30, 0x08, 0x20 };
static const uint8_t bitmap_2253[] = { 0x00, 0x1C, 0x61, 0xE0, 0x3E, 0x80, 0x20, 0x80, 0x30, 0xFE, 0x2F, 0x80, 0x20, 0x80, 0x2C, 0xFC, 0x27, 0x88, 0x24, 0x78, 0x27, 0x88, 0x44, 0x78, 0x47, 0x88, 0x84, 0x78, 0x07, 0x88, 0x04, 0x08 };
static const uint8_t bitmap_2254[] = { 0x03, 0x00, 0x19, 0x30, 0x09, 0x08, 0x11, 0x24, 0x11, 0x22, 0x20, 0x42, 0x41, 0x80, 0x82, 0xF8, 0x0F, 0x10, 0x38, 0xF0, 0xCF, 0x10, 0x08, 0xF0, 0x0F, 0x10, 0x08, 0xF0, 0x0F, 0x10, 0x08, 0x10 };
static const uint8_t bitmap_2255[] = { 0x00, 0x00, 0x60, 0xFE, 0x3F, 0x04, 0x21, 0x04, 0x21, 0xFC, 0x3E, 0x00, 0x24, 0xFC, 0x27, 0x08, 0x24, 0xF8, 0x27, 0x08, 0x24, 0xF8, 0x27, 0x08, 0x44, 0x08, 0x44, 0xF8, 0x87, 0x08, 0x04, 0x08 };
static const uint8_t bitmap_2256[] = { 0x00, 0x38, 0x01, 0xC0, 0x1E, 0x00, 0x42, 0xFC, 0x3F, 0x00, 0x84, 0xFE, 0x7F, 0x00, 0x08, 0xF8, 0x1F, 0x10, 0x28, 0xF0, 0x4F, 0x10, 0x88, 0xF0, 0x0F, 0x10, 0x08, 0xF0, 0x0F, 0x10, 0x08, 0x10 };
static const uint8_t bitmap_2257[] = { 0x03, 0x00, 0x41, 0xFC, 0x3F, 0x00, 0x11, 0xF0, 0x0E, 0x20, 0x09, 0xE0, 0x0E, 0x20, 0x09, 0xE0, 0x0E, 0x20, 0x09, 0xE0, 0x0E, 0x20, 0x89, 0xFE, 0x7E, 0x40, 0x04, 0x30, 0x18, 0x08, 0x60, 0x04 };
static const uint8_t bitmap_2258[] = { 0x00, 0x00, 0x06, 0x3C, 0xBB, 0xC8, 0xD2, 0x08, 0x92, 0x38, 0xB3, 0xC8, 0xD2, 0x40, 0x92, 0x5C, 0xB3, 0xE0, 0xD2, 0x40, 0x92, 0x20, 0x92, 0x24, 0xB2, 0x34, 0xD2, 0xD4, 0x83, 0x0C, 0x1C, 0x06 };
static const uint8_t bitmap_2259[] = { 0x00, 0x1C, 0xDC, 0x60, 0x6B, 0xA0, 0x48, 0x20, 0x58, 0x20, 0x6A, 0x3C, 0x49, 0xC4, 0x48, 0x08, 0x58, 0x08, 0x68, 0x10, 0x49, 0x10, 0x49, 0x20, 0x59, 0x40, 0x6A, 0x80, 0x42, 0x60, 0x04, 0x1E };
static const uint8_t bitmap_2260[] = { 0x00, 0xC4, 0xB4, 0x48, 0xD2, 0x48, 0x91, 0x50, 0xB1, 0x50, 0xD8, 0x7E, 0x97, 0xC0, 0xB0, 0x60, 0xD0, 0xD0, 0x91, 0x48, 0x91, 0x44, 0xB2, 0x44, 0xD4, 0x42, 0x88, 0x42, 0x00, 0x40, 0x00, 0x40 };
static const uint8_t bitmap_2261[] = { 0x00, 0x00, 0x06, 0x1E, 0xDB, 0xE0, 0x6A, 0x00, 0x4A, 0x98, 0x5A, 0x60, 0x6A, 0x20, 0x4A, 0xB8, 0x5A, 0x60, 0x6A, 0x20, 0x4B, 0x3C, 0x5A, 0xE0, 0x6A, 0x00, 0x4A, 0x1E, 0x03, 0xE0, 0x02, 0x00 };
static const uint8_t bitmap_2262[] = { 0x13, 0x10, 0x09, 0x20, 0x49, 0xFC, 0x3F, 0x00, 0x02, 0x00, 0x85, 0xFE, 0x7E, 0x10, 0x11, 0xF8, 0x3E, 0x14, 0x51, 0xF2, 0x9E, 0x10, 0x11, 0xF0, 0x1E, 0x10, 0x11, 0xF0, 0x1E, 0x10, 0x10, 0x10 };
static const uint8_t bitmap_2263[] = { 0x00, 0x00, 0x03, 0x3C, 0xDD, 0xC8, 0x69, 0x38, 0x49, 0xC8, 0x59, 0x08, 0x69, 0x38, 0x49, 0xC4, 0x59, 0x44, 0x69, 0x28, 0x49, 0x10, 0x59, 0x28, 0x69, 0x44, 0x49, 0x84, 0x07, 0x02, 0x00, 0x02 };
static const uint8_t bitmap_2264[] = { 0x04, 0x20, 0x42, 0xFC, 0x3F, 0x00, 0x21, 0xF8, 0x1F, 0x00, 0x82, 0xFE, 0x7F, 0x00, 0x04, 0xF8, 0x0F, 0x10, 0x18, 0xF0, 0x2F, 0x10, 0xC8, 0xF0, 0x0F, 0x10, 0x08, 0xF0, 0x0F, 0x10, 0x08, 0x10 };
static const uint8_t bitmap_2265[] = { 0x00, 0x80, 0xB8, 0xB8, 0xD0, 0xD0, 0x91, 0x20, 0xB6, 0x7C, 0xD3, 0xC8, 0x98, 0x7E, 0xB7, 0xC8, 0xD0, 0x48, 0x94, 0x78, 0x93, 0xC8, 0xB0, 0x40, 0xD0, 0x40, 0x81, 0x40, 0x00, 0xC0, 0x00, 0x80 };
static const uint8_t bitmap_2266[] = { 0x00, 0xC0, 0xB8, 0x40, 0xD0, 0x40, 0x94, 0x7C, 0xB3, 0xC0, 0xD0, 0x48, 0x92, 0x48, 0xB1, 0x50, 0xD9, 0x7E, 0x97, 0xC0, 0x91, 0x70, 0xB1, 0x48, 0xD2, 0x44, 0x84, 0x42, 0x18, 0x40, 0x00, 0x40 };
static const uint8_t bitmap_2267[] = { 0x00, 0xC0, 0xDC, 0x7C, 0x6B, 0xC0, 0x4A, 0x78, 0x59, 0xC0, 0x6C, 0x7E, 0x4B, 0xC0, 0x5A, 0x3C, 0x6B, 0xC8, 0x4A, 0x38, 0x4B, 0xC8, 0x5A, 0x38, 0x6B, 0xC8, 0x42, 0x28, 0x02, 0x18, 0x02, 0x10 };
static const uint8_t bitmap_2268[] = { 0x00, 0x18, 0xDC, 0x60, 0x6B, 0xC0, 0x48, 0x40, 0x5C, 0x7C, 0x6B, 0xC8, 0x49, 0x48, 0x5D, 0x7E, 0x6B, 0xC8, 0x49, 0x48, 0x4D, 0x7C, 0x5B, 0xC0, 0x68, 0x40, 0x44, 0x7C, 0x03, 0x80, 0x00, 0x00 };
static const uint8_t bitmap_2269[] = { 0x18, 0x00, 0x0F, 0x1C, 0x08, 0xE4, 0x8F, 0x28, 0x7A, 0x10, 0x29, 0x28, 0x29, 0x44, 0x48, 0xFA, 0x8F, 0x10, 0x08, 0xF0, 0x0F, 0x10, 0x08, 0xF0, 0x0F, 0x10, 0x08, 0xF0, 0x0F, 0x10, 0x08, 0x10 };
static const uint8_t bitmap_2270[] = { 0x00, 0xC0, 0xB8, 0x40, 0xD4, 0x7C, 0x93, 0xC0, 0xB0, 0x40, 0xD8, 0x7E, 0x97, 0xA0, 0xB1, 0x18, 0xD2, 0xC4, 0x9C, 0x42, 0x94, 0x7C, 0xB3, 0xC0, 0xD0, 0x40, 0x88, 0x7E, 0x07, 0x80, 0x00, 0x00 };
static const uint8_t bitmap_2271[] = { 0x00, 0xC0, 0xB8, 0x40, 0xD4, 0x7E, 0x93, 0xC0, 0xB4, 0x7C, 0xD3, 0xC8, 0x98, 0x7E, 0xB7, 0xC8, 0xD4, 0x78, 0x93, 0xC8, 0x96, 0x40, 0xB2, 0x5C, 0xD3, 0x60, 0x82, 0xC0, 0x04, 0x40, 0x18, 0x3E };
static const uint8_t bitmap_2272[] = { 0x00, 0x0C, 0xD8, 0x30, 0x69, 0xC4, 0x4E, 0x44, 0x5A, 0x28, 0x69, 0x28, 0x49, 0x50, 0x5C, 0x7E, 0x6B, 0xE0, 0x48, 0xD0, 0x49, 0x48, 0x59, 0x48, 0x6A, 0x44, 0x44, 0x42, 0x18, 0x42, 0x00, 0x40 };
static const uint8_t bitmap_2273[] = { 0x00, 0xC0, 0xDC, 0x48, 0x6A, 0x78, 0x49, 0xC8, 0x58, 0x50, 0x6C, 0x7E, 0x4B, 0xC0, 0x58, 0x80, 0x69, 0x3C, 0x4B, 0xC8, 0x4D, 0x38, 0x59, 0xC8, 0x69, 0x08, 0x41, 0x38, 0x01, 0xC8, 0x01, 0x08 };
static const uint8_t bitmap_2274[] = { 0x00, 0x90, 0xDC, 0x90, 0x68, 0xBE, 0x4F, 0xD0, 0x58, 0x90, 0x68, 0x80, 0x4E, 0x7E, 0x5B, 0xC4, 0x6A, 0x44, 0x4A, 0x7C, 0x4B, 0xC4, 0x5A, 0x44, 0x6A, 0x44, 0x42, 0x7C, 0x03, 0xC4, 0x02, 0x04 };
static const uint8_t bitmap_2275[] = { 0x00, 0xB0, 0xB3, 0x10, 0xDE, 0x10, 0x92, 0x14, 0xB3, 0xD4, 0xDE, 0x54, 0x92, 0x58, 0xB7, 0x50, 0xD6, 0x90, 0x9A, 0xA8, 0x92, 0x28, 0xB2, 0x24, 0xD2, 0x44, 0x82, 0x42, 0x02, 0x82, 0x03, 0x02 };
static const uint8_t bitmap_2276[] = { 0x00, 0xC0, 0xDC, 0x40, 0x6A, 0x7E, 0x4B, 0xC4, 0x5E, 0x78, 0x69, 0xC0, 0x4A, 0x78, 0x59, 0xC0, 0x6C, 0x7E, 0x4B, 0xC0, 0x4A, 0x7C, 0x59, 0xC8, 0x69, 0x08, 0x41, 0x38, 0x01, 0xC8, 0x01, 0x08 };
static const uint8_t bitmap_2277[] = { 0x03, 0x30, 0xB1, 0x10, 0xD9, 0x7E, 0x97, 0x90, 0xB1, 0x10, 0xD9, 0x7E, 0x97, 0xA0, 0xB0, 0xA0, 0xDC, 0xBE, 0x97, 0xE4, 0x94, 0xA4, 0xB5, 0x74, 0xD5, 0x2C, 0x86, 0x44, 0x04, 0x8C, 0x04, 0x08 };
static const uint8_t bitmap_2278[] = { 0x00, 0x90, 0xD8, 0x90, 0x69, 0x20, 0x49, 0x3E, 0x5B, 0xE0, 0x6D, 0x20, 0x49, 0x3C, 0x59, 0xE0, 0x69, 0x3C, 0x49, 0xE0, 0x49, 0x20, 0x59, 0x3E, 0x69, 0xC0, 0x43, 0x24, 0x04, 0x92, 0x18, 0x92 };
static const uint8_t bitmap_2279[] = { 0x00, 0x00, 0xBC, 0x3E, 0xD7, 0xC4, 0x94, 0x3C, 0xB7, 0xC0, 0xD4, 0x3C, 0x97, 0xE0, 0xB5, 0x3C, 0xD5, 0xE4, 0x95, 0x3C, 0x95, 0xE0, 0xB6, 0x3E, 0xCB, 0xEA, 0x8A, 0x3A, 0x12, 0xCE, 0x02, 0x04 };
static const uint8_t bitmap_2280[] = { 0x00, 0x48, 0xDB, 0xC8, 0x68, 0x52, 0x4C, 0xB2, 0x5A, 0x8C, 0x69, 0x74, 0x4B, 0x82, 0x5D, 0x7A, 0x69, 0x90, 0x49, 0x10, 0x49, 0x70, 0x59, 0x90, 0x69, 0x20, 0x40, 0xBE, 0x07, 0xC0, 0x00, 0x00 };
static const uint8_t bitmap_2281[] = { 0x00, 0x0C, 0xB8, 0x74, 0xD7, 0xC4, 0x91, 0x48, 0xB5, 0x3E, 0xD7, 0xC4, 0x94, 0x08, 0xBA, 0x8E, 0xD3, 0xF8, 0x92, 0xA8, 0x94, 0xA8, 0xBB, 0x4E, 0xD1, 0x78, 0x82, 0x48, 0x04, 0x08, 0x08, 0x08 };
static const uint8_t bitmap_2282[] = { 0x00, 0x60, 0xD8, 0x20, 0x6C, 0x3E, 0x4B, 0xD0, 0x5A, 0x8A, 0x69, 0x3C, 0x4B, 0xCA, 0x4D, 0x38, 0x59, 0xC8, 0x69, 0x38, 0x49, 0xE0, 0x48, 0x28, 0x5B, 0x24, 0x6A, 0xA2, 0x44, 0x62, 0x08, 0x40 };
static const uint8_t bitmap_2283[] = { 0x00, 0xC0, 0xDC, 0x40, 0x6A, 0x7C, 0x4B, 0x90, 0x59, 0x10, 0x6C, 0xFC, 0x4B, 0xC8, 0x5A, 0x78, 0x6B, 0xC8, 0x4A, 0x78, 0x4B, 0xC0, 0x5C, 0x7C, 0x6B, 0xC0, 0x48, 0x7E, 0x07, 0x80, 0x00, 0x00 };
static const uint8_t bitmap_2284[] = { 0x01, 0x20, 0xB9, 0xC0, 0xD2, 0xBE, 0x97, 0xC8, 0xBC, 0xA4, 0xD5, 0x3E, 0x96, 0xC0, 0xB5, 0x38, 0xD4, 0xC0, 0x95, 0x38, 0x94, 0xC0, 0xB7, 0x3C, 0xC9, 0xC8, 0x89, 0x38, 0x11, 0xC8, 0x01, 0x08 };
static const uint8_t bitmap_2285[] = { 0x01, 0x00, 0x41, 0xFC, 0x3F, 0x20, 0x08, 0xE0, 0x0F, 0x20, 0x08, 0xE0, 0x0F, 0x20, 0x88, 0xFE, 0x7F, 0x20, 0x10, 0xBE, 0x9F, 0x68, 0x74, 0x58, 0x2C, 0x68, 0x37, 0x5E, 0x2C, 0xE0, 0xF0, 0x00 };
static const uint8_t bitmap_2286[] = { 0x00, 0x00, 0x10, 0x78, 0x0F, 0x90, 0x02, 0x20, 0x01, 0x40, 0x00, 0x80, 0x81, 0xFE, 0x7E, 0x88, 0x01, 0x90, 0x02, 0xA0, 0x04, 0xC0, 0x08, 0x80, 0x30, 0x80, 0xC2, 0x80, 0x01, 0x80, 0x01, 0x00 };
static const uint8_t bitmap_2287[] = { 0x08, 0x00, 0x08, 0x00, 0x08, 0xF8, 0x1F, 0x00, 0x11, 0x00, 0x21, 0x00, 0x41, 0x00, 0x81, 0xFE, 0x7F, 0x00, 0x02, 0x80, 0x04, 0x40, 0x04, 0x20, 0x08, 0x10, 0x10, 0x08, 0x20, 0x04, 0xC0, 0x02 };
static const uint8_t bitmap_2288[] = { 0x02, 0x00, 0x02, 0x20, 0x04, 0x70, 0x05, 0x88, 0x3E, 0x04, 0x08, 0x00, 0x09, 0xF8, 0x1F, 0x00, 0x21, 0x00, 0x81, 0xFE, 0x7E, 0x80, 0x02, 0x60, 0x04, 0x10, 0x08, 0x08, 0x30, 0x04, 0xC0, 0x02 };
static const uint8_t bitmap_2289[] = { 0x60, 0x00, 0x20, 0x00, 0x23, 0x9E, 0x3C, 0xE4, 0x48, 0x84, 0x48, 0x84, 0x8F, 0x84, 0x78, 0x84, 0x08, 0x84, 0x08, 0x84, 0x14, 0x84, 0x12, 0x84, 0x22, 0x9C, 0x20, 0xE4, 0x40, 0x80, 0x80, 0x00 };
static const uint8_t bitmap_2290[] = { 0x00, 0x00, 0x23, 0x1C, 0x21, 0xE0, 0x2D, 0x00, 0x71, 0x00, 0x51, 0x3C, 0x51, 0xC8, 0x9F, 0x08, 0x71, 0x08, 0x11, 0x38, 0x29, 0xC8, 0x25, 0x00, 0x45, 0x00, 0x43, 0x3E, 0x81, 0xC0, 0x01, 0x00 };
static const uint8_t bitmap_2291[] = { 0x20, 0x0C, 0x20, 0x70, 0x23, 0xC0, 0x4C, 0x40, 0x74, 0x5E, 0x93, 0xE0, 0x10, 0x50, 0x9C, 0x88, 0x71, 0xB4, 0x16, 0x92, 0x10, 0x90, 0x28, 0x90, 0x25, 0x10, 0x45, 0x10, 0x42, 0x10, 0x84, 0x10 };
static const uint8_t bitmap_2292[] = { 0x60, 0x00, 0x21, 0x1C, 0x2F, 0xE0, 0x38, 0x00, 0x49, 0x9C, 0x48, 0xE8, 0x8E, 0x88, 0x78, 0x88, 0x08, 0xB8, 0x08, 0xC0, 0x14, 0x88, 0x12, 0x48, 0x22, 0x50, 0x24, 0x7E, 0x43, 0xC0, 0x80, 0x00 };
static const uint8_t bitmap_2293[] = { 0x20, 0x18, 0x20, 0x60, 0x21, 0xA0, 0x4C, 0x3E, 0x73, 0xE0, 0x90, 0x70, 0x10, 0xAC, 0x9D, 0x22, 0x72, 0x40, 0x14, 0x5E, 0x13, 0xE8, 0x28, 0x88, 0x25, 0xD0, 0x44, 0x28, 0x40, 0xC4, 0x87, 0x02 };
static const uint8_t bitmap_2294[] = { 0x00, 0x00, 0x81, 0xFE, 0x7E, 0x00, 0x02, 0x00, 0x02, 0x00, 0x04, 0x00, 0x04, 0x00, 0x08, 0xF8, 0x1F, 0x10, 0x28, 0x10, 0xC8, 0x10, 0x08, 0x10, 0x08, 0x10, 0x08, 0xF0, 0x0F, 0x10, 0x08, 0x10 };
static const uint8_t bitmap_2295[] = { 0x00, 0x00, 0x9D, 0x78, 0x61, 0x90, 0x21, 0x10, 0x21, 0x10, 0x41, 0x10, 0x5D, 0x90, 0x69, 0x50, 0xC9, 0x50, 0x49, 0x50, 0x49, 0x10, 0x59, 0x14, 0x6A, 0x14, 0x42, 0x14, 0x04, 0x14, 0x18, 0x0E };
static const uint8_t bitmap_2296[] = { 0x00, 0x60, 0x9C, 0x20, 0x60, 0x20, 0x23, 0x3E, 0x21, 0xE0, 0x41, 0x00, 0x5D, 0x00, 0x69, 0x00, 0xC9, 0x00, 0x49, 0x00, 0x49, 0x00, 0x59, 0x00, 0x6A, 0x00, 0x42, 0x00, 0x04, 0x00, 0x08, 0x00 };
static const uint8_t bitmap_2297[] = { 0x00, 0x00, 0x9D, 0x3C, 0x61, 0xC8, 0x20, 0x08, 0x20, 0x90, 0x40, 0x90, 0x5D, 0x10, 0x69, 0x3E, 0xCB, 0xC4, 0x4A, 0x04, 0x4C, 0x34, 0x5B, 0xC4, 0x68, 0x08, 0x40, 0x48, 0x00, 0x30, 0x00, 0x20 };
static const uint8_t bitmap_2298[] = { 0x00, 0x60, 0x9C, 0x20, 0x60, 0x28, 0x21, 0xA4, 0x20, 0xA2, 0x20, 0xA2, 0x41, 0x20, 0x5D, 0x24, 0x6A, 0x24, 0xC8, 0x24, 0x48, 0x08, 0x48, 0x08, 0x58, 0x10, 0x68, 0x20, 0x48, 0xC0, 0x03, 0x00 };
static const uint8_t bitmap_2299[] = { 0x06, 0x00, 0x02, 0x00, 0x9A, 0x4E, 0x62, 0x32, 0x22, 0xD2, 0x2F, 0x12, 0x22, 0x12, 0x5A, 0x12, 0x6A, 0x12, 0xCA, 0x22, 0x4A, 0xA2, 0x4B, 0x24, 0x5A, 0x44, 0x68, 0x54, 0x40, 0x8C, 0x01, 0x08 };
static const uint8_t bitmap_2300[] = { 0x00, 0x80, 0x9C, 0x80, 0x60, 0x80, 0x20, 0x9E, 0x21, 0xE4, 0x21, 0x08, 0x42, 0x60, 0x5C, 0x20, 0x68, 0x20, 0xC8, 0x20, 0x48, 0x50, 0x48, 0x48, 0x58, 0x84, 0x68, 0x84, 0x41, 0x02, 0x06, 0x02 };
static const uint8_t bitmap_2301[] = { 0x00, 0x00, 0x01, 0x1E, 0x8E, 0xE8, 0x70, 0x48, 0x20, 0x48, 0x20, 0x48, 0x22, 0x5E, 0x5D, 0xE8, 0x68, 0x48, 0xC8, 0x48, 0x48, 0x48, 0x48, 0x48, 0x58, 0x88, 0x68, 0x88, 0x41, 0x08, 0x02, 0x08 };
static const uint8_t bitmap_2302[] = { 0x00, 0x20, 0x00, 0x20, 0x8C, 0x20, 0x72, 0x3C, 0x21, 0xE0, 0x20, 0x20, 0x22, 0x3E, 0x5D, 0xC0, 0x68, 0x40, 0xC8, 0xFC, 0x48, 0x88, 0x48, 0x10, 0x58, 0xD0, 0x68, 0x20, 0x40, 0x10, 0x00, 0x10 };
static const uint8_t bitmap_2303[] = { 0x00, 0x00, 0x8F, 0x3C, 0x71, 0xC8, 0x21, 0x08, 0x21, 0x48, 0x21, 0x48, 0x5D, 0x48, 0x69, 0x48, 0xC9, 0x48, 0x49, 0x48, 0x49, 0x48, 0x58, 0x60, 0x68, 0xA4, 0x41, 0x24, 0x02, 0x24, 0x0C, 0x1E };
static const uint8_t bitmap_2304[] = { 0x00, 0x00, 0x9C, 0x3C, 0x63, 0xC0, 0x20, 0x44, 0x22, 0x44, 0x21, 0x48, 0x59, 0x50, 0x69, 0x40, 0xCC, 0x7E, 0x4B, 0xC0, 0x48, 0x40, 0x58, 0x40, 0x68, 0x40, 0x40, 0x40, 0x00, 0x40, 0x00, 0x40 };
static const uint8_t bitmap_2305[] = { 0x00, 0x60, 0x9C, 0x20, 0x63, 0x3E, 0x21, 0xE4, 0x21, 0x28, 0x21, 0x20, 0x5D, 0x3C, 0x69, 0xE4, 0xC9, 0x48, 0x49, 0x28, 0x49, 0x10, 0x5A, 0x10, 0x6A, 0x28, 0x44, 0x44, 0x09, 0x84, 0x06, 0x02 };
static const uint8_t bitmap_2306[] = { 0x00, 0x00, 0x9E, 0x1E, 0x63, 0xE0, 0x22, 0x20, 0x22, 0xBC, 0x42, 0xE4, 0x5E, 0xA4, 0x6A, 0xA4, 0xCA, 0xB4, 0x4A, 0xAC, 0x4A, 0xA8, 0x5A, 0x20, 0x6A, 0x20, 0x42, 0x3E, 0x03, 0xC0, 0x02, 0x00 };
static const uint8_t bitmap_2307[] = { 0x00, 0x04, 0x8D, 0x18, 0x71, 0xE0, 0x21, 0x00, 0x21, 0x60, 0x21, 0x20, 0x59, 0x20, 0x6A, 0x3E, 0xCB, 0xE0, 0x4A, 0x20, 0x48, 0xA8, 0x58, 0xA4, 0x69, 0x24, 0x42, 0xA2, 0x0C, 0x62, 0x00, 0x40 };
static const uint8_t bitmap_2308[] = { 0x00, 0x60, 0x9C, 0x20, 0x63, 0x2C, 0x21, 0x24, 0x21, 0x24, 0x41, 0x3C, 0x5D, 0xE4, 0x69, 0x24, 0xC8, 0x20, 0x4E, 0x26, 0x4A, 0x22, 0x5A, 0x22, 0x6A, 0x22, 0x42, 0x3E, 0x03, 0xC2, 0x02, 0x02 };
static const uint8_t bitmap_2309[] = { 0x00, 0x60, 0x9C, 0x20, 0x61, 0x3C, 0x20, 0xE0, 0x20, 0x20, 0x22, 0x3E, 0x41, 0xC0, 0x5C, 0x20, 0x68, 0x20, 0xCA, 0x3C, 0x49, 0xE0, 0x48, 0x20, 0x58, 0x20, 0x68, 0x3E, 0x47, 0xC0, 0x00, 0x00 };
static const uint8_t bitmap_2310[] = { 0x00, 0x00, 0x02, 0x1E, 0x9D, 0xE0, 0x70, 0x20, 0x11, 0xBE, 0x20, 0xE4, 0x20, 0x84, 0x4E, 0xA4, 0x74, 0xA4, 0xA4, 0xA4, 0x24, 0xA4, 0x24, 0xA4, 0x2C, 0x20, 0x34, 0x58, 0x20, 0x84, 0x07, 0x02 };
static const uint8_t bitmap_2311[] = { 0x02, 0x64, 0x8D, 0x24, 0x71, 0x28, 0x20, 0xA8, 0x23, 0x3E, 0x21, 0xC4, 0x41, 0x04, 0x5D, 0x3C, 0x69, 0xC4, 0xC9, 0x04, 0x49, 0x3C, 0x49, 0xC4, 0x59, 0x04, 0x69, 0x14, 0x41, 0x0C, 0x01, 0x08 };
static const uint8_t bitmap_2312[] = { 0x00, 0xC0, 0x00, 0x40, 0x9C, 0x7C, 0x73, 0xD0, 0x10, 0x88, 0x20, 0xB8, 0x23, 0xC4, 0x3C, 0x34, 0x4B, 0x50, 0xC9, 0x50, 0x49, 0x50, 0x49, 0x50, 0x59, 0x54, 0x6A, 0x54, 0x42, 0x54, 0x0C, 0x0E };
static const uint8_t bitmap_2313[] = { 0x00, 0x00, 0x8C, 0x1E, 0x73, 0xE0, 0x20, 0x20, 0x23, 0x3E, 0x21, 0xE4, 0x5D, 0x3C, 0x69, 0xE4, 0xC9, 0x3C, 0x49, 0xE4, 0x49, 0x20, 0x58, 0xE0, 0x68, 0x30, 0x40, 0x48, 0x00, 0x84, 0x07, 0x02 };
static const uint8_t bitmap_2314[] = { 0x00, 0x80, 0x8C, 0xB8, 0x70, 0xD0, 0x21, 0x10, 0x21, 0x3E, 0x23, 0xE4, 0x5D, 0x24, 0x69, 0x3C, 0xC9, 0xE4, 0x49, 0x24, 0x49, 0x3C, 0x59, 0xE4, 0x69, 0x24, 0x42, 0x34, 0x02, 0x2C, 0x04, 0x08 };
static const uint8_t bitmap_2315[] = { 0x00, 0x00, 0x9D, 0x3C, 0x60, 0xC8, 0x21, 0x38, 0x20, 0xC8, 0x20, 0x08, 0x44, 0x3E, 0x5B, 0xE0, 0x6A, 0x22, 0xC9, 0x24, 0x48, 0xB0, 0x48, 0x68, 0x58, 0xA4, 0x69, 0xA2, 0x46, 0x62, 0x00, 0x40 };
static const uint8_t bitmap_2316[] = { 0x00, 0x00, 0x01, 0xBC, 0x9C, 0xC8, 0x60, 0xB8, 0x20, 0xC8, 0x20, 0xB8, 0x40, 0xC0, 0x5A, 0x3E, 0x6D, 0xC8, 0xC8, 0x08, 0x4A, 0x3E, 0x49, 0xC8, 0x58, 0x88, 0x68, 0x68, 0x40, 0x18, 0x00, 0x10 };
static const uint8_t bitmap_2317[] = { 0x00, 0x60, 0x9C, 0x20, 0x62, 0x3E, 0x21, 0xC0, 0x20, 0x08, 0x20, 0x88, 0x40, 0x94, 0x5D, 0x54, 0x69, 0x22, 0xCA, 0x20, 0x4C, 0x3E, 0x4B, 0xE0, 0x58, 0x20, 0x68, 0x20, 0x40, 0x20, 0x00, 0x20 };
static const uint8_t bitmap_2318[] = { 0x00, 0x20, 0x9F, 0x3E, 0x61, 0xE4, 0x21, 0x24, 0x21, 0x3C, 0x21, 0xE4, 0x5D, 0x24, 0x69, 0x5C, 0x49, 0xE0, 0xC8, 0x90, 0x4D, 0x3E, 0x4B, 0xD0, 0x58, 0x10, 0x68, 0x10, 0x40, 0x10, 0x00, 0x10 };
static const uint8_t bitmap_2319[] = { 0x00, 0xC0, 0x9C, 0x40, 0x62, 0x7E, 0x23, 0xC4, 0x22, 0x08, 0x26, 0xEE, 0x43, 0xB4, 0x5A, 0xA4, 0x6A, 0xA4, 0xCC, 0xB4, 0x4A, 0xAC, 0x49, 0xA8, 0x59, 0x20, 0x69, 0x24, 0x42, 0x24, 0x0C, 0x1E };
static const uint8_t bitmap_2320[] = { 0x00, 0x50, 0x9C, 0x50, 0x60, 0x50, 0x23, 0x7C, 0x21, 0xD4, 0x21, 0x54, 0x41, 0x7C, 0x59, 0xD4, 0x69, 0x54, 0xC9, 0x54, 0x4D, 0x7E, 0x4B, 0x80, 0x58, 0x48, 0x68, 0x84, 0x41, 0x02, 0x06, 0x02 };
static const uint8_t bitmap_2321[] = { 0x03, 0x58, 0x01, 0x48, 0x9D, 0x7E, 0x63, 0xC8, 0x21, 0x78, 0x21, 0x40, 0x41, 0x1E, 0x59, 0xE0, 0x69, 0x20, 0xCC, 0x3E, 0x4B, 0xE0, 0x48, 0x70, 0x58, 0xA8, 0x69, 0x24, 0x46, 0x22, 0x00, 0x20 };
static const uint8_t bitmap_2322[] = { 0x00, 0x20, 0x9F, 0xBE, 0x70, 0xE4, 0x9C, 0x9C, 0x70, 0xE4, 0x16, 0x9C, 0x18, 0xE4, 0xE0, 0x00, 0x80, 0xFE, 0x7F, 0x00, 0x04, 0xF8, 0x0F, 0x10, 0x18, 0x10, 0x28, 0xF0, 0xCF, 0x10, 0x08, 0x10 };
static const uint8_t bitmap_2323[] = { 0x01, 0x10, 0x9D, 0x10, 0x60, 0xA0, 0x24, 0xBC, 0x23, 0xE0, 0x20, 0xA0, 0x40, 0xA4, 0x5C, 0xA4, 0x6A, 0xA4, 0xCA, 0xA8, 0x4A, 0xA8, 0x48, 0xA0, 0x58, 0xA0, 0x68, 0xBE, 0x47, 0xC0, 0x00, 0x00 };
static const uint8_t bitmap_2324[] = { 0x00, 0x6C, 0x98, 0x22, 0x60, 0x20, 0x24, 0x3E, 0x27, 0xE0, 0x44, 0x20, 0x56, 0xE4, 0x75, 0x14, 0xD4, 0xD4, 0x55, 0x54, 0x55, 0x58, 0x75, 0xCA, 0x49, 0x5A, 0x48, 0x24, 0x10, 0xC6, 0x03, 0x02 };
static const uint8_t bitmap_2325[] = { 0x00, 0x60, 0x9D, 0x26, 0x61, 0x22, 0x21, 0x3E, 0x21, 0xE2, 0x21, 0x00, 0x45, 0x3E, 0x5B, 0xC0, 0x69, 0x32, 0xC9, 0x52, 0x49, 0x54, 0x49, 0xA8, 0x5A, 0x24, 0x6A, 0x44, 0x44, 0x82, 0x03, 0x02 };
static const uint8_t bitmap_2326[] = { 0x00, 0x00, 0x9E, 0x3E, 0x63, 0xC4, 0x22, 0x04, 0x22, 0x3C, 0x23, 0xC8, 0x42, 0x5E, 0x5B, 0xE8, 0x6A, 0x48, 0xCB, 0x5E, 0x4A, 0xE2, 0x4A, 0x92, 0x5C, 0x8C, 0x64, 0xA4, 0x48, 0xC2, 0x03, 0x02 };
static const uint8_t bitmap_2327[] = { 0x01, 0x08, 0x00, 0x88, 0x9C, 0x90, 0x62, 0x7E, 0x23, 0xC8, 0x20, 0x88, 0x41, 0x10, 0x5D, 0x54, 0xEA, 0x54, 0x4B, 0x9C, 0x4E, 0xE8, 0x49, 0x08, 0x59, 0x54, 0x6A, 0xD6, 0x4F, 0x7A, 0x00, 0x42 };
static const uint8_t bitmap_2328[] = { 0x00, 0xC0, 0x9C, 0x40, 0x62, 0x7C, 0x21, 0x90, 0x20, 0xA0, 0x24, 0xBE, 0x43, 0xC4, 0x5C, 0x40, 0x6A, 0x7E, 0xC9, 0xC0, 0x48, 0x9C, 0x48, 0xE4, 0x58, 0x84, 0x69, 0x28, 0x42, 0x18, 0x0C, 0x10 };
static const uint8_t bitmap_2329[] = { 0x00, 0x00, 0x40, 0xFC, 0x3F, 0x00, 0x08, 0xF0, 0x1F, 0x10, 0x28, 0x10, 0xC8, 0xF0, 0x0F, 0x10, 0x01, 0x1E, 0x8E, 0xF0, 0x70, 0x2C, 0x2C, 0x74, 0x74, 0xC4, 0xCF, 0x4C, 0x74, 0x74, 0x44, 0x44 };
static const uint8_t bitmap_2330[] = { 0x00, 0xC0, 0x98, 0x40, 0x64, 0x7C, 0x23, 0xC0, 0x24, 0x7E, 0x23, 0xD0, 0x40, 0x88, 0x59, 0x38, 0x69, 0xC4, 0xCE, 0x04, 0x4A, 0x78, 0x4B, 0xA8, 0x5A, 0xA8, 0x6A, 0xFE, 0x47, 0x80, 0x00, 0x00 };
static const uint8_t bitmap_2331[] = { 0x01, 0x80, 0x60, 0xFE, 0x3F, 0xA0, 0x22, 0x20, 0x32, 0xBE, 0x2F, 0xF0, 0x27, 0x68, 0x2A, 0xA4, 0x2B, 0x22, 0x32, 0xFE, 0x2F, 0x80, 0x22, 0x78, 0x47, 0x90, 0x4A, 0x70, 0xB3, 0x90, 0x02, 0x10 };
static const uint8_t bitmap_2332[] = { 0x00, 0xC8, 0x9A, 0x48, 0x61, 0x50, 0x25, 0x7C, 0x23, 0xE0, 0x21, 0x58, 0x5A, 0x44, 0x6C, 0x48, 0xCA, 0x8C, 0x4B, 0xF8, 0x4C, 0xA8, 0x5B, 0x4E, 0x69, 0x78, 0x42, 0xC8, 0x04, 0x08, 0x18, 0x08 };
static const uint8_t bitmap_2333[] = { 0x00, 0x90, 0x00, 0x90, 0x9D, 0x3E, 0x63, 0xE0, 0x25, 0x20, 0x29, 0x3C, 0x21, 0xE0, 0x5D, 0x3C, 0x69, 0xE0, 0xC9, 0x20, 0x49, 0x3E, 0x49, 0xE0, 0x59, 0x08, 0x6A, 0xA4, 0x42, 0x52, 0x0C, 0x52 };
static const uint8_t bitmap_2334[] = { 0x00, 0x00, 0x20, 0xF8, 0x1F, 0x00, 0x00, 0x00, 0x00, 0x00, 0x80, 0xFE, 0x7F, 0x00, 0x01, 0x00, 0x01, 0x10, 0x11, 0x08, 0x11, 0x04, 0x21, 0x04, 0x21, 0x02, 0x45, 0x02, 0x83, 0x00, 0x02, 0x00 };
static const uint8_t bitmap_2335[] = { 0x18, 0xC0, 0x08, 0x40, 0x08, 0x40, 0x8E, 0x40, 0x72, 0x40, 0x04, 0x40, 0x04, 0x40, 0x08, 0x40, 0x1C, 0x40, 0x2A, 0x40, 0x49, 0x40, 0x88, 0x40, 0x08, 0x44, 0x08, 0x44, 0x08, 0x44, 0x08, 0x3E };
static const uint8_t bitmap_2336[] = { 0x30, 0x60, 0x10, 0x20, 0x10, 0x20, 0x9E, 0x20, 0x64, 0x20, 0x0A, 0x3C, 0x09, 0xE0, 0x10, 0x20, 0x3C, 0x20, 0x52, 0x20, 0x92, 0x20, 0x10, 0x20, 0x10, 0x20, 0x18, 0x3E, 0x17, 0xC0, 0x10, 0x00 };
static const uint8_t bitmap_2337[] = { 0x30, 0x00, 0x11, 0x3C, 0x11, 0xC8, 0x9D, 0x08, 0x65, 0x08, 0x09, 0x08, 0x09, 0x38, 0x11, 0xC8, 0x39, 0x00, 0x55, 0x00, 0x95, 0x00, 0x11, 0x00, 0x11, 0x04, 0x11, 0x04, 0x10, 0x84, 0x10, 0x7E };
static const uint8_t bitmap_2338[] = { 0x30, 0x0C, 0x11, 0x90, 0x10, 0xE0, 0x9E, 0x80, 0x64, 0x80, 0x08, 0x80, 0x08, 0x8E, 0x18, 0xF8, 0x34, 0x88, 0x52, 0x88, 0x92, 0x88, 0x11, 0x08, 0x11, 0x08, 0x12, 0x08, 0x14, 0x08, 0x10, 0x08 };
static const uint8_t bitmap_2339[] = { 0x30, 0x00, 0x11, 0xBC, 0x10, 0xC8, 0x9C, 0x88, 0x64, 0x88, 0x08, 0xB8, 0x08, 0xC8, 0x10, 0x88, 0x3C, 0x88, 0x52, 0xB8, 0x90, 0xC8, 0x10, 0x88, 0x10, 0x88, 0x14, 0xBE, 0x13, 0xC0, 0x10, 0x00 };
static const uint8_t bitmap_2340[] = { 0x30, 0x00, 0x13, 0x3C, 0x11, 0xC8, 0x9D, 0x08, 0x65, 0x08, 0x09, 0x08, 0x09, 0x38, 0x11, 0xE8, 0x3C, 0xA0, 0x52, 0xA0, 0x92, 0xA0, 0x10, 0xA0, 0x11, 0x24, 0x11, 0x24, 0x12, 0x24, 0x1C, 0x1E };
static const uint8_t bitmap_2341[] = { 0x30, 0x60, 0x10, 0x20, 0x10, 0x20, 0x9F, 0x3E, 0x65, 0xE4, 0x09, 0x24, 0x09, 0x3C, 0x11, 0xE4, 0x39, 0x24, 0x55, 0x3C, 0x95, 0xE4, 0x11, 0x20, 0x10, 0x20, 0x10, 0x20, 0x10, 0x20, 0x10, 0x20 };
static const uint8_t bitmap_2342[] = { 0x03, 0x10, 0x11, 0x10, 0x11, 0xF0, 0x1F, 0x14, 0x51, 0x04, 0x41, 0xFC, 0x7F, 0x04, 0x40, 0x00, 0x21, 0xF8, 0x1E, 0x00, 0x81, 0xFE, 0x7F, 0x00, 0x01, 0x30, 0x15, 0x08, 0x23, 0x04, 0xC2, 0x04 };
static const uint8_t bitmap_2343[] = { 0x30, 0x00, 0x11, 0x3E, 0x10, 0xC4, 0x9C, 0x04, 0x66, 0x34, 0x09, 0xC4, 0x08, 0x04, 0x11, 0x74, 0x39, 0xA4, 0x55, 0x24, 0x95, 0x24, 0x11, 0x64, 0x11, 0xA4, 0x11, 0x14, 0x10, 0x0C, 0x10, 0x08 };
static const uint8_t bitmap_2344[] = { 0x31, 0x08, 0x10, 0x88, 0x10, 0x90, 0x9E, 0xBE, 0x65, 0xE0, 0x08, 0x20, 0x09, 0x3C, 0x10, 0xE0, 0x38, 0x20, 0x56, 0x3E, 0x95, 0xE0, 0x10, 0x20, 0x10, 0x20, 0x10, 0x20, 0x10, 0x20, 0x10, 0x20 };
static const uint8_t bitmap_2345[] = { 0x00, 0x00, 0x81, 0xFE, 0x7E, 0x80, 0x35, 0xF8, 0x1E, 0x90, 0x14, 0x90, 0x15, 0xF0, 0x1E, 0x00, 0x21, 0xF8, 0x1E, 0x00, 0x81, 0xFE, 0x7F, 0x00, 0x09, 0x20, 0x15, 0x18, 0x23, 0x04, 0xC2, 0x04 };
static const uint8_t bitmap_2346[] = { 0x10, 0x00, 0x17, 0x9C, 0x19, 0x68, 0x2A, 0x50, 0x26, 0x20, 0x74, 0x50, 0x8C, 0xE8, 0x17, 0x04, 0x20, 0x02, 0xC0, 0xFC, 0x3F, 0x00, 0x09, 0x20, 0x09, 0x10, 0x15, 0x08, 0x23, 0x04, 0xC2, 0x02 };
static const uint8_t bitmap_2347[] = { 0x30, 0xC0, 0x10, 0x40, 0x12, 0x7C, 0x9D, 0xC0, 0x65, 0x78, 0x08, 0xC0, 0x0A, 0x7E, 0x11, 0xC8, 0x38, 0x88, 0xD5, 0x3E, 0x15, 0xC8, 0x12, 0x88, 0x14, 0x48, 0x10, 0x48, 0x10, 0x38, 0x10, 0x10 };
static const uint8_t bitmap_2348[] = { 0x30, 0x00, 0x13, 0x3C, 0x11, 0xC8, 0x9D, 0x08, 0x65, 0x38, 0x09, 0xC8, 0x09, 0x40, 0x12, 0x7E, 0x3B, 0xC4, 0xD6, 0x64, 0x12, 0x94, 0x12, 0x8C, 0x13, 0x04, 0x12, 0x14, 0x12, 0x0C, 0x12, 0x08 };
static const uint8_t bitmap_2349[] = { 0x03, 0x00, 0x81, 0xFE, 0x7E, 0x00, 0x01, 0xF8, 0x3E, 0x48, 0x25, 0xC8, 0x26, 0x08, 0x21, 0xF8, 0x3E, 0x00, 0x21, 0xF8, 0x1E, 0x00, 0x81, 0xFE, 0x7F, 0x00, 0x11, 0x30, 0x27, 0x0C, 0xC2, 0x02 };
static const uint8_t bitmap_2350[] = { 0x18, 0x60, 0x8E, 0x3E, 0x79, 0xF0, 0x1C, 0x68, 0x2A, 0xA4, 0x49, 0x22, 0xAA, 0xF8, 0x1F, 0x00, 0x00, 0x00, 0x81, 0xFE, 0x7F, 0x00, 0x01, 0x60, 0x09, 0x10, 0x15, 0x08, 0x23, 0x04, 0xC2, 0x00 };
static const uint8_t bitmap_2351[] = { 0x30, 0x00, 0x11, 0x3C, 0x10, 0xC8, 0x9D, 0x38, 0x64, 0xC8, 0x08, 0x08, 0x0C, 0x3E, 0x13, 0xE4, 0x3A, 0x24, 0x55, 0x28, 0x95, 0x70, 0x10, 0xA8, 0x11, 0x24, 0x16, 0xA2, 0x10, 0x62, 0x10, 0x40 };
static const uint8_t bitmap_2352[] = { 0x31, 0x08, 0x10, 0x88, 0x10, 0x90, 0x9D, 0x3C, 0x65, 0xE4, 0x09, 0x3C, 0x09, 0xE4, 0x11, 0x24, 0x39, 0x3C, 0x55, 0xE4, 0x92, 0x20, 0x14, 0x3E, 0x13, 0xE0, 0x10, 0x20, 0x10, 0x20, 0x10, 0x20 };
static const uint8_t bitmap_2353[] = { 0x30, 0x00, 0x12, 0x3E, 0x11, 0xC0, 0x9D, 0x3C, 0x64, 0xC8, 0x08, 0x88, 0x08, 0xB8, 0x10, 0xC0, 0x3B, 0x3E, 0x55, 0xE4, 0x93, 0x3C, 0x11, 0xE4, 0x11, 0x24, 0x11, 0x3C, 0x11, 0xE4, 0x11, 0x04 };
static const uint8_t bitmap_2354[] = { 0x00, 0x38, 0x03, 0xC0, 0x7D, 0x00, 0x01, 0xFC, 0x3F, 0x08, 0x21, 0x08, 0x21, 0xF8, 0x3F, 0x08, 0x21, 0x00, 0xC1, 0xFE, 0x7F, 0x44, 0x41, 0x24, 0x41, 0xE4, 0x5E, 0x14, 0x40, 0x1C, 0x40, 0x08 };
static const uint8_t bitmap_2355[] = { 0x03, 0x00, 0x01, 0x00, 0x81, 0xFE, 0x7E, 0x40, 0x14, 0x90, 0x13, 0x90, 0x12, 0x50, 0x15, 0xF0, 0x1F, 0x10, 0x61, 0xFC, 0x3F, 0x08, 0x22, 0x88, 0x22, 0x48, 0x25, 0xC8, 0x2E, 0x38, 0x20, 0x10 };
static const uint8_t bitmap_2356[] = { 0x01, 0x80, 0x02, 0x60, 0x05, 0x10, 0x0D, 0xEC, 0x36, 0x52, 0xD3, 0x90, 0x12, 0x50, 0x15, 0xF0, 0x1F, 0x10, 0x61, 0xFC, 0x3F, 0x08, 0x22, 0x88, 0x22, 0x48, 0x25, 0xC8, 0x2E, 0x38, 0x20, 0x10 };
static const uint8_t bitmap_2357[] = { 0x00, 0x30, 0x00, 0xC0, 0x03, 0x00, 0x3D, 0x00, 0x01, 0x00, 0x81, 0xFE, 0x7F, 0x80, 0x05, 0x40, 0x05, 0x20, 0x09, 0x10, 0x09, 0x08, 0x11, 0x08, 0x21, 0x04, 0x41, 0x02, 0x81, 0x02, 0x01, 0x00 };
static const uint8_t bitmap_2358[] = { 0x00, 0x18, 0x00, 0xE0, 0x3F, 0x00, 0x01, 0x00, 0x81, 0xFE, 0x7F, 0x80, 0x05, 0x60, 0x09, 0x18, 0x11, 0xE4, 0x2E, 0x22, 0xC2, 0x40, 0x04, 0x78, 0x04, 0x88, 0x08, 0x08, 0x10, 0x70, 0x60, 0x20 };
static const uint8_t bitmap_2359[] = { 0x06, 0x60, 0x18, 0x20, 0xF0, 0x20, 0x10, 0x20, 0x9E, 0x20, 0x70, 0x40, 0x18, 0x40, 0x34, 0x60, 0x32, 0x50, 0x52, 0x48, 0x50, 0x88, 0x90, 0x84, 0x10, 0x9C, 0x10, 0xE2, 0x17, 0x02, 0x10, 0x00 };
static const uint8_t bitmap_2360[] = { 0x00, 0x70, 0x01, 0x80, 0x1F, 0x00, 0x81, 0xFE, 0x7F, 0x80, 0x03, 0x40, 0x05, 0x30, 0x09, 0x08, 0x31, 0x04, 0xCD, 0xC2, 0x06, 0x80, 0x04, 0x80, 0x04, 0x84, 0x08, 0x84, 0x30, 0x44, 0xC0, 0x3E };
static const uint8_t bitmap_2361[] = { 0x06, 0x00, 0x19, 0x1C, 0xF0, 0xE0, 0x10, 0x20, 0x9E, 0x20, 0x70, 0x20, 0x12, 0x3E, 0x39, 0xE0, 0x34, 0x20, 0x54, 0x20, 0x50, 0x20, 0x90, 0x20, 0x10, 0x20, 0x10, 0x20, 0x10, 0x20, 0x10, 0x20 };
static const uint8_t bitmap_2362[] = { 0x00, 0x70, 0x03, 0x80, 0x3D, 0x00, 0x81, 0xFE, 0x7F, 0x00, 0x21, 0xF8, 0x1F, 0x10, 0x81, 0xFE, 0x7F, 0x10, 0x21, 0xF0, 0x1F, 0x10, 0x03, 0xC0, 0x05, 0x30, 0x19, 0x0C, 0xE1, 0x02, 0x01, 0x00 };
static const uint8_t bitmap_2363[] = { 0x06, 0x60, 0x18, 0x20, 0xF0, 0x20, 0x10, 0x24, 0x9E, 0xA4, 0x70, 0xA8, 0x10, 0xB0, 0x39, 0x20, 0x35, 0x20, 0x54, 0x50, 0x50, 0x48, 0x90, 0x48, 0x10, 0x84, 0x10, 0x84, 0x11, 0x02, 0x16, 0x02 };
static const uint8_t bitmap_2364[] = { 0x06, 0x60, 0x18, 0x20, 0xF0, 0x20, 0x11, 0x3E, 0x9F, 0xE4, 0x71, 0x24, 0x11, 0x24, 0x39, 0x24, 0x35, 0x3C, 0x55, 0xE4, 0x51, 0x20, 0x90, 0x20, 0x10, 0x20, 0x10, 0x20, 0x10, 0x20, 0x10, 0x20 };
static const uint8_t bitmap_2365[] = { 0x06, 0x18, 0x18, 0x88, 0xF0, 0x48, 0x10, 0x28, 0x9E, 0x28, 0x70, 0x88, 0x10, 0x88, 0x3C, 0x48, 0x32, 0x4E, 0x52, 0x08, 0x50, 0x18, 0x90, 0x68, 0x11, 0x88, 0x10, 0x08, 0x10, 0x08, 0x10, 0x08 };
static const uint8_t bitmap_2366[] = { 0x0C, 0x60, 0x10, 0x20, 0xF0, 0x28, 0x11, 0xA4, 0x9E, 0xA4, 0x70, 0xA2, 0x11, 0x22, 0x39, 0x20, 0x36, 0x24, 0x54, 0x24, 0x50, 0x08, 0x90, 0x08, 0x10, 0x10, 0x10, 0x20, 0x10, 0xC0, 0x13, 0x00 };
static const uint8_t bitmap_2367[] = { 0x06, 0x60, 0x18, 0x10, 0xF0, 0x10, 0x10, 0xC4, 0x9E, 0x44, 0x70, 0x44, 0x11, 0x48, 0x39, 0x48, 0x35, 0x54, 0x52, 0x52, 0x52, 0x62, 0x94, 0x42, 0x10, 0xA0, 0x13, 0x24, 0x1C, 0x14, 0x10, 0x0E };
static const uint8_t bitmap_2368[] = { 0x06, 0x00, 0x19, 0xBC, 0xF0, 0xC8, 0x10, 0x88, 0x9E, 0x88, 0x70, 0xB8, 0x18, 0xC8, 0x34, 0x88, 0x32, 0x88, 0x50, 0xB8, 0x50, 0xC8, 0x90, 0x88, 0x10, 0x88, 0x14, 0xBE, 0x13, 0xC0, 0x10, 0x00 };
static const uint8_t bitmap_2369[] = { 0x0C, 0x00, 0x12, 0x1C, 0xF1, 0xE0, 0x10, 0x24, 0x9D, 0x24, 0x70, 0xA8, 0x10, 0xA8, 0x38, 0xA0, 0x34, 0x3E, 0x53, 0xE0, 0x50, 0x20, 0x90, 0x20, 0x10, 0x20, 0x10, 0x20, 0x10, 0x20, 0x10, 0x20 };
static const uint8_t bitmap_2370[] = { 0x03, 0x00, 0x01, 0x00, 0x41, 0xFC, 0x3E, 0x00, 0x23, 0xF8, 0x1E, 0x00, 0x85, 0xFE, 0x7E, 0x20, 0x08, 0xD8, 0x17, 0x04, 0x21, 0xFA, 0xDF, 0x80, 0x03, 0x60, 0x05, 0x10, 0x19, 0x08, 0x61, 0x04 };
static const uint8_t bitmap_2371[] = { 0x0C, 0xC0, 0x10, 0x40, 0xF0, 0x40, 0x12, 0x7C, 0x9F, 0xC8, 0x72, 0x48, 0x1A, 0x48, 0x36, 0x48, 0x3A, 0x7E, 0x57, 0xC0, 0x50, 0x60, 0x90, 0x90, 0x10, 0x88, 0x11, 0x04, 0x12, 0x02, 0x1C, 0x02 };
static const uint8_t bitmap_2372[] = { 0x0C, 0x60, 0x11, 0xA0, 0xF0, 0xA0, 0x10, 0xBC, 0x9D, 0xE0, 0x71, 0x20, 0x12, 0x20, 0x38, 0x3E, 0x37, 0xE0, 0x54, 0x50, 0x50, 0x48, 0x90, 0x88, 0x10, 0x84, 0x11, 0x04, 0x12, 0x02, 0x1C, 0x02 };
static const uint8_t bitmap_2373[] = { 0x0C, 0x00, 0x13, 0x1E, 0xF1, 0xE4, 0x11, 0x04, 0x9F, 0x04, 0x71, 0x04, 0x19, 0x04, 0x35, 0x04, 0x33, 0x3C, 0x51, 0xC4, 0x51, 0x10, 0x90, 0x88, 0x10, 0x84, 0x11, 0x02, 0x12, 0x02, 0x14, 0x00 };
static const uint8_t bitmap_2374[] = { 0x06, 0x40, 0x18, 0x40, 0xF0, 0x40, 0x10, 0x9E, 0x9E, 0xE4, 0x71, 0x28, 0x12, 0x20, 0x39, 0xA8, 0x34, 0xA4, 0x55, 0x24, 0x51, 0x22, 0x92, 0x22, 0x14, 0x20, 0x10, 0xA0, 0x10, 0x60, 0x10, 0x40 };
static const uint8_t bitmap_2375[] = { 0x0C, 0x60, 0x10, 0x20, 0xF0, 0x20, 0x12, 0x3E, 0x9D, 0xE0, 0x70, 0x20, 0x12, 0x3C, 0x39, 0xE0, 0x34, 0x00, 0x55, 0x3C, 0x51, 0xC8, 0x91, 0x08, 0x11, 0x08, 0x11, 0x38, 0x11, 0xC8, 0x11, 0x08 };
static const uint8_t bitmap_2376[] = { 0x0C, 0x40, 0x10, 0x5C, 0xF0, 0xE8, 0x11, 0x10, 0x9E, 0x90, 0x70, 0xA0, 0x10, 0x40, 0x38, 0xA0, 0x37, 0x2E, 0x54, 0x74, 0x50, 0xC8, 0x93, 0x28, 0x10, 0x30, 0x10, 0x20, 0x10, 0xC0, 0x13, 0x00 };
static const uint8_t bitmap_2377[] = { 0x0C, 0x60, 0x10, 0x26, 0xF3, 0x22, 0x11, 0x3E, 0x9D, 0xC2, 0x71, 0x40, 0x10, 0x4E, 0x38, 0x74, 0x34, 0x84, 0x55, 0x48, 0x52, 0x28, 0x90, 0x10, 0x10, 0x20, 0x10, 0x40, 0x11, 0x80, 0x16, 0x00 };
static const uint8_t bitmap_2378[] = { 0x0C, 0x18, 0x11, 0x90, 0xF0, 0x60, 0x10, 0x58, 0x9E, 0xC8, 0x73, 0x40, 0x14, 0x7E, 0x3B, 0xE0, 0x34, 0xA0, 0x55, 0x3E, 0x53, 0xE4, 0x9D, 0x24, 0x11, 0x34, 0x11, 0x2C, 0x11, 0x28, 0x10, 0x20 };
static const uint8_t bitmap_2379[] = { 0x0C, 0x00, 0x11, 0x9C, 0xF0, 0xE8, 0x10, 0x88, 0x9E, 0x98, 0x70, 0xE8, 0x10, 0x80, 0x3A, 0x3C, 0x35, 0xE0, 0x54, 0x20, 0x52, 0x3C, 0x91, 0xE0, 0x10, 0x20, 0x14, 0x3E, 0x13, 0xC0, 0x10, 0x00 };
static const uint8_t bitmap_2380[] = { 0x0C, 0x24, 0x11, 0x24, 0xF0, 0xA8, 0x10, 0xA0, 0x9E, 0x3E, 0x71, 0xC4, 0x19, 0x04, 0x35, 0x3C, 0x33, 0xC4, 0x51, 0x04, 0x51, 0x3C, 0x91, 0xC4, 0x11, 0x04, 0x11, 0x14, 0x11, 0x0C, 0x11, 0x08 };
static const uint8_t bitmap_2381[] = { 0x0D, 0x08, 0x10, 0x88, 0xF0, 0x90, 0x13, 0x7C, 0x9D, 0xC8, 0x71, 0x08, 0x11, 0x08, 0x39, 0x38, 0x35, 0xE8, 0x54, 0xA0, 0x50, 0xA0, 0x90, 0xA0, 0x11, 0x24, 0x11, 0x24, 0x12, 0x24, 0x1C, 0x1E };
static const uint8_t bitmap_2382[] = { 0x0C, 0x90, 0x10, 0x90, 0xF0, 0xA0, 0x11, 0x3E, 0x9D, 0xE0, 0x73, 0x20, 0x15, 0x3C, 0x39, 0xE0, 0x35, 0x20, 0x55, 0x3C, 0x51, 0xE0, 0x91, 0x20, 0x11, 0x20, 0x11, 0x3E, 0x11, 0xE0, 0x11, 0x00 };
static const uint8_t bitmap_2383[] = { 0x0C, 0x00, 0x12, 0x3E, 0xF3, 0xC2, 0x12, 0x22, 0x9E, 0xBA, 0x72, 0x62, 0x12, 0x22, 0x3B, 0x3A, 0x36, 0xC2, 0x52, 0x1A, 0x52, 0xEA, 0x92, 0x8A, 0x14, 0xBA, 0x14, 0xCA, 0x18, 0x86, 0x10, 0x04 };
static const uint8_t bitmap_2384[] = { 0x0C, 0x80, 0x10, 0x80, 0xF0, 0xB8, 0x11, 0xD0, 0x9D, 0x20, 0x72, 0x3C, 0x11, 0xC8, 0x3A, 0x38, 0x35, 0xC8, 0x56, 0x38, 0x51, 0xC8, 0x90, 0xB4, 0x12, 0x92, 0x12, 0x4A, 0x14, 0x28, 0x18, 0x1C };
static const uint8_t bitmap_2385[] = { 0x0C, 0x18, 0x10, 0x60, 0xF3, 0x84, 0x12, 0x44, 0x9D, 0x28, 0x71, 0x28, 0x18, 0x5E, 0x36, 0xC4, 0x33, 0x04, 0x52, 0x1C, 0x52, 0xC4, 0x93, 0x04, 0x12, 0x04, 0x12, 0x7C, 0x13, 0x84, 0x12, 0x04 };
static const uint8_t bitmap_2386[] = { 0x0C, 0x60, 0x10, 0x20, 0xF2, 0x3E, 0x13, 0xE4, 0x9E, 0x08, 0x72, 0x7C, 0x11, 0x80, 0x38, 0xC8, 0x37, 0x48, 0x54, 0xF0, 0x53, 0x28, 0x90, 0xE4, 0x13, 0x22, 0x10, 0xE2, 0x10, 0x40, 0x10, 0x40 };
static const uint8_t bitmap_2387[] = { 0x0C, 0xD8, 0x10, 0x44, 0xF2, 0x7E, 0x11, 0xE0, 0x9C, 0xBE, 0x71, 0x10, 0x13, 0xE0, 0x39, 0x18, 0x34, 0xE0, 0x57, 0x3C, 0x51, 0xC8, 0x91, 0x38, 0x11, 0xC8, 0x11, 0x38, 0x11, 0xC8, 0x11, 0x08 };
static const uint8_t bitmap_2388[] = { 0x0C, 0x60, 0x12, 0x3E, 0xF3, 0xE0, 0x10, 0x9C, 0x9E, 0xE8, 0x70, 0x98, 0x10, 0xE0, 0x3A, 0x1E, 0x37, 0xE2, 0x52, 0x9A, 0x52, 0xEA, 0x92, 0x9A, 0x12, 0xEA, 0x12, 0x8A, 0x12, 0x06, 0x12, 0x04 };
static const uint8_t bitmap_2389[] = { 0x0C, 0x40, 0x13, 0x7C, 0xF1, 0xC8, 0x11, 0x38, 0x9F, 0xC8, 0x71, 0x38, 0x11, 0xE8, 0x38, 0xAC, 0x35, 0x2A, 0x56, 0x34, 0x50, 0xC4, 0x97, 0x1A, 0x10, 0x62, 0x13, 0x8C, 0x10, 0x30, 0x17, 0xC0 };
static const uint8_t bitmap_2390[] = { 0x0C, 0x60, 0x12, 0x3E, 0xF3, 0xE0, 0x10, 0x3C, 0x9F, 0xE4, 0x71, 0x3C, 0x19, 0xE4, 0x35, 0x3C, 0x33, 0xE8, 0x50, 0x3C, 0x53, 0xC2, 0x90, 0xA4, 0x12, 0x92, 0x12, 0x92, 0x14, 0x48, 0x18, 0x3C };
static const uint8_t bitmap_2391[] = { 0x03, 0x00, 0x01, 0x00, 0x01, 0x00, 0x41, 0xFE, 0x7E, 0x04, 0x40, 0x08, 0x80, 0x40, 0x04, 0xC0, 0x04, 0x20, 0x04, 0x10, 0x08, 0x10, 0x08, 0x08, 0x10, 0x04, 0x20, 0x04, 0x40, 0x02, 0x80, 0x02 };
static const uint8_t bitmap_2392[] = { 0x03, 0x00, 0x01, 0x00, 0x41, 0xFE, 0x7F, 0x04, 0x48, 0x68, 0x88, 0x10, 0x12, 0x08, 0x22, 0x04, 0xC2, 0x00, 0x23, 0xF0, 0x1E, 0x20, 0x04, 0x20, 0x04, 0x24, 0x08, 0x24, 0x30, 0x24, 0xC0, 0x1E };
static const uint8_t bitmap_2393[] = { 0x03, 0x00, 0x01, 0x00, 0x41, 0xFE, 0x7F, 0x04, 0x48, 0xC8, 0x88, 0x20, 0x10, 0x10, 0x23, 0x08, 0xC1, 0x00, 0x01, 0xFC, 0x7F, 0x08, 0x02, 0x08, 0x02, 0x08, 0x04, 0x50, 0x18, 0x30, 0xE0, 0x20 };
static const uint8_t bitmap_2394[] = { 0x03, 0x00, 0x01, 0x00, 0x41, 0xFE, 0x7F, 0x04, 0x48, 0xC8, 0x88, 0x20, 0x10, 0x10, 0x20, 0x08, 0xC0, 0x00, 0x20, 0xF8, 0x1F, 0x00, 0x01, 0x00, 0x01, 0x00, 0x81, 0xFE, 0x7E, 0x00, 0x00, 0x00 };
static const uint8_t bitmap_2395[] = { 0x03, 0x00, 0x41, 0xFE, 0x7E, 0x04, 0x44, 0x68, 0x98, 0x18, 0x60, 0x04, 0x21, 0xF8, 0x1E, 0x40, 0x08, 0x40, 0x11, 0xFE, 0x3E, 0xC0, 0x21, 0x40, 0x06, 0x40, 0x19, 0x40, 0xE0, 0xC0, 0x00, 0x80 };
static const uint8_t bitmap_2396[] = { 0x03, 0x00, 0x01, 0x00, 0x41, 0xFE, 0x7E, 0x04, 0x44, 0x68, 0x88, 0x10, 0x10, 0x08, 0x63, 0x60, 0x01, 0x10, 0x81, 0xFE, 0x7F, 0x00, 0x02, 0xC0, 0x04, 0x30, 0x08, 0x08, 0x30, 0x04, 0xC0, 0x02 };
static const uint8_t bitmap_2397[] = { 0x03, 0x00, 0x41, 0xFE, 0x7E, 0x04, 0x44, 0x68, 0x88, 0x10, 0x10, 0x08, 0x60, 0x00, 0x21, 0x1E, 0x26, 0xE2, 0x38, 0x22, 0xE0, 0x22, 0x22, 0x44, 0x2C, 0x44, 0x30, 0xA4, 0x61, 0x18, 0x02, 0x10 };
static const uint8_t bitmap_2398[] = { 0x03, 0x00, 0x41, 0xFE, 0x7F, 0x04, 0x48, 0x68, 0x8A, 0x10, 0x12, 0x08, 0xE4, 0x7E, 0x0F, 0x80, 0x12, 0x38, 0x23, 0xC0, 0xC2, 0x00, 0x02, 0x3C, 0x03, 0xC0, 0x02, 0x00, 0x02, 0x00, 0x02, 0x00 };
static const uint8_t bitmap_2399[] = { 0x03, 0x00, 0x41, 0xFE, 0x7E, 0x04, 0x44, 0xE8, 0x88, 0x10, 0x30, 0x08, 0x02, 0x3E, 0x8D, 0xC0, 0x70, 0x40, 0x10, 0x9E, 0x10, 0xE2, 0x16, 0x82, 0x18, 0x04, 0xE0, 0x24, 0x00, 0x18, 0x00, 0x10 };
static const uint8_t bitmap_2400[] = { 0x03, 0x00, 0x41, 0xFE, 0x7E, 0x04, 0x44, 0xE8, 0x88, 0x10, 0x34, 0x08, 0x04, 0xF0, 0x0F, 0x00, 0x09, 0x00, 0x91, 0xFE, 0x7F, 0x00, 0x01, 0x08, 0x21, 0x08, 0x21, 0xF8, 0x3E, 0x08, 0x20, 0x08 };
static const uint8_t bitmap_2401[] = { 0x03, 0x00, 0x41, 0xFE, 0x7E, 0x04, 0x44, 0x68, 0x98, 0x10, 0x61, 0xFC, 0x3E, 0x10, 0x02, 0x78, 0x07, 0x88, 0x1D, 0x00, 0x21, 0xF8, 0x1F, 0x00, 0x01, 0x00, 0x81, 0xFE, 0x7E, 0x00, 0x00, 0x00 };
static const uint8_t bitmap_2402[] = { 0x03, 0x00, 0x41, 0xFE, 0x7E, 0x04, 0x44, 0x68, 0x88, 0x10, 0x3B, 0x08, 0x11, 0xF8, 0x1F, 0x00, 0xA1, 0xFE, 0x7E, 0x00, 0x01, 0xF0, 0x1E, 0x10, 0x10, 0x10, 0x11, 0xF0, 0x1E, 0x10, 0x10, 0x10 };
static const uint8_t bitmap_2403[] = { 0x03, 0x00, 0x41, 0xFE, 0x7E, 0x04, 0x44, 0x68, 0x88, 0x10, 0x72, 0x08, 0x24, 0xFC, 0x3F, 0x08, 0x21, 0xE8, 0x22, 0x48, 0x26, 0x88, 0x39, 0xC8, 0x22, 0x28, 0x2C, 0xF8, 0x3F, 0x08, 0x20, 0x08 };
static const uint8_t bitmap_2404[] = { 0x03, 0x00, 0x41, 0xFE, 0x7E, 0x04, 0x44, 0xE8, 0x88, 0x10, 0x70, 0xF8, 0x1F, 0x10, 0x84, 0xFE, 0x7F, 0x10, 0x28, 0xF0, 0x1F, 0x00, 0x10, 0xFC, 0x6F, 0x08, 0x88, 0xF8, 0x0F, 0x08, 0x08, 0x08 };
static const uint8_t bitmap_2405[] = { 0x03, 0x00, 0x41, 0xFE, 0x7E, 0x04, 0x44, 0x68, 0x89, 0x18, 0x71, 0xF4, 0x1F, 0x10, 0x11, 0xF0, 0x1F, 0x00, 0x61, 0xFC, 0x3F, 0x08, 0x21, 0xF8, 0x3F, 0x08, 0x21, 0x08, 0x01, 0x00, 0x01, 0x00 };
static const uint8_t bitmap_2406[] = { 0x03, 0x00, 0x41, 0xFE, 0x7E, 0x04, 0x44, 0x68, 0x88, 0x18, 0x71, 0xF4, 0x1E, 0x10, 0x10, 0x10, 0x11, 0xF0, 0x1F, 0x00, 0xC1, 0xFE, 0x7E, 0x84, 0x42, 0x44, 0x44, 0x34, 0x58, 0x2C, 0x40, 0x08 };
static const uint8_t bitmap_2407[] = { 0x03, 0x00, 0x41, 0xFE, 0x7F, 0x04, 0x44, 0x68, 0x98, 0x10, 0x20, 0xFC, 0xFF, 0x08, 0x20, 0xF8, 0x3F, 0x00, 0x20, 0x88, 0x28, 0xF8, 0x2F, 0x88, 0x40, 0x84, 0x50, 0xFC, 0x9F, 0x04, 0x10, 0x04 };
static const uint8_t bitmap_2408[] = { 0x03, 0x00, 0x41, 0xFE, 0x7F, 0x04, 0x44, 0x70, 0x98, 0x08, 0x73, 0x3C, 0x9D, 0xC8, 0x71, 0x08, 0x11, 0x48, 0x9D, 0x48, 0x71, 0x48, 0x19, 0x48, 0x24, 0x60, 0x24, 0xA4, 0x41, 0x24, 0x8E, 0x1E };
static const uint8_t bitmap_2409[] = { 0x03, 0x00, 0x41, 0xFE, 0x7E, 0x04, 0x84, 0xE8, 0x08, 0x50, 0xD8, 0xF8, 0x69, 0x90, 0x56, 0x60, 0x61, 0x98, 0x56, 0xF6, 0x49, 0x40, 0x6A, 0x78, 0x57, 0xC0, 0x50, 0x7E, 0x4F, 0x80, 0x40, 0x00 };
static const uint8_t bitmap_2410[] = { 0x03, 0x00, 0x01, 0x00, 0x01, 0x00, 0x21, 0xF8, 0x1E, 0x20, 0x00, 0x20, 0x10, 0x20, 0x08, 0x20, 0x08, 0x40, 0x04, 0x40, 0x04, 0x40, 0x04, 0x80, 0x04, 0x80, 0x81, 0xFE, 0x7E, 0x00, 0x00, 0x00 };
static const uint8_t bitmap_2411[] = { 0x0C, 0x00, 0x65, 0x1C, 0x24, 0xE8, 0x24, 0x88, 0x24, 0x50, 0x24, 0x30, 0x24, 0x48, 0x25, 0x84, 0x05, 0x02, 0x21, 0xF8, 0x1E, 0x20, 0x08, 0x20, 0x04, 0x40, 0x85, 0xFE, 0x7E, 0x00, 0x00, 0x00 };
static const uint8_t bitmap_2412[] = { 0x30, 0x60, 0x10, 0x20, 0x10, 0x20, 0x9E, 0x2E, 0x60, 0x30, 0x04, 0x20, 0x44, 0x20, 0x24, 0x20, 0x29, 0x3C, 0x2B, 0xC4, 0x0D, 0x04, 0x31, 0x04, 0xC1, 0x04, 0x01, 0x3C, 0x01, 0xC4, 0x01, 0x04 };
static const uint8_t bitmap_2413[] = { 0x03, 0x00, 0x01, 0x00, 0x21, 0xF8, 0x1E, 0x20, 0x04, 0x40, 0x85, 0xFE, 0x7E, 0x00, 0x11, 0xF8, 0x1E, 0x10, 0x10, 0x10, 0x11, 0xF0, 0x1E, 0x90, 0x12, 0x84, 0x04, 0x84, 0x18, 0x84, 0xE0, 0x7E };
static const uint8_t bitmap_2414[] = { 0x03, 0x00, 0x01, 0x00, 0x21, 0xF8, 0x1E, 0x20, 0x04, 0x40, 0x85, 0xFE, 0x7E, 0x00, 0x01, 0xF0, 0x1E, 0x10, 0x11, 0xF0, 0x1E, 0x10, 0x11, 0xF0, 0x1E, 0x84, 0x04, 0x84, 0x18, 0x84, 0xE0, 0x7E };
static const uint8_t bitmap_2415[] = { 0x03, 0x00, 0x21, 0xF8, 0x1F, 0x20, 0x04, 0x40, 0x85, 0xFE, 0x7E, 0x00, 0x11, 0xF0, 0x0E, 0x20, 0x09, 0xE0, 0x0E, 0x20, 0x09, 0xE0, 0x0F, 0x00, 0x81, 0xFE, 0x7F, 0x00, 0x01, 0x00, 0x01, 0x00 };
static const uint8_t bitmap_2416[] = { 0x30, 0x40, 0x10, 0x48, 0x10, 0x9C, 0x9F, 0xE4, 0x68, 0x90, 0x88, 0x88, 0x89, 0x04, 0x56, 0x84, 0x50, 0xB8, 0x50, 0xD0, 0x0D, 0x10, 0x32, 0xA0, 0xC4, 0x60, 0x00, 0x58, 0x01, 0x84, 0x06, 0x02 };
static const uint8_t bitmap_2417[] = { 0x03, 0x00, 0x01, 0x00, 0x21, 0xF8, 0x1F, 0x20, 0x08, 0x40, 0x45, 0xFC, 0x3F, 0x10, 0x11, 0xF0, 0x1F, 0x10, 0x11, 0xF0, 0x1F, 0x00, 0x21, 0xF8, 0x1F, 0x00, 0x81, 0xFE, 0x7E, 0x00, 0x00, 0x00 };
static const uint8_t bitmap_2418[] = { 0x30, 0x00, 0x13, 0x3C, 0x11, 0xC8, 0x9F, 0x38, 0x61, 0xC8, 0x05, 0x38, 0x45, 0xC8, 0x24, 0x80, 0x28, 0xBE, 0x2B, 0xE2, 0x0D, 0x22, 0x33, 0x52, 0xC5, 0x3A, 0x01, 0xD4, 0x01, 0x0C, 0x00, 0x08 };
static const uint8_t bitmap_2419[] = { 0x00, 0x62, 0x32, 0x22, 0x12, 0x3E, 0x13, 0xE2, 0x9E, 0x00, 0x60, 0x3E, 0x8B, 0xE0, 0x88, 0x40, 0x4A, 0x5E, 0x53, 0xF2, 0x56, 0x52, 0x4A, 0x52, 0x32, 0x52, 0xC2, 0x5A, 0x02, 0x56, 0x02, 0x04 };
static const uint8_t bitmap_2420[] = { 0x10, 0x40, 0x10, 0x40, 0x10, 0x40, 0x16, 0x9E, 0x38, 0xF0, 0x29, 0x10, 0x4A, 0x10, 0x8C, 0x10, 0x08, 0x10, 0x08, 0x10, 0x08, 0x10, 0x08, 0x10, 0x08, 0x10, 0x08, 0x50, 0x08, 0x30, 0x08, 0x20 };
static const uint8_t bitmap_2421[] = { 0x10, 0x40, 0x10, 0x40, 0x26, 0x9E, 0x38, 0xE0, 0x49, 0x20, 0xA4, 0xF8, 0x1F, 0x00, 0x01, 0x00, 0x01, 0x00, 0x81, 0xFE, 0x7F, 0x00, 0x01, 0x00, 0x01, 0x00, 0x01, 0x00, 0x01, 0x00, 0x01, 0x00 };
static const uint8_t bitmap_2422[] = { 0x10, 0x40, 0x10, 0x40, 0x26, 0x9E, 0x78, 0xE0, 0x89, 0x20, 0x25, 0xF8, 0x1F, 0x10, 0x81, 0xFE, 0x7F, 0x10, 0x01, 0x10, 0x21, 0xF0, 0x1F, 0x10, 0x02, 0x00, 0x04, 0x00, 0x08, 0x00, 0x30, 0x00 };
static const uint8_t bitmap_2423[] = { 0x20, 0x40, 0x20, 0x40, 0x2E, 0x9E, 0x78, 0xF0, 0x49, 0x20, 0x86, 0x38, 0x01, 0xC0, 0x3F, 0x00, 0x01, 0x00, 0x81, 0xFE, 0x7F, 0x00, 0x02, 0xC0, 0x04, 0x30, 0x08, 0x08, 0x30, 0x04, 0xC0, 0x02 };
static const uint8_t bitmap_2424[] = { 0x20, 0x40, 0x27, 0x5E, 0x38, 0xE0, 0x49, 0x10, 0x45, 0x30, 0x81, 0xC0, 0x3E, 0x00, 0x02, 0x00, 0x42, 0xF8, 0x3F, 0x00, 0x02, 0x00, 0x82, 0xFC, 0x7F, 0x00, 0x02, 0x04, 0x01, 0x04, 0x00, 0xFE };
static const uint8_t bitmap_2425[] = { 0x10, 0x40, 0x10, 0x40, 0x26, 0x9E, 0x38, 0xF0, 0x45, 0x10, 0x95, 0x20, 0x11, 0xFC, 0x1F, 0x00, 0x21, 0x00, 0x51, 0xF8, 0x8F, 0x00, 0x01, 0x00, 0x01, 0x00, 0x81, 0xFE, 0x7E, 0x00, 0x00, 0x00 };
static const uint8_t bitmap_2426[] = { 0x10, 0x20, 0x10, 0x20, 0x17, 0x4E, 0x38, 0x70, 0x48, 0x90, 0x85, 0x20, 0x05, 0x00, 0x61, 0xFC, 0x3F, 0x08, 0x21, 0x08, 0x21, 0xF8, 0x3F, 0x08, 0x21, 0x08, 0x21, 0xF8, 0x3F, 0x08, 0x20, 0x08 };
static const uint8_t bitmap_2427[] = { 0x20, 0x40, 0x20, 0x40, 0x2E, 0x5E, 0x78, 0xE8, 0x44, 0x90, 0x85, 0x30, 0x08, 0x10, 0x08, 0x3E, 0x17, 0xD0, 0x32, 0x10, 0x51, 0x10, 0x91, 0x10, 0x10, 0x10, 0x10, 0x50, 0x10, 0x30, 0x10, 0x20 };
static const uint8_t bitmap_2428[] = { 0x10, 0x40, 0x10, 0x40, 0x2E, 0x8E, 0x70, 0xF0, 0x89, 0x10, 0x09, 0x20, 0x81, 0xFE, 0x7F, 0x80, 0x03, 0x40, 0x05, 0x20, 0x09, 0x10, 0x11, 0xC8, 0x27, 0x04, 0xC1, 0x02, 0x01, 0x00, 0x01, 0x00 };
static const uint8_t bitmap_2429[] = { 0x20, 0x40, 0x27, 0x4E, 0x38, 0xF0, 0x49, 0x10, 0x45, 0xFC, 0xBF, 0x08, 0x01, 0xF8, 0x3F, 0x08, 0x21, 0x00, 0x21, 0xFE, 0x7F, 0x04, 0x43, 0x04, 0x05, 0x28, 0x19, 0x18, 0xE1, 0x10, 0x01, 0x00 };
static const uint8_t bitmap_2430[] = { 0x20, 0x40, 0x27, 0x4E, 0x38, 0xF0, 0x48, 0x90, 0x45, 0x20, 0x86, 0x70, 0x02, 0x08, 0x83, 0xFE, 0x7E, 0x10, 0x03, 0xA0, 0x05, 0x20, 0x05, 0x40, 0x09, 0x84, 0x13, 0x04, 0x2C, 0x84, 0xC0, 0x7E };
static const uint8_t bitmap_2431[] = { 0x20, 0x40, 0x26, 0x5E, 0x38, 0xE0, 0x49, 0x10, 0x65, 0xF0, 0x9F, 0x00, 0x01, 0x00, 0x81, 0xFE, 0x7E, 0x10, 0x00, 0x10, 0x41, 0xFC, 0x3E, 0x10, 0x08, 0x10, 0x06, 0x50, 0x00, 0x30, 0x00, 0x20 };
static const uint8_t bitmap_2432[] = { 0x20, 0x40, 0x23, 0x4E, 0x3C, 0x70, 0x48, 0x90, 0x85, 0x10, 0x6E, 0x60, 0x33, 0x3E, 0x2E, 0xE4, 0x32, 0x24, 0x22, 0x24, 0x2E, 0x24, 0x32, 0x44, 0x22, 0x44, 0x4A, 0xA8, 0x47, 0x18, 0x84, 0x10 };
static const uint8_t bitmap_2433[] = { 0x20, 0x40, 0x26, 0x4E, 0x38, 0xF0, 0x48, 0x90, 0x45, 0x20, 0x8A, 0x30, 0x09, 0x08, 0x11, 0x7E, 0x1F, 0x88, 0x30, 0x90, 0x50, 0x90, 0x90, 0x60, 0x10, 0x44, 0x11, 0xA4, 0x1E, 0x1C, 0x10, 0x06 };
static const uint8_t bitmap_2434[] = { 0x10, 0x40, 0x16, 0x4E, 0x38, 0xF0, 0x45, 0x10, 0x84, 0xFC, 0x7F, 0x00, 0x50, 0xF8, 0x4F, 0x00, 0x49, 0xF0, 0x47, 0x00, 0x41, 0x00, 0x51, 0xFC, 0x4F, 0x00, 0x41, 0xFE, 0x7E, 0x00, 0x40, 0x00 };
static const uint8_t bitmap_2435[] = { 0x20, 0x40, 0x20, 0x40, 0x27, 0x4E, 0x78, 0xF0, 0x48, 0xA0, 0x85, 0x20, 0x8F, 0x38, 0x71, 0xD0, 0x11, 0x10, 0x11, 0x90, 0x15, 0x50, 0x19, 0x50, 0x32, 0x14, 0xC2, 0x14, 0x04, 0x14, 0x18, 0x0E };
static const uint8_t bitmap_2436[] = { 0x20, 0x40, 0x27, 0x4E, 0x38, 0xF0, 0x44, 0x90, 0x65, 0x20, 0xA1, 0xFE, 0x3F, 0x04, 0x28, 0xF4, 0x27, 0x04, 0x24, 0xE4, 0x27, 0x24, 0x24, 0x24, 0x24, 0xE4, 0x27, 0x34, 0x20, 0x0C, 0x20, 0x08 };
static const uint8_t bitmap_2437[] = { 0x20, 0x80, 0x20, 0x80, 0x2E, 0xBE, 0x79, 0xD0, 0x4A, 0x90, 0x8A, 0x60, 0x04, 0x10, 0x09, 0xE8, 0x16, 0x04, 0x20, 0x02, 0xD9, 0xF0, 0x0E, 0x20, 0x08, 0x20, 0x09, 0xE0, 0x0E, 0x20, 0x08, 0x20 };
static const uint8_t bitmap_2438[] = { 0x20, 0x40, 0x27, 0x4E, 0x38, 0x70, 0x4B, 0x90, 0x49, 0x20, 0x81, 0xFE, 0x7F, 0x00, 0x21, 0xFC, 0x3F, 0x08, 0x21, 0x28, 0x23, 0x98, 0x25, 0x60, 0x09, 0x10, 0x11, 0x08, 0x21, 0x04, 0xC1, 0x02 };
static const uint8_t bitmap_2439[] = { 0x20, 0x40, 0x27, 0x4E, 0x38, 0xF0, 0x44, 0x90, 0x45, 0x3E, 0x9B, 0xE0, 0x08, 0x20, 0xC9, 0x3E, 0x49, 0xE4, 0x49, 0x24, 0x49, 0x24, 0x49, 0x34, 0x11, 0x2C, 0x11, 0x28, 0x20, 0x20, 0x40, 0x20 };
static const uint8_t bitmap_2440[] = { 0x10, 0x40, 0x10, 0x40, 0x26, 0x9E, 0x38, 0xE0, 0x49, 0x20, 0x87, 0xC0, 0x02, 0x80, 0x25, 0xF8, 0x1F, 0x10, 0x81, 0xFE, 0x7F, 0x10, 0x21, 0xF0, 0x1F, 0x10, 0x05, 0x00, 0x03, 0x00, 0x02, 0x00 };
static const uint8_t bitmap_2441[] = { 0x20, 0x40, 0x23, 0x4E, 0x3C, 0x70, 0x48, 0x90, 0x95, 0x50, 0x10, 0x40, 0x5A, 0x7C, 0x57, 0xC8, 0x54, 0x48, 0x98, 0x7E, 0x97, 0xC0, 0x10, 0xB0, 0x10, 0x88, 0x11, 0x04, 0x12, 0x02, 0x1C, 0x02 };
static const uint8_t bitmap_2442[] = { 0x10, 0x40, 0x16, 0x4E, 0x38, 0x70, 0x46, 0x90, 0xA3, 0xFC, 0x1E, 0x00, 0x23, 0xF8, 0x1E, 0x00, 0x83, 0xFE, 0x7E, 0x10, 0x05, 0xFE, 0x0E, 0x10, 0x12, 0x10, 0x21, 0x50, 0xC0, 0x30, 0x00, 0x20 };
static const uint8_t bitmap_2443[] = { 0x20, 0x40, 0x26, 0x4E, 0x38, 0xF0, 0x49, 0x10, 0x85, 0xA0, 0x02, 0x60, 0x04, 0x10, 0x08, 0xC8, 0x37, 0x04, 0xC2, 0x12, 0x11, 0x10, 0x09, 0x20, 0x08, 0x40, 0x80, 0xFE, 0x7F, 0x00, 0x00, 0x00 };
static const uint8_t bitmap_2444[] = { 0x20, 0x40, 0x27, 0x4E, 0x38, 0xF0, 0x44, 0x90, 0x65, 0x20, 0x92, 0xFE, 0x09, 0x04, 0x68, 0xF4, 0x27, 0x24, 0x24, 0xE4, 0x27, 0x24, 0x24, 0x24, 0x24, 0xE4, 0x27, 0x34, 0x24, 0x0C, 0x20, 0x08 };
static const uint8_t bitmap_2445[] = { 0x20, 0x40, 0x23, 0x4E, 0x3C, 0xF0, 0x28, 0x90, 0x45, 0x20, 0xC4, 0xFC, 0x3F, 0x20, 0x04, 0xE0, 0x07, 0x20, 0x04, 0xE0, 0x07, 0x20, 0x84, 0xFE, 0x7F, 0x40, 0x04, 0x30, 0x18, 0x08, 0x60, 0x04 };
static const uint8_t bitmap_2446[] = { 0x20, 0x80, 0x26, 0x9E, 0x79, 0xE0, 0x4A, 0x40, 0x99, 0xF0, 0x0E, 0x20, 0x09, 0xE0, 0x0E, 0x20, 0x09, 0xE0, 0x0E, 0x20, 0x09, 0xE0, 0x0E, 0x40, 0x85, 0xFE, 0x7E, 0x40, 0x08, 0x40, 0x30, 0x40 };
static const uint8_t bitmap_2447[] = { 0x10, 0x40, 0x13, 0x4E, 0x3C, 0xF0, 0x49, 0x10, 0xC5, 0xFE, 0x7F, 0x04, 0x48, 0xF8, 0x8F, 0x20, 0x08, 0xE0, 0x0F, 0x00, 0x08, 0xF8, 0x0F, 0x10, 0x08, 0x10, 0x08, 0xF0, 0x0F, 0x10, 0x08, 0x10 };
static const uint8_t bitmap_2448[] = { 0x10, 0x40, 0x13, 0x4E, 0x3C, 0xF0, 0x49, 0x10, 0xA5, 0xFC, 0x3E, 0x48, 0x25, 0xF8, 0x3E, 0x00, 0x22, 0x78, 0x07, 0x90, 0x18, 0x20, 0x64, 0x40, 0x02, 0x80, 0x03, 0x00, 0x0C, 0x00, 0xF0, 0x00 };
static const uint8_t bitmap_2449[] = { 0x10, 0x40, 0x13, 0x4E, 0x3C, 0xF0, 0x49, 0x10, 0xA5, 0xFC, 0x1F, 0x08, 0x81, 0xFE, 0x7F, 0x08, 0x21, 0xF8, 0x1F, 0x00, 0x11, 0x88, 0x15, 0x48, 0x25, 0x28, 0x29, 0x28, 0x51, 0x08, 0x81, 0x08 };
static const uint8_t bitmap_2450[] = { 0x20, 0x40, 0x2F, 0x4E, 0x78, 0xF8, 0x45, 0x28, 0x94, 0x50, 0x89, 0xFE, 0x7E, 0x00, 0x00, 0x0C, 0x6E, 0xC4, 0x32, 0x44, 0x2E, 0x44, 0x32, 0x44, 0x2E, 0x44, 0x32, 0x14, 0x2E, 0x0C, 0x24, 0x08 };
static const uint8_t bitmap_2451[] = { 0x20, 0x40, 0x27, 0x5E, 0x38, 0x70, 0x48, 0x90, 0x85, 0x20, 0x1D, 0xBC, 0x08, 0xC8, 0x8F, 0xB8, 0x78, 0xC8, 0x1C, 0x88, 0x2A, 0xB8, 0x2A, 0xC8, 0x48, 0x88, 0x88, 0xB8, 0x08, 0xC8, 0x08, 0x88 };
static const uint8_t bitmap_2452[] = { 0x20, 0x40, 0x27, 0x5E, 0x38, 0xF0, 0x49, 0x10, 0x45, 0x00, 0xB1, 0xFC, 0x1F, 0x08, 0x10, 0xF8, 0x1F, 0x00, 0x10, 0xFE, 0x1F, 0x24, 0x29, 0xFC, 0x2F, 0x24, 0x49, 0x34, 0x89, 0x2C, 0x08, 0x08 };
static const uint8_t bitmap_2453[] = { 0x20, 0x40, 0x26, 0x4E, 0x78, 0xF0, 0x45, 0x50, 0x93, 0x10, 0x09, 0x20, 0x85, 0xFE, 0x7F, 0x40, 0x09, 0x30, 0x32, 0x0C, 0xC5, 0xFA, 0x3E, 0x20, 0x08, 0x40, 0x1E, 0xC0, 0x03, 0x30, 0x7C, 0x0C };
static const uint8_t bitmap_2454[] = { 0x10, 0x40, 0x16, 0xFC, 0x39, 0x20, 0x49, 0xF0, 0x9E, 0x10, 0x11, 0xF0, 0x1E, 0x10, 0x11, 0xF0, 0x1E, 0x10, 0x11, 0xF0, 0x1E, 0x00, 0x85, 0xFE, 0x7E, 0x90, 0x12, 0x48, 0x24, 0xE4, 0xCF, 0x12 };
static const uint8_t bitmap_2455[] = { 0x20, 0x40, 0x26, 0x4E, 0x38, 0xF0, 0x50, 0x88, 0x8D, 0x4E, 0x64, 0x70, 0x24, 0xA0, 0x24, 0x98, 0x25, 0x04, 0x24, 0x00, 0x00, 0xFC, 0x3F, 0x48, 0x24, 0x48, 0xA4, 0xFE, 0x7F, 0x00, 0x00, 0x00 };
static const uint8_t bitmap_2456[] = { 0x10, 0x40, 0x16, 0x4E, 0x38, 0xF0, 0x4B, 0x10, 0x85, 0xFE, 0x7E, 0x50, 0x15, 0x90, 0x12, 0x50, 0x15, 0xF0, 0x1F, 0x10, 0x61, 0xFC, 0x3F, 0x08, 0x22, 0x48, 0x25, 0xA8, 0x2E, 0x38, 0x20, 0x10 };
static const uint8_t bitmap_2457[] = { 0x20, 0x40, 0x26, 0xFE, 0x79, 0x08, 0x44, 0x84, 0x84, 0xF0, 0x43, 0x20, 0x24, 0xF8, 0x23, 0x44, 0x0E, 0x7A, 0xE1, 0xC0, 0x42, 0x78, 0x21, 0xC0, 0x44, 0x7C, 0xF3, 0xC0, 0x0C, 0x40, 0x03, 0xFE };
static const uint8_t bitmap_2458[] = { 0x20, 0x40, 0x26, 0x4E, 0x78, 0xF0, 0x49, 0x20, 0x96, 0x90, 0x10, 0x9E, 0x9E, 0xE0, 0x71, 0x40, 0x20, 0x9C, 0x2E, 0xE0, 0x35, 0x3E, 0x25, 0xE0, 0x24, 0x50, 0x54, 0x48, 0x48, 0x84, 0x8B, 0x02 };
static const uint8_t bitmap_2459[] = { 0x10, 0x40, 0x16, 0x4E, 0x38, 0xF0, 0x44, 0x90, 0xA5, 0xF8, 0x1E, 0x40, 0x85, 0xFE, 0x7F, 0x00, 0x11, 0xF8, 0x1F, 0x10, 0x11, 0xF0, 0x1F, 0x10, 0x11, 0xF0, 0x1F, 0x20, 0x08, 0x18, 0x70, 0x04 };
static const uint8_t bitmap_2460[] = { 0x20, 0x40, 0x27, 0x4E, 0x38, 0x70, 0x48, 0x90, 0xA5, 0x9E, 0xAE, 0xF4, 0x74, 0x90, 0x2C, 0x9C, 0x34, 0xE4, 0x2C, 0x88, 0x34, 0xA8, 0xAF, 0x10, 0x71, 0x18, 0x2A, 0x24, 0x4C, 0x44, 0x81, 0x82 };
static const uint8_t bitmap_2461[] = { 0x20, 0x40, 0x26, 0x4E, 0x78, 0xF0, 0x49, 0x54, 0x8C, 0x7E, 0x47, 0xC8, 0x2A, 0x78, 0x13, 0xC8, 0x92, 0x78, 0x53, 0xC8, 0x2A, 0x7E, 0x27, 0xC8, 0xC2, 0x08, 0x21, 0xA8, 0x20, 0x18, 0x20, 0x10 };
static const uint8_t bitmap_2462[] = { 0x20, 0x40, 0x27, 0x4E, 0x38, 0xF0, 0x44, 0xB0, 0x5D, 0x5C, 0xCF, 0xF0, 0x38, 0x50, 0x4E, 0x7E, 0x39, 0xC0, 0x8E, 0xBC, 0x78, 0xC8, 0x1C, 0xB8, 0x2A, 0xC8, 0x48, 0xB8, 0x88, 0xC8, 0x08, 0x88 };
static const uint8_t bitmap_2463[] = { 0x03, 0x08, 0x21, 0x08, 0x11, 0x10, 0x09, 0x20, 0x09, 0x40, 0x81, 0xFE, 0x7F, 0x80, 0x05, 0x40, 0x05, 0x20, 0x09, 0x10, 0x09, 0x08, 0x11, 0x04, 0x21, 0x04, 0xC1, 0x02, 0x01, 0x00, 0x01, 0x00 };
static const uint8_t bitmap_2464[] = { 0x03, 0x10, 0x11, 0x10, 0x09, 0x20, 0x89, 0xFE, 0x7F, 0x80, 0x03, 0x60, 0x05, 0x18, 0x19, 0x04, 0xE0, 0x02, 0x03, 0x00, 0x81, 0xFE, 0x7F, 0x00, 0x02, 0xC0, 0x04, 0x30, 0x18, 0x0C, 0xE0, 0x02 };
static const uint8_t bitmap_2465[] = { 0x30, 0x00, 0x95, 0x1C, 0x55, 0xE8, 0x58, 0x88, 0x50, 0x50, 0x9C, 0x20, 0x70, 0x20, 0x1A, 0x3E, 0x35, 0xD0, 0x34, 0x10, 0x50, 0x10, 0x50, 0x10, 0x90, 0x10, 0x10, 0x50, 0x10, 0x20, 0x10, 0x20 };
static const uint8_t bitmap_2466[] = { 0x30, 0x10, 0x14, 0xB0, 0x94, 0x88, 0x58, 0x88, 0x51, 0x04, 0x9D, 0x04, 0x72, 0x3A, 0x15, 0xCA, 0x38, 0x88, 0x34, 0x88, 0x52, 0x88, 0x51, 0x08, 0x91, 0x08, 0x12, 0x50, 0x14, 0x30, 0x18, 0x20 };
static const uint8_t bitmap_2467[] = { 0x30, 0xC0, 0x14, 0x40, 0x94, 0x40, 0x58, 0x40, 0x52, 0x7C, 0x9F, 0x88, 0x70, 0x08, 0x19, 0x08, 0x35, 0x08, 0x34, 0x90, 0x54, 0x90, 0x50, 0x90, 0x90, 0xA0, 0x14, 0x3E, 0x13, 0xC0, 0x10, 0x00 };
static const uint8_t bitmap_2468[] = { 0x30, 0x00, 0x15, 0xBC, 0x94, 0xC8, 0x58, 0x88, 0x50, 0x88, 0x9E, 0xB8, 0x70, 0xC8, 0x18, 0x88, 0x34, 0x88, 0x32, 0xB8, 0x50, 0xC8, 0x50, 0x88, 0x90, 0x88, 0x14, 0xBE, 0x13, 0xC0, 0x10, 0x00 };
static const uint8_t bitmap_2469[] = { 0x30, 0x60, 0x12, 0x20, 0x92, 0x20, 0x54, 0x2E, 0x50, 0x30, 0x9E, 0x20, 0x70, 0x20, 0x10, 0x20, 0x3B, 0x3E, 0x35, 0xE4, 0x55, 0x04, 0x51, 0x04, 0x91, 0x04, 0x11, 0x3C, 0x11, 0xC4, 0x11, 0x04 };
static const uint8_t bitmap_2470[] = { 0x00, 0x00, 0x80, 0xFE, 0x7F, 0x40, 0x04, 0x40, 0x65, 0xFC, 0x3E, 0x48, 0x24, 0x48, 0x25, 0xF8, 0x3F, 0x10, 0x11, 0x20, 0x89, 0xFE, 0x7F, 0x80, 0x03, 0x60, 0x05, 0x18, 0x19, 0x04, 0xE1, 0x02 };
static const uint8_t bitmap_2471[] = { 0x02, 0x00, 0x65, 0xFC, 0x3F, 0x28, 0x25, 0x48, 0x33, 0xF8, 0x2F, 0x48, 0x25, 0x28, 0x29, 0xF8, 0x3F, 0x00, 0x80, 0xFE, 0x7F, 0x00, 0x08, 0xF8, 0x0F, 0x10, 0x18, 0x90, 0x00, 0x60, 0x00, 0x40 };
static const uint8_t bitmap_2472[] = { 0x03, 0x00, 0xB9, 0x64, 0x55, 0x5C, 0x15, 0x84, 0x53, 0x14, 0x79, 0xFC, 0x47, 0x10, 0x41, 0x20, 0x7B, 0xAE, 0xD3, 0x74, 0x15, 0x44, 0x15, 0x24, 0x19, 0x04, 0xA1, 0x28, 0x61, 0x18, 0x41, 0x10 };
static const uint8_t bitmap_2473[] = { 0x13, 0x10, 0x09, 0x20, 0x89, 0xFE, 0x7F, 0x80, 0x03, 0x60, 0x05, 0x18, 0x19, 0x04, 0xE4, 0x42, 0x45, 0xFC, 0x3E, 0x40, 0x04, 0x40, 0x85, 0xFE, 0x7E, 0x00, 0x04, 0x30, 0x18, 0x08, 0x60, 0x04 };
static const uint8_t bitmap_2474[] = { 0x30, 0x60, 0x94, 0x20, 0x57, 0x3C, 0x59, 0xC8, 0x11, 0x38, 0x9F, 0xC8, 0x71, 0x08, 0x19, 0x38, 0x35, 0xC4, 0x35, 0x24, 0x51, 0x14, 0x51, 0x08, 0x91, 0x28, 0x11, 0x44, 0x11, 0x82, 0x16, 0x02 };
static const uint8_t bitmap_2475[] = { 0x40, 0x00, 0x24, 0x3C, 0x8B, 0xC8, 0x50, 0x48, 0x12, 0x8C, 0x2C, 0xD2, 0x21, 0x32, 0xC6, 0x20, 0x29, 0x10, 0x29, 0x20, 0x85, 0xFE, 0x7F, 0x80, 0x05, 0x60, 0x09, 0x18, 0x31, 0x04, 0xC1, 0x02 };
static const uint8_t bitmap_2476[] = { 0x30, 0x60, 0x94, 0x20, 0x54, 0x20, 0x59, 0x3E, 0x10, 0xC8, 0x9E, 0x88, 0x70, 0x94, 0x19, 0x52, 0x35, 0x20, 0x36, 0x3E, 0x51, 0xE0, 0x50, 0x20, 0x90, 0x20, 0x10, 0x20, 0x10, 0x20, 0x10, 0x20 };
static const uint8_t bitmap_2477[] = { 0x30, 0xC0, 0x96, 0x7C, 0x55, 0xC0, 0x5A, 0x78, 0x51, 0xC0, 0x9E, 0x7E, 0x73, 0xC0, 0x11, 0x3C, 0x39, 0xC8, 0x35, 0x38, 0x55, 0xC8, 0x51, 0x38, 0x91, 0xC8, 0x11, 0x28, 0x11, 0x18, 0x11, 0x10 };
static const uint8_t bitmap_2478[] = { 0x37, 0x00, 0x95, 0x36, 0x59, 0x1A, 0x51, 0x12, 0x9D, 0xF2, 0x73, 0x16, 0x11, 0x1A, 0x39, 0x12, 0x35, 0xD2, 0x57, 0x56, 0x54, 0x5A, 0x94, 0xD2, 0x17, 0x52, 0x14, 0x2A, 0x10, 0x26, 0x10, 0x44 };
static const uint8_t bitmap_2479[] = { 0x31, 0x08, 0x14, 0x88, 0x94, 0x90, 0x5A, 0x3C, 0x51, 0xE0, 0x9C, 0x20, 0x71, 0x3C, 0x10, 0xE0, 0x38, 0x20, 0x34, 0x20, 0x54, 0x3E, 0x53, 0xC0, 0x90, 0x14, 0x11, 0x4A, 0x11, 0x2A, 0x16, 0x2A };
static const uint8_t bitmap_2480[] = { 0x30, 0x60, 0x14, 0x20, 0x96, 0x3E, 0x5B, 0xE0, 0x53, 0x3C, 0x9E, 0xE8, 0x73, 0x3E, 0x12, 0xE8, 0x3B, 0x38, 0x36, 0xE8, 0x53, 0xBC, 0x52, 0xC8, 0x94, 0x88, 0x14, 0xB8, 0x18, 0xC8, 0x10, 0x88 };
static const uint8_t bitmap_2481[] = { 0x30, 0x30, 0x96, 0xD0, 0x55, 0x50, 0x59, 0x5E, 0x10, 0x70, 0x9C, 0x90, 0x70, 0x9E, 0x1B, 0x60, 0x35, 0x00, 0x32, 0xDC, 0x56, 0x64, 0x51, 0x44, 0x92, 0x5C, 0x17, 0x64, 0x10, 0xC0, 0x10, 0x3E };
static const uint8_t bitmap_2482[] = { 0x34, 0x90, 0x94, 0xBE, 0x5B, 0xD0, 0x52, 0xBC, 0x9F, 0xD4, 0x72, 0xBC, 0x13, 0xD4, 0x3A, 0xBC, 0x37, 0xC0, 0x55, 0x3C, 0x51, 0xC8, 0x91, 0x38, 0x11, 0xC8, 0x11, 0x38, 0x11, 0xC8, 0x11, 0x08 };
static const uint8_t bitmap_2483[] = { 0x30, 0x60, 0x94, 0x20, 0x56, 0x3E, 0x5B, 0xE0, 0x12, 0xBC, 0x9E, 0x68, 0x73, 0x3E, 0x1A, 0xE8, 0x36, 0x28, 0x52, 0xB8, 0x52, 0x6A, 0x93, 0xB4, 0x14, 0x68, 0x14, 0xA4, 0x19, 0x62, 0x16, 0x22 };
static const uint8_t bitmap_2484[] = { 0x30, 0x00, 0x95, 0x1E, 0x55, 0xE0, 0x58, 0x3E, 0x13, 0xE4, 0x9E, 0x2C, 0x73, 0xAC, 0x19, 0xA0, 0x34, 0x3E, 0x37, 0xC0, 0x50, 0x7E, 0x53, 0xD2, 0x92, 0x52, 0x12, 0x5A, 0x12, 0x56, 0x12, 0x04 };
static const uint8_t bitmap_2485[] = { 0x00, 0x18, 0x01, 0xE0, 0x7E, 0x00, 0x02, 0x40, 0x04, 0x40, 0x04, 0xA0, 0x0B, 0x90, 0x3D, 0x08, 0x02, 0x38, 0x07, 0xC4, 0x79, 0x04, 0x01, 0x10, 0x09, 0x08, 0x15, 0x04, 0x23, 0x02, 0xC2, 0x02 };
static const uint8_t bitmap_2486[] = { 0x03, 0x00, 0x81, 0xFE, 0x7E, 0x20, 0x02, 0x40, 0x01, 0xC0, 0x06, 0x30, 0x1A, 0x4C, 0xE4, 0x42, 0x0B, 0x90, 0x1D, 0x08, 0x02, 0x7C, 0xFF, 0x82, 0x09, 0x30, 0x15, 0x08, 0x23, 0x04, 0xC2, 0x02 };
static const uint8_t bitmap_2487[] = { 0x03, 0x00, 0x01, 0x00, 0x21, 0xF8, 0x1F, 0x00, 0x11, 0xF0, 0x0F, 0x00, 0x81, 0xFE, 0x7E, 0x40, 0x03, 0xD0, 0x1C, 0x88, 0x03, 0xF8, 0x7D, 0x04, 0x05, 0x64, 0x09, 0x10, 0x13, 0x08, 0x62, 0x04 };
static const uint8_t bitmap_2488[] = { 0x03, 0x00, 0x81, 0xFE, 0x7F, 0x00, 0x01, 0x00, 0x41, 0xFE, 0x7F, 0x04, 0x42, 0x48, 0x84, 0x80, 0x0F, 0x20, 0x32, 0x10, 0x04, 0xF8, 0x7F, 0x04, 0x09, 0x64, 0x15, 0x10, 0x23, 0x08, 0xC2, 0x04 };
static const uint8_t bitmap_2489[] = { 0x0C, 0x00, 0x65, 0x1C, 0x25, 0xE4, 0x24, 0x88, 0x24, 0x50, 0x24, 0x38, 0x25, 0xC4, 0x04, 0x42, 0x0B, 0x90, 0x3D, 0x08, 0x02, 0xFC, 0xFF, 0x02, 0x09, 0x62, 0x15, 0x10, 0x23, 0x08, 0xC2, 0x04 };
static const uint8_t bitmap_2490[] = { 0x31, 0x80, 0x10, 0x98, 0xDE, 0xE0, 0x50, 0x84, 0x52, 0x84, 0x5D, 0x7E, 0x72, 0x40, 0xC7, 0x90, 0x1D, 0x08, 0x02, 0x3C, 0x07, 0xC2, 0xFD, 0x02, 0x11, 0x30, 0x15, 0x08, 0x23, 0x04, 0x42, 0x02 };
static const uint8_t bitmap_2491[] = { 0x00, 0x00, 0x31, 0xF8, 0x1F, 0x10, 0x11, 0xF0, 0x1F, 0x10, 0x11, 0xF0, 0x1F, 0x10, 0x02, 0x40, 0x07, 0x90, 0x19, 0x08, 0x02, 0xFC, 0xFF, 0x02, 0x09, 0x22, 0x0D, 0x10, 0x13, 0x08, 0x62, 0x04 };
static const uint8_t bitmap_2492[] = { 0x10, 0x00, 0x9E, 0xDE, 0x72, 0x64, 0x24, 0x44, 0x74, 0x44, 0x0A, 0x5C, 0x12, 0x64, 0x24, 0x80, 0xCF, 0x10, 0x32, 0x08, 0x04, 0x7C, 0x7F, 0x84, 0x09, 0x20, 0x15, 0x18, 0x23, 0x04, 0xC2, 0x02 };
static const uint8_t bitmap_2493[] = { 0x20, 0x40, 0x2F, 0x40, 0x30, 0x5E, 0x4E, 0xE8, 0xFB, 0x28, 0x56, 0x10, 0xFA, 0x28, 0x4E, 0xC4, 0x74, 0x82, 0x09, 0x30, 0x3E, 0x08, 0x04, 0xFC, 0x7F, 0x04, 0x09, 0x30, 0x13, 0x08, 0x62, 0x04 };
static const uint8_t bitmap_2494[] = { 0x10, 0x0C, 0x10, 0x04, 0x11, 0x84, 0x24, 0x84, 0x24, 0x84, 0x38, 0x84, 0xD0, 0x84, 0x10, 0x84, 0x3C, 0x84, 0xE0, 0x9C, 0x00, 0xE4, 0x0D, 0x84, 0x30, 0x04, 0xC0, 0x04, 0x00, 0x04, 0x00, 0x04 };
static const uint8_t bitmap_2495[] = { 0x10, 0x00, 0x10, 0x00, 0x12, 0x3C, 0x25, 0xC0, 0x24, 0x40, 0x38, 0x40, 0xD0, 0x40, 0x10, 0x40, 0x3C, 0x40, 0xE0, 0x40, 0x00, 0x40, 0x0C, 0x40, 0x30, 0x40, 0xC4, 0x7E, 0x03, 0x80, 0x00, 0x00 };
static const uint8_t bitmap_2496[] = { 0x10, 0x04, 0x10, 0x18, 0x10, 0x20, 0x25, 0xE0, 0x24, 0x20, 0x38, 0x20, 0xD0, 0x20, 0x12, 0x3E, 0x3D, 0xE0, 0xE0, 0x20, 0x00, 0x20, 0x0C, 0x20, 0x30, 0x20, 0xC0, 0x20, 0x00, 0x20, 0x00, 0x20 };
static const uint8_t bitmap_2497[] = { 0x10, 0x80, 0x10, 0x80, 0x10, 0x80, 0x24, 0x9E, 0x25, 0xE4, 0x39, 0x04, 0xD2, 0x84, 0x10, 0x84, 0x3C, 0x44, 0xE0, 0x44, 0x00, 0x04, 0x0C, 0x08, 0x30, 0x08, 0xC0, 0x48, 0x00, 0x30, 0x00, 0x20 };
static const uint8_t bitmap_2498[] = { 0x10, 0x00, 0x12, 0x38, 0x11, 0xC8, 0x24, 0x88, 0x24, 0x90, 0x38, 0x90, 0xD0, 0x9E, 0x10, 0xD2, 0x3C, 0xA4, 0xE0, 0x94, 0x01, 0x08, 0x0D, 0x08, 0x32, 0x14, 0xC4, 0x24, 0x08, 0xC2, 0x07, 0x02 };
static const uint8_t bitmap_2499[] = { 0x10, 0x00, 0x12, 0x1C, 0x11, 0xE8, 0x24, 0x08, 0x24, 0x08, 0x38, 0x08, 0xD3, 0x38, 0x11, 0xC8, 0x3D, 0x00, 0xE1, 0x00, 0x01, 0x00, 0x0D, 0x00, 0x31, 0x04, 0xC1, 0x04, 0x00, 0x84, 0x00, 0x7E };
static const uint8_t bitmap_2500[] = { 0x10, 0x00, 0x12, 0x1E, 0x11, 0xE4, 0x24, 0x44, 0x24, 0x44, 0x39, 0x44, 0xD1, 0x44, 0x12, 0x44, 0x3E, 0x44, 0xE0, 0x84, 0x00, 0x84, 0x0C, 0x84, 0x31, 0x08, 0xC1, 0x28, 0x02, 0x18, 0x04, 0x10 };
static const uint8_t bitmap_2501[] = { 0x10, 0xC0, 0x10, 0x40, 0x12, 0x7C, 0x25, 0xC0, 0x24, 0x40, 0x3A, 0x78, 0xD1, 0xC0, 0x10, 0x40, 0x3C, 0x7E, 0xE3, 0xC4, 0x00, 0x44, 0x0C, 0x54, 0x30, 0x4C, 0xC0, 0x48, 0x00, 0x40, 0x00, 0x40 };
static const uint8_t bitmap_2502[] = { 0x10, 0xC0, 0x10, 0x40, 0x10, 0x40, 0x24, 0x7C, 0x27, 0xC0, 0x38, 0x58, 0xD3, 0x48, 0x11, 0x48, 0x3D, 0x48, 0xE1, 0x78, 0x01, 0xC8, 0x0D, 0x40, 0x30, 0x44, 0xC0, 0x44, 0x00, 0x24, 0x00, 0x1E };
static const uint8_t bitmap_2503[] = { 0x10, 0x60, 0x10, 0x20, 0x10, 0x28, 0x25, 0xA4, 0x24, 0xA4, 0x38, 0xA2, 0xD1, 0x22, 0x11, 0x20, 0x3E, 0x24, 0xE0, 0x24, 0x00, 0x08, 0x0C, 0x08, 0x30, 0x10, 0xC0, 0x20, 0x00, 0xC0, 0x03, 0x00 };
static const uint8_t bitmap_2504[] = { 0x10, 0x00, 0x13, 0x1E, 0x11, 0xE2, 0x25, 0x0A, 0x25, 0x0A, 0x39, 0x4A, 0xD1, 0x2A, 0x11, 0x32, 0x3D, 0x12, 0xE1, 0x2A, 0x01, 0x2A, 0x0D, 0x4A, 0x31, 0x82, 0xC1, 0x0A, 0x01, 0x06, 0x01, 0x04 };
static const uint8_t bitmap_2505[] = { 0x10, 0xC0, 0x10, 0x40, 0x10, 0x40, 0x24, 0x7E, 0x27, 0xC4, 0x3A, 0x44, 0xD2, 0x44, 0x12, 0x64, 0x3E, 0x54, 0xE2, 0x94, 0x02, 0x8C, 0x0F, 0x04, 0x32, 0x04, 0xC2, 0x14, 0x02, 0x0C, 0x02, 0x08 };
static const uint8_t bitmap_2506[] = { 0x13, 0x30, 0x11, 0x10, 0x11, 0x10, 0x25, 0x10, 0x25, 0x10, 0x39, 0x10, 0xD1, 0x10, 0x11, 0x10, 0x3D, 0x98, 0xE2, 0xA8, 0x02, 0x64, 0x0E, 0x24, 0x34, 0x44, 0xC4, 0x42, 0x08, 0x82, 0x13, 0x02 };
static const uint8_t bitmap_2507[] = { 0x10, 0x10, 0x10, 0xB0, 0x10, 0x88, 0x24, 0x88, 0x25, 0x04, 0x39, 0x04, 0xD1, 0x1A, 0x12, 0xEA, 0x3C, 0x88, 0xE0, 0x88, 0x00, 0x88, 0x0C, 0x88, 0x31, 0x08, 0xC1, 0x50, 0x02, 0x30, 0x04, 0x20 };
static const uint8_t bitmap_2508[] = { 0x10, 0x0C, 0x13, 0x30, 0x11, 0xE0, 0x25, 0x20, 0x25, 0x20, 0x39, 0x3E, 0xD1, 0xE0, 0x11, 0x20, 0x3D, 0x10, 0xE1, 0x10, 0x01, 0x10, 0x0D, 0x0A, 0x31, 0x2A, 0xC1, 0xCC, 0x07, 0x06, 0x00, 0x02 };
static const uint8_t bitmap_2509[] = { 0x10, 0xC0, 0x10, 0x40, 0x10, 0x40, 0x24, 0x7E, 0x27, 0xC8, 0x39, 0x08, 0xD0, 0x88, 0x10, 0x50, 0x3C, 0x50, 0xE0, 0x20, 0x00, 0x30, 0x0C, 0x48, 0x30, 0x48, 0xC0, 0x84, 0x01, 0x02, 0x06, 0x02 };
static const uint8_t bitmap_2510[] = { 0x10, 0xC0, 0x10, 0x40, 0x10, 0x40, 0x24, 0x7E, 0x27, 0xC0, 0x38, 0x80, 0xD0, 0x9C, 0x10, 0xE8, 0x3C, 0x88, 0xE0, 0x88, 0x00, 0x88, 0x0C, 0x88, 0x31, 0x08, 0xC1, 0x50, 0x02, 0x30, 0x04, 0x20 };
static const uint8_t bitmap_2511[] = { 0x10, 0x00, 0x12, 0x3C, 0x11, 0xC8, 0x24, 0x48, 0x24, 0x48, 0x38, 0x48, 0xD2, 0x78, 0x11, 0xC8, 0x3C, 0x48, 0xE0, 0x88, 0x00, 0x88, 0x0C, 0x88, 0x30, 0x88, 0xC4, 0xBE, 0x03, 0xC0, 0x00, 0x00 };
static const uint8_t bitmap_2512[] = { 0x10, 0xD8, 0x10, 0x44, 0x10, 0x42, 0x26, 0x7C, 0x25, 0xC0, 0x38, 0x40, 0xD2, 0x7E, 0x11, 0xC0, 0x3C, 0x48, 0xE0, 0x28, 0x00, 0x28, 0x0C, 0x12, 0x30, 0x32, 0xC0, 0x4C, 0x01, 0x86, 0x06, 0x02 };
static const uint8_t bitmap_2513[] = { 0x10, 0x40, 0x10, 0x40, 0x10, 0x40, 0x24, 0x9E, 0x27, 0xE0, 0x38, 0x80, 0xD4, 0xF0, 0x13, 0x20, 0x3D, 0x3C, 0xE3, 0xE0, 0x02, 0x28, 0x0D, 0x24, 0x31, 0x24, 0xC2, 0xA2, 0x04, 0x62, 0x00, 0x40 };
static const uint8_t bitmap_2514[] = { 0x10, 0x00, 0x13, 0x3C, 0x11, 0xC8, 0x25, 0x08, 0x25, 0x08, 0x39, 0x38, 0xD1, 0xC8, 0x11, 0x08, 0x3D, 0x08, 0xE1, 0x38, 0x01, 0xC8, 0x0D, 0x08, 0x31, 0x08, 0xC9, 0x3E, 0x07, 0xC0, 0x00, 0x00 };
static const uint8_t bitmap_2515[] = { 0x10, 0x60, 0x10, 0x20, 0x10, 0x20, 0x27, 0x3E, 0x25, 0xE4, 0x39, 0x24, 0xD1, 0x3C, 0x11, 0xE4, 0x3D, 0x24, 0xE1, 0x3C, 0x01, 0xE4, 0x0D, 0x20, 0x30, 0x20, 0xC0, 0x20, 0x00, 0x20, 0x00, 0x20 };
static const uint8_t bitmap_2516[] = { 0x10, 0x00, 0x10, 0x00, 0x13, 0x3E, 0x25, 0xE2, 0x25, 0x22, 0x39, 0x22, 0xD1, 0x22, 0x11, 0x3E, 0x3D, 0xE2, 0xE1, 0x22, 0x01, 0x22, 0x0D, 0x22, 0x31, 0x3E, 0xC1, 0xE2, 0x01, 0x02, 0x00, 0x00 };
static const uint8_t bitmap_2517[] = { 0x10, 0x00, 0x13, 0x1E, 0x11, 0xE4, 0x25, 0x04, 0x25, 0x04, 0x39, 0x04, 0xD1, 0x04, 0x11, 0x04, 0x3D, 0x3C, 0xE1, 0xC4, 0x01, 0x10, 0x0C, 0x88, 0x30, 0x84, 0xC1, 0x02, 0x02, 0x02, 0x04, 0x00 };
static const uint8_t bitmap_2518[] = { 0x10, 0x40, 0x10, 0x40, 0x10, 0x5C, 0x24, 0xE8, 0x24, 0x88, 0x39, 0x50, 0xD2, 0x30, 0x10, 0x28, 0x3C, 0x44, 0xE0, 0x82, 0x03, 0x30, 0x0C, 0x08, 0x30, 0x00, 0xC0, 0x60, 0x00, 0x18, 0x00, 0x04 };
static const uint8_t bitmap_2519[] = { 0x10, 0x64, 0x12, 0x24, 0x11, 0x24, 0x24, 0xA8, 0x24, 0xA0, 0x3A, 0x3C, 0xD1, 0xE0, 0x10, 0x20, 0x3C, 0x20, 0xE2, 0x3E, 0x01, 0xE0, 0x0C, 0x20, 0x30, 0x20, 0xC0, 0x20, 0x00, 0x20, 0x00, 0x20 };
static const uint8_t bitmap_2520[] = { 0x10, 0x00, 0x12, 0x1E, 0x11, 0xE2, 0x24, 0x42, 0x24, 0x42, 0x38, 0x94, 0xD0, 0x8C, 0x13, 0x08, 0x3D, 0x3C, 0xE1, 0xC8, 0x01, 0x08, 0x0D, 0x08, 0x31, 0x08, 0xC1, 0x38, 0x01, 0xC8, 0x01, 0x08 };
static const uint8_t bitmap_2521[] = { 0x10, 0x00, 0x14, 0x78, 0x13, 0x90, 0x25, 0x20, 0x24, 0xC0, 0x38, 0xA0, 0xD1, 0x58, 0x12, 0x44, 0x3C, 0x7A, 0xE3, 0xC0, 0x00, 0x40, 0x0C, 0x7E, 0x33, 0xC0, 0xC0, 0x40, 0x00, 0x40, 0x00, 0x40 };
static const uint8_t bitmap_2522[] = { 0x10, 0x00, 0x12, 0x38, 0x11, 0xD0, 0x24, 0x10, 0x24, 0x20, 0x38, 0x50, 0xD0, 0x88, 0x13, 0x04, 0x3C, 0x02, 0xE2, 0x3C, 0x01, 0xE0, 0x0C, 0x20, 0x30, 0x20, 0xC4, 0x3E, 0x03, 0xC0, 0x00, 0x00 };
static const uint8_t bitmap_2523[] = { 0x23, 0x00, 0x21, 0x26, 0x25, 0xFA, 0x4B, 0x22, 0x49, 0x24, 0x75, 0xE8, 0x93, 0x24, 0x21, 0x24, 0x79, 0x22, 0xC1, 0xE2, 0x07, 0x32, 0x09, 0x2C, 0x32, 0x28, 0xC2, 0x20, 0x04, 0x20, 0x08, 0x20 };
static const uint8_t bitmap_2524[] = { 0x10, 0x60, 0x10, 0x28, 0x10, 0x24, 0x24, 0x24, 0x24, 0x3E, 0x3B, 0xE0, 0xD0, 0x24, 0x11, 0xA4, 0x3C, 0xE4, 0xE3, 0xA8, 0x00, 0xA8, 0x0D, 0x12, 0x31, 0x32, 0xC2, 0x4C, 0x04, 0x86, 0x03, 0x02 };
static const uint8_t bitmap_2525[] = { 0x10, 0x60, 0x10, 0x20, 0x12, 0x3E, 0x25, 0xE0, 0x24, 0x20, 0x38, 0x20, 0xD1, 0x3C, 0x10, 0xC0, 0x3C, 0x00, 0xE0, 0x3E, 0x03, 0xC4, 0x0D, 0x04, 0x31, 0x04, 0xC1, 0x3C, 0x01, 0xC4, 0x01, 0x04 };
static const uint8_t bitmap_2526[] = { 0x11, 0x80, 0x10, 0x80, 0x12, 0xBC, 0x25, 0xC8, 0x24, 0x50, 0x38, 0x50, 0xD0, 0x24, 0x10, 0x54, 0x3D, 0x8E, 0xE0, 0x00, 0x02, 0x7C, 0x0D, 0xA0, 0x30, 0xA0, 0xC0, 0xA4, 0x01, 0x24, 0x06, 0x1E };
static const uint8_t bitmap_2527[] = { 0x10, 0x20, 0x10, 0x50, 0x10, 0x48, 0x24, 0x84, 0x25, 0x1A, 0x3A, 0xE2, 0xD0, 0x00, 0x12, 0x1E, 0x3D, 0xE0, 0xE0, 0x40, 0x00, 0x48, 0x0C, 0x84, 0x30, 0x9C, 0xC1, 0x62, 0x07, 0x82, 0x00, 0x00 };
static const uint8_t bitmap_2528[] = { 0x10, 0x40, 0x10, 0x60, 0x10, 0x50, 0x24, 0x88, 0x24, 0x84, 0x39, 0x3A, 0xD6, 0xC2, 0x10, 0x00, 0x3D, 0x3C, 0xE1, 0xC8, 0x01, 0x08, 0x0D, 0x08, 0x31, 0x08, 0xC1, 0x38, 0x01, 0xC8, 0x01, 0x08 };
static const uint8_t bitmap_2529[] = { 0x10, 0x80, 0x10, 0x80, 0x10, 0x80, 0x25, 0x3E, 0x25, 0xC2, 0x3A, 0x02, 0xD5, 0x72, 0x11, 0xA2, 0x3D, 0x62, 0xE1, 0xA2, 0x01, 0x24, 0x0D, 0x64, 0x31, 0xA4, 0xC1, 0x28, 0x00, 0x18, 0x00, 0x10 };
static const uint8_t bitmap_2530[] = { 0x10, 0x80, 0x10, 0x80, 0x10, 0xB8, 0x25, 0xD0, 0x25, 0x10, 0x3A, 0xA0, 0xD4, 0x60, 0x10, 0x98, 0x3D, 0x04, 0xE3, 0x3A, 0x01, 0xC8, 0x0D, 0x08, 0x31, 0x08, 0xC1, 0x38, 0x01, 0xC8, 0x01, 0x08 };
static const uint8_t bitmap_2531[] = { 0x10, 0x80, 0x10, 0x80, 0x10, 0xF0, 0x25, 0x20, 0x25, 0x7C, 0x3B, 0xC8, 0xD6, 0x48, 0x12, 0x48, 0x3E, 0x78, 0xE3, 0xC8, 0x02, 0x08, 0x0E, 0x00, 0x32, 0x04, 0xC2, 0x04, 0x01, 0x04, 0x00, 0xFE };
static const uint8_t bitmap_2532[] = { 0x10, 0xC0, 0x10, 0x40, 0x10, 0x40, 0x24, 0x7E, 0x27, 0x90, 0x38, 0x88, 0xD1, 0x14, 0x12, 0x12, 0x3D, 0x92, 0xE0, 0x60, 0x00, 0x20, 0x0C, 0x50, 0x30, 0x48, 0xC0, 0x84, 0x01, 0x04, 0x06, 0x02 };
static const uint8_t bitmap_2533[] = { 0x10, 0xC0, 0x10, 0x40, 0x12, 0x7C, 0x25, 0xC0, 0x24, 0x50, 0x38, 0x88, 0xD0, 0x9C, 0x11, 0x64, 0x3F, 0x80, 0xE0, 0xA0, 0x00, 0xA0, 0x0C, 0xA0, 0x31, 0x24, 0xC1, 0x24, 0x02, 0x24, 0x0C, 0x1E };
static const uint8_t bitmap_2534[] = { 0x10, 0x00, 0x11, 0x9C, 0x10, 0xE8, 0x24, 0x88, 0x24, 0xB8, 0x38, 0xC0, 0xD3, 0x3E, 0x11, 0xC4, 0x3D, 0x3C, 0xE1, 0xC4, 0x01, 0x04, 0x0D, 0x3C, 0x31, 0xC4, 0xC1, 0x14, 0x01, 0x0C, 0x01, 0x08 };
static const uint8_t bitmap_2535[] = { 0x10, 0x18, 0x10, 0x60, 0x13, 0xC0, 0x24, 0x7E, 0x27, 0xC0, 0x38, 0xF0, 0xD1, 0x4C, 0x12, 0x42, 0x3C, 0x78, 0xE3, 0xD0, 0x00, 0x9C, 0x0C, 0xB4, 0x31, 0x04, 0xC1, 0x28, 0x02, 0x18, 0x0C, 0x10 };
static const uint8_t bitmap_2536[] = { 0x20, 0x60, 0x26, 0x24, 0x23, 0x24, 0x4A, 0xA8, 0x4A, 0x60, 0x72, 0x3E, 0x93, 0xE0, 0x22, 0x30, 0x7A, 0x68, 0xC2, 0xA4, 0x02, 0xA4, 0x0B, 0x20, 0x32, 0x00, 0xC2, 0x3E, 0x03, 0xC0, 0x02, 0x00 };
static const uint8_t bitmap_2537[] = { 0x10, 0xC0, 0x10, 0x40, 0x12, 0x7C, 0x25, 0xC0, 0x26, 0x78, 0x39, 0xC0, 0xD4, 0x7E, 0x13, 0x80, 0x3C, 0x7C, 0xE1, 0x88, 0x01, 0x48, 0x0D, 0x48, 0x31, 0x48, 0xC1, 0x70, 0x00, 0x8C, 0x07, 0x02 };
static const uint8_t bitmap_2538[] = { 0x10, 0x60, 0x10, 0x20, 0x11, 0x3C, 0x24, 0xE4, 0x24, 0x28, 0x3A, 0x3E, 0xD1, 0xE0, 0x10, 0x40, 0x3C, 0x9E, 0xE1, 0xE4, 0x02, 0x9C, 0x0C, 0xE4, 0x30, 0x84, 0xC0, 0x9C, 0x00, 0xE4, 0x00, 0x84 };
static const uint8_t bitmap_2539[] = { 0x20, 0xC0, 0x20, 0x40, 0x22, 0x7C, 0x49, 0xC0, 0x48, 0x40, 0x74, 0x7E, 0x93, 0x84, 0x20, 0x98, 0x7A, 0x50, 0xC1, 0x50, 0x05, 0x1E, 0x0B, 0xE0, 0x30, 0x30, 0xC0, 0x48, 0x01, 0x84, 0x06, 0x02 };
static const uint8_t bitmap_2540[] = { 0x10, 0x60, 0x10, 0x2E, 0x10, 0x30, 0x24, 0x20, 0x27, 0x3E, 0x39, 0xC4, 0xD1, 0x3C, 0x11, 0xC4, 0x3D, 0x04, 0xE1, 0x3C, 0x01, 0xE4, 0x0D, 0x20, 0x32, 0x3E, 0xC1, 0xE0, 0x00, 0x20, 0x00, 0x20 };
static const uint8_t bitmap_2541[] = { 0x20, 0x00, 0x26, 0x78, 0x23, 0x90, 0x4A, 0x10, 0x4A, 0x70, 0x73, 0xC0, 0x90, 0x7C, 0x27, 0xC8, 0x7A, 0x78, 0xC3, 0xC8, 0x02, 0x48, 0x0A, 0x78, 0x33, 0xC8, 0xC2, 0x44, 0x00, 0x44, 0x00, 0x3E };
static const uint8_t bitmap_2542[] = { 0x10, 0x88, 0x10, 0x88, 0x10, 0x90, 0x25, 0x3E, 0x25, 0xE0, 0x3B, 0x20, 0xD5, 0x3C, 0x11, 0xE0, 0x3D, 0x20, 0xE1, 0x3C, 0x01, 0xE0, 0x0D, 0x20, 0x31, 0x20, 0xC1, 0x3E, 0x01, 0xC0, 0x01, 0x00 };
static const uint8_t bitmap_2543[] = { 0x10, 0x40, 0x10, 0xC0, 0x13, 0x3C, 0x25, 0xC8, 0x25, 0x38, 0x39, 0xC8, 0xD1, 0x38, 0x11, 0xC8, 0x3D, 0x40, 0xE2, 0x7E, 0x03, 0xC4, 0x0E, 0x44, 0x32, 0x54, 0xC2, 0x4C, 0x02, 0x48, 0x00, 0x40 };
static const uint8_t bitmap_2544[] = { 0x20, 0x00, 0x26, 0xD6, 0x23, 0x5A, 0x4A, 0x52, 0x4A, 0x52, 0x72, 0xD6, 0x93, 0x5A, 0x22, 0x52, 0x7A, 0x52, 0xC2, 0xD6, 0x03, 0x5A, 0x0A, 0x52, 0x32, 0x52, 0xC5, 0x5A, 0x04, 0xD6, 0x08, 0xA4 };
static const uint8_t bitmap_2545[] = { 0x10, 0x00, 0x13, 0x1E, 0x11, 0xE2, 0x25, 0x22, 0x25, 0x3A, 0x39, 0xE2, 0xD1, 0x3A, 0x11, 0xC2, 0x3D, 0x1A, 0xE1, 0x6A, 0x01, 0x4A, 0x0D, 0x5A, 0x31, 0x6A, 0xC2, 0x4A, 0x02, 0x06, 0x04, 0x04 };
static const uint8_t bitmap_2546[] = { 0x10, 0x60, 0x10, 0x20, 0x11, 0x3E, 0x25, 0xC4, 0x25, 0x08, 0x3A, 0x38, 0xD1, 0xC0, 0x10, 0x00, 0x3C, 0x3E, 0xE3, 0xE0, 0x00, 0x28, 0x0D, 0x24, 0x31, 0x22, 0xC2, 0xA2, 0x04, 0x60, 0x00, 0x40 };
static const uint8_t bitmap_2547[] = { 0x10, 0x60, 0x10, 0x20, 0x11, 0x3E, 0x25, 0xC4, 0x25, 0x08, 0x3A, 0x00, 0xD1, 0x3C, 0x11, 0xE0, 0x3C, 0x20, 0xE1, 0xAC, 0x00, 0xB0, 0x0C, 0xA0, 0x31, 0x20, 0xC1, 0xA0, 0x02, 0x60, 0x0C, 0x1E };
static const uint8_t bitmap_2548[] = { 0x10, 0x00, 0x11, 0x3C, 0x10, 0xC8, 0x25, 0x38, 0x24, 0xC8, 0x38, 0x08, 0xD2, 0x3E, 0x11, 0xE0, 0x3D, 0x24, 0xE0, 0xA8, 0x00, 0x70, 0x0C, 0xA8, 0x31, 0x24, 0xC6, 0xA2, 0x00, 0x60, 0x00, 0x40 };
static const uint8_t bitmap_2549[] = { 0x20, 0x00, 0x28, 0xDE, 0x27, 0x64, 0x4A, 0x98, 0x49, 0x08, 0x71, 0x94, 0x92, 0xA2, 0x24, 0x40, 0x7C, 0xCE, 0xC7, 0x74, 0x02, 0xA4, 0x09, 0x18, 0x31, 0x88, 0xC2, 0x94, 0x04, 0x22, 0x08, 0xC2 };
static const uint8_t bitmap_2550[] = { 0x10, 0x00, 0x14, 0x3E, 0x13, 0xC0, 0x24, 0x40, 0x24, 0x80, 0x3A, 0xBE, 0xD3, 0xD4, 0x12, 0xB4, 0x3E, 0xD4, 0xE2, 0x94, 0x02, 0xB4, 0x0E, 0xD4, 0x32, 0x94, 0xC2, 0xBC, 0x03, 0xC4, 0x02, 0x04 };
static const uint8_t bitmap_2551[] = { 0x21, 0x90, 0x26, 0x90, 0x22, 0x9E, 0x4A, 0xA0, 0x4A, 0xA8, 0x72, 0xC4, 0x92, 0xBC, 0x21, 0xC8, 0x79, 0x08, 0xC1, 0x48, 0x01, 0x48, 0x0D, 0x48, 0x31, 0x60, 0xC0, 0xA4, 0x01, 0x24, 0x06, 0x1E };
static const uint8_t bitmap_2552[] = { 0x10, 0x00, 0x13, 0x3C, 0x11, 0xC8, 0x25, 0x38, 0x25, 0xC0, 0x3A, 0x3E, 0xD1, 0xC8, 0x11, 0x38, 0x3D, 0xC8, 0xE1, 0x38, 0x01, 0xC8, 0x0D, 0x0E, 0x31, 0x38, 0xC1, 0xC8, 0x07, 0x08, 0x00, 0x08 };
static const uint8_t bitmap_2553[] = { 0x20, 0x80, 0x22, 0xEC, 0x23, 0x38, 0x4A, 0x28, 0x4B, 0xA8, 0x72, 0x28, 0x92, 0x46, 0x22, 0x80, 0x7B, 0xCC, 0xC2, 0x34, 0x02, 0xA4, 0x0B, 0x68, 0x36, 0x18, 0xC2, 0x14, 0x02, 0x22, 0x02, 0xC2 };
static const uint8_t bitmap_2554[] = { 0x10, 0x18, 0x10, 0x64, 0x13, 0xA4, 0x24, 0xA8, 0x26, 0xBE, 0x39, 0xC0, 0xD4, 0x7E, 0x13, 0xC0, 0x20, 0x9C, 0x3C, 0xE4, 0xE0, 0xA8, 0x01, 0x18, 0x0D, 0x28, 0x32, 0x44, 0xC0, 0x82, 0x03, 0x02 };
static const uint8_t bitmap_2555[] = { 0x10, 0x60, 0x10, 0x20, 0x12, 0x3E, 0x25, 0xC8, 0x24, 0x90, 0x3A, 0xBE, 0xD3, 0xE4, 0x12, 0x20, 0x21, 0x3E, 0x3D, 0xE4, 0xE1, 0x24, 0x01, 0x34, 0x0D, 0x2C, 0x31, 0x28, 0xC0, 0x20, 0x00, 0x20 };
static const uint8_t bitmap_2556[] = { 0x12, 0x64, 0x11, 0x24, 0x10, 0xA8, 0x24, 0xBE, 0x27, 0xF0, 0x38, 0x68, 0xD0, 0xA4, 0x11, 0x22, 0x22, 0x40, 0x3C, 0x5E, 0xE3, 0xE8, 0x00, 0x88, 0x0D, 0xD0, 0x30, 0x28, 0xC0, 0xC4, 0x07, 0x02 };
static const uint8_t bitmap_2557[] = { 0x10, 0x60, 0x10, 0x20, 0x13, 0x3E, 0x25, 0xC4, 0x25, 0x04, 0x39, 0x3C, 0xD1, 0xC0, 0x11, 0x3E, 0x21, 0xD2, 0x3D, 0x52, 0xE3, 0x7E, 0x03, 0xD2, 0x0D, 0x52, 0x31, 0x5A, 0xC1, 0x56, 0x01, 0x04 };
static const uint8_t bitmap_2558[] = { 0x10, 0x80, 0x10, 0xB8, 0x10, 0xC8, 0x25, 0x30, 0x25, 0xD0, 0x3A, 0x3E, 0xD1, 0xC0, 0x10, 0x42, 0x24, 0xA2, 0x3B, 0x74, 0xE0, 0x98, 0x03, 0x34, 0x0C, 0x54, 0x31, 0x92, 0xC0, 0x62, 0x00, 0x40 };
static const uint8_t bitmap_2559[] = { 0x10, 0xC8, 0x10, 0x44, 0x14, 0x7E, 0x27, 0xC0, 0x25, 0x7C, 0x39, 0xC8, 0xD1, 0x78, 0x11, 0xC8, 0x3D, 0x78, 0xE1, 0xC8, 0x05, 0x7E, 0x0B, 0xC8, 0x30, 0x88, 0xC0, 0x68, 0x00, 0x18, 0x00, 0x10 };
static const uint8_t bitmap_2560[] = { 0x20, 0x28, 0x24, 0x3C, 0x22, 0x48, 0x4A, 0xB0, 0x49, 0x18, 0x70, 0x24, 0x9A, 0xD2, 0x27, 0x9E, 0x7A, 0x70, 0xC4, 0x1C, 0x03, 0x70, 0x0A, 0x9E, 0x34, 0x70, 0xCF, 0x10, 0x00, 0xC0, 0x00, 0x3E };
static const uint8_t bitmap_2561[] = { 0x20, 0x60, 0x24, 0x3E, 0x27, 0xE0, 0x4A, 0x9C, 0x4A, 0xE4, 0x72, 0xBC, 0x92, 0xE4, 0x22, 0xA4, 0x7A, 0xBC, 0xC2, 0xE0, 0x03, 0x3C, 0x0A, 0xE0, 0x34, 0x20, 0xC6, 0x3E, 0x09, 0xC0, 0x00, 0x00 };
static const uint8_t bitmap_2562[] = { 0x20, 0x60, 0x20, 0x20, 0x22, 0x3E, 0x4B, 0xC4, 0x4A, 0x08, 0x75, 0x30, 0x91, 0xC0, 0x21, 0x1C, 0x79, 0xF0, 0xC1, 0x10, 0x05, 0x1E, 0x0B, 0xE0, 0x30, 0x18, 0xC0, 0x84, 0x01, 0x02, 0x06, 0x02 };
static const uint8_t bitmap_2563[] = { 0x10, 0x60, 0x12, 0x3E, 0x13, 0xE4, 0x22, 0x88, 0x24, 0x8E, 0x39, 0x70, 0xD1, 0x10, 0x12, 0xDE, 0x3E, 0x64, 0xE2, 0x44, 0x02, 0x5C, 0x0E, 0x64, 0x32, 0x44, 0xC2, 0x5C, 0x02, 0x64, 0x02, 0x44 };
static const uint8_t bitmap_2564[] = { 0x10, 0x60, 0x10, 0x20, 0x12, 0x3E, 0x25, 0xD0, 0x26, 0x8A, 0x39, 0x3C, 0xD7, 0xC4, 0x11, 0x3E, 0x3D, 0xC4, 0xE1, 0x3C, 0x01, 0xE4, 0x0C, 0xA8, 0x31, 0x24, 0xC1, 0xA2, 0x06, 0x62, 0x00, 0x40 };
static const uint8_t bitmap_2565[] = { 0x10, 0x00, 0x12, 0x3E, 0x11, 0xC0, 0x24, 0x3C, 0x25, 0xE4, 0x39, 0x3C, 0xD1, 0xE4, 0x13, 0x3E, 0x3D, 0xE4, 0xE1, 0x3C, 0x01, 0xE4, 0x0D, 0x3C, 0x31, 0xC0, 0xC4, 0x3E, 0x03, 0xC0, 0x00, 0x00 };
static const uint8_t bitmap_2566[] = { 0x20, 0x88, 0x20, 0x88, 0x26, 0xC8, 0x4B, 0x50, 0x4A, 0xD6, 0x73, 0x5C, 0x92, 0xE4, 0x23, 0x24, 0x79, 0xD4, 0xC7, 0x08, 0x01, 0x68, 0x0B, 0xC8, 0x32, 0x54, 0xC6, 0x94, 0x09, 0xA2, 0x11, 0x42 };
static const uint8_t bitmap_2567[] = { 0x20, 0x00, 0x21, 0x1C, 0x26, 0xE0, 0x78, 0x20, 0x48, 0x20, 0x88, 0x20, 0x8F, 0x20, 0x78, 0x20, 0x08, 0x20, 0x0A, 0x20, 0x4A, 0x20, 0x4A, 0x20, 0x4E, 0x20, 0x72, 0x3E, 0x41, 0xC0, 0x00, 0x00 };
static const uint8_t bitmap_2568[] = { 0x20, 0x60, 0x20, 0x20, 0x26, 0x20, 0x79, 0x3C, 0x48, 0xE8, 0x88, 0x28, 0x8F, 0x28, 0x79, 0x3E, 0x08, 0xE0, 0x0A, 0x20, 0x4A, 0x30, 0x4A, 0x48, 0x4E, 0x48, 0x72, 0x84, 0x41, 0x02, 0x02, 0x02 };
static const uint8_t bitmap_2569[] = { 0x20, 0x88, 0x22, 0xBE, 0x2F, 0xC8, 0x30, 0x9E, 0x53, 0xD2, 0x52, 0x5E, 0x9F, 0xD0, 0x72, 0xAE, 0x11, 0xF0, 0x15, 0x1C, 0x57, 0xF0, 0x55, 0x1C, 0x5D, 0xF0, 0x75, 0x1E, 0x41, 0xE0, 0x01, 0x00 };
static const uint8_t bitmap_2570[] = { 0x00, 0x00, 0xC0, 0xFE, 0x7F, 0x02, 0x40, 0x12, 0x42, 0x12, 0x52, 0x92, 0x4A, 0x52, 0x46, 0x22, 0x42, 0x32, 0x45, 0x2A, 0x45, 0x4A, 0x48, 0x42, 0x50, 0x82, 0x41, 0x0A, 0x40, 0x06, 0x40, 0x04 };
static const uint8_t bitmap_2571[] = { 0x00, 0x00, 0x40, 0xFE, 0x7F, 0x84, 0x44, 0x68, 0x84, 0x10, 0x08, 0x08, 0x10, 0x04, 0x61, 0xF8, 0x1F, 0x00, 0x01, 0x00, 0x81, 0xFE, 0x7F, 0x00, 0x01, 0x00, 0x01, 0x00, 0x01, 0x00, 0x01, 0x00 };
static const uint8_t bitmap_2572[] = { 0x00, 0x00, 0xC1, 0xFE, 0x7E, 0x44, 0x44, 0x44, 0x45, 0xFC, 0x7E, 0x04, 0x42, 0x00, 0x02, 0x78, 0x07, 0x90, 0x18, 0x20, 0x64, 0x40, 0x02, 0x80, 0x01, 0x00, 0x06, 0x00, 0x18, 0x00, 0xE0, 0x00 };
static const uint8_t bitmap_2573[] = { 0x00, 0x00, 0xC1, 0xFE, 0x7E, 0x44, 0x44, 0x44, 0x45, 0xFC, 0x7E, 0x00, 0x10, 0x0C, 0x08, 0xC4, 0x00, 0x44, 0x9C, 0x44, 0x68, 0x44, 0x08, 0x44, 0x0B, 0x44, 0x0C, 0x14, 0x30, 0x0C, 0x00, 0x08 };
static const uint8_t bitmap_2574[] = { 0x00, 0x00, 0x60, 0xFC, 0x3F, 0x48, 0x24, 0x48, 0x24, 0xF8, 0x3F, 0x08, 0x21, 0x00, 0x11, 0xF0, 0x0F, 0x00, 0x81, 0xFE, 0x7F, 0x40, 0x02, 0x20, 0x04, 0x70, 0x0B, 0x88, 0x7C, 0x04, 0x00, 0x04 };
static const uint8_t bitmap_2575[] = { 0x00, 0x00, 0xC0, 0xFE, 0x7F, 0x44, 0x44, 0xFC, 0x7F, 0x04, 0x41, 0xF8, 0x01, 0x00, 0x31, 0xF8, 0x1E, 0x10, 0x11, 0xF0, 0x1E, 0x10, 0x11, 0xF0, 0x1F, 0x00, 0x81, 0xFE, 0x7F, 0x00, 0x01, 0x00 };
static const uint8_t bitmap_2576[] = { 0x00, 0x00, 0x61, 0xFC, 0x3E, 0x48, 0x24, 0x48, 0x25, 0xF8, 0x3E, 0x00, 0x04, 0xCE, 0x9C, 0x70, 0x64, 0x4C, 0x1C, 0x70, 0x64, 0x40, 0x04, 0x4E, 0x9C, 0x70, 0x64, 0x40, 0x04, 0x40, 0x04, 0x40 };
static const uint8_t bitmap_2577[] = { 0x00, 0x00, 0x61, 0xFC, 0x3E, 0x48, 0x25, 0xF8, 0x3F, 0x00, 0x81, 0xFE, 0x7F, 0x20, 0x09, 0xE0, 0x0E, 0x20, 0x09, 0xE0, 0x0E, 0x20, 0x09, 0xE0, 0x0E, 0x20, 0x89, 0xFE, 0x7E, 0x00, 0x00, 0x00 };
static const uint8_t bitmap_2578[] = { 0x00, 0x00, 0x61, 0xFC, 0x3E, 0x48, 0x25, 0xF8, 0x3F, 0x10, 0x21, 0xE0, 0x1F, 0x40, 0x81, 0xFE, 0x7F, 0x00, 0x02, 0xF8, 0x0F, 0x10, 0x38, 0xF0, 0xCF, 0x10, 0x08, 0xF0, 0x0F, 0x10, 0x08, 0x10 };
static const uint8_t bitmap_2579[] = { 0x08, 0x20, 0x04, 0x20, 0x02, 0x40, 0x42, 0xFC, 0x3F, 0x00, 0x01, 0x00, 0x21, 0xF8, 0x1F, 0x00, 0x01, 0x00, 0x01, 0x00, 0x81, 0xFE, 0x7F, 0x00, 0x01, 0x00, 0x01, 0x00, 0x01, 0x00, 0x01, 0x00 };
static const uint8_t bitmap_2580[] = { 0x04, 0x40, 0x02, 0x40, 0x42, 0xFC, 0x3F, 0x00, 0x21, 0xF8, 0x1F, 0x00, 0x41, 0xFC, 0x3F, 0x00, 0x01, 0x00, 0x81, 0xFE, 0x7F, 0x00, 0x02, 0xC0, 0x04, 0x30, 0x08, 0x08, 0x30, 0x04, 0xC0, 0x02 };
static const uint8_t bitmap_2581[] = { 0x08, 0x20, 0x04, 0x20, 0x04, 0x40, 0x40, 0xFC, 0x3F, 0x00, 0x01, 0x00, 0x21, 0xF8, 0x1F, 0x00, 0x01, 0x00, 0x01, 0x00, 0x81, 0xFE, 0x7E, 0x00, 0x00, 0x88, 0x24, 0x44, 0x22, 0x22, 0xC2, 0x22 };
static const uint8_t bitmap_2582[] = { 0x44, 0x20, 0x24, 0x20, 0x28, 0x50, 0x9E, 0x48, 0x70, 0xA4, 0x11, 0x12, 0x9E, 0x12, 0x70, 0x00, 0x12, 0x3E, 0x9D, 0xC4, 0x70, 0x08, 0x10, 0x88, 0x20, 0x50, 0x20, 0x20, 0x40, 0x10, 0x80, 0x10 };
static const uint8_t bitmap_2583[] = { 0x08, 0x20, 0x04, 0x40, 0x44, 0xFC, 0x3F, 0x00, 0x21, 0xF8, 0x1E, 0x00, 0x83, 0xFE, 0x7E, 0x00, 0x04, 0xF8, 0x0F, 0x90, 0x10, 0xF0, 0x2F, 0x90, 0x41, 0x10, 0xA1, 0xFE, 0x1F, 0x00, 0x00, 0x00 };
static const uint8_t bitmap_2584[] = { 0x08, 0x20, 0x04, 0x40, 0x44, 0xFC, 0x3F, 0x00, 0x21, 0xF8, 0x1F, 0x00, 0x81, 0xFE, 0x7E, 0x80, 0x20, 0x80, 0x15, 0x3C, 0x09, 0xC8, 0x12, 0x40, 0x14, 0xB0, 0xE1, 0x08, 0x22, 0x04, 0x2C, 0x02 };
static const uint8_t bitmap_2585[] = { 0x00, 0x44, 0x47, 0x24, 0x3A, 0x28, 0x12, 0x9E, 0x9F, 0x70, 0x72, 0x10, 0x12, 0x9C, 0x5E, 0x70, 0x30, 0x10, 0x27, 0x1E, 0x3A, 0xF0, 0x62, 0x10, 0xA2, 0x10, 0x2E, 0x10, 0x32, 0x10, 0x22, 0x10 };
static const uint8_t bitmap_2586[] = { 0x04, 0x40, 0x42, 0xFC, 0x3F, 0x00, 0x11, 0xF0, 0x0F, 0x00, 0x81, 0xFE, 0x7E, 0x90, 0x0A, 0x48, 0x51, 0xFC, 0x3F, 0x00, 0x81, 0xFE, 0x7F, 0x00, 0x41, 0xFC, 0x3E, 0x20, 0x08, 0x18, 0xF0, 0x06 };
static const uint8_t bitmap_2587[] = { 0x00, 0x00, 0x8F, 0x1E, 0x72, 0xE4, 0x02, 0x04, 0x42, 0x84, 0x22, 0x44, 0x12, 0x24, 0x02, 0x04, 0x0A, 0x14, 0x12, 0x24, 0xA3, 0x44, 0x42, 0x84, 0x42, 0x84, 0x0A, 0x14, 0x06, 0x0C, 0x04, 0x08 };
static const uint8_t bitmap_2588[] = { 0x00, 0x40, 0x09, 0xE0, 0x0A, 0x10, 0x12, 0x48, 0x22, 0x24, 0x45, 0xF2, 0x9E, 0x12, 0x00, 0x00, 0x4F, 0x9C, 0x32, 0x64, 0x12, 0x24, 0x16, 0x2C, 0x4A, 0x94, 0x32, 0x64, 0x2E, 0x5C, 0x04, 0x08 };
static const uint8_t bitmap_2589[] = { 0x30, 0x00, 0x14, 0xE6, 0x13, 0x5A, 0x9C, 0x42, 0x72, 0x52, 0x11, 0x4A, 0x9C, 0x42, 0x64, 0xC6, 0x45, 0x6A, 0x2A, 0x52, 0x2A, 0x52, 0x11, 0x4A, 0x10, 0xC4, 0x28, 0x84, 0x46, 0x00, 0x81, 0xFE };
static const uint8_t bitmap_2590[] = { 0x44, 0x00, 0x24, 0xE6, 0x2B, 0x5A, 0x9C, 0x42, 0x72, 0x52, 0x11, 0x4A, 0x5D, 0x4A, 0x30, 0x42, 0x10, 0xC6, 0x9D, 0x4A, 0x72, 0x52, 0x14, 0x62, 0x20, 0x42, 0x21, 0x4A, 0x40, 0xC6, 0x80, 0x84 };
static const uint8_t bitmap_2591[] = { 0x30, 0x00, 0x11, 0x76, 0x9E, 0xAA, 0x71, 0x32, 0x14, 0xAA, 0x08, 0xAA, 0x09, 0x22, 0x16, 0x66, 0x63, 0xBA, 0x8E, 0x22, 0x78, 0xAA, 0x28, 0x66, 0x28, 0x44, 0x48, 0x04, 0x44, 0x04, 0x83, 0xFE };
static const uint8_t bitmap_2592[] = { 0x00, 0x00, 0x47, 0x9E, 0x3A, 0x64, 0x42, 0x84, 0x2A, 0x54, 0x12, 0xE4, 0x63, 0x00, 0x21, 0xFC, 0x1E, 0x20, 0x10, 0x50, 0x2B, 0x48, 0xA5, 0xFE, 0x7F, 0x00, 0x01, 0x00, 0x01, 0x00, 0x01, 0x00 };
static const uint8_t bitmap_2593[] = { 0x18, 0x00, 0x09, 0x76, 0xCF, 0xAA, 0x72, 0x22, 0x43, 0x32, 0x4E, 0xAA, 0x72, 0xAA, 0x40, 0x22, 0x4F, 0x22, 0x75, 0x66, 0x55, 0xBA, 0xDF, 0x22, 0x75, 0x22, 0x55, 0xAA, 0x53, 0x66, 0x42, 0x44 };
static const uint8_t bitmap_2594[] = { 0x30, 0x20, 0x10, 0x50, 0x9E, 0x48, 0x70, 0x84, 0x5D, 0x02, 0x66, 0xDE, 0x5D, 0x64, 0x66, 0x64, 0x45, 0x54, 0x5C, 0xCC, 0x74, 0xD4, 0x53, 0x64, 0x9C, 0x44, 0x71, 0x54, 0x10, 0x8C, 0x10, 0x88 };
static const uint8_t bitmap_2595[] = { 0x0C, 0x00, 0x32, 0x6E, 0xD5, 0xB2, 0x96, 0x22, 0x5D, 0x32, 0xF8, 0xAA, 0x34, 0xAA, 0x54, 0x22, 0x42, 0x66, 0x9C, 0xAA, 0x77, 0x32, 0x5C, 0x22, 0x74, 0x22, 0x5C, 0xAA, 0x74, 0x66, 0x44, 0x44 };
static const uint8_t bitmap_2596[] = { 0x00, 0x00, 0x4E, 0x9E, 0x32, 0xE4, 0x1A, 0x14, 0x62, 0xF4, 0x1F, 0x14, 0x11, 0xF0, 0x1F, 0x10, 0x11, 0xF0, 0x1F, 0x40, 0x44, 0xFC, 0x3F, 0x40, 0x84, 0xFE, 0x7F, 0x40, 0x04, 0x38, 0x78, 0x04 };
static const uint8_t bitmap_2597[] = { 0x30, 0x00, 0x14, 0xDC, 0x97, 0x64, 0x5A, 0x54, 0x51, 0x4C, 0x9C, 0xD4, 0xF7, 0x60, 0x11, 0x3C, 0x53, 0xE0, 0x55, 0x3C, 0x51, 0xE0, 0x55, 0x3C, 0x59, 0xE0, 0xB1, 0x3E, 0xA1, 0xE0, 0x81, 0x00 };
static const uint8_t bitmap_2598[] = { 0x06, 0x00, 0x02, 0x10, 0x02, 0x10, 0x23, 0xE0, 0x1E, 0x20, 0x02, 0x40, 0x83, 0xFE, 0x7E, 0x80, 0x03, 0x00, 0x02, 0x30, 0x0C, 0xC0, 0x37, 0x00, 0xC4, 0x08, 0x04, 0x08, 0x04, 0x08, 0x03, 0xFC };
static const uint8_t bitmap_2599[] = { 0x03, 0x00, 0x01, 0x10, 0x21, 0xD0, 0x1F, 0x20, 0x01, 0x40, 0x81, 0xFE, 0x7F, 0x00, 0x02, 0x78, 0x07, 0x80, 0x0C, 0x00, 0x18, 0xF8, 0x2F, 0x10, 0xC8, 0x10, 0x01, 0x20, 0x00, 0xC0, 0x00, 0x80 };
static const uint8_t bitmap_2600[] = { 0x06, 0x00, 0x02, 0x10, 0x23, 0xF0, 0x1E, 0x20, 0x02, 0x40, 0x83, 0xFE, 0x7F, 0x00, 0x02, 0x00, 0x04, 0xF8, 0x0F, 0x10, 0x38, 0xF0, 0xCF, 0x10, 0x08, 0x10, 0x08, 0xF0, 0x0F, 0x10, 0x08, 0x10 };
static const uint8_t bitmap_2601[] = { 0x00, 0x00, 0x80, 0xFE, 0x7F, 0x00, 0x02, 0x00, 0x04, 0x00, 0xC5, 0xFE, 0x7E, 0x44, 0x44, 0x44, 0x44, 0x44, 0x44, 0x44, 0x44, 0x44, 0x44, 0x44, 0x44, 0x44, 0x44, 0x54, 0x44, 0x4C, 0x40, 0x08 };
static const uint8_t bitmap_2602[] = { 0x00, 0x00, 0x81, 0xFE, 0x7E, 0x00, 0x23, 0xFC, 0x3E, 0x88, 0x24, 0x88, 0x24, 0xA8, 0x24, 0x98, 0x22, 0x10, 0x83, 0xFE, 0x7E, 0x20, 0x04, 0x20, 0x0E, 0x40, 0x01, 0xE0, 0x06, 0x18, 0x78, 0x04 };
static const uint8_t bitmap_2603[] = { 0x00, 0x18, 0x8F, 0x08, 0x70, 0x08, 0x10, 0x08, 0x21, 0x1E, 0xAE, 0xE8, 0xFB, 0x08, 0xAA, 0x88, 0xAA, 0x48, 0xAA, 0x48, 0xAA, 0x08, 0xAA, 0x08, 0xAA, 0x08, 0xAA, 0x28, 0xAE, 0x18, 0x84, 0x10 };
static const uint8_t bitmap_2604[] = { 0x30, 0xD8, 0x10, 0x48, 0x9E, 0x48, 0x71, 0x5E, 0x5C, 0xE8, 0x30, 0x48, 0x10, 0x48, 0x9E, 0x48, 0x72, 0x5E, 0x19, 0xE8, 0x34, 0x48, 0x54, 0x48, 0x50, 0x88, 0x90, 0x88, 0x11, 0x08, 0x16, 0x08 };
static const uint8_t bitmap_2605[] = { 0x18, 0x18, 0x08, 0x60, 0x8F, 0xC0, 0x78, 0x40, 0x4E, 0x58, 0x39, 0xE0, 0x08, 0x40, 0x8E, 0x40, 0x7A, 0x5C, 0x1D, 0xE0, 0x2A, 0x40, 0x2A, 0x40, 0x48, 0x44, 0x88, 0x44, 0x08, 0x44, 0x08, 0x3E };
static const uint8_t bitmap_2606[] = { 0x30, 0x00, 0x10, 0x00, 0x9E, 0x9C, 0x70, 0x60, 0x1C, 0x00, 0x70, 0x00, 0x11, 0x1E, 0x9E, 0xE0, 0x70, 0x40, 0x18, 0x40, 0x34, 0x48, 0x52, 0x44, 0x50, 0x9C, 0x90, 0xE2, 0x13, 0x82, 0x10, 0x00 };
static const uint8_t bitmap_2607[] = { 0x30, 0x00, 0x11, 0x3C, 0x9F, 0xC8, 0x71, 0x48, 0x1D, 0x48, 0x71, 0x48, 0x11, 0x48, 0x9F, 0x78, 0x71, 0xC8, 0x19, 0x00, 0x35, 0x00, 0x55, 0x00, 0x51, 0x04, 0x91, 0x04, 0x11, 0x04, 0x10, 0xFE };
static const uint8_t bitmap_2608[] = { 0x00, 0x00, 0x80, 0xFE, 0x7F, 0x20, 0x08, 0x20, 0x08, 0xE0, 0x0F, 0x20, 0x08, 0x20, 0x08, 0xE0, 0x0F, 0x20, 0x08, 0x20, 0x08, 0x2E, 0x08, 0xF0, 0x0F, 0x20, 0x78, 0x20, 0x00, 0x20, 0x00, 0x20 };
static const uint8_t bitmap_2609[] = { 0x18, 0x60, 0x08, 0x20, 0x08, 0x20, 0x14, 0x50, 0x22, 0x88, 0x41, 0x04, 0x81, 0xFE, 0x7E, 0x20, 0x09, 0xE0, 0x0E, 0x20, 0x09, 0xE0, 0x0E, 0x3E, 0x09, 0xE0, 0xFE, 0x20, 0x00, 0x20, 0x00, 0x20 };
static const uint8_t bitmap_2610[] = { 0x00, 0x60, 0x9E, 0x20, 0xE8, 0x20, 0x48, 0x20, 0x5B, 0x20, 0x69, 0x2C, 0x49, 0x30, 0x59, 0x20, 0x69, 0x20, 0x4D, 0x20, 0x59, 0x20, 0x69, 0x20, 0xC9, 0x20, 0x0D, 0x3E, 0x0B, 0xC0, 0x08, 0x00 };
static const uint8_t bitmap_2611[] = { 0x00, 0x60, 0x8F, 0x20, 0xF4, 0x20, 0x44, 0x20, 0x4D, 0x3E, 0x75, 0xE4, 0x45, 0x28, 0x4E, 0x20, 0x74, 0x38, 0x46, 0x50, 0x4C, 0x50, 0x54, 0x50, 0x64, 0x94, 0xC4, 0x94, 0x05, 0x14, 0x06, 0x0E };
static const uint8_t bitmap_2612[] = { 0x00, 0x60, 0x8F, 0x20, 0xF4, 0x20, 0x44, 0x24, 0x5C, 0xA4, 0x64, 0xA8, 0x44, 0xB0, 0x5D, 0x20, 0x65, 0x20, 0x46, 0x50, 0x5C, 0x48, 0x64, 0x88, 0xC4, 0x84, 0x05, 0x04, 0x06, 0x02, 0x04, 0x02 };
static const uint8_t bitmap_2613[] = { 0x00, 0x00, 0x41, 0xFE, 0x3E, 0x20, 0x09, 0xE0, 0x0E, 0x20, 0x09, 0xE0, 0x0E, 0x20, 0x09, 0xFC, 0x0E, 0x20, 0x70, 0x20, 0x8F, 0x3C, 0x72, 0xC8, 0x14, 0x50, 0x0C, 0x30, 0x32, 0x4C, 0xC1, 0x82 };
static const uint8_t bitmap_2614[] = { 0x00, 0x40, 0x9E, 0x60, 0xE8, 0x90, 0x48, 0x88, 0x59, 0x44, 0x6A, 0x22, 0x4C, 0x22, 0x5A, 0x3C, 0x69, 0xC8, 0x4C, 0x08, 0x58, 0x10, 0x69, 0x10, 0xC8, 0xA0, 0x08, 0x40, 0x08, 0x20, 0x08, 0x20 };
static const uint8_t bitmap_2615[] = { 0x00, 0x60, 0x9E, 0x80, 0xEB, 0x16, 0x4A, 0xDA, 0x5A, 0x52, 0x6A, 0x52, 0x4A, 0x52, 0x5A, 0x52, 0x6A, 0x52, 0x4E, 0xDA, 0x5B, 0x56, 0x6C, 0x54, 0xC8, 0x90, 0x08, 0x90, 0x09, 0x10, 0x0A, 0x10 };
static const uint8_t bitmap_2616[] = { 0x06, 0x60, 0x02, 0x10, 0x83, 0xFE, 0x7D, 0x10, 0x05, 0x20, 0x09, 0xC4, 0x37, 0x04, 0xC1, 0xFE, 0x3E, 0x20, 0x09, 0xE0, 0x0E, 0x20, 0x09, 0xE0, 0x0E, 0x3E, 0x09, 0xE0, 0xFE, 0x20, 0x00, 0x20 };
static const uint8_t bitmap_2617[] = { 0x00, 0x00, 0x9F, 0x1E, 0xE9, 0xE4, 0x49, 0x04, 0x59, 0x04, 0x69, 0x04, 0x49, 0x04, 0x59, 0x04, 0x69, 0x3C, 0x4D, 0xC4, 0x59, 0x10, 0x68, 0x88, 0xC8, 0x84, 0x09, 0x02, 0x0A, 0x02, 0x0C, 0x00 };
static const uint8_t bitmap_2618[] = { 0x01, 0x08, 0x9E, 0x88, 0xE8, 0x90, 0x48, 0x90, 0x5A, 0x3C, 0x69, 0xE0, 0x48, 0x20, 0x58, 0x20, 0x6C, 0x3E, 0x4B, 0xE0, 0x5C, 0x50, 0x68, 0x48, 0xC8, 0x84, 0x08, 0x84, 0x09, 0x02, 0x0E, 0x02 };
static const uint8_t bitmap_2619[] = { 0x00, 0x60, 0x9C, 0x20, 0xEB, 0x3E, 0x49, 0xE4, 0x59, 0x3C, 0x69, 0xE4, 0x49, 0x3C, 0x59, 0xE0, 0x6C, 0x1E, 0x4B, 0xE0, 0x58, 0x9E, 0x68, 0xE4, 0xC9, 0x84, 0x08, 0x28, 0x08, 0x18, 0x08, 0x10 };
static const uint8_t bitmap_2620[] = { 0x00, 0x00, 0x8F, 0x1C, 0xF2, 0xE4, 0x2E, 0x48, 0x32, 0x28, 0x2E, 0x10, 0x33, 0xA8, 0x2E, 0x44, 0x32, 0xB4, 0xC1, 0xC8, 0x3F, 0x08, 0x11, 0x90, 0xE5, 0x60, 0x09, 0x18, 0x31, 0x04, 0xC1, 0x02 };
static const uint8_t bitmap_2621[] = { 0x01, 0x08, 0x9C, 0x88, 0xE8, 0x90, 0x4B, 0x3E, 0x59, 0xC4, 0x69, 0x04, 0x49, 0x04, 0x59, 0x3C, 0x69, 0xC4, 0x4D, 0x20, 0x58, 0x50, 0x69, 0x54, 0xC9, 0x42, 0x09, 0x4A, 0x0A, 0x28, 0x0C, 0x1C };
static const uint8_t bitmap_2622[] = { 0x03, 0x00, 0x01, 0x00, 0x21, 0xF8, 0x1F, 0x10, 0x81, 0xFE, 0x7F, 0x10, 0x01, 0x10, 0x21, 0xF0, 0x1F, 0x08, 0x61, 0x48, 0x25, 0x48, 0x25, 0x28, 0x29, 0x28, 0x49, 0x28, 0x51, 0x08, 0x80, 0x08 };
static const uint8_t bitmap_2623[] = { 0x00, 0x60, 0x6C, 0x20, 0x31, 0x3C, 0x20, 0xE8, 0x2A, 0x3E, 0x31, 0xE8, 0x29, 0x38, 0x30, 0xE0, 0x22, 0x3C, 0xBD, 0xE0, 0xD0, 0x20, 0x2A, 0x3E, 0x25, 0xE0, 0x5C, 0x20, 0xE2, 0x20, 0x00, 0x20 };
static const uint8_t bitmap_2624[] = { 0x30, 0x80, 0x10, 0xBE, 0xDC, 0xC8, 0x67, 0x50, 0x4C, 0x30, 0x75, 0x4C, 0x51, 0xF2, 0x4F, 0x10, 0x81, 0xFE, 0x7F, 0x10, 0x21, 0xF8, 0x1F, 0x00, 0x81, 0xFE, 0x7F, 0x00, 0x01, 0x00, 0x01, 0x00 };
static const uint8_t bitmap_2625[] = { 0x01, 0x80, 0x00, 0x80, 0x60, 0xFE, 0x3F, 0x04, 0x21, 0x04, 0x21, 0x84, 0x22, 0x64, 0x25, 0x14, 0x29, 0x14, 0x21, 0x04, 0x22, 0xC4, 0x22, 0x24, 0x24, 0x24, 0x28, 0x14, 0x20, 0x0C, 0x20, 0x08 };
static const uint8_t bitmap_2626[] = { 0x00, 0x60, 0x6F, 0x20, 0x32, 0x20, 0x22, 0x20, 0x2E, 0x3E, 0x33, 0xE4, 0x22, 0x24, 0x22, 0x24, 0x2E, 0x24, 0x32, 0x24, 0x22, 0x44, 0x22, 0x44, 0x22, 0x44, 0x4A, 0xA8, 0x46, 0x98, 0x85, 0x10 };
static const uint8_t bitmap_2627[] = { 0x00, 0x00, 0xDB, 0x70, 0x69, 0xA0, 0x49, 0x20, 0x59, 0x20, 0x69, 0x20, 0x49, 0x20, 0x49, 0x20, 0x59, 0x20, 0x69, 0x20, 0x49, 0x20, 0x49, 0x20, 0x49, 0x24, 0x6A, 0x24, 0x9A, 0x24, 0x94, 0x1E };
static const uint8_t bitmap_2628[] = { 0x13, 0x10, 0x09, 0x10, 0x09, 0x20, 0x05, 0x40, 0x35, 0xF8, 0x1E, 0x10, 0x10, 0x10, 0x11, 0xF0, 0x1E, 0x10, 0x10, 0x10, 0x11, 0xF0, 0x1E, 0x10, 0x10, 0x10, 0x10, 0x50, 0x10, 0x30, 0x10, 0x20 };
static const uint8_t bitmap_2629[] = { 0x00, 0x30, 0xDC, 0x10, 0x68, 0x10, 0x48, 0x10, 0x5C, 0x3E, 0x6B, 0xD0, 0x49, 0x10, 0x48, 0x90, 0x58, 0x90, 0x68, 0x90, 0x48, 0x10, 0x48, 0x10, 0x48, 0x10, 0x68, 0x50, 0x98, 0x30, 0x90, 0x20 };
static const uint8_t bitmap_2630[] = { 0x00, 0xC0, 0xDC, 0x40, 0x68, 0x40, 0x48, 0x40, 0x58, 0x40, 0x6C, 0x7C, 0x4B, 0xC0, 0x48, 0x40, 0x58, 0x40, 0x68, 0x40, 0x48, 0x40, 0x48, 0x40, 0x48, 0x40, 0x6C, 0x7E, 0x9B, 0x80, 0x90, 0x00 };
static const uint8_t bitmap_2631[] = { 0x00, 0x00, 0xD8, 0x00, 0x6C, 0x3C, 0x4B, 0xC0, 0x58, 0x40, 0x68, 0x40, 0x48, 0x40, 0x48, 0x40, 0x58, 0x40, 0x68, 0x40, 0x48, 0x40, 0x48, 0x40, 0x48, 0x40, 0x6C, 0x7E, 0x9B, 0x80, 0x90, 0x00 };
static const uint8_t bitmap_2632[] = { 0x00, 0x00, 0x6D, 0x1C, 0x34, 0xE0, 0x24, 0x20, 0x2C, 0x20, 0x34, 0x20, 0x26, 0x3E, 0x25, 0xE0, 0x2C, 0x20, 0x34, 0x20, 0x24, 0x20, 0x24, 0x20, 0x24, 0x20, 0x54, 0x20, 0x4C, 0x20, 0x88, 0x20 };
static const uint8_t bitmap_2633[] = { 0x00, 0x00, 0xDC, 0x78, 0x6B, 0x90, 0x48, 0x20, 0x58, 0x40, 0x68, 0x80, 0x4D, 0x7E, 0x4B, 0xA4, 0x58, 0xA4, 0x69, 0x24, 0x49, 0x44, 0x4A, 0x44, 0x4C, 0x88, 0x69, 0x28, 0x9A, 0x18, 0x90, 0x10 };
static const uint8_t bitmap_2634[] = { 0x00, 0x00, 0xDD, 0xB8, 0x64, 0xD0, 0x44, 0x90, 0x5C, 0x90, 0x64, 0x90, 0x45, 0x0E, 0x46, 0x00, 0x5D, 0x1C, 0x64, 0xE4, 0x44, 0x48, 0x44, 0x28, 0x44, 0x10, 0x54, 0x28, 0x8C, 0xC4, 0x8B, 0x02 };
static const uint8_t bitmap_2635[] = { 0x00, 0x60, 0xDC, 0x20, 0x68, 0x20, 0x4C, 0x3E, 0x5B, 0xE0, 0x68, 0x20, 0x4A, 0x3C, 0x49, 0xC4, 0x58, 0x88, 0x68, 0x48, 0x48, 0x30, 0x48, 0x10, 0x48, 0x28, 0x68, 0x44, 0x99, 0x84, 0x96, 0x02 };
static const uint8_t bitmap_2636[] = { 0x00, 0xC0, 0xDC, 0x40, 0x68, 0x40, 0x4C, 0x7C, 0x5B, 0xC0, 0x68, 0x40, 0x48, 0x40, 0x4C, 0x7E, 0x5B, 0xC0, 0x68, 0xA0, 0x48, 0x90, 0x48, 0x88, 0x49, 0x08, 0x69, 0x04, 0x9A, 0x02, 0x94, 0x02 };
static const uint8_t bitmap_2637[] = { 0x00, 0x00, 0xDC, 0x00, 0x6B, 0x3C, 0x49, 0xC8, 0x59, 0x48, 0x69, 0x48, 0x49, 0x48, 0x49, 0x78, 0x59, 0xC8, 0x69, 0x00, 0x49, 0x00, 0x49, 0x00, 0x49, 0x04, 0x69, 0x04, 0x98, 0x84, 0x90, 0x7E };
static const uint8_t bitmap_2638[] = { 0x01, 0x80, 0x00, 0x80, 0x60, 0xFC, 0x3F, 0x08, 0x20, 0x08, 0x20, 0xF8, 0x3F, 0x00, 0x24, 0x7C, 0x27, 0x88, 0x24, 0x78, 0x27, 0x88, 0x24, 0x78, 0x47, 0x88, 0x44, 0x28, 0x84, 0x18, 0x04, 0x10 };
static const uint8_t bitmap_2639[] = { 0x00, 0xC0, 0xDC, 0x40, 0x68, 0x40, 0x4C, 0x7E, 0x5B, 0xC0, 0x68, 0x80, 0x48, 0x9C, 0x48, 0xE8, 0x58, 0x88, 0x68, 0x88, 0x48, 0x88, 0x48, 0x88, 0x49, 0x08, 0x69, 0x50, 0x9A, 0x30, 0x94, 0x20 };
static const uint8_t bitmap_2640[] = { 0x00, 0x60, 0xD8, 0x20, 0x6C, 0x3E, 0x4B, 0xC0, 0x58, 0x00, 0x69, 0xB8, 0x48, 0xD0, 0x48, 0x90, 0x58, 0x90, 0x68, 0x90, 0x48, 0x90, 0x48, 0x90, 0x49, 0x14, 0x69, 0x14, 0x9A, 0x14, 0x94, 0x0E };
static const uint8_t bitmap_2641[] = { 0x03, 0x00, 0x19, 0x78, 0x09, 0x80, 0x09, 0x00, 0x89, 0xFE, 0x7F, 0x00, 0x08, 0xF8, 0x0F, 0x10, 0x08, 0xF0, 0x0F, 0x10, 0x08, 0x10, 0x08, 0xF0, 0x0F, 0x10, 0x08, 0x50, 0x08, 0x30, 0x08, 0x20 };
static const uint8_t bitmap_2642[] = { 0x03, 0x00, 0x01, 0x00, 0x81, 0xFE, 0x7F, 0x20, 0x04, 0x18, 0x09, 0xF4, 0x7E, 0x04, 0x09, 0xF0, 0x0E, 0x10, 0x09, 0xF0, 0x0E, 0x10, 0x09, 0xF0, 0x0E, 0x10, 0x08, 0x50, 0x08, 0x30, 0x08, 0x20 };
static const uint8_t bitmap_2643[] = { 0x0C, 0x30, 0x03, 0x40, 0x01, 0x80, 0x06, 0x60, 0x39, 0x10, 0x83, 0xFE, 0x7E, 0x00, 0x04, 0xF8, 0x0F, 0x10, 0x18, 0xF0, 0x2F, 0x10, 0x48, 0xF0, 0x8F, 0x10, 0x08, 0x50, 0x08, 0x30, 0x08, 0x20 };
static const uint8_t bitmap_2644[] = { 0x00, 0x60, 0xD8, 0x20, 0x6C, 0x3E, 0x4B, 0xE0, 0x58, 0x20, 0x6B, 0x3E, 0x49, 0xE4, 0x49, 0x24, 0x59, 0x24, 0x69, 0x24, 0x49, 0x34, 0x49, 0x2C, 0x49, 0x28, 0x68, 0x20, 0x98, 0x20, 0x90, 0x20 };
static const uint8_t bitmap_2645[] = { 0x0C, 0x00, 0x65, 0x1C, 0x24, 0xE4, 0x24, 0x48, 0x24, 0x30, 0x24, 0x48, 0x25, 0x84, 0x24, 0xFA, 0x0F, 0x10, 0x08, 0xF0, 0x0F, 0x10, 0x08, 0xF0, 0x0F, 0x10, 0x08, 0x50, 0x08, 0x30, 0x08, 0x20 };
static const uint8_t bitmap_2646[] = { 0x00, 0xC0, 0xDC, 0x40, 0x68, 0x40, 0x4A, 0x7E, 0x5B, 0xC4, 0x6A, 0x44, 0x4A, 0x44, 0x4A, 0x44, 0x5A, 0x7C, 0x6B, 0xC4, 0x4A, 0x40, 0x48, 0x40, 0x48, 0x40, 0x68, 0x40, 0x98, 0x40, 0x90, 0x40 };
static const uint8_t bitmap_2647[] = { 0x00, 0x08, 0xDB, 0x08, 0x69, 0x10, 0x49, 0x10, 0x59, 0x20, 0x69, 0x40, 0x49, 0x80, 0x4D, 0x3E, 0x5B, 0xC0, 0x69, 0x20, 0x49, 0x20, 0x49, 0x10, 0x49, 0x08, 0x69, 0x24, 0x99, 0xC4, 0x97, 0x02 };
static const uint8_t bitmap_2648[] = { 0x00, 0xC0, 0xD8, 0x40, 0x68, 0x40, 0x48, 0x40, 0x5C, 0x7C, 0x6B, 0xC8, 0x48, 0x48, 0x4A, 0x4C, 0x5A, 0x8A, 0x6C, 0x8A, 0x48, 0x8A, 0x49, 0x08, 0x49, 0x10, 0x6A, 0x50, 0x9C, 0x30, 0x90, 0x20 };
static const uint8_t bitmap_2649[] = { 0x00, 0x00, 0x30, 0xFC, 0x1F, 0x08, 0x11, 0xF8, 0x1F, 0x08, 0x11, 0xF8, 0x1F, 0x00, 0x08, 0xF0, 0x0F, 0x10, 0x08, 0xF0, 0x0F, 0x10, 0x08, 0xF0, 0x0F, 0x10, 0x08, 0x50, 0x08, 0x30, 0x08, 0x20 };
static const uint8_t bitmap_2650[] = { 0x00, 0x00, 0xDB, 0x3C, 0x69, 0xC8, 0x49, 0x08, 0x59, 0x08, 0x69, 0x38, 0x49, 0xC8, 0x49, 0x08, 0x59, 0x08, 0x69, 0x38, 0x49, 0xC8, 0x49, 0x00, 0x48, 0x00, 0x6C, 0x3E, 0x9B, 0xC0, 0x90, 0x00 };
static const uint8_t bitmap_2651[] = { 0x0D, 0x80, 0x04, 0x8C, 0x9C, 0xB0, 0x64, 0xC4, 0x0C, 0x84, 0x34, 0x7E, 0xC4, 0x00, 0x19, 0xF0, 0x0E, 0x20, 0x09, 0xE0, 0x0E, 0x20, 0x09, 0xE0, 0x0E, 0x20, 0x08, 0xA0, 0x08, 0x60, 0x08, 0x40 };
static const uint8_t bitmap_2652[] = { 0x00, 0x20, 0xDC, 0x20, 0x68, 0x50, 0x48, 0x48, 0x58, 0x8C, 0x69, 0x34, 0x4F, 0xC2, 0x48, 0x02, 0x5B, 0x3C, 0x69, 0xC8, 0x49, 0x08, 0x49, 0x08, 0x49, 0x08, 0x69, 0x38, 0x99, 0xC8, 0x91, 0x08 };
static const uint8_t bitmap_2653[] = { 0x00, 0x60, 0xDD, 0x24, 0x69, 0x24, 0x48, 0xA8, 0x58, 0xA0, 0x6A, 0x3C, 0x49, 0xE0, 0x48, 0x20, 0x5C, 0x3E, 0x6B, 0xE0, 0x48, 0x20, 0x48, 0x20, 0x48, 0x20, 0x68, 0x20, 0x98, 0x20, 0x90, 0x20 };
static const uint8_t bitmap_2654[] = { 0x00, 0x00, 0xDA, 0x1C, 0x69, 0xE0, 0x48, 0x20, 0x58, 0x30, 0x68, 0x48, 0x48, 0x64, 0x48, 0xA2, 0x59, 0x22, 0x6A, 0x20, 0x48, 0x20, 0x48, 0x20, 0x48, 0x00, 0x6C, 0x3E, 0x9B, 0xC0, 0x90, 0x00 };
static const uint8_t bitmap_2655[] = { 0x00, 0xE0, 0xDB, 0x20, 0x69, 0x20, 0x49, 0x20, 0x59, 0x3C, 0x6B, 0xE0, 0x4A, 0x20, 0x4C, 0x20, 0x5A, 0x3C, 0x69, 0xE0, 0x48, 0x20, 0x48, 0x20, 0x48, 0x20, 0x6C, 0x3E, 0x9B, 0xC0, 0x90, 0x00 };
static const uint8_t bitmap_2656[] = { 0x01, 0x00, 0xDD, 0x00, 0x69, 0x1C, 0x4B, 0xE8, 0x5A, 0x08, 0x6A, 0x78, 0x4D, 0xA8, 0x49, 0x28, 0x59, 0x68, 0x69, 0xA8, 0x49, 0x50, 0x49, 0x30, 0x49, 0x24, 0x69, 0x04, 0x98, 0x84, 0x90, 0x7E };
static const uint8_t bitmap_2657[] = { 0x18, 0x00, 0x08, 0xDE, 0x08, 0x64, 0x8F, 0x44, 0x78, 0x5C, 0x08, 0x64, 0x08, 0x44, 0x08, 0x44, 0xCF, 0x5C, 0x72, 0x64, 0x42, 0x44, 0x42, 0x44, 0x4E, 0x84, 0x72, 0x94, 0x41, 0x0C, 0x02, 0x08 };
static const uint8_t bitmap_2658[] = { 0x01, 0x80, 0xDC, 0xB0, 0x68, 0x88, 0x48, 0x84, 0x5C, 0xFE, 0x6B, 0x80, 0x48, 0xC8, 0x49, 0x48, 0x59, 0x48, 0x69, 0x48, 0x49, 0x50, 0x4A, 0x50, 0x4A, 0x64, 0x6C, 0x44, 0x99, 0xA4, 0x90, 0x1E };
static const uint8_t bitmap_2659[] = { 0x00, 0xC0, 0xD8, 0x40, 0x6C, 0x7E, 0x4B, 0xC0, 0x5C, 0x7C, 0x6B, 0xC8, 0x48, 0x78, 0x4B, 0xC8, 0x5A, 0x40, 0x6A, 0x7E, 0x4F, 0xC2, 0x48, 0xAC, 0x48, 0x94, 0x69, 0x08, 0x9A, 0x04, 0x94, 0x04 };
static const uint8_t bitmap_2660[] = { 0x00, 0x40, 0xDC, 0x5C, 0x68, 0x68, 0x48, 0x88, 0x58, 0x90, 0x69, 0x60, 0x4A, 0x30, 0x4C, 0x48, 0x58, 0x84, 0x6B, 0x3A, 0x4D, 0xC8, 0x49, 0x08, 0x49, 0x08, 0x69, 0x38, 0x99, 0xC8, 0x91, 0x08 };
static const uint8_t bitmap_2661[] = { 0x00, 0x60, 0xDC, 0x20, 0x68, 0x20, 0x4A, 0x3E, 0x59, 0xD0, 0x68, 0x88, 0x48, 0x84, 0x49, 0x4A, 0x59, 0x2A, 0x6A, 0x10, 0x48, 0x10, 0x48, 0x28, 0x48, 0x44, 0x68, 0x84, 0x99, 0x02, 0x96, 0x02 };
static const uint8_t bitmap_2662[] = { 0x00, 0x80, 0xDC, 0x80, 0x68, 0x80, 0x49, 0x1E, 0x59, 0xE2, 0x6A, 0x22, 0x4D, 0x22, 0x48, 0xCA, 0x5A, 0x4A, 0x6A, 0xAA, 0x4B, 0x2A, 0x4A, 0x3A, 0x4B, 0xCA, 0x6A, 0x14, 0x98, 0x0C, 0x90, 0x08 };
static const uint8_t bitmap_2663[] = { 0x10, 0xC0, 0x14, 0x44, 0x22, 0x58, 0x2F, 0x60, 0xF1, 0x44, 0x00, 0x44, 0xCF, 0x3E, 0x72, 0x00, 0x4E, 0xC0, 0x72, 0x44, 0x42, 0x58, 0x4E, 0x60, 0x72, 0x40, 0x4A, 0x44, 0x46, 0x44, 0x44, 0x3E };
static const uint8_t bitmap_2664[] = { 0x03, 0x00, 0xDD, 0x0C, 0x69, 0x30, 0x49, 0xC0, 0x59, 0x04, 0x69, 0x04, 0x48, 0xFE, 0x48, 0x00, 0x59, 0x9C, 0x68, 0xE4, 0x48, 0x9C, 0x48, 0xE4, 0x48, 0x84, 0x68, 0x9C, 0x98, 0xE4, 0x90, 0x84 };
static const uint8_t bitmap_2665[] = { 0x00, 0x80, 0xDC, 0xB8, 0x68, 0xD0, 0x49, 0x20, 0x5B, 0x3E, 0x6D, 0xE0, 0x49, 0x00, 0x49, 0x5C, 0x59, 0x68, 0x69, 0x48, 0x49, 0x68, 0x49, 0x58, 0x4A, 0x50, 0x6A, 0x44, 0x9C, 0x24, 0x90, 0x1E };
static const uint8_t bitmap_2666[] = { 0x00, 0x60, 0xDC, 0x10, 0x68, 0x08, 0x4A, 0x60, 0x59, 0xA4, 0x68, 0x24, 0x4C, 0x68, 0x4B, 0xB0, 0x58, 0x68, 0x68, 0xA4, 0x48, 0xA4, 0x49, 0x22, 0x4A, 0x22, 0x6C, 0xA2, 0x98, 0x60, 0x90, 0x40 };
static const uint8_t bitmap_2667[] = { 0x01, 0x00, 0x31, 0x18, 0x09, 0x60, 0x0D, 0x18, 0x72, 0x84, 0x04, 0x60, 0x08, 0x18, 0x31, 0xE4, 0xCE, 0x22, 0x09, 0xE0, 0x0E, 0x20, 0x09, 0xE0, 0x0E, 0x20, 0x08, 0xA0, 0x08, 0x60, 0x08, 0x40 };
static const uint8_t bitmap_2668[] = { 0x00, 0x60, 0xDC, 0x20, 0x68, 0x20, 0x4B, 0x3E, 0x59, 0xC0, 0x69, 0x10, 0x49, 0x10, 0x49, 0x9C, 0x59, 0x70, 0x69, 0x10, 0x49, 0x10, 0x4A, 0x10, 0x4A, 0x10, 0x6D, 0x1E, 0x98, 0xE0, 0x90, 0x00 };
static const uint8_t bitmap_2669[] = { 0x00, 0x60, 0xD8, 0x20, 0x6C, 0x3E, 0x4B, 0xE8, 0x59, 0x08, 0x68, 0xD0, 0x48, 0x30, 0x48, 0x4C, 0x59, 0x82, 0x6E, 0x98, 0x48, 0x88, 0x48, 0x88, 0x48, 0x88, 0x69, 0x08, 0x99, 0x08, 0x92, 0x08 };
static const uint8_t bitmap_2670[] = { 0x00, 0x60, 0xD8, 0x20, 0x6C, 0x3E, 0x4B, 0xC0, 0x58, 0x08, 0x68, 0x08, 0x4A, 0x92, 0x4A, 0x52, 0x5A, 0x22, 0x6A, 0x32, 0x4A, 0x4A, 0x4A, 0x8A, 0x4B, 0x02, 0x6A, 0x3E, 0x9B, 0xC2, 0x92, 0x02 };
static const uint8_t bitmap_2671[] = { 0x00, 0x60, 0xDC, 0x20, 0x68, 0x20, 0x4A, 0x5E, 0x5B, 0xE4, 0x6A, 0x48, 0x4C, 0x44, 0x48, 0xA8, 0x59, 0x10, 0x6B, 0x10, 0x4D, 0x08, 0x49, 0x08, 0x49, 0x24, 0x69, 0x44, 0x99, 0x82, 0x96, 0x02 };
static const uint8_t bitmap_2672[] = { 0x00, 0xC0, 0xD8, 0x40, 0x6A, 0x7C, 0x49, 0xC0, 0x58, 0x40, 0x6A, 0x7E, 0x4B, 0xC4, 0x4A, 0x38, 0x5D, 0xD0, 0x68, 0x20, 0x48, 0x7E, 0x4F, 0xE0, 0x48, 0x20, 0x68, 0xA0, 0x98, 0x40, 0x90, 0x40 };
static const uint8_t bitmap_2673[] = { 0x03, 0x00, 0xD9, 0x36, 0x69, 0x1A, 0x4D, 0xD2, 0x5B, 0x12, 0x69, 0x12, 0x4D, 0xF2, 0x4B, 0x12, 0x59, 0x12, 0x69, 0x12, 0x4A, 0x9A, 0x4A, 0x56, 0x4A, 0xD4, 0x6F, 0x30, 0x98, 0x10, 0x90, 0x10 };
static const uint8_t bitmap_2674[] = { 0x00, 0x6C, 0xDC, 0x22, 0x6A, 0x3E, 0x49, 0xE0, 0x58, 0x20, 0x6A, 0x3E, 0x4B, 0xE2, 0x4A, 0x3E, 0x5B, 0xE2, 0x6A, 0x22, 0x4A, 0x3E, 0x4B, 0xE2, 0x4A, 0x22, 0x6A, 0x2A, 0x9A, 0x26, 0x92, 0x24 };
static const uint8_t bitmap_2675[] = { 0x01, 0x10, 0xDC, 0x90, 0x68, 0xA0, 0x4E, 0xBC, 0x5B, 0xC8, 0x6A, 0x08, 0x4A, 0x08, 0x4A, 0x38, 0x5B, 0xE8, 0x6A, 0xA0, 0x48, 0xA0, 0x48, 0xA0, 0x49, 0x24, 0x69, 0x24, 0x9A, 0x24, 0x94, 0x1E };
static const uint8_t bitmap_2676[] = { 0x00, 0x40, 0xDC, 0x60, 0x68, 0x90, 0x48, 0x88, 0x59, 0x04, 0x6A, 0x3A, 0x4D, 0xC0, 0x48, 0x84, 0x58, 0x44, 0x6A, 0x24, 0x49, 0x28, 0x48, 0x88, 0x48, 0x90, 0x6C, 0x3E, 0x9B, 0xC0, 0x90, 0x00 };
static const uint8_t bitmap_2677[] = { 0x00, 0x20, 0xDC, 0x20, 0x6B, 0x5E, 0x49, 0xE4, 0x59, 0x3C, 0x69, 0xE4, 0x49, 0x24, 0x49, 0x3C, 0x59, 0xC4, 0x69, 0x50, 0x48, 0x90, 0x4D, 0x3E, 0x4B, 0xD0, 0x68, 0x10, 0x98, 0x10, 0x90, 0x10 };
static const uint8_t bitmap_2678[] = { 0x01, 0xB0, 0xDC, 0x90, 0x6A, 0xBC, 0x49, 0xD0, 0x58, 0x90, 0x6C, 0xBE, 0x4B, 0xC0, 0x48, 0x00, 0x5B, 0x3C, 0x69, 0xC8, 0x49, 0x38, 0x49, 0xC8, 0x49, 0x08, 0x69, 0x38, 0x99, 0xC8, 0x91, 0x08 };
static const uint8_t bitmap_2679[] = { 0x00, 0x60, 0xD8, 0x20, 0x6C, 0x3E, 0x4B, 0xC0, 0x58, 0xA0, 0x68, 0xAE, 0x49, 0x34, 0x49, 0x24, 0x5B, 0x54, 0x6D, 0x48, 0x49, 0xA8, 0x49, 0x18, 0x49, 0x14, 0x69, 0x24, 0x99, 0x42, 0x91, 0x82 };
static const uint8_t bitmap_2680[] = { 0x03, 0x00, 0x61, 0xFE, 0x3F, 0x10, 0x26, 0x1E, 0x25, 0xF0, 0x2C, 0x90, 0x34, 0x70, 0x25, 0xA0, 0x28, 0xFC, 0x2F, 0x88, 0x29, 0x48, 0x2A, 0xA8, 0x48, 0x88, 0x49, 0x68, 0x8A, 0x18, 0x08, 0x10 };
static const uint8_t bitmap_2681[] = { 0x00, 0xC0, 0xDC, 0x40, 0x6A, 0x7E, 0x4B, 0xC4, 0x5A, 0x08, 0x6C, 0xB0, 0x48, 0x88, 0x49, 0x04, 0x5A, 0x00, 0x6D, 0x38, 0x48, 0xC0, 0x48, 0x40, 0x48, 0x40, 0x6C, 0x7E, 0x9B, 0x80, 0x90, 0x00 };
static const uint8_t bitmap_2682[] = { 0x00, 0x60, 0xDC, 0x20, 0x6A, 0x3E, 0x4B, 0xC4, 0x5C, 0x08, 0x6A, 0xEE, 0x4B, 0xB4, 0x4A, 0xA4, 0x5A, 0xA4, 0x6A, 0xB4, 0x4B, 0xAC, 0x4C, 0xA8, 0x49, 0x20, 0x69, 0x24, 0x9A, 0x24, 0x94, 0x1E };
static const uint8_t bitmap_2683[] = { 0x00, 0x00, 0xDB, 0x3C, 0x69, 0xC8, 0x49, 0x38, 0x59, 0xC8, 0x69, 0x38, 0x49, 0xE8, 0x49, 0x20, 0x59, 0x3C, 0x6B, 0xE0, 0x4A, 0x38, 0x4D, 0xE0, 0x48, 0x20, 0x6C, 0x3E, 0x9B, 0xC0, 0x90, 0x00 };
static const uint8_t bitmap_2684[] = { 0x00, 0x00, 0xDB, 0x1E, 0x69, 0xE4, 0x49, 0x24, 0x59, 0x3C, 0x69, 0xE4, 0x49, 0x24, 0x49, 0x3C, 0x59, 0xC4, 0x68, 0x20, 0x48, 0x50, 0x49, 0x54, 0x49, 0x42, 0x6A, 0x42, 0x9C, 0x28, 0x90, 0x1C };
static const uint8_t bitmap_2685[] = { 0x00, 0x00, 0xDC, 0x1E, 0x6B, 0xF0, 0x48, 0x50, 0x5B, 0x7E, 0x69, 0xD4, 0x49, 0x54, 0x49, 0x7C, 0x59, 0xC0, 0x6C, 0x5E, 0x4B, 0xE8, 0x48, 0x88, 0x49, 0xD0, 0x68, 0x30, 0x98, 0xC8, 0x93, 0x04 };
static const uint8_t bitmap_2686[] = { 0x00, 0x80, 0xDC, 0xBE, 0x69, 0xC0, 0x4B, 0x3C, 0x5D, 0xC8, 0x69, 0x38, 0x49, 0xC8, 0x49, 0x38, 0x59, 0xC0, 0x68, 0xBC, 0x48, 0xC8, 0x49, 0x50, 0x4A, 0x30, 0x68, 0x48, 0x99, 0x84, 0x96, 0x02 };
static const uint8_t bitmap_2687[] = { 0x00, 0x20, 0xDC, 0x20, 0x6B, 0x5E, 0x49, 0xE4, 0x59, 0x1C, 0x69, 0xE4, 0x49, 0x1C, 0x49, 0xE2, 0x58, 0x22, 0x6C, 0xB4, 0x4B, 0xA8, 0x48, 0xA4, 0x49, 0x24, 0x69, 0xA2, 0x9A, 0x62, 0x94, 0x40 };
static const uint8_t bitmap_2688[] = { 0x00, 0x34, 0xD8, 0x12, 0x6C, 0x3E, 0x4B, 0xD0, 0x5A, 0x50, 0x69, 0x90, 0x4A, 0x50, 0x49, 0xB0, 0x5A, 0x68, 0x6B, 0xA8, 0x4A, 0x28, 0x4A, 0xAA, 0x4A, 0xAA, 0x6A, 0xC4, 0x99, 0x26, 0x96, 0x22 };
static const uint8_t bitmap_2689[] = { 0x02, 0xC8, 0xD9, 0x48, 0x6D, 0x7E, 0x4B, 0xC0, 0x5C, 0x7E, 0x6B, 0x90, 0x49, 0x7C, 0x4B, 0xCA, 0x5E, 0x90, 0x68, 0x90, 0x49, 0x7E, 0x4B, 0xC2, 0x4C, 0x3A, 0x6B, 0xD4, 0x98, 0x0C, 0x90, 0x08 };
static const uint8_t bitmap_2690[] = { 0x00, 0x00, 0xD8, 0xDE, 0x6C, 0x64, 0x4B, 0x5C, 0x58, 0x64, 0x68, 0x44, 0x48, 0x5C, 0x4B, 0x62, 0x5D, 0x54, 0x69, 0x48, 0x4A, 0x58, 0x4A, 0x64, 0x49, 0x82, 0x6F, 0x02, 0x98, 0xC0, 0x90, 0x3E };
static const uint8_t bitmap_2691[] = { 0x00, 0xC0, 0xD8, 0x40, 0x6A, 0x7C, 0x49, 0xD0, 0x58, 0x90, 0x6A, 0xBE, 0x4B, 0xC4, 0x4C, 0x40, 0x5A, 0x7E, 0x6B, 0xC0, 0x48, 0xBC, 0x48, 0xC8, 0x49, 0x08, 0x69, 0x50, 0x9A, 0x30, 0x94, 0x20 };
static const uint8_t bitmap_2692[] = { 0x00, 0x64, 0xDC, 0x3E, 0x6B, 0xE0, 0x48, 0x3C, 0x59, 0xE4, 0x69, 0x3C, 0x49, 0xE4, 0x49, 0x3C, 0x59, 0xE4, 0x69, 0x28, 0x4D, 0x3E, 0x4B, 0xC8, 0x48, 0x88, 0x68, 0x68, 0x98, 0x18, 0x90, 0x10 };
static const uint8_t bitmap_2693[] = { 0x03, 0x00, 0x81, 0xFE, 0x7F, 0x20, 0x08, 0xE0, 0x0F, 0x00, 0x40, 0xFE, 0x7F, 0x24, 0x44, 0xF8, 0x9F, 0x10, 0x08, 0xF0, 0x0F, 0x10, 0x08, 0xF0, 0x0F, 0x10, 0x08, 0x50, 0x08, 0x30, 0x08, 0x20 };
static const uint8_t bitmap_2694[] = { 0x02, 0xC8, 0xDD, 0x48, 0x69, 0x50, 0x4A, 0x7E, 0x5B, 0xC4, 0x6D, 0x38, 0x49, 0xC8, 0x49, 0x38, 0x59, 0xC8, 0x69, 0x40, 0x4A, 0x7C, 0x49, 0xC0, 0x48, 0x40, 0x6C, 0x7E, 0x9B, 0x80, 0x90, 0x00 };
static const uint8_t bitmap_2695[] = { 0x00, 0x90, 0xDC, 0xBE, 0x6B, 0xD0, 0x48, 0x90, 0x5B, 0x3C, 0x69, 0xC8, 0x49, 0x38, 0x49, 0xC8, 0x59, 0x38, 0x69, 0xE0, 0x4C, 0x3E, 0x4B, 0xE0, 0x48, 0x50, 0x68, 0x88, 0x99, 0x04, 0x96, 0x02 };
static const uint8_t bitmap_2696[] = { 0x00, 0x60, 0xDC, 0x20, 0x6A, 0x3E, 0x49, 0xE8, 0x58, 0xA4, 0x68, 0xA2, 0x49, 0x52, 0x4A, 0x48, 0x58, 0xA4, 0x69, 0x2A, 0x4E, 0xAA, 0x48, 0x70, 0x48, 0xA8, 0x69, 0xA4, 0x9A, 0x62, 0x90, 0x40 };
static const uint8_t bitmap_2697[] = { 0x03, 0x04, 0xD9, 0xE4, 0x6F, 0x08, 0x49, 0x08, 0x5D, 0xF2, 0x6B, 0x02, 0x4E, 0xE4, 0x4B, 0x44, 0x5A, 0x48, 0x6A, 0xD2, 0x4B, 0x62, 0x4A, 0x44, 0x49, 0x64, 0x69, 0x88, 0x9E, 0x10, 0x90, 0x60 };
static const uint8_t bitmap_2698[] = { 0x00, 0x00, 0x4F, 0x5C, 0x72, 0x68, 0x4E, 0x48, 0x74, 0xBE, 0x6F, 0xC8, 0x54, 0x30, 0x7E, 0xC8, 0x55, 0xFE, 0xBE, 0x10, 0x11, 0xF0, 0x1E, 0x10, 0x11, 0xF0, 0x1E, 0x50, 0x10, 0x30, 0x10, 0x20 };
static const uint8_t bitmap_2699[] = { 0x00, 0x20, 0x6E, 0xBC, 0x32, 0xE8, 0x2F, 0x5E, 0x30, 0xE0, 0x6F, 0x3C, 0x72, 0xE0, 0xAE, 0x20, 0x31, 0xF0, 0x1E, 0x10, 0x11, 0xF0, 0x1E, 0x10, 0x11, 0xF0, 0x1E, 0x50, 0x10, 0x30, 0x10, 0x20 };
static const uint8_t bitmap_2700[] = { 0x00, 0x00, 0xDC, 0xB8, 0x68, 0xC8, 0x48, 0xB8, 0x58, 0xC8, 0x6E, 0xD6, 0x4B, 0x5A, 0x4A, 0xD6, 0x5B, 0x5A, 0x6A, 0x20, 0x4C, 0x7E, 0x4B, 0xB0, 0x48, 0x68, 0x68, 0xA4, 0x99, 0x22, 0x96, 0x22 };
static const uint8_t bitmap_2701[] = { 0x00, 0x00, 0x60, 0xFC, 0x3F, 0x00, 0x21, 0x00, 0x21, 0x00, 0x21, 0xF8, 0x3E, 0x10, 0x20, 0x10, 0x20, 0x10, 0x21, 0xF0, 0x3F, 0x10, 0x21, 0x00, 0x21, 0x00, 0x21, 0xFE, 0x3E, 0x00, 0x20, 0x00 };
static const uint8_t bitmap_2702[] = { 0x02, 0x00, 0x02, 0x00, 0x35, 0xF8, 0x1E, 0x10, 0x10, 0x10, 0x11, 0xF0, 0x1E, 0x10, 0x10, 0x10, 0x10, 0x10, 0x11, 0xF0, 0x1E, 0x10, 0x10, 0x10, 0x10, 0x10, 0x11, 0xF0, 0x1E, 0x10, 0x10, 0x10 };
static const uint8_t bitmap_2703[] = { 0x01, 0x00, 0x1A, 0xF8, 0x0F, 0x10, 0x08, 0xF0, 0x0F, 0x10, 0x08, 0xF0, 0x0F, 0x10, 0x08, 0xF0, 0x0F, 0x20, 0x09, 0x10, 0x81, 0xFE, 0x7F, 0x80, 0x02, 0x60, 0x04, 0x18, 0x18, 0x04, 0xE0, 0x02 };
static const uint8_t bitmap_2704[] = { 0x00, 0x00, 0x81, 0xFE, 0x7E, 0x20, 0x02, 0x10, 0x04, 0x78, 0x07, 0x84, 0x78, 0x04, 0x03, 0x00, 0x01, 0x00, 0x21, 0xF8, 0x1F, 0x00, 0x01, 0x00, 0x01, 0x00, 0x81, 0xFE, 0x7E, 0x00, 0x00, 0x00 };
static const uint8_t bitmap_2705[] = { 0x00, 0x40, 0x9E, 0x40, 0x70, 0x40, 0x10, 0x40, 0x24, 0x9E, 0x25, 0xE8, 0x3A, 0x88, 0xD2, 0x48, 0x10, 0x30, 0x9E, 0x10, 0x70, 0x10, 0x10, 0x28, 0x16, 0x24, 0x18, 0x44, 0xE0, 0x82, 0x03, 0x02 };
static const uint8_t bitmap_2706[] = { 0x01, 0x80, 0x02, 0x00, 0x04, 0x7E, 0x68, 0x04, 0x30, 0x04, 0x20, 0x04, 0x20, 0x04, 0x20, 0x7C, 0x3C, 0x04, 0x20, 0x04, 0x20, 0x04, 0x20, 0x04, 0x20, 0x04, 0x21, 0xFC, 0x3E, 0x04, 0x20, 0x04 };
static const uint8_t bitmap_2707[] = { 0x00, 0x38, 0x01, 0xC0, 0x7E, 0x08, 0x21, 0x08, 0x10, 0x90, 0x08, 0x90, 0x00, 0x00, 0x66, 0xBC, 0x38, 0x48, 0x20, 0x08, 0x26, 0xB8, 0x38, 0x48, 0x20, 0x08, 0x20, 0xF8, 0x3F, 0x08, 0x20, 0x08 };
static const uint8_t bitmap_2708[] = { 0x02, 0x00, 0x66, 0xFC, 0x38, 0x08, 0x26, 0xF8, 0x38, 0x08, 0x21, 0xF8, 0x3F, 0x10, 0x11, 0xF0, 0x1F, 0x10, 0x11, 0xF0, 0x1F, 0x00, 0x81, 0xFE, 0x7F, 0x04, 0x02, 0x24, 0x0C, 0x18, 0xF0, 0x10 };
static const uint8_t bitmap_2709[] = { 0x11, 0x04, 0xD1, 0x1E, 0x69, 0xC4, 0x46, 0x04, 0x53, 0x1C, 0x65, 0xC4, 0x47, 0x04, 0x59, 0xFC, 0x67, 0x04, 0x41, 0x04, 0xC1, 0xFE, 0x7E, 0x00, 0x04, 0x60, 0x08, 0x18, 0x30, 0x04, 0xC0, 0x02 };
static const uint8_t bitmap_2710[] = { 0x00, 0x18, 0x00, 0x60, 0x03, 0x80, 0x7D, 0x00, 0x01, 0x00, 0x81, 0xFE, 0x7F, 0x00, 0x01, 0x00, 0x01, 0x00, 0x31, 0xF8, 0x1E, 0x10, 0x10, 0x10, 0x10, 0x10, 0x11, 0xF0, 0x1E, 0x10, 0x10, 0x10 };
static const uint8_t bitmap_2711[] = { 0x01, 0x00, 0x02, 0x80, 0x02, 0x60, 0x04, 0x10, 0x09, 0xE8, 0x1F, 0x04, 0x21, 0x02, 0x41, 0xF8, 0xBF, 0x00, 0x01, 0x00, 0x19, 0xF0, 0x0E, 0x20, 0x08, 0x20, 0x09, 0xE0, 0x0E, 0x20, 0x08, 0x20 };
static const uint8_t bitmap_2712[] = { 0x10, 0x00, 0x19, 0x1C, 0x24, 0xE4, 0x22, 0x48, 0x4D, 0x30, 0xB0, 0x10, 0x11, 0x3E, 0x9E, 0xD4, 0x70, 0x18, 0x10, 0x10, 0xDF, 0x10, 0x72, 0x10, 0x42, 0x10, 0x4E, 0x50, 0x72, 0x30, 0x42, 0x20 };
static const uint8_t bitmap_2713[] = { 0x0C, 0x00, 0x11, 0x3C, 0xF0, 0xE0, 0x10, 0x20, 0x9E, 0x3E, 0x71, 0xE0, 0x10, 0x58, 0x10, 0x84, 0xDD, 0x62, 0x66, 0x28, 0x44, 0xB4, 0x44, 0xAA, 0x5D, 0x2A, 0x66, 0xA0, 0x40, 0x60, 0x00, 0x40 };
static const uint8_t bitmap_2714[] = { 0x08, 0x00, 0x08, 0xFC, 0x1F, 0x48, 0x32, 0x48, 0xD3, 0xFE, 0x3E, 0x48, 0x12, 0x48, 0x97, 0xFE, 0x78, 0x10, 0x17, 0x9C, 0x1A, 0xF0, 0x24, 0x50, 0xD4, 0x9E, 0x08, 0xF0, 0x31, 0x90, 0xC0, 0x10 };
static const uint8_t bitmap_2715[] = { 0x01, 0x00, 0x01, 0x00, 0x1A, 0xF8, 0x0F, 0x10, 0x09, 0x10, 0x08, 0x90, 0x08, 0x90, 0x89, 0xFE, 0x7E, 0x10, 0x0A, 0x10, 0x09, 0x10, 0x09, 0x10, 0x11, 0x10, 0x10, 0x50, 0x20, 0x30, 0x40, 0x20 };
static const uint8_t bitmap_2716[] = { 0x18, 0x60, 0x10, 0x20, 0xDE, 0x3E, 0x65, 0xE0, 0x54, 0x00, 0x55, 0xB8, 0x54, 0xD0, 0x44, 0x90, 0xDC, 0x90, 0x64, 0x90, 0x54, 0x90, 0x54, 0x90, 0x54, 0x94, 0x55, 0x14, 0x8D, 0x14, 0x8A, 0x0E };
static const uint8_t bitmap_2717[] = { 0x10, 0x00, 0x16, 0xB8, 0xDC, 0xD0, 0x64, 0x90, 0x54, 0x90, 0x54, 0x90, 0x55, 0x0E, 0xCD, 0x00, 0x76, 0x3C, 0x45, 0xC4, 0x54, 0x48, 0x54, 0x28, 0x54, 0x10, 0x54, 0x28, 0x8C, 0xC4, 0x8B, 0x02 };
static const uint8_t bitmap_2718[] = { 0x10, 0x00, 0x13, 0x3C, 0xDD, 0xC8, 0x65, 0x08, 0x55, 0x48, 0x55, 0x48, 0x55, 0x48, 0xCD, 0x48, 0x75, 0x48, 0x45, 0x48, 0x54, 0x60, 0x54, 0xA0, 0x54, 0xA4, 0x55, 0x24, 0x8D, 0x24, 0x8A, 0x1E };
static const uint8_t bitmap_2719[] = { 0x10, 0x40, 0x10, 0xA0, 0xDE, 0x90, 0x65, 0x08, 0x56, 0x04, 0x55, 0x3A, 0x55, 0xD0, 0xCD, 0x10, 0x75, 0x10, 0x45, 0x50, 0x55, 0x30, 0x55, 0x20, 0x55, 0x04, 0x54, 0x84, 0x8C, 0x7E, 0x88, 0x00 };
static const uint8_t bitmap_2720[] = { 0x08, 0x60, 0x10, 0x20, 0xDD, 0x3E, 0x65, 0xC4, 0x55, 0x08, 0x56, 0xC0, 0x44, 0x40, 0xCC, 0x4C, 0x74, 0x50, 0x44, 0x60, 0x54, 0x40, 0x54, 0x40, 0x54, 0x44, 0x54, 0x44, 0x8C, 0x24, 0x88, 0x1E };
static const uint8_t bitmap_2721[] = { 0x08, 0x10, 0x10, 0x10, 0xDE, 0x20, 0x65, 0xDE, 0x54, 0xE4, 0x54, 0x84, 0x54, 0x84, 0x4C, 0x84, 0xF4, 0x9C, 0x44, 0xE4, 0x54, 0x84, 0x54, 0x84, 0x54, 0x84, 0x54, 0x9C, 0x8C, 0xE4, 0x88, 0x84 };
static const uint8_t bitmap_2722[] = { 0x08, 0x00, 0x11, 0xB8, 0xDE, 0xD0, 0x64, 0x90, 0x54, 0x90, 0x54, 0x90, 0x55, 0x0E, 0x45, 0x00, 0xDE, 0x9C, 0x64, 0xE8, 0x54, 0x88, 0x54, 0x88, 0x54, 0x88, 0x54, 0x98, 0x8C, 0xE8, 0x88, 0x88 };
static const uint8_t bitmap_2723[] = { 0x10, 0x06, 0x12, 0x48, 0xDD, 0xF8, 0x64, 0x88, 0x54, 0x88, 0x55, 0x4E, 0x55, 0x38, 0x47, 0xC8, 0xDC, 0x48, 0x66, 0x48, 0x55, 0x48, 0x55, 0xAE, 0x54, 0xB0, 0x55, 0x40, 0x8E, 0x20, 0x88, 0x1E };
static const uint8_t bitmap_2724[] = { 0x10, 0xA0, 0x13, 0xAE, 0xDD, 0x24, 0x65, 0x2C, 0x55, 0xA4, 0x55, 0x24, 0x55, 0x3C, 0xCD, 0xE0, 0x76, 0x3E, 0x55, 0xE4, 0x54, 0x88, 0x54, 0x48, 0x44, 0x30, 0x54, 0x28, 0x8C, 0xC4, 0x8B, 0x02 };
static const uint8_t bitmap_2725[] = { 0x03, 0x00, 0x01, 0x00, 0x31, 0xF0, 0x1E, 0x20, 0x11, 0xE0, 0x1E, 0x20, 0x10, 0x20, 0x11, 0xE8, 0x1E, 0x08, 0x11, 0x10, 0x10, 0xA0, 0x10, 0x40, 0x11, 0x30, 0x16, 0x08, 0x18, 0x04, 0xE0, 0x02 };
static const uint8_t bitmap_2726[] = { 0x00, 0x00, 0x03, 0x3C, 0x8D, 0xC8, 0x75, 0x38, 0x05, 0xC8, 0x45, 0x08, 0x29, 0x38, 0x19, 0xC4, 0x09, 0x24, 0x15, 0x14, 0x15, 0x18, 0x21, 0x08, 0x21, 0x64, 0x41, 0x84, 0x83, 0x02, 0x00, 0x02 };
static const uint8_t bitmap_2727[] = { 0x04, 0x00, 0x05, 0xE0, 0x0E, 0x40, 0x08, 0x80, 0x11, 0xFC, 0x3F, 0x08, 0x51, 0x08, 0x91, 0x08, 0x11, 0xF8, 0x1F, 0x08, 0x10, 0x00, 0x10, 0x00, 0x10, 0x04, 0x10, 0x04, 0x08, 0x04, 0x07, 0xFE };
static const uint8_t bitmap_2728[] = { 0x18, 0x40, 0x08, 0x58, 0x08, 0xF0, 0x8E, 0x90, 0x79, 0x3E, 0x09, 0xE4, 0x4F, 0x24, 0x39, 0x24, 0x09, 0x3C, 0x09, 0xE4, 0x8F, 0x00, 0x79, 0x00, 0x09, 0x04, 0x09, 0x04, 0x08, 0x84, 0x08, 0x7E };
static const uint8_t bitmap_2729[] = { 0x0C, 0xC0, 0x04, 0x40, 0x85, 0xFE, 0x7E, 0x40, 0x04, 0x00, 0x11, 0xE0, 0x0E, 0x40, 0x01, 0x80, 0x02, 0x00, 0x04, 0x00, 0x08, 0x00, 0x10, 0x00, 0x20, 0x04, 0x20, 0x04, 0x10, 0x04, 0x0F, 0xFE };
static const uint8_t bitmap_2730[] = { 0x0C, 0xC0, 0x04, 0x40, 0x85, 0xFE, 0x7E, 0x40, 0x04, 0x40, 0x00, 0x10, 0x10, 0x10, 0x0C, 0x20, 0x02, 0x20, 0x01, 0x40, 0x00, 0xC0, 0x01, 0x20, 0x02, 0x10, 0x0C, 0x08, 0x30, 0x04, 0xC0, 0x02 };
static const uint8_t bitmap_2731[] = { 0x04, 0x40, 0x04, 0x40, 0x85, 0xFE, 0x7E, 0x40, 0x04, 0x40, 0x04, 0x00, 0x41, 0xFC, 0x3E, 0x08, 0x02, 0x08, 0x02, 0x08, 0x02, 0x08, 0x02, 0x50, 0x02, 0x30, 0x02, 0x20, 0x02, 0x00, 0x02, 0x00 };
static const uint8_t bitmap_2732[] = { 0x04, 0x40, 0x04, 0x40, 0x85, 0xFE, 0x7E, 0x40, 0x04, 0x00, 0x41, 0xFC, 0x3F, 0x00, 0x01, 0x00, 0x81, 0xFE, 0x7F, 0x00, 0x01, 0x00, 0x01, 0x00, 0x01, 0x00, 0x05, 0x00, 0x03, 0x00, 0x02, 0x00 };
static const uint8_t bitmap_2733[] = { 0x0C, 0xC0, 0x04, 0x40, 0x85, 0xFE, 0x7E, 0x40, 0x04, 0x40, 0x03, 0x00, 0x01, 0x00, 0x81, 0xFE, 0x7F, 0x00, 0x10, 0x00, 0x10, 0x00, 0x10, 0x00, 0x10, 0x00, 0x10, 0xFC, 0x1F, 0x00, 0x10, 0x00 };
static const uint8_t bitmap_2734[] = { 0x04, 0x40, 0x85, 0xFE, 0x7E, 0x40, 0x04, 0x40, 0x05, 0x00, 0x21, 0xF8, 0x1F, 0x00, 0x01, 0x00, 0x81, 0xFE, 0x7F, 0x00, 0x02, 0xC0, 0x02, 0x20, 0x04, 0x10, 0x08, 0x08, 0x30, 0x04, 0xC0, 0x02 };
static const uint8_t bitmap_2735[] = { 0x04, 0x40, 0x04, 0x40, 0x85, 0xFE, 0x7E, 0x40, 0x04, 0x40, 0x41, 0xFC, 0x3F, 0x00, 0x01, 0x00, 0x81, 0xFE, 0x7F, 0x00, 0x02, 0xC0, 0x02, 0x80, 0x04, 0x84, 0x08, 0x84, 0x10, 0x44, 0xE0, 0x3E };
static const uint8_t bitmap_2736[] = { 0x04, 0x40, 0x04, 0x40, 0x85, 0xFE, 0x7E, 0x40, 0x04, 0x40, 0x07, 0x00, 0x21, 0xF0, 0x1E, 0x20, 0x00, 0x40, 0x00, 0x80, 0x01, 0x00, 0x22, 0x00, 0x34, 0x00, 0x28, 0x00, 0x46, 0x00, 0x81, 0xFE };
static const uint8_t bitmap_2737[] = { 0x04, 0x40, 0x85, 0xFE, 0x7E, 0x40, 0x05, 0x40, 0x02, 0xC0, 0x02, 0x20, 0x04, 0x10, 0x08, 0xC8, 0x14, 0x44, 0x24, 0x42, 0xC4, 0x40, 0x04, 0x40, 0x08, 0x40, 0x08, 0x40, 0x10, 0x40, 0x60, 0x40 };
static const uint8_t bitmap_2738[] = { 0x04, 0x40, 0x04, 0x40, 0x85, 0xFE, 0x7E, 0x40, 0x05, 0x40, 0x05, 0x00, 0x31, 0xF8, 0x1E, 0x10, 0x10, 0x10, 0x11, 0xF0, 0x1E, 0x10, 0x10, 0x00, 0x20, 0x00, 0x20, 0x00, 0x40, 0x00, 0x80, 0x00 };
static const uint8_t bitmap_2739[] = { 0x0C, 0xC0, 0x04, 0x40, 0x85, 0xFE, 0x7E, 0x40, 0x04, 0x80, 0x05, 0xC0, 0x08, 0x30, 0x10, 0x08, 0x31, 0xF4, 0xCE, 0x12, 0x02, 0x10, 0x04, 0x10, 0x04, 0x10, 0x08, 0xA0, 0x10, 0x60, 0x60, 0x40 };
static const uint8_t bitmap_2740[] = { 0x04, 0x40, 0x85, 0xFE, 0x7E, 0x40, 0x04, 0x40, 0x04, 0x00, 0x31, 0xF8, 0x1F, 0x10, 0x11, 0x10, 0x11, 0x10, 0x11, 0xF0, 0x1F, 0x10, 0x10, 0x00, 0x10, 0x04, 0x10, 0x04, 0x08, 0x04, 0x07, 0xFE };
static const uint8_t bitmap_2741[] = { 0x04, 0x40, 0x04, 0x40, 0x85, 0xFE, 0x7E, 0x40, 0x04, 0x40, 0x04, 0x00, 0x01, 0x00, 0x0C, 0x90, 0x04, 0x48, 0x14, 0x44, 0x14, 0x42, 0x14, 0x02, 0x22, 0x10, 0xC2, 0x10, 0x01, 0x90, 0x00, 0x78 };
static const uint8_t bitmap_2742[] = { 0x04, 0x40, 0x04, 0x40, 0x85, 0xFE, 0x7E, 0x40, 0x04, 0x40, 0x05, 0x04, 0x09, 0x04, 0x09, 0x08, 0x11, 0x30, 0x31, 0xC0, 0x57, 0x00, 0x91, 0x00, 0x11, 0x04, 0x11, 0x04, 0x10, 0x84, 0x10, 0x7E };
static const uint8_t bitmap_2743[] = { 0x04, 0x40, 0x85, 0xFE, 0x7E, 0x40, 0x05, 0x40, 0x05, 0x00, 0x81, 0xFE, 0x7F, 0x00, 0x04, 0x00, 0x04, 0xF8, 0x07, 0x10, 0x04, 0x10, 0x08, 0x10, 0x08, 0x20, 0x11, 0x20, 0x20, 0xC0, 0xC0, 0x80 };
static const uint8_t bitmap_2744[] = { 0x04, 0x40, 0x04, 0x40, 0x85, 0xFE, 0x7E, 0x40, 0x04, 0x38, 0x31, 0xC0, 0x1E, 0x00, 0x10, 0x00, 0x10, 0xFE, 0x1F, 0x80, 0x10, 0x80, 0x20, 0x80, 0x20, 0x80, 0x40, 0x80, 0x80, 0x80, 0x00, 0x80 };
static const uint8_t bitmap_2745[] = { 0x04, 0x40, 0x85, 0xFE, 0x7E, 0x40, 0x04, 0x40, 0x04, 0x00, 0x21, 0xFC, 0x1E, 0x20, 0x04, 0x20, 0x09, 0xFE, 0x1E, 0xA0, 0x11, 0x20, 0x02, 0x20, 0x04, 0x20, 0x18, 0xA0, 0xE0, 0x60, 0x00, 0x40 };
static const uint8_t bitmap_2746[] = { 0x04, 0x40, 0x85, 0xFE, 0x7E, 0x40, 0x05, 0x40, 0x41, 0xFC, 0x3F, 0x00, 0x01, 0x00, 0x21, 0xF8, 0x1F, 0x00, 0x01, 0x00, 0x81, 0xFE, 0x7F, 0x04, 0x01, 0x24, 0x01, 0x18, 0x01, 0x10, 0x01, 0x00 };
static const uint8_t bitmap_2747[] = { 0x04, 0x40, 0x85, 0xFE, 0x7E, 0x40, 0x05, 0x40, 0x02, 0xC0, 0x04, 0x20, 0x08, 0x18, 0x31, 0xE4, 0xCE, 0x22, 0x08, 0x20, 0x08, 0xA0, 0x08, 0x60, 0x08, 0x48, 0x08, 0x08, 0x04, 0x08, 0x03, 0xFC };
static const uint8_t bitmap_2748[] = { 0x0C, 0xC0, 0x04, 0x40, 0x85, 0xFE, 0x7E, 0x40, 0x05, 0x40, 0x01, 0x00, 0x41, 0xF8, 0x3F, 0x10, 0x01, 0x10, 0x11, 0x18, 0x12, 0x14, 0x22, 0x12, 0xC4, 0x22, 0x09, 0x20, 0x30, 0xC0, 0xC0, 0x80 };
static const uint8_t bitmap_2749[] = { 0x04, 0x40, 0x04, 0x40, 0x85, 0xFE, 0x7E, 0x40, 0x04, 0x40, 0x10, 0x00, 0x17, 0x9C, 0x1A, 0xE8, 0x22, 0x88, 0x22, 0xA8, 0x54, 0x98, 0x8C, 0x90, 0x08, 0x84, 0x10, 0x84, 0x20, 0x44, 0xC0, 0x3E };
static const uint8_t bitmap_2750[] = { 0x04, 0x40, 0x04, 0x40, 0x85, 0xFE, 0x7E, 0x40, 0x05, 0x40, 0x02, 0x20, 0x02, 0x10, 0x05, 0xF8, 0xFE, 0x04, 0x00, 0x04, 0x31, 0xF8, 0x1E, 0x10, 0x10, 0x10, 0x11, 0xF0, 0x1E, 0x10, 0x10, 0x10 };
static const uint8_t bitmap_2751[] = { 0x04, 0x40, 0x04, 0x40, 0x85, 0xFE, 0x7E, 0x40, 0x04, 0x40, 0x04, 0x00, 0x31, 0xFC, 0x1F, 0x08, 0x11, 0x08, 0x11, 0xF8, 0x1F, 0x08, 0x11, 0x08, 0x11, 0x08, 0x11, 0xF8, 0x1E, 0x08, 0x10, 0x08 };
static const uint8_t bitmap_2752[] = { 0x04, 0x40, 0x85, 0xFE, 0x7E, 0x40, 0x04, 0x40, 0x00, 0x00, 0x81, 0xFE, 0x7E, 0x10, 0x00, 0x10, 0x37, 0x90, 0x19, 0x10, 0x11, 0x10, 0x17, 0x10, 0x19, 0x10, 0x10, 0x50, 0x00, 0x30, 0x00, 0x20 };
static const uint8_t bitmap_2753[] = { 0x0C, 0xC0, 0x04, 0x40, 0x85, 0xFE, 0x7E, 0x40, 0x14, 0x00, 0x11, 0xFC, 0x1E, 0x08, 0x20, 0x08, 0x53, 0x88, 0x9C, 0xD0, 0x13, 0xB0, 0x1C, 0xA0, 0x10, 0x04, 0x10, 0x04, 0x08, 0x04, 0x07, 0xFE };
static const uint8_t bitmap_2754[] = { 0x0C, 0xC0, 0x04, 0x40, 0x85, 0xFE, 0x7E, 0x40, 0x14, 0x00, 0x11, 0xFE, 0x1E, 0x04, 0x20, 0x04, 0x29, 0xC4, 0x4E, 0x44, 0x88, 0x44, 0x09, 0xC4, 0x0E, 0x48, 0x08, 0x48, 0x00, 0x30, 0x00, 0x20 };
static const uint8_t bitmap_2755[] = { 0x04, 0x40, 0x04, 0x40, 0x85, 0xFE, 0x7E, 0x40, 0x05, 0x00, 0x01, 0x00, 0x83, 0xFE, 0x7E, 0x00, 0x04, 0x00, 0x08, 0xF8, 0x1F, 0x10, 0x28, 0x10, 0xC8, 0x10, 0x08, 0xF0, 0x0F, 0x10, 0x08, 0x10 };
static const uint8_t bitmap_2756[] = { 0x04, 0x40, 0x04, 0x40, 0x84, 0xFE, 0x7F, 0x40, 0x05, 0x40, 0x01, 0x00, 0x81, 0xFE, 0x7F, 0x00, 0x01, 0x00, 0x31, 0xF8, 0x1E, 0x10, 0x10, 0x10, 0x10, 0x10, 0x11, 0xF0, 0x1E, 0x10, 0x10, 0x10 };
static const uint8_t bitmap_2757[] = { 0x04, 0x40, 0x04, 0x40, 0x85, 0xFE, 0x7E, 0x40, 0x05, 0x00, 0x31, 0xF8, 0x1F, 0x10, 0x11, 0x10, 0x11, 0x10, 0x91, 0xFE, 0x7F, 0x00, 0x02, 0xC0, 0x04, 0x30, 0x08, 0x08, 0x30, 0x04, 0xC0, 0x02 };
static const uint8_t bitmap_2758[] = { 0x0C, 0xC0, 0x04, 0x40, 0x85, 0xFE, 0x7E, 0x40, 0x04, 0x00, 0x20, 0xF8, 0x1F, 0x10, 0x11, 0x20, 0x09, 0x20, 0x05, 0x40, 0x85, 0xFE, 0x7F, 0x00, 0x01, 0x00, 0x01, 0x00, 0x01, 0x00, 0x01, 0x00 };
static const uint8_t bitmap_2759[] = { 0x04, 0x40, 0x85, 0xFE, 0x7E, 0x40, 0x04, 0x40, 0x03, 0x00, 0x21, 0x08, 0x21, 0x08, 0x21, 0xF8, 0x3F, 0x08, 0x21, 0x04, 0x41, 0x04, 0x41, 0x04, 0x41, 0x04, 0x41, 0xFC, 0x7E, 0x04, 0x40, 0x04 };
static const uint8_t bitmap_2760[] = { 0x04, 0x40, 0x85, 0xFE, 0x7E, 0x40, 0x04, 0x40, 0x05, 0x70, 0x01, 0x08, 0x61, 0xFE, 0x3F, 0x10, 0x21, 0x10, 0x20, 0xA0, 0x20, 0xA0, 0x20, 0x40, 0x40, 0xA4, 0x43, 0x24, 0x9C, 0x1C, 0x00, 0x06 };
static const uint8_t bitmap_2761[] = { 0x0C, 0xC0, 0x04, 0x40, 0x85, 0xFE, 0x7E, 0x40, 0x04, 0x00, 0x22, 0x3C, 0x13, 0xC8, 0x86, 0x08, 0x4A, 0x08, 0x2A, 0x28, 0x12, 0x18, 0x22, 0x10, 0xC2, 0x04, 0x22, 0x04, 0x21, 0x04, 0x20, 0xFE };
static const uint8_t bitmap_2762[] = { 0x04, 0x40, 0x04, 0x40, 0x85, 0xFE, 0x7E, 0x40, 0x04, 0x40, 0x30, 0x00, 0x10, 0xCE, 0x9F, 0x74, 0x72, 0x44, 0x12, 0x44, 0x12, 0x44, 0x12, 0x44, 0x22, 0x5C, 0x34, 0x64, 0x4C, 0x44, 0x88, 0x00 };
static const uint8_t bitmap_2763[] = { 0x04, 0x40, 0x85, 0xFE, 0x7E, 0x40, 0x04, 0x00, 0x10, 0xF8, 0x0F, 0x10, 0x02, 0x20, 0x81, 0xFE, 0x7E, 0x84, 0x01, 0x88, 0x02, 0x90, 0x04, 0x80, 0x08, 0x80, 0x12, 0x80, 0x61, 0x80, 0x01, 0x00 };
static const uint8_t bitmap_2764[] = { 0x04, 0x40, 0x85, 0xFE, 0x7E, 0x40, 0x05, 0x40, 0x01, 0x00, 0x81, 0xFE, 0x7F, 0x00, 0x01, 0x00, 0x41, 0xFC, 0x3F, 0x80, 0x05, 0x60, 0x09, 0x10, 0x11, 0x08, 0x21, 0x04, 0xC1, 0x02, 0x01, 0x00 };
static const uint8_t bitmap_2765[] = { 0x04, 0x40, 0x85, 0xFE, 0x7E, 0x40, 0x04, 0x00, 0x11, 0xF0, 0x0E, 0x20, 0x00, 0xC0, 0x03, 0x30, 0x1C, 0x0C, 0xE1, 0xF2, 0x1F, 0x00, 0x01, 0x00, 0x01, 0x00, 0x81, 0xFE, 0x7E, 0x00, 0x00, 0x00 };
static const uint8_t bitmap_2766[] = { 0x04, 0x40, 0x04, 0x40, 0x85, 0xFE, 0x7E, 0x40, 0x05, 0x00, 0x01, 0x00, 0x61, 0xFC, 0x3F, 0x08, 0x21, 0x08, 0x21, 0xF8, 0x3F, 0x28, 0x21, 0x10, 0x01, 0x78, 0x07, 0x84, 0xF8, 0x02, 0x00, 0x02 };
static const uint8_t bitmap_2767[] = { 0x04, 0x40, 0x85, 0xFE, 0x7E, 0x40, 0x04, 0x40, 0x40, 0xC0, 0x28, 0x40, 0x08, 0x7E, 0x97, 0x80, 0x52, 0x00, 0x12, 0x00, 0x22, 0x00, 0x22, 0x00, 0xC2, 0x00, 0x22, 0x7C, 0x23, 0x80, 0x22, 0x00 };
static const uint8_t bitmap_2768[] = { 0x04, 0x40, 0x85, 0xFE, 0x7E, 0x40, 0x04, 0x40, 0x04, 0x00, 0x85, 0xFE, 0x7E, 0x00, 0x08, 0xC0, 0x10, 0x40, 0x34, 0x78, 0x53, 0xC0, 0x90, 0x40, 0x10, 0x40, 0x18, 0x7E, 0x17, 0x80, 0x10, 0x00 };
static const uint8_t bitmap_2769[] = { 0x04, 0x40, 0x85, 0xFE, 0x7E, 0x40, 0x04, 0x00, 0xC1, 0xFE, 0x7F, 0x04, 0x41, 0x04, 0x51, 0xF4, 0x4F, 0x04, 0x42, 0x84, 0x42, 0x44, 0x44, 0x24, 0x48, 0x14, 0x51, 0xFC, 0x7E, 0x04, 0x40, 0x04 };
static const uint8_t bitmap_2770[] = { 0x04, 0x40, 0x85, 0xFE, 0x7E, 0x40, 0x05, 0x00, 0x02, 0xC0, 0x04, 0x30, 0x0B, 0x08, 0x11, 0x04, 0x21, 0xFA, 0xDF, 0x00, 0x01, 0x60, 0x09, 0x10, 0x09, 0x08, 0x15, 0x04, 0x63, 0x04, 0x02, 0x00 };
static const uint8_t bitmap_2771[] = { 0x04, 0x40, 0x85, 0xFE, 0x7E, 0x40, 0x04, 0x40, 0x41, 0xFC, 0x3E, 0x20, 0x09, 0xE0, 0x0E, 0x20, 0x08, 0x20, 0x09, 0xE0, 0x0E, 0x20, 0x08, 0x3E, 0x89, 0xE0, 0x7E, 0x20, 0x00, 0x20, 0x00, 0x20 };
static const uint8_t bitmap_2772[] = { 0x12, 0x0C, 0x97, 0x84, 0x7A, 0x64, 0x12, 0x24, 0x00, 0x24, 0x47, 0xA4, 0x3A, 0x24, 0x12, 0x24, 0x97, 0xA4, 0x7A, 0x24, 0x12, 0x24, 0x12, 0x04, 0x22, 0x04, 0x22, 0x14, 0x42, 0x0C, 0x82, 0x08 };
static const uint8_t bitmap_2773[] = { 0x04, 0x40, 0x85, 0xFE, 0x7E, 0x40, 0x04, 0x00, 0x31, 0xF8, 0x1E, 0x10, 0x11, 0xF0, 0x1E, 0x10, 0x11, 0xF0, 0x1F, 0x10, 0x11, 0x00, 0x81, 0xFE, 0x7F, 0x00, 0x01, 0x00, 0x01, 0x00, 0x01, 0x00 };
static const uint8_t bitmap_2774[] = { 0x04, 0x40, 0x85, 0xFE, 0x7E, 0x40, 0x05, 0x40, 0x02, 0x00, 0x83, 0xFE, 0x7C, 0x00, 0x09, 0x38, 0x09, 0xD0, 0x10, 0xA0, 0x34, 0x7E, 0x53, 0xA0, 0x90, 0x20, 0x10, 0xE0, 0x10, 0x40, 0x10, 0x40 };
static const uint8_t bitmap_2775[] = { 0x04, 0x40, 0x85, 0xFE, 0x7E, 0x40, 0x05, 0x00, 0x81, 0xFE, 0x7F, 0x00, 0x10, 0x00, 0x11, 0xF8, 0x1E, 0x00, 0x11, 0x60, 0x09, 0x20, 0x09, 0x20, 0x11, 0x24, 0x11, 0x24, 0x21, 0x24, 0xC0, 0x1E };
static const uint8_t bitmap_2776[] = { 0x04, 0x40, 0x85, 0xFE, 0x7E, 0x40, 0x05, 0x00, 0x11, 0xF8, 0x0F, 0x10, 0x02, 0x10, 0x04, 0xA0, 0x08, 0x60, 0x30, 0x50, 0x9E, 0x9E, 0x72, 0xE4, 0x22, 0x44, 0x34, 0x68, 0x4C, 0x98, 0x89, 0x10 };
static const uint8_t bitmap_2777[] = { 0x04, 0x40, 0x85, 0xFE, 0x7E, 0x40, 0x04, 0x40, 0x44, 0x78, 0x23, 0x90, 0x90, 0x20, 0x48, 0x40, 0x28, 0xBE, 0x13, 0xD4, 0x10, 0x94, 0x21, 0x24, 0x26, 0x44, 0xC0, 0xA8, 0x23, 0x18, 0x20, 0x10 };
static const uint8_t bitmap_2778[] = { 0x04, 0x40, 0x85, 0xFE, 0x7E, 0x40, 0x04, 0x40, 0x40, 0xFE, 0x7F, 0x04, 0x40, 0x08, 0x83, 0x00, 0x41, 0xFC, 0x3F, 0x00, 0x01, 0xC0, 0x03, 0x20, 0x05, 0x18, 0x09, 0x04, 0x31, 0x02, 0xC1, 0x00 };
static const uint8_t bitmap_2779[] = { 0x04, 0x40, 0x85, 0xFE, 0x7E, 0x40, 0x04, 0x40, 0x41, 0xFE, 0x7E, 0x04, 0x45, 0xF8, 0xBE, 0x00, 0x09, 0x00, 0x11, 0xF0, 0x3F, 0x00, 0x81, 0xFE, 0x7F, 0x00, 0x01, 0x00, 0x01, 0x00, 0x01, 0x00 };
static const uint8_t bitmap_2780[] = { 0x04, 0x40, 0x04, 0x40, 0x84, 0xFE, 0x7F, 0x40, 0x04, 0x40, 0x41, 0xFE, 0x7E, 0x04, 0x41, 0x08, 0x89, 0x08, 0x09, 0x30, 0x12, 0xC0, 0x22, 0x20, 0x04, 0x10, 0x08, 0x08, 0x30, 0x04, 0xC0, 0x02 };
static const uint8_t bitmap_2781[] = { 0x04, 0x40, 0x85, 0xFE, 0x7E, 0x40, 0x04, 0x40, 0xCD, 0x9E, 0x76, 0xE4, 0x44, 0x84, 0x48, 0x9C, 0x50, 0xE4, 0x48, 0x84, 0x44, 0x9C, 0x64, 0xE4, 0x58, 0x84, 0x51, 0x14, 0x42, 0x0C, 0x4C, 0x08 };
static const uint8_t bitmap_2782[] = { 0x04, 0x40, 0x85, 0xFE, 0x7E, 0x40, 0x14, 0x40, 0x10, 0x80, 0x14, 0x9E, 0x25, 0xE4, 0x39, 0x04, 0xCA, 0x84, 0x10, 0x44, 0x3C, 0x44, 0xE0, 0x08, 0x0C, 0x08, 0x30, 0x50, 0xC0, 0x30, 0x00, 0x20 };
static const uint8_t bitmap_2783[] = { 0x04, 0x40, 0x84, 0xFE, 0x7F, 0x40, 0x04, 0x40, 0x18, 0x3E, 0x17, 0xC8, 0x10, 0x08, 0x2C, 0xC8, 0x27, 0x48, 0x64, 0x48, 0xA4, 0xC8, 0x27, 0x48, 0x24, 0x48, 0x20, 0x28, 0x20, 0x18, 0x20, 0x10 };
static const uint8_t bitmap_2784[] = { 0x04, 0x40, 0x85, 0xFE, 0x7E, 0x40, 0x04, 0x00, 0x07, 0x0C, 0x08, 0xC4, 0x78, 0x44, 0x08, 0x44, 0x8F, 0x44, 0x78, 0x44, 0x1C, 0x44, 0x2A, 0x44, 0x29, 0x04, 0x48, 0x14, 0x88, 0x0C, 0x08, 0x08 };
static const uint8_t bitmap_2785[] = { 0x04, 0x40, 0x85, 0xFE, 0x7E, 0x40, 0x04, 0x00, 0x19, 0xF0, 0x0E, 0x20, 0x09, 0xE0, 0x0E, 0x20, 0x09, 0xE0, 0x0F, 0x00, 0x81, 0xFE, 0x7F, 0x80, 0x02, 0x60, 0x04, 0x18, 0x18, 0x04, 0xE0, 0x02 };
static const uint8_t bitmap_2786[] = { 0x04, 0x40, 0x85, 0xFE, 0x7E, 0x40, 0x04, 0x40, 0x05, 0x00, 0x41, 0xFC, 0x3F, 0x10, 0x11, 0x10, 0x09, 0x20, 0x89, 0xFE, 0x7F, 0x60, 0x05, 0x10, 0x09, 0x08, 0x31, 0x04, 0xC1, 0x02, 0x01, 0x00 };
static const uint8_t bitmap_2787[] = { 0x04, 0x40, 0x84, 0xFE, 0x7F, 0x40, 0x04, 0x40, 0x44, 0x7E, 0x33, 0x80, 0x00, 0xA0, 0x01, 0x3C, 0xB3, 0xE0, 0x52, 0x20, 0x28, 0x3E, 0x47, 0xE0, 0x20, 0x20, 0xD8, 0x20, 0x06, 0x00, 0x01, 0xFE };
static const uint8_t bitmap_2788[] = { 0x04, 0x40, 0x04, 0x40, 0x85, 0xFE, 0x7E, 0x40, 0x04, 0x68, 0x48, 0x24, 0x28, 0x24, 0x12, 0x3E, 0x31, 0xE0, 0xC8, 0x20, 0x18, 0x30, 0x28, 0x48, 0xC8, 0x44, 0x48, 0x84, 0x31, 0x02, 0x26, 0x02 };
static const uint8_t bitmap_2789[] = { 0x04, 0x40, 0x85, 0xFE, 0x7E, 0x40, 0x04, 0x40, 0x40, 0xFE, 0x7F, 0x04, 0x40, 0x08, 0xA0, 0xF8, 0x1F, 0x00, 0x01, 0x00, 0x11, 0xF0, 0x0F, 0x10, 0x01, 0x08, 0x81, 0xFE, 0x7E, 0x00, 0x00, 0x00 };
static const uint8_t bitmap_2790[] = { 0x04, 0x40, 0x85, 0xFE, 0x7E, 0x40, 0x04, 0x40, 0x40, 0xFE, 0x7F, 0x04, 0x41, 0xF0, 0x9E, 0x20, 0x0A, 0x60, 0x09, 0x40, 0x09, 0xFE, 0x0E, 0x04, 0x81, 0xF4, 0x7E, 0x24, 0x00, 0x18, 0x00, 0x10 };
static const uint8_t bitmap_2791[] = { 0x04, 0x40, 0x85, 0xFE, 0x7E, 0x50, 0x05, 0x08, 0x81, 0xFE, 0x7E, 0x80, 0x04, 0x60, 0x08, 0x18, 0x34, 0xC4, 0xC4, 0x42, 0x85, 0xFE, 0x7E, 0x40, 0x08, 0x40, 0x08, 0x40, 0x10, 0x40, 0x60, 0x40 };
static const uint8_t bitmap_2792[] = { 0x04, 0x40, 0x85, 0xFE, 0x7E, 0x40, 0x04, 0x60, 0x30, 0x20, 0x11, 0x3E, 0x9E, 0xE0, 0x72, 0x20, 0x22, 0x20, 0x24, 0xBE, 0x74, 0xE4, 0x08, 0x84, 0x0C, 0x9C, 0x12, 0xE4, 0x22, 0x84, 0xC0, 0x00 };
static const uint8_t bitmap_2793[] = { 0x04, 0x40, 0x85, 0xFE, 0x7E, 0x40, 0x04, 0x00, 0x11, 0xFE, 0x1E, 0x04, 0x22, 0x44, 0x52, 0x44, 0x8A, 0x84, 0x8B, 0xF4, 0x7F, 0x04, 0x06, 0x88, 0x0A, 0x48, 0x12, 0x50, 0x62, 0x30, 0x00, 0x20 };
static const uint8_t bitmap_2794[] = { 0x04, 0x40, 0x85, 0xFE, 0x7E, 0x40, 0x04, 0x40, 0xC5, 0xFE, 0x7E, 0x24, 0x41, 0xC4, 0x4F, 0x04, 0x51, 0xF4, 0x5F, 0x84, 0x45, 0x64, 0x45, 0x14, 0x49, 0x04, 0x53, 0xFC, 0x7C, 0x04, 0x40, 0x04 };
static const uint8_t bitmap_2795[] = { 0x04, 0x40, 0x85, 0xFE, 0x7E, 0x40, 0x04, 0x70, 0x03, 0x88, 0x3E, 0x08, 0x11, 0x10, 0x09, 0x20, 0x89, 0xFE, 0x7F, 0x00, 0x03, 0xC0, 0x05, 0x20, 0x09, 0x10, 0x11, 0x08, 0x21, 0x04, 0xC1, 0x02 };
static const uint8_t bitmap_2796[] = { 0x04, 0x40, 0x85, 0xFE, 0x7E, 0x40, 0x44, 0xC0, 0x20, 0x40, 0x16, 0x7C, 0x8B, 0xC8, 0x4A, 0x50, 0x32, 0x78, 0x13, 0xC8, 0x22, 0x90, 0x24, 0x50, 0xC4, 0x20, 0x28, 0x58, 0x31, 0x84, 0x26, 0x02 };
static const uint8_t bitmap_2797[] = { 0x04, 0x40, 0x85, 0xFE, 0x7E, 0x40, 0x05, 0x00, 0x21, 0xF8, 0x1E, 0x20, 0x08, 0x40, 0x85, 0xFE, 0x7E, 0x00, 0x00, 0x00, 0x19, 0xF0, 0x0E, 0x20, 0x08, 0x20, 0x09, 0xE0, 0x0E, 0x20, 0x08, 0x20 };
static const uint8_t bitmap_2798[] = { 0x04, 0x40, 0x85, 0xFE, 0x7E, 0x40, 0x05, 0x00, 0x21, 0xF8, 0x1F, 0x00, 0x81, 0xFE, 0x7E, 0x20, 0x0A, 0x18, 0x12, 0xE4, 0xE7, 0x22, 0x0C, 0x40, 0x72, 0xC0, 0x03, 0x30, 0x0C, 0x0C, 0xF0, 0x02 };
static const uint8_t bitmap_2799[] = { 0x04, 0x40, 0x85, 0xFE, 0x7E, 0x40, 0x04, 0x00, 0x04, 0xC0, 0x9C, 0x4E, 0x64, 0x70, 0x04, 0x40, 0x5C, 0x4C, 0x24, 0x70, 0x04, 0x40, 0x9C, 0x4E, 0x64, 0x70, 0x04, 0x40, 0x04, 0x40, 0x04, 0x40 };
static const uint8_t bitmap_2800[] = { 0x04, 0x40, 0x85, 0xFE, 0x7E, 0x40, 0x14, 0x00, 0x11, 0xFE, 0x1E, 0x04, 0x29, 0xC4, 0x2E, 0x04, 0x4A, 0x04, 0x93, 0xF4, 0x7E, 0x24, 0x22, 0x24, 0x23, 0xE4, 0x3C, 0x28, 0x20, 0x18, 0x00, 0x10 };
static const uint8_t bitmap_2801[] = { 0x04, 0x40, 0x85, 0xFE, 0x7E, 0x40, 0x04, 0x40, 0x6F, 0xBC, 0x32, 0xC8, 0x22, 0x88, 0x2E, 0xB8, 0x32, 0xC8, 0x22, 0x88, 0x2E, 0xB8, 0x32, 0xC8, 0x21, 0x08, 0x01, 0x28, 0x02, 0x18, 0x0C, 0x10 };
static const uint8_t bitmap_2802[] = { 0x04, 0x40, 0x85, 0xFE, 0x7E, 0x40, 0x44, 0x40, 0x24, 0x3C, 0x13, 0xC8, 0x8A, 0x48, 0x4A, 0x50, 0x29, 0x50, 0x15, 0x7E, 0x13, 0xC0, 0x20, 0x40, 0xC0, 0x40, 0x20, 0x40, 0x20, 0x40, 0x20, 0x40 };
static const uint8_t bitmap_2803[] = { 0x04, 0x40, 0x84, 0xFE, 0x7F, 0x40, 0x04, 0x78, 0x03, 0x80, 0x3D, 0x00, 0x81, 0xFE, 0x7F, 0x40, 0x05, 0x30, 0x39, 0x08, 0xC4, 0xFE, 0x7F, 0x20, 0x04, 0x40, 0x0E, 0xE0, 0x03, 0x18, 0x7C, 0x04 };
static const uint8_t bitmap_2804[] = { 0x04, 0x40, 0x85, 0xFE, 0x7E, 0x40, 0x04, 0x40, 0x61, 0xFC, 0x3E, 0x48, 0x25, 0xF8, 0x3E, 0x00, 0x22, 0x78, 0x07, 0x90, 0x18, 0x20, 0x64, 0x40, 0x02, 0x80, 0x03, 0x00, 0x0C, 0x00, 0xF0, 0x00 };
static const uint8_t bitmap_2805[] = { 0x04, 0x40, 0x85, 0xFE, 0x7E, 0x40, 0x04, 0x00, 0x20, 0xFE, 0x7F, 0x04, 0x41, 0x08, 0xA1, 0xF8, 0x3F, 0x08, 0x21, 0x08, 0x21, 0xF8, 0x3F, 0x08, 0x21, 0x10, 0x01, 0x78, 0x07, 0x84, 0xF8, 0x04 };
static const uint8_t bitmap_2806[] = { 0x04, 0x40, 0x85, 0xFE, 0x7E, 0x40, 0x04, 0x00, 0x41, 0xFE, 0x7E, 0x04, 0x49, 0xF8, 0x8E, 0x20, 0x09, 0xE0, 0x0E, 0x00, 0x31, 0xF8, 0x1E, 0x10, 0x10, 0x10, 0x11, 0xF0, 0x1E, 0x10, 0x10, 0x10 };
static const uint8_t bitmap_2807[] = { 0x04, 0x40, 0x85, 0xFE, 0x7E, 0x40, 0x05, 0x00, 0x21, 0xFC, 0x1F, 0x08, 0x81, 0xFE, 0x7F, 0x08, 0x21, 0xF8, 0x1F, 0x00, 0x11, 0x88, 0x15, 0x48, 0x25, 0x28, 0x29, 0x28, 0x51, 0x08, 0x81, 0x08 };
static const uint8_t bitmap_2808[] = { 0x04, 0x40, 0x85, 0xFE, 0x7E, 0x40, 0x04, 0x60, 0xDA, 0x3E, 0x69, 0xE8, 0x48, 0x88, 0x50, 0x50, 0x76, 0x7E, 0x4B, 0x80, 0x4A, 0x00, 0x6A, 0x00, 0x5A, 0x00, 0x54, 0x00, 0x44, 0x00, 0x48, 0x00 };
static const uint8_t bitmap_2809[] = { 0x04, 0x40, 0x85, 0xFE, 0x7E, 0x40, 0x44, 0x40, 0x21, 0xB8, 0x10, 0xD0, 0x89, 0x10, 0x4A, 0xA0, 0x14, 0x58, 0x10, 0x84, 0x23, 0x3A, 0x2D, 0xC8, 0xC1, 0x08, 0x21, 0x38, 0x21, 0xC8, 0x21, 0x08 };
static const uint8_t bitmap_2810[] = { 0x04, 0x40, 0x85, 0xFE, 0x7E, 0x40, 0x05, 0x10, 0x21, 0xF0, 0x1F, 0x20, 0x81, 0xFE, 0x7F, 0x00, 0x02, 0xF8, 0x0F, 0x10, 0x38, 0xF0, 0xCF, 0x10, 0x08, 0x10, 0x08, 0xF0, 0x0F, 0x10, 0x08, 0x10 };
static const uint8_t bitmap_2811[] = { 0x04, 0x40, 0x85, 0xFE, 0x7E, 0x40, 0x05, 0xF0, 0x1E, 0x20, 0x09, 0xE0, 0x0E, 0x20, 0x09, 0xE0, 0x0E, 0x00, 0x04, 0xFE, 0x1F, 0x04, 0x31, 0x84, 0xD2, 0x44, 0x14, 0xE8, 0x1F, 0x38, 0x10, 0x10 };
static const uint8_t bitmap_2812[] = { 0x04, 0x40, 0x85, 0xFE, 0x7E, 0x40, 0x14, 0x40, 0x11, 0xFE, 0x3E, 0x44, 0x23, 0xE4, 0x5E, 0x04, 0xB3, 0xE4, 0x1E, 0x44, 0x13, 0xC4, 0x1E, 0x44, 0x13, 0xC4, 0x1E, 0x68, 0x12, 0xD8, 0x12, 0x90 };
static const uint8_t bitmap_2813[] = { 0x04, 0x40, 0x85, 0xFE, 0x7E, 0x58, 0x05, 0xE0, 0x3F, 0x00, 0x81, 0xFE, 0x7F, 0x10, 0x11, 0xF0, 0x1F, 0x10, 0x11, 0xF0, 0x1F, 0x00, 0x41, 0xFC, 0x3F, 0x00, 0x81, 0xFE, 0x7E, 0x00, 0x00, 0x00 };
static const uint8_t bitmap_2814[] = { 0x04, 0x40, 0x85, 0xFE, 0x7E, 0x40, 0x04, 0x00, 0x08, 0xDE, 0x8F, 0x64, 0x78, 0x44, 0x08, 0x5C, 0x08, 0x64, 0x4F, 0x44, 0x72, 0x5C, 0x42, 0x64, 0x4E, 0x44, 0x72, 0x94, 0x40, 0x8C, 0x03, 0x08 };
static const uint8_t bitmap_2815[] = { 0x04, 0x40, 0x85, 0xFE, 0x7E, 0x40, 0x85, 0xFE, 0x7E, 0x40, 0x11, 0x4C, 0x3F, 0x70, 0xD2, 0x44, 0x0C, 0x44, 0x18, 0x3E, 0xE4, 0x20, 0x84, 0xFE, 0x7F, 0x20, 0x04, 0x20, 0x08, 0x20, 0x70, 0x20 };
static const uint8_t bitmap_2816[] = { 0x04, 0x40, 0x85, 0xFE, 0x7E, 0x40, 0x14, 0x00, 0x11, 0xFC, 0x3F, 0x48, 0x49, 0x48, 0x86, 0x88, 0x39, 0x08, 0x02, 0xD0, 0x3C, 0x30, 0x04, 0xA4, 0x14, 0x42, 0x12, 0x4A, 0x21, 0x88, 0xC0, 0x7C };
static const uint8_t bitmap_2817[] = { 0x04, 0x40, 0x85, 0xFE, 0x7E, 0x40, 0x05, 0x10, 0x01, 0x94, 0x1E, 0x64, 0x44, 0x18, 0x28, 0xE8, 0x37, 0x04, 0xC1, 0x02, 0x21, 0xF8, 0x1F, 0x80, 0x02, 0x60, 0x04, 0x18, 0x18, 0x04, 0xE0, 0x02 };
static const uint8_t bitmap_2818[] = { 0x04, 0x40, 0x85, 0xFE, 0x7E, 0x40, 0x05, 0x00, 0x41, 0xFC, 0x3E, 0x20, 0x04, 0x40, 0x45, 0xFE, 0x7F, 0x04, 0x41, 0x08, 0x91, 0xF0, 0x1F, 0x10, 0x11, 0x50, 0x11, 0x30, 0x11, 0x20, 0x01, 0x00 };
static const uint8_t bitmap_2819[] = { 0x04, 0x40, 0x85, 0xFE, 0x7E, 0x40, 0x04, 0x20, 0x18, 0x5C, 0x48, 0xE8, 0x2B, 0x50, 0x28, 0x20, 0x09, 0xD0, 0x0C, 0x3E, 0x2B, 0xD0, 0x49, 0x10, 0x88, 0x90, 0x08, 0x90, 0x08, 0x70, 0x08, 0x20 };
static const uint8_t bitmap_2820[] = { 0x04, 0x40, 0x85, 0xFE, 0x7E, 0x40, 0x45, 0xFE, 0x7E, 0x04, 0x51, 0xF0, 0x8E, 0x00, 0x41, 0xFC, 0x3E, 0x08, 0x09, 0x10, 0x72, 0xA0, 0x0C, 0xE0, 0x71, 0x58, 0x06, 0x44, 0x79, 0x82, 0x01, 0x00 };
static const uint8_t bitmap_2821[] = { 0x04, 0x40, 0x85, 0xFE, 0x7E, 0x40, 0x04, 0x00, 0x4E, 0x9C, 0x30, 0x60, 0x00, 0x00, 0x87, 0x1E, 0x78, 0xE0, 0x0C, 0x28, 0x6A, 0xA4, 0x2A, 0xA2, 0x49, 0x22, 0x69, 0xA0, 0x9A, 0x60, 0x10, 0x40 };
static const uint8_t bitmap_2822[] = { 0x04, 0x40, 0x85, 0xFE, 0x7E, 0x48, 0x04, 0x44, 0x48, 0x7E, 0x27, 0xC0, 0x1A, 0x7C, 0x8B, 0xC4, 0x52, 0x7C, 0x33, 0xC4, 0x22, 0x44, 0x22, 0x7C, 0xC3, 0xC4, 0x22, 0x54, 0x22, 0x4C, 0x22, 0x48 };
static const uint8_t bitmap_2823[] = { 0x04, 0x40, 0x85, 0xFE, 0x7E, 0x40, 0x04, 0x00, 0x11, 0xE0, 0x0E, 0x44, 0x92, 0x88, 0x69, 0x50, 0x11, 0x30, 0x25, 0x08, 0xC2, 0x04, 0x82, 0xFE, 0x7F, 0x08, 0x24, 0x44, 0x22, 0x22, 0xC2, 0x22 };
static const uint8_t bitmap_2824[] = { 0x04, 0x40, 0x85, 0xFE, 0x7F, 0x40, 0x85, 0xFE, 0x7E, 0xA0, 0x09, 0x10, 0x3E, 0x38, 0x05, 0xC4, 0x3E, 0x04, 0x01, 0xF8, 0x3F, 0x10, 0x11, 0xF0, 0x1F, 0x10, 0x11, 0xF0, 0x1E, 0x10, 0x10, 0x10 };
static const uint8_t bitmap_2825[] = { 0x04, 0x40, 0x85, 0xFE, 0x7E, 0x40, 0x05, 0x00, 0x41, 0xFE, 0x7E, 0x44, 0x49, 0x30, 0x89, 0x88, 0x12, 0x64, 0x64, 0x18, 0x09, 0xE4, 0x3E, 0x22, 0xC8, 0x20, 0x09, 0xE0, 0x0E, 0x20, 0x08, 0x20 };
static const uint8_t bitmap_2826[] = { 0x04, 0x40, 0x85, 0xFE, 0x7E, 0x40, 0x04, 0x40, 0x0C, 0x4E, 0x64, 0x70, 0x24, 0xA0, 0x24, 0x98, 0x25, 0x04, 0x24, 0x00, 0x00, 0xFC, 0x3F, 0x48, 0x24, 0x48, 0xA4, 0xFE, 0x7F, 0x00, 0x00, 0x00 };
static const uint8_t bitmap_2827[] = { 0x04, 0x40, 0x85, 0xFE, 0x7E, 0x40, 0x05, 0x00, 0x41, 0x78, 0x33, 0x90, 0x0C, 0x60, 0x01, 0xD8, 0x8E, 0x74, 0x71, 0xC2, 0x24, 0x78, 0x43, 0xC0, 0x24, 0x7C, 0xF3, 0xC0, 0x0C, 0x40, 0x03, 0xFE };
static const uint8_t bitmap_2828[] = { 0x04, 0x40, 0x85, 0xFE, 0x7E, 0x40, 0x25, 0xFC, 0x3E, 0x48, 0x25, 0xF8, 0x3E, 0x90, 0x00, 0x88, 0x60, 0xFE, 0x3F, 0x88, 0x28, 0x90, 0x24, 0x50, 0x44, 0x24, 0x40, 0xD4, 0x83, 0x0C, 0x1C, 0x06 };
static const uint8_t bitmap_2829[] = { 0x04, 0x40, 0x85, 0xFE, 0x7E, 0x40, 0x15, 0xF0, 0x0E, 0x20, 0x09, 0xE0, 0x0E, 0x20, 0x69, 0xFC, 0x3E, 0x48, 0x25, 0xF8, 0x3E, 0x20, 0x21, 0xF0, 0x1E, 0x40, 0x05, 0xE0, 0x0E, 0x1C, 0xF0, 0x02 };
static const uint8_t bitmap_2830[] = { 0x04, 0x40, 0x85, 0xFE, 0x7E, 0x40, 0x05, 0x00, 0x61, 0xFC, 0x3F, 0x20, 0x22, 0x20, 0x32, 0xFC, 0x2F, 0x20, 0x22, 0xE0, 0x23, 0x20, 0x22, 0x00, 0x40, 0x48, 0x4B, 0x24, 0x88, 0x92, 0x30, 0x92 };
static const uint8_t bitmap_2831[] = { 0x04, 0x40, 0x85, 0xFE, 0x7E, 0x40, 0x04, 0x58, 0xC7, 0x08, 0x79, 0x08, 0x47, 0x1E, 0x78, 0xE8, 0x46, 0x88, 0x58, 0x48, 0x47, 0x48, 0x7C, 0x08, 0x56, 0x08, 0x95, 0x28, 0xAD, 0x18, 0x48, 0x10 };
static const uint8_t bitmap_2832[] = { 0x04, 0x40, 0x85, 0xFE, 0x7E, 0x40, 0x08, 0x00, 0x1F, 0x3C, 0x22, 0xC8, 0xD4, 0x30, 0x28, 0x08, 0x18, 0xE4, 0x67, 0x02, 0xA0, 0xFC, 0x1F, 0x00, 0x09, 0x30, 0x15, 0x08, 0x23, 0x04, 0xC2, 0x00 };
static const uint8_t bitmap_2833[] = { 0x04, 0x40, 0x85, 0xFE, 0x7E, 0x40, 0x04, 0x20, 0x9E, 0x3C, 0x69, 0xC0, 0x10, 0x88, 0xD1, 0x3C, 0x5D, 0xC4, 0x50, 0x10, 0x53, 0x50, 0x5D, 0x50, 0x52, 0x54, 0x62, 0x54, 0xC4, 0x54, 0x08, 0x0E };
static const uint8_t bitmap_2834[] = { 0x04, 0x40, 0x85, 0xFE, 0x7E, 0x40, 0x05, 0x3C, 0x21, 0xC8, 0x11, 0x38, 0x09, 0xC8, 0x01, 0x38, 0xB9, 0xC0, 0x50, 0x9E, 0x11, 0xE2, 0x13, 0x22, 0x15, 0x52, 0x19, 0xF4, 0x31, 0x0C, 0x00, 0x08 };
static const uint8_t bitmap_2835[] = { 0x04, 0x40, 0x85, 0xFE, 0x7E, 0x40, 0x45, 0x20, 0x29, 0x20, 0x2A, 0x2E, 0xCF, 0x78, 0x79, 0x48, 0x49, 0xA8, 0x5D, 0x28, 0x5B, 0x10, 0x69, 0x18, 0x49, 0x24, 0x4D, 0x24, 0x4B, 0x42, 0x42, 0x82 };
static const uint8_t bitmap_2836[] = { 0x04, 0x40, 0x85, 0xFE, 0x7E, 0x40, 0x04, 0x40, 0x08, 0x80, 0x08, 0xFC, 0x1F, 0x80, 0x30, 0xF8, 0x5F, 0x80, 0x90, 0xF8, 0x1F, 0x80, 0x10, 0xFC, 0x1F, 0x88, 0x14, 0x44, 0x22, 0x22, 0xC2, 0x22 };
static const uint8_t bitmap_2837[] = { 0x04, 0x40, 0x85, 0xFE, 0x7E, 0x40, 0x04, 0x40, 0x02, 0x88, 0x0A, 0x44, 0x09, 0x54, 0x10, 0x90, 0x60, 0x78, 0x00, 0x00, 0x2A, 0x54, 0xA5, 0x4A, 0xA5, 0x4A, 0x91, 0x20, 0x94, 0x24, 0x0E, 0x1E };
static const uint8_t bitmap_2838[] = { 0x04, 0x40, 0x85, 0xFE, 0x7E, 0x40, 0x14, 0x40, 0x13, 0x3C, 0x15, 0xC8, 0x25, 0x38, 0x39, 0xC8, 0xC9, 0x38, 0x11, 0xC0, 0x3C, 0x3C, 0xE1, 0xD4, 0x0D, 0x54, 0x35, 0x7E, 0xC3, 0xC0, 0x00, 0x00 };
static const uint8_t bitmap_2839[] = { 0x04, 0x40, 0x85, 0xFE, 0x7E, 0x40, 0x25, 0xF8, 0x1F, 0x00, 0x41, 0xFE, 0x7F, 0x04, 0x41, 0x78, 0x9D, 0x00, 0x31, 0xF8, 0x1F, 0x10, 0x11, 0xF0, 0x1F, 0x10, 0x11, 0xF0, 0x1F, 0x10, 0x10, 0x10 };
static const uint8_t bitmap_2840[] = { 0x04, 0x40, 0x85, 0xFE, 0x7E, 0x48, 0x04, 0x7E, 0x4F, 0xC0, 0x22, 0x7C, 0x93, 0xC8, 0x4A, 0x78, 0x2B, 0xC8, 0x12, 0x78, 0x13, 0xC8, 0x2A, 0x7E, 0xC7, 0x88, 0x22, 0x28, 0x21, 0x98, 0x20, 0x10 };
static const uint8_t bitmap_2841[] = { 0x04, 0x40, 0x85, 0xFE, 0x7E, 0x40, 0x14, 0x10, 0x2A, 0x90, 0x2A, 0xAE, 0x4B, 0xB8, 0x9C, 0x48, 0x13, 0xA8, 0x2C, 0x28, 0x67, 0x10, 0xA5, 0x58, 0x25, 0x94, 0x29, 0x24, 0x30, 0x42, 0x21, 0x82 };
static const uint8_t bitmap_2842[] = { 0x04, 0x40, 0x85, 0xFE, 0x7E, 0x40, 0x24, 0x20, 0x21, 0x3C, 0xCC, 0xC8, 0x74, 0x88, 0x4C, 0x50, 0x76, 0x5E, 0x41, 0xE0, 0x4C, 0x20, 0x75, 0x3C, 0x44, 0xE0, 0x4C, 0x20, 0x74, 0x20, 0x40, 0x20 };
static const uint8_t bitmap_2843[] = { 0x04, 0x40, 0x85, 0xFE, 0x7E, 0x40, 0x08, 0x04, 0x4F, 0xD8, 0x74, 0x60, 0x24, 0x40, 0xAF, 0x4E, 0x78, 0x78, 0x8F, 0x48, 0x78, 0x48, 0x2A, 0x88, 0x2A, 0x88, 0x49, 0x08, 0x9A, 0x08, 0x14, 0x08 };
static const uint8_t bitmap_2844[] = { 0x04, 0x40, 0x85, 0xFE, 0x7E, 0x40, 0x45, 0xFC, 0x3E, 0x48, 0x25, 0xF8, 0x3E, 0x28, 0x23, 0xE0, 0x1E, 0x40, 0x83, 0xFE, 0x7E, 0x20, 0x19, 0xE0, 0xEE, 0x20, 0x09, 0xE0, 0x0E, 0x20, 0x08, 0x20 };
static const uint8_t bitmap_2845[] = { 0x04, 0x40, 0x85, 0xFE, 0x7E, 0x40, 0x24, 0x90, 0x12, 0xBC, 0x9D, 0xD0, 0x70, 0x90, 0x5C, 0xBE, 0x73, 0xC0, 0x9D, 0x3C, 0x71, 0xC8, 0x39, 0x38, 0x55, 0xC8, 0x51, 0x38, 0x91, 0xC8, 0x11, 0x08 };
static const uint8_t bitmap_2846[] = { 0x04, 0x40, 0x85, 0xFE, 0x7E, 0x48, 0x04, 0x24, 0xD1, 0xFE, 0x5E, 0x20, 0x75, 0xE4, 0x57, 0x14, 0xB5, 0xD4, 0x57, 0x54, 0x54, 0xC8, 0x57, 0x0A, 0xA5, 0xDA, 0x27, 0x14, 0x44, 0x26, 0x80, 0xC2 };
static const uint8_t bitmap_2847[] = { 0x04, 0x40, 0x85, 0xFE, 0x7E, 0x40, 0x08, 0xC0, 0x33, 0x3C, 0xD5, 0xC8, 0x49, 0x38, 0x31, 0xC8, 0xC9, 0x38, 0x19, 0xD0, 0x24, 0x50, 0xCC, 0x50, 0x14, 0x94, 0xE4, 0x94, 0x19, 0x14, 0x16, 0x0E };
static const uint8_t bitmap_2848[] = { 0x04, 0x40, 0x85, 0xFE, 0x7E, 0x40, 0x14, 0x3C, 0x9D, 0xE4, 0x71, 0x3C, 0x5D, 0xE4, 0x31, 0x3C, 0x9D, 0xE0, 0x72, 0x3E, 0x3B, 0xE2, 0x56, 0x2A, 0x52, 0x3A, 0x92, 0xEA, 0x12, 0x06, 0x12, 0x04 };
static const uint8_t bitmap_2849[] = { 0x04, 0x40, 0x85, 0xFE, 0x7E, 0x48, 0x05, 0x28, 0x6C, 0xB0, 0x36, 0xBC, 0x25, 0xE0, 0x2E, 0x3E, 0x35, 0xD0, 0x24, 0xAC, 0x2D, 0x2A, 0x36, 0xF0, 0x24, 0xA8, 0x57, 0x24, 0x4C, 0xE2, 0x88, 0x40 };
static const uint8_t bitmap_2850[] = { 0x04, 0x40, 0x87, 0xFE, 0x7C, 0x40, 0x45, 0x70, 0x21, 0x90, 0x11, 0x7E, 0x85, 0xB4, 0x4E, 0xAC, 0x35, 0xB4, 0x16, 0xC0, 0x28, 0x7E, 0x27, 0xE0, 0xC0, 0xD0, 0x21, 0x48, 0x26, 0x44, 0x38, 0x42 };
static const uint8_t bitmap_2851[] = { 0x04, 0x40, 0x85, 0xFE, 0x7E, 0x40, 0x05, 0x80, 0x60, 0xFE, 0x3F, 0xA0, 0x32, 0xBE, 0x2F, 0x68, 0x2B, 0xA4, 0x32, 0xFE, 0x2F, 0x80, 0x22, 0x78, 0x47, 0x90, 0x4A, 0x70, 0xB3, 0x90, 0x02, 0x10 };
static const uint8_t bitmap_2852[] = { 0x03, 0x00, 0x01, 0xF0, 0x01, 0x00, 0x61, 0xFC, 0x3F, 0x08, 0x22, 0x30, 0x33, 0xC0, 0x2E, 0x10, 0x22, 0x10, 0x21, 0xF8, 0x20, 0x00, 0x2D, 0xC0, 0x46, 0x84, 0x44, 0x84, 0x88, 0x44, 0x30, 0x3E };
static const uint8_t bitmap_2853[] = { 0x03, 0x00, 0x01, 0xF8, 0x01, 0x00, 0x61, 0xFE, 0x3E, 0x04, 0x23, 0xF0, 0x3E, 0x08, 0x22, 0x08, 0x21, 0xFC, 0x21, 0x00, 0x31, 0x7C, 0x2F, 0x88, 0x41, 0x08, 0x42, 0x48, 0x84, 0x30, 0x38, 0x20 };
static const uint8_t bitmap_2854[] = { 0x03, 0x00, 0x01, 0xF8, 0x01, 0x00, 0x61, 0xFE, 0x3E, 0x04, 0x22, 0xE0, 0x2F, 0x10, 0x22, 0x78, 0x21, 0x80, 0x2C, 0x78, 0x27, 0x80, 0x24, 0x7E, 0x5F, 0x80, 0x44, 0x78, 0x87, 0x80, 0x04, 0x00 };
static const uint8_t bitmap_2855[] = { 0x03, 0x00, 0x01, 0xF0, 0x01, 0x00, 0x61, 0xFC, 0x3F, 0x08, 0x22, 0x30, 0x33, 0xC0, 0x2E, 0x10, 0x22, 0x10, 0x21, 0xF8, 0x20, 0x80, 0x22, 0x48, 0x4A, 0x44, 0x49, 0x12, 0x90, 0x92, 0x20, 0x78 };
static const uint8_t bitmap_2856[] = { 0x03, 0x00, 0x01, 0xFC, 0x01, 0x00, 0x61, 0xFE, 0x3F, 0x04, 0x22, 0x68, 0x27, 0x90, 0x3A, 0x10, 0x21, 0xF8, 0x20, 0x04, 0x29, 0x24, 0x29, 0x28, 0x45, 0x28, 0x65, 0x7E, 0x9F, 0x80, 0x00, 0x00 };
static const uint8_t bitmap_2857[] = { 0x03, 0x00, 0x01, 0x00, 0x01, 0x00, 0x61, 0xFC, 0x3F, 0x08, 0x21, 0x08, 0x21, 0x08, 0x21, 0xF8, 0x3F, 0x08, 0x21, 0x20, 0x01, 0x10, 0x01, 0x08, 0x01, 0x78, 0x07, 0x84, 0xF8, 0x02, 0x00, 0x02 };
static const uint8_t bitmap_2858[] = { 0x30, 0x00, 0x10, 0x00, 0x11, 0x1C, 0xDE, 0xE0, 0x74, 0x20, 0x54, 0x20, 0x54, 0x20, 0x5C, 0x20, 0x74, 0x20, 0x50, 0x20, 0x14, 0x20, 0x14, 0x20, 0x1E, 0x20, 0x32, 0x3E, 0xC1, 0xC0, 0x00, 0x00 };
static const uint8_t bitmap_2859[] = { 0x00, 0x00, 0x18, 0xF8, 0x0F, 0x10, 0x08, 0x10, 0x08, 0xF0, 0x0F, 0x10, 0x09, 0x00, 0x31, 0xF8, 0x1F, 0x10, 0x11, 0x10, 0x11, 0xF0, 0x1F, 0x10, 0x11, 0x08, 0x01, 0x3C, 0x07, 0xC2, 0xF8, 0x02 };
static const uint8_t bitmap_2860[] = { 0x30, 0x00, 0x12, 0x3E, 0x11, 0xC0, 0xDE, 0x40, 0x74, 0x40, 0x54, 0x60, 0x54, 0x50, 0x5C, 0x48, 0x74, 0x44, 0x50, 0x40, 0x14, 0x40, 0x14, 0x40, 0x1E, 0x40, 0x32, 0x40, 0xC0, 0x40, 0x00, 0x40 };
static const uint8_t bitmap_2861[] = { 0x20, 0x60, 0x20, 0x20, 0x20, 0x20, 0x2F, 0x3E, 0x75, 0xE4, 0x49, 0x24, 0xB1, 0x24, 0x91, 0x3C, 0x11, 0xE4, 0x11, 0x20, 0x10, 0x20, 0x12, 0x28, 0x14, 0x24, 0x18, 0x3C, 0x33, 0xC2, 0x00, 0x02 };
static const uint8_t bitmap_2862[] = { 0x30, 0x40, 0x10, 0x2C, 0x12, 0x24, 0xDD, 0x24, 0x74, 0x88, 0x54, 0x48, 0x54, 0x48, 0x5C, 0x28, 0x70, 0x10, 0x50, 0x10, 0x14, 0x28, 0x16, 0x24, 0x1A, 0x44, 0x32, 0x82, 0xC1, 0x02, 0x02, 0x02 };
static const uint8_t bitmap_2863[] = { 0x30, 0x00, 0x12, 0x3C, 0x11, 0xC8, 0xDC, 0x08, 0x74, 0x90, 0x54, 0x90, 0x54, 0x90, 0x5D, 0x3E, 0x71, 0xC4, 0x51, 0x04, 0x14, 0x34, 0x17, 0xC4, 0x1C, 0x04, 0x32, 0x28, 0xC2, 0x18, 0x00, 0x10 };
static const uint8_t bitmap_2864[] = { 0x30, 0x60, 0x10, 0x20, 0x10, 0x20, 0xDE, 0x3E, 0x75, 0xC8, 0x54, 0x88, 0x54, 0x48, 0x5C, 0x28, 0x74, 0x10, 0x50, 0x10, 0x14, 0x28, 0x14, 0x28, 0x1E, 0x44, 0x32, 0x84, 0xC1, 0x02, 0x02, 0x02 };
static const uint8_t bitmap_2865[] = { 0x30, 0x60, 0x10, 0x20, 0x10, 0x20, 0xDE, 0x3E, 0x75, 0xE0, 0x54, 0x20, 0x55, 0x3C, 0x5C, 0xE0, 0x74, 0x20, 0x50, 0x20, 0x12, 0x3E, 0x15, 0xE0, 0x1C, 0x20, 0x32, 0x20, 0xC2, 0x20, 0x00, 0x20 };
static const uint8_t bitmap_2866[] = { 0x30, 0x0C, 0x12, 0x64, 0x11, 0xA4, 0xDC, 0x24, 0x75, 0x64, 0x55, 0xA4, 0x55, 0x04, 0x5D, 0x04, 0x75, 0x64, 0x53, 0xA4, 0x12, 0x24, 0x14, 0x24, 0x1C, 0x24, 0x35, 0x44, 0xC4, 0xC4, 0x00, 0x84 };
static const uint8_t bitmap_2867[] = { 0x00, 0x00, 0x40, 0xFC, 0x3F, 0x00, 0x01, 0x00, 0x81, 0xFE, 0x7E, 0xC0, 0x05, 0x20, 0x09, 0xF8, 0x3F, 0x14, 0xD1, 0x12, 0x11, 0xF0, 0x1F, 0x08, 0x11, 0x04, 0x01, 0x7C, 0x07, 0x82, 0xF8, 0x02 };
static const uint8_t bitmap_2868[] = { 0x30, 0x10, 0x10, 0xB0, 0x10, 0x90, 0xDC, 0x88, 0x74, 0x84, 0x54, 0xA4, 0x55, 0x22, 0x5D, 0x22, 0x76, 0x20, 0x50, 0x50, 0x10, 0x48, 0x14, 0x48, 0x1C, 0x8C, 0x32, 0xB4, 0xC3, 0xC2, 0x00, 0x02 };
static const uint8_t bitmap_2869[] = { 0x00, 0x00, 0x20, 0xF8, 0x1F, 0x10, 0x09, 0x20, 0x04, 0xC0, 0x03, 0x60, 0x06, 0x18, 0x19, 0x04, 0xE1, 0xFA, 0x1F, 0x10, 0x11, 0x10, 0x11, 0xF0, 0x1F, 0x08, 0x01, 0x3C, 0x07, 0xC2, 0xF8, 0x02 };
static const uint8_t bitmap_2870[] = { 0x30, 0x18, 0x10, 0x08, 0x10, 0x48, 0xDE, 0x28, 0x74, 0x28, 0x54, 0x08, 0x54, 0x88, 0x5C, 0x48, 0x74, 0x48, 0x50, 0x0E, 0x10, 0x38, 0x15, 0xC8, 0x1C, 0x08, 0x32, 0x08, 0xC2, 0x08, 0x00, 0x08 };
static const uint8_t bitmap_2871[] = { 0x30, 0x0C, 0x10, 0x10, 0x11, 0xA0, 0xDE, 0xC0, 0x74, 0x80, 0x54, 0x80, 0x54, 0x9C, 0x5C, 0xE8, 0x74, 0x88, 0x50, 0x88, 0x10, 0x88, 0x14, 0x88, 0x1C, 0x88, 0x32, 0xBE, 0xC3, 0xC0, 0x00, 0x00 };
static const uint8_t bitmap_2872[] = { 0x30, 0xC0, 0x10, 0x20, 0x10, 0x20, 0xDE, 0x3C, 0x75, 0xE0, 0x54, 0x20, 0x54, 0x20, 0x5C, 0x20, 0x75, 0x3C, 0x50, 0xE0, 0x10, 0x20, 0x14, 0x20, 0x1C, 0x20, 0x32, 0x3E, 0xC1, 0xC0, 0x00, 0x00 };
static const uint8_t bitmap_2873[] = { 0x30, 0x60, 0x10, 0x20, 0x10, 0x20, 0xDD, 0x3E, 0x75, 0xE4, 0x56, 0x08, 0x55, 0x80, 0x5C, 0x84, 0x74, 0x88, 0x50, 0xB0, 0x14, 0xC0, 0x14, 0x80, 0x1E, 0x84, 0x32, 0x84, 0xC2, 0x44, 0x00, 0x3E };
static const uint8_t bitmap_2874[] = { 0x00, 0x00, 0x40, 0xFC, 0x3F, 0x08, 0x01, 0x70, 0x19, 0x80, 0x0D, 0x00, 0x13, 0xFE, 0x21, 0x00, 0xD1, 0xF8, 0x1F, 0x10, 0x11, 0xF0, 0x1F, 0x10, 0x11, 0x08, 0x01, 0x78, 0x07, 0x84, 0x78, 0x04 };
static const uint8_t bitmap_2875[] = { 0x30, 0x60, 0x10, 0x20, 0x11, 0x3C, 0xDE, 0xE0, 0x74, 0x20, 0x56, 0x3E, 0x55, 0xC0, 0x5C, 0x20, 0x74, 0x20, 0x51, 0x3C, 0x14, 0xE0, 0x14, 0x20, 0x1E, 0x20, 0x32, 0x3E, 0xC1, 0xC0, 0x00, 0x00 };
static const uint8_t bitmap_2876[] = { 0x30, 0x60, 0x11, 0xA0, 0x10, 0xA0, 0xDE, 0xBC, 0x75, 0xE0, 0x55, 0x20, 0x56, 0x20, 0x5E, 0x3E, 0x75, 0xF0, 0x50, 0xA8, 0x14, 0xA8, 0x1D, 0x24, 0x33, 0x22, 0xC2, 0x22, 0x0C, 0x20, 0x00, 0x20 };
static const uint8_t bitmap_2877[] = { 0x60, 0x40, 0x20, 0x60, 0x20, 0x50, 0xBC, 0x88, 0xE8, 0x9C, 0xA9, 0xE4, 0xAA, 0x02, 0xBC, 0x02, 0xEB, 0x3C, 0xA1, 0xC8, 0x29, 0x08, 0x29, 0x08, 0x39, 0x08, 0x25, 0x38, 0xC5, 0xC8, 0x01, 0x08 };
static const uint8_t bitmap_2878[] = { 0x03, 0x00, 0x81, 0xFE, 0x7F, 0x40, 0x04, 0x50, 0x14, 0x48, 0x14, 0x44, 0x25, 0x44, 0xC1, 0xF8, 0x1F, 0x10, 0x11, 0x10, 0x11, 0xF0, 0x1F, 0x10, 0x11, 0x08, 0x01, 0xFC, 0x0F, 0x02, 0xF0, 0x02 };
static const uint8_t bitmap_2879[] = { 0x30, 0x60, 0x10, 0xA8, 0x13, 0xA4, 0xDC, 0xA4, 0x74, 0xA0, 0x54, 0xFE, 0x57, 0xA0, 0x5C, 0xA8, 0x74, 0xE8, 0x53, 0xA8, 0x14, 0x90, 0x14, 0x94, 0x1C, 0x94, 0x32, 0xAC, 0xC3, 0xC6, 0x01, 0x02 };
static const uint8_t bitmap_2880[] = { 0x00, 0x00, 0x61, 0xFC, 0x3E, 0x48, 0x24, 0x48, 0x25, 0xF8, 0x3E, 0x00, 0x11, 0xFE, 0x1E, 0x04, 0x13, 0xE4, 0x3E, 0x44, 0x53, 0xC4, 0x9E, 0x44, 0x12, 0xE8, 0x07, 0x28, 0x78, 0x30, 0x00, 0x10 };
static const uint8_t bitmap_2881[] = { 0x30, 0x40, 0x10, 0x40, 0x10, 0x5C, 0xDE, 0xE8, 0x75, 0x50, 0x56, 0x30, 0x54, 0xC8, 0x5F, 0x24, 0x75, 0x3A, 0x50, 0xE0, 0x15, 0x38, 0x14, 0xE0, 0x1E, 0x3E, 0x33, 0xE0, 0xC2, 0x20, 0x00, 0x20 };
static const uint8_t bitmap_2882[] = { 0x30, 0x00, 0x11, 0xBC, 0x10, 0xC8, 0xDE, 0x88, 0x74, 0xB8, 0x54, 0xC8, 0x54, 0x80, 0x5D, 0x1C, 0x74, 0xE0, 0x50, 0x20, 0x16, 0x3E, 0x15, 0xE0, 0x1E, 0x50, 0x32, 0x88, 0xC1, 0x04, 0x06, 0x02 };
static const uint8_t bitmap_2883[] = { 0x60, 0x06, 0x25, 0x88, 0x26, 0x98, 0xB9, 0x68, 0xE9, 0x08, 0xAA, 0x6E, 0xAB, 0xA8, 0xBA, 0xA8, 0xEC, 0xA8, 0xA2, 0xA8, 0x2B, 0x28, 0x39, 0x2E, 0x25, 0x30, 0xC6, 0x80, 0x04, 0x60, 0x08, 0x1E };
static const uint8_t bitmap_2884[] = { 0x60, 0x06, 0x25, 0x88, 0x26, 0x98, 0xB9, 0x68, 0xE9, 0x08, 0xAA, 0x08, 0xAB, 0xCE, 0xBA, 0xB8, 0xEC, 0x88, 0xA2, 0x88, 0x2B, 0x08, 0x39, 0x4E, 0x25, 0x30, 0xC6, 0x80, 0x04, 0x60, 0x08, 0x1E };
static const uint8_t bitmap_2885[] = { 0x31, 0x10, 0x10, 0x90, 0x10, 0xA0, 0xDF, 0x3C, 0x75, 0xC8, 0x55, 0x08, 0x55, 0x08, 0x5D, 0x38, 0x75, 0xE8, 0x50, 0xA0, 0x14, 0xA0, 0x14, 0xA0, 0x1D, 0x24, 0x33, 0x24, 0xC2, 0x24, 0x04, 0x1E };
static const uint8_t bitmap_2886[] = { 0x30, 0x00, 0x11, 0x9E, 0x10, 0xE4, 0xDE, 0x84, 0x74, 0x9C, 0x54, 0xE4, 0x54, 0xA0, 0x5F, 0x3E, 0x75, 0xE2, 0x51, 0x32, 0x15, 0x4A, 0x15, 0x46, 0x1D, 0x82, 0x33, 0x0A, 0xC1, 0x06, 0x01, 0x04 };
static const uint8_t bitmap_2887[] = { 0x63, 0x00, 0x21, 0x00, 0x21, 0x36, 0xBB, 0xDA, 0xEA, 0x92, 0xAC, 0x92, 0xA8, 0xF2, 0xBB, 0x92, 0xE8, 0x92, 0xA0, 0x92, 0x29, 0x52, 0x2D, 0x52, 0x36, 0x36, 0xC2, 0x1A, 0x04, 0x10, 0x08, 0x00 };
static const uint8_t bitmap_2888[] = { 0x03, 0x00, 0x41, 0xFE, 0x7F, 0x44, 0x55, 0x48, 0x94, 0x94, 0x63, 0x92, 0x05, 0x7A, 0x19, 0x00, 0xF1, 0xF8, 0x1F, 0x10, 0x11, 0xF0, 0x1F, 0x10, 0x11, 0x08, 0x01, 0x7C, 0x07, 0x82, 0xF8, 0x02 };
static const uint8_t bitmap_2889[] = { 0x61, 0xB0, 0x20, 0x90, 0x22, 0xBC, 0xB9, 0xD0, 0xE8, 0x90, 0xAC, 0xBE, 0xAB, 0xC0, 0xB8, 0x00, 0xE3, 0x3C, 0xA1, 0xC8, 0x29, 0x38, 0x39, 0xC8, 0x25, 0x08, 0xC5, 0x38, 0x01, 0xC8, 0x01, 0x08 };
static const uint8_t bitmap_2890[] = { 0x30, 0x60, 0x12, 0x3E, 0x11, 0xE0, 0xDD, 0x3C, 0x74, 0xE0, 0x56, 0x3E, 0x55, 0xC0, 0x5D, 0x3C, 0x75, 0xC4, 0x51, 0x3C, 0x15, 0xC4, 0x15, 0x3C, 0x1D, 0xC4, 0x33, 0x14, 0xC1, 0x0C, 0x01, 0x08 };
static const uint8_t bitmap_2891[] = { 0x60, 0x00, 0x23, 0x78, 0x21, 0x90, 0xBD, 0x10, 0xE9, 0x70, 0xA9, 0xC0, 0xAE, 0x7C, 0xBB, 0xC8, 0xEA, 0x78, 0xA3, 0xC8, 0x2A, 0x48, 0x2A, 0x78, 0x3B, 0xC8, 0x24, 0x44, 0xC4, 0x44, 0x00, 0x3E };
static const uint8_t bitmap_2892[] = { 0x61, 0x08, 0x20, 0x88, 0x20, 0x90, 0xBB, 0x3E, 0xE9, 0xE4, 0xA9, 0x24, 0xA9, 0x3C, 0xB9, 0xE4, 0xE1, 0x24, 0xA9, 0x3C, 0x29, 0xE0, 0x2C, 0x3E, 0x37, 0xE0, 0xE4, 0x20, 0x00, 0x20, 0x00, 0x20 };
static const uint8_t bitmap_2893[] = { 0x60, 0x6C, 0x20, 0x84, 0x27, 0xA4, 0xB8, 0x94, 0xEC, 0xF4, 0xAB, 0x84, 0xA8, 0xD4, 0xB9, 0xD4, 0xEA, 0xA6, 0xA2, 0x8C, 0x24, 0xB4, 0x28, 0xC4, 0x38, 0x84, 0x24, 0x84, 0xC4, 0x84, 0x00, 0x84 };
static const uint8_t bitmap_2894[] = { 0x30, 0x00, 0x13, 0x3C, 0x11, 0xC8, 0xDD, 0x38, 0x75, 0xC8, 0x55, 0x38, 0x55, 0xC8, 0x5C, 0x80, 0x74, 0xBE, 0x51, 0xC2, 0x15, 0x42, 0x16, 0x62, 0x1C, 0x92, 0x32, 0xF4, 0xC3, 0x8C, 0x00, 0x08 };
static const uint8_t bitmap_2895[] = { 0x30, 0x20, 0x10, 0x60, 0x11, 0x9C, 0xDE, 0xE8, 0x74, 0x98, 0x54, 0xE8, 0x54, 0x98, 0x5C, 0xE0, 0x76, 0x1E, 0x51, 0xE0, 0x11, 0x3C, 0x14, 0xE0, 0x1C, 0x20, 0x32, 0x3E, 0xC3, 0xC0, 0x00, 0x00 };
static const uint8_t bitmap_2896[] = { 0x30, 0x60, 0x10, 0x20, 0x13, 0x3E, 0xDD, 0xE4, 0x75, 0x04, 0x55, 0x1C, 0x55, 0xE0, 0x5D, 0x1E, 0x75, 0xEA, 0x51, 0xAA, 0x15, 0xBE, 0x1E, 0xEA, 0x32, 0xAA, 0xC4, 0xAA, 0x08, 0xAE, 0x00, 0x84 };
static const uint8_t bitmap_2897[] = { 0x30, 0x00, 0x12, 0x3E, 0x11, 0xC0, 0xDE, 0xBC, 0x74, 0xC8, 0x54, 0xB8, 0x54, 0xC0, 0x5F, 0x3E, 0x75, 0xE4, 0x51, 0x24, 0x15, 0x3C, 0x15, 0xE4, 0x1D, 0x24, 0x33, 0x3C, 0xC1, 0xC4, 0x01, 0x04 };
static const uint8_t bitmap_2898[] = { 0x63, 0x00, 0x21, 0x36, 0x21, 0x1A, 0xB9, 0xD2, 0xEF, 0x16, 0xA9, 0x1A, 0xA9, 0x12, 0xBD, 0xD2, 0xEB, 0x56, 0xA2, 0x5A, 0x2A, 0x52, 0x2A, 0xD2, 0x3B, 0x52, 0x24, 0x2A, 0xC4, 0x26, 0x00, 0xC4 };
static const uint8_t bitmap_2899[] = { 0x03, 0x48, 0x61, 0x48, 0x29, 0x5E, 0x27, 0xE8, 0xBD, 0x58, 0xE9, 0x60, 0xA9, 0x1C, 0xB9, 0xE0, 0xE9, 0x20, 0xA4, 0x3E, 0x2B, 0xE0, 0x28, 0xB0, 0x3C, 0xA8, 0x25, 0x24, 0xC6, 0x22, 0x00, 0x20 };
static const uint8_t bitmap_2900[] = { 0x60, 0xC0, 0x20, 0x40, 0x22, 0x7C, 0xB9, 0x90, 0xE8, 0x90, 0xAA, 0xBE, 0xAB, 0xC4, 0xBA, 0x48, 0xEC, 0x7E, 0xA3, 0x80, 0x28, 0xBC, 0x28, 0xC8, 0x39, 0x08, 0x25, 0x50, 0xC2, 0x30, 0x0C, 0x20 };
static const uint8_t bitmap_2901[] = { 0x00, 0x30, 0x8F, 0x10, 0x70, 0x10, 0x4E, 0xDE, 0x72, 0x74, 0x4E, 0x54, 0x72, 0x54, 0x8F, 0x5C, 0xF9, 0x74, 0xA5, 0x50, 0xA9, 0x10, 0x9F, 0x14, 0xF1, 0x1C, 0x95, 0x34, 0x93, 0xC2, 0x92, 0x02 };
static const uint8_t bitmap_2902[] = { 0x30, 0x00, 0x13, 0x3E, 0x11, 0xE4, 0xDF, 0x3C, 0x75, 0xE4, 0x55, 0x3C, 0x55, 0xE8, 0x5C, 0x90, 0x75, 0xE4, 0x50, 0x5C, 0x13, 0xE2, 0x15, 0x2A, 0x1D, 0x24, 0x32, 0xA2, 0xC4, 0x62, 0x00, 0x40 };
static const uint8_t bitmap_2903[] = { 0x30, 0x60, 0x10, 0x20, 0x12, 0x3C, 0xDD, 0xE0, 0x76, 0x22, 0x55, 0x54, 0x54, 0xF0, 0x5D, 0x2C, 0x76, 0x5A, 0x50, 0xE0, 0x12, 0x3E, 0x15, 0xE0, 0x1C, 0x20, 0x32, 0x20, 0xC2, 0x20, 0x00, 0x20 };
static const uint8_t bitmap_2904[] = { 0x30, 0x90, 0x12, 0xBE, 0x13, 0xD0, 0xDC, 0x80, 0x75, 0x3C, 0x55, 0xC8, 0x55, 0x38, 0x5D, 0xC8, 0x75, 0x38, 0x51, 0xC0, 0x14, 0x5E, 0x17, 0xE0, 0x1C, 0x50, 0x34, 0x88, 0xC1, 0x04, 0x06, 0x02 };
static const uint8_t bitmap_2905[] = { 0x30, 0x1C, 0x10, 0x24, 0x11, 0xE4, 0xDC, 0xA8, 0x76, 0xBE, 0x55, 0xF0, 0x54, 0x68, 0x5C, 0xA4, 0x75, 0x22, 0x52, 0x22, 0x14, 0x20, 0x1D, 0x54, 0x15, 0x52, 0x31, 0x42, 0xC1, 0x28, 0x06, 0x1C };
static const uint8_t bitmap_2906[] = { 0x20, 0x00, 0x2C, 0x9C, 0x38, 0xE4, 0x4E, 0x2C, 0xF2, 0x50, 0x5E, 0x9C, 0x72, 0xF0, 0x5F, 0x1E, 0x72, 0xF0, 0x57, 0x10, 0xA1, 0xF8, 0xBF, 0x08, 0x21, 0xF8, 0x3F, 0x04, 0x01, 0xFE, 0x7E, 0x02 };
static const uint8_t bitmap_2907[] = { 0x30, 0x00, 0x11, 0x1C, 0x10, 0xE0, 0xDD, 0x3E, 0x75, 0xE4, 0x56, 0x28, 0x54, 0xA8, 0x5E, 0xA0, 0x71, 0x1E, 0x52, 0xE0, 0x14, 0x5E, 0x15, 0xF2, 0x1D, 0x52, 0x33, 0x5A, 0xC1, 0x56, 0x01, 0x04 };
static const uint8_t bitmap_2908[] = { 0x03, 0x00, 0x41, 0xFC, 0x3F, 0x00, 0x22, 0xF8, 0x1F, 0x00, 0x85, 0xFE, 0x7E, 0x30, 0x19, 0xE8, 0x2E, 0x24, 0xC9, 0xE2, 0x5C, 0x9C, 0x74, 0xF4, 0x5C, 0x9C, 0x72, 0xF2, 0x1E, 0x1E, 0xE2, 0xE2 };
static const uint8_t bitmap_2909[] = { 0x01, 0x00, 0x01, 0x00, 0x02, 0x00, 0x02, 0x00, 0x64, 0xFC, 0x3F, 0x48, 0x24, 0x48, 0x24, 0x48, 0x24, 0x48, 0x24, 0x48, 0x24, 0x48, 0x24, 0x48, 0x24, 0x48, 0xA5, 0xFE, 0x7E, 0x00, 0x00, 0x00 };
static const uint8_t bitmap_2910[] = { 0x08, 0x30, 0x08, 0x14, 0x10, 0x94, 0xD7, 0x58, 0x7D, 0x50, 0x55, 0x9C, 0x55, 0x70, 0x55, 0x10, 0x55, 0x9E, 0x55, 0x70, 0x55, 0x90, 0x56, 0x10, 0x58, 0x10, 0xE0, 0x10, 0x00, 0x10, 0x00, 0x10 };
static const uint8_t bitmap_2911[] = { 0x10, 0x00, 0x12, 0x3C, 0x21, 0xC0, 0x48, 0x00, 0x88, 0x00, 0x14, 0x3E, 0x13, 0xD0, 0x30, 0x10, 0x50, 0x10, 0x90, 0x10, 0x10, 0x10, 0x10, 0x10, 0x10, 0x10, 0x10, 0x50, 0x10, 0x30, 0x10, 0x20 };
static const uint8_t bitmap_2912[] = { 0x14, 0x00, 0x12, 0x4C, 0x21, 0x30, 0x48, 0x00, 0x88, 0x00, 0x14, 0x9E, 0x12, 0xE8, 0x21, 0x08, 0x61, 0x08, 0xA1, 0x08, 0x22, 0x08, 0x22, 0x08, 0x2C, 0x08, 0x22, 0x28, 0x22, 0x18, 0x22, 0x10 };
static const uint8_t bitmap_2913[] = { 0x11, 0x00, 0x11, 0x24, 0x22, 0xD8, 0x43, 0x00, 0x92, 0x00, 0x14, 0xC6, 0x2B, 0x38, 0x21, 0x08, 0x69, 0xC8, 0xA7, 0x08, 0x21, 0x08, 0x21, 0x28, 0x21, 0x48, 0x21, 0xA8, 0x23, 0x18, 0x20, 0x10 };
static const uint8_t bitmap_2914[] = { 0x13, 0x00, 0x11, 0x2C, 0x25, 0xD0, 0x2B, 0x00, 0x49, 0x00, 0x99, 0xCE, 0x17, 0x38, 0x21, 0x08, 0x61, 0x08, 0xA9, 0xC8, 0x27, 0x08, 0x21, 0x28, 0x21, 0xC8, 0x23, 0x28, 0x2C, 0x18, 0x20, 0x10 };
static const uint8_t bitmap_2915[] = { 0x10, 0x00, 0x14, 0xCC, 0x23, 0x30, 0x41, 0x00, 0x99, 0xC0, 0x16, 0xAE, 0x22, 0xB8, 0x6B, 0xC8, 0xA6, 0x08, 0x20, 0x08, 0x25, 0xC8, 0x26, 0x48, 0x25, 0xC8, 0x26, 0x68, 0x24, 0x18, 0x20, 0x10 };
static const uint8_t bitmap_2916[] = { 0x22, 0x00, 0x23, 0xEC, 0x45, 0x30, 0x5D, 0xC0, 0x97, 0x40, 0x15, 0xEE, 0x27, 0x58, 0x25, 0x48, 0x65, 0xC8, 0xA7, 0x08, 0x31, 0xE8, 0x2F, 0x08, 0x22, 0x88, 0x24, 0x68, 0x28, 0x58, 0x20, 0x10 };
static const uint8_t bitmap_2917[] = { 0x03, 0x00, 0x01, 0x00, 0x01, 0x00, 0x81, 0xFE, 0x7F, 0x00, 0x02, 0x08, 0x05, 0x08, 0x08, 0x90, 0x18, 0x60, 0x28, 0x20, 0xC8, 0x10, 0x08, 0x88, 0x09, 0x08, 0x0A, 0x04, 0x0C, 0x02, 0x70, 0x02 };
static const uint8_t bitmap_2918[] = { 0x30, 0xC0, 0x10, 0x40, 0x10, 0x40, 0x9C, 0x40, 0x64, 0x40, 0x08, 0x70, 0x0A, 0x48, 0x14, 0x44, 0x38, 0x42, 0x54, 0x42, 0x92, 0x40, 0x10, 0x40, 0x10, 0x40, 0x10, 0x40, 0x10, 0x40, 0x10, 0x40 };
static const uint8_t bitmap_2919[] = { 0x03, 0x00, 0x01, 0x00, 0x41, 0xFC, 0x3F, 0x00, 0x21, 0xF8, 0x1F, 0x00, 0x01, 0x00, 0x81, 0xFE, 0x7F, 0x08, 0x04, 0x88, 0x08, 0x50, 0x38, 0x20, 0xC8, 0xD0, 0x0B, 0x08, 0x0C, 0x04, 0x70, 0x02 };
static const uint8_t bitmap_2920[] = { 0x30, 0x08, 0x10, 0x08, 0x10, 0x10, 0x9C, 0x20, 0x64, 0x44, 0x08, 0x84, 0x0A, 0x08, 0x14, 0x10, 0x38, 0x20, 0x54, 0x42, 0x92, 0x82, 0x10, 0x04, 0x10, 0x08, 0x10, 0x10, 0x10, 0x60, 0x11, 0x80 };
static const uint8_t bitmap_2921[] = { 0x30, 0x18, 0x10, 0x08, 0x10, 0x08, 0x9E, 0x1E, 0x65, 0xE8, 0x08, 0x08, 0x0A, 0x88, 0x14, 0x48, 0x38, 0x48, 0x54, 0x48, 0x92, 0x08, 0x10, 0x08, 0x10, 0x08, 0x10, 0x28, 0x10, 0x18, 0x10, 0x10 };
static const uint8_t bitmap_2922[] = { 0x03, 0x00, 0x01, 0x00, 0x81, 0xFE, 0x7E, 0x00, 0x11, 0xF0, 0x0E, 0x20, 0x89, 0xFE, 0x7E, 0x20, 0x09, 0xE0, 0x0F, 0x08, 0x04, 0xC8, 0x0C, 0x30, 0x34, 0x10, 0xC5, 0x88, 0x06, 0x04, 0x38, 0x02 };
static const uint8_t bitmap_2923[] = { 0x03, 0x00, 0x01, 0x00, 0x81, 0xFE, 0x7F, 0x00, 0x11, 0xF8, 0x1F, 0x10, 0x11, 0x10, 0x11, 0xF0, 0x1F, 0x14, 0x12, 0x84, 0x04, 0x48, 0x0C, 0x30, 0x34, 0x10, 0xC5, 0x88, 0x06, 0x04, 0x38, 0x02 };
static const uint8_t bitmap_2924[] = { 0x03, 0x00, 0x21, 0xF8, 0x1F, 0x00, 0x01, 0x00, 0x81, 0xFE, 0x7E, 0x00, 0x11, 0xF8, 0x1E, 0x10, 0x10, 0x10, 0x11, 0xF0, 0x1E, 0x88, 0x04, 0x50, 0x1C, 0x20, 0xE4, 0xD8, 0x07, 0x04, 0x1C, 0x02 };
static const uint8_t bitmap_2925[] = { 0x30, 0x0C, 0x10, 0x10, 0x10, 0x60, 0x9D, 0xA0, 0x64, 0x20, 0x08, 0x20, 0x0A, 0x3E, 0x15, 0xE0, 0x38, 0x20, 0x54, 0x50, 0x94, 0x48, 0x10, 0x48, 0x10, 0x84, 0x10, 0x84, 0x11, 0x02, 0x16, 0x02 };
static const uint8_t bitmap_2926[] = { 0x0B, 0x30, 0x09, 0x08, 0x10, 0xBE, 0x3F, 0xC0, 0x50, 0x44, 0x90, 0x34, 0x13, 0x0E, 0x11, 0x00, 0x81, 0xFE, 0x7F, 0x08, 0x04, 0x88, 0x08, 0x50, 0x38, 0x30, 0xC9, 0x88, 0x0E, 0x04, 0x70, 0x02 };
static const uint8_t bitmap_2927[] = { 0x30, 0x80, 0x10, 0x80, 0x10, 0x9E, 0x9D, 0xE4, 0x65, 0x04, 0x0B, 0x34, 0x09, 0xD4, 0x17, 0x14, 0x39, 0x14, 0x55, 0x74, 0x95, 0x98, 0x11, 0x08, 0x11, 0x00, 0x11, 0x04, 0x10, 0x84, 0x10, 0x7E };
static const uint8_t bitmap_2928[] = { 0x30, 0x60, 0x10, 0x20, 0x10, 0x20, 0x9F, 0x3E, 0x65, 0xE4, 0x09, 0x24, 0x0B, 0x24, 0x15, 0x24, 0x39, 0x3C, 0x55, 0xE4, 0x93, 0x24, 0x11, 0x24, 0x11, 0x24, 0x11, 0x3C, 0x11, 0xC4, 0x11, 0x04 };
static const uint8_t bitmap_2929[] = { 0x30, 0x60, 0x10, 0x20, 0x10, 0x20, 0x9E, 0x3E, 0x65, 0xE0, 0x08, 0x20, 0x0A, 0x20, 0x15, 0x3C, 0x38, 0xE0, 0x54, 0x30, 0x92, 0x68, 0x10, 0xA4, 0x10, 0xA4, 0x11, 0x22, 0x12, 0x22, 0x10, 0x20 };
static const uint8_t bitmap_2930[] = { 0x30, 0x60, 0x10, 0x20, 0x13, 0x3E, 0x9D, 0xE4, 0x65, 0x28, 0x09, 0x20, 0x0B, 0x3C, 0x15, 0xE8, 0x39, 0x48, 0x55, 0x28, 0x95, 0x10, 0x12, 0x10, 0x12, 0x28, 0x14, 0x44, 0x19, 0x84, 0x16, 0x02 };
static const uint8_t bitmap_2931[] = { 0x06, 0x60, 0x02, 0x10, 0x83, 0xFE, 0x7D, 0x10, 0x05, 0x20, 0x09, 0xC4, 0x37, 0x04, 0xC0, 0xFE, 0x03, 0x00, 0x81, 0xFE, 0x7F, 0x08, 0x04, 0xC8, 0x38, 0x30, 0xC9, 0x88, 0x0E, 0x04, 0x38, 0x02 };
static const uint8_t bitmap_2932[] = { 0x30, 0xB0, 0x10, 0x94, 0x10, 0x92, 0x9D, 0x12, 0x69, 0x10, 0x0B, 0x9E, 0x15, 0x70, 0x15, 0x10, 0x39, 0x28, 0x55, 0x28, 0x95, 0x24, 0x11, 0x24, 0x11, 0x44, 0x11, 0x42, 0x11, 0x82, 0x11, 0x02 };
static const uint8_t bitmap_2933[] = { 0x18, 0xD0, 0x08, 0x48, 0x4E, 0x44, 0x38, 0x44, 0x88, 0xFE, 0x7F, 0x40, 0x08, 0x40, 0x8F, 0x48, 0x79, 0x48, 0x12, 0x28, 0x2C, 0x28, 0xE2, 0x10, 0x25, 0x32, 0x29, 0x4A, 0x30, 0x8C, 0xC3, 0x06 };
static const uint8_t bitmap_2934[] = { 0x00, 0x0C, 0x87, 0x64, 0x78, 0x24, 0x27, 0x24, 0x3A, 0x24, 0x62, 0x24, 0x94, 0x14, 0x0B, 0x0C, 0x31, 0x08, 0xC1, 0xFE, 0x7F, 0x08, 0x04, 0xC8, 0x38, 0x30, 0xC9, 0x88, 0x0E, 0x04, 0x38, 0x02 };
static const uint8_t bitmap_2935[] = { 0x30, 0xC0, 0x90, 0x40, 0x58, 0x7E, 0x57, 0xC0, 0x10, 0x40, 0x34, 0x7C, 0xD3, 0x80, 0x11, 0x00, 0x81, 0xFE, 0x7F, 0x08, 0x02, 0x88, 0x0C, 0x50, 0x34, 0x30, 0xC4, 0xC8, 0x07, 0x04, 0x38, 0x02 };
static const uint8_t bitmap_2936[] = { 0x30, 0x90, 0x10, 0x88, 0x10, 0x84, 0x9D, 0x22, 0x65, 0x22, 0x0A, 0x50, 0x0A, 0x48, 0x14, 0x84, 0x39, 0x3A, 0x57, 0xCA, 0x95, 0x08, 0x11, 0x08, 0x11, 0x08, 0x11, 0x38, 0x11, 0xC8, 0x11, 0x08 };
static const uint8_t bitmap_2937[] = { 0x30, 0x00, 0x12, 0x3C, 0x11, 0xC8, 0x9E, 0x7E, 0x65, 0xC8, 0x08, 0x48, 0x0A, 0x78, 0x15, 0xC8, 0x38, 0x80, 0x54, 0xBC, 0x95, 0xC8, 0x13, 0x08, 0x15, 0x08, 0x11, 0x38, 0x11, 0xC8, 0x11, 0x08 };
static const uint8_t bitmap_2938[] = { 0x30, 0x60, 0x10, 0x20, 0x12, 0x3E, 0x9F, 0xE0, 0x6A, 0x20, 0x0B, 0x3E, 0x12, 0xE0, 0x16, 0x50, 0x3A, 0x5C, 0x56, 0xF0, 0x92, 0x90, 0x13, 0x1E, 0x14, 0xF0, 0x14, 0x10, 0x18, 0x10, 0x10, 0x10 };
static const uint8_t bitmap_2939[] = { 0x13, 0x10, 0x09, 0x20, 0x49, 0xFE, 0x7F, 0x04, 0x48, 0xF8, 0x8F, 0x20, 0x08, 0xE0, 0x0F, 0x00, 0x81, 0xFE, 0x7F, 0x04, 0x02, 0x88, 0x0C, 0x68, 0x38, 0x90, 0xCB, 0x08, 0x0C, 0x04, 0x30, 0x02 };
static const uint8_t bitmap_2940[] = { 0x30, 0x00, 0x13, 0x3E, 0x11, 0xE4, 0x9D, 0x3C, 0x65, 0xE4, 0x09, 0x24, 0x0B, 0x3C, 0x15, 0xE4, 0x39, 0x20, 0x54, 0x3E, 0x97, 0xE0, 0x10, 0x70, 0x10, 0xA8, 0x11, 0x24, 0x16, 0x22, 0x10, 0x20 };
static const uint8_t bitmap_2941[] = { 0x03, 0x00, 0x41, 0xFC, 0x3E, 0x00, 0x01, 0xF0, 0x1F, 0x10, 0x11, 0xF0, 0x1F, 0x10, 0x11, 0xF0, 0x1F, 0x00, 0x81, 0xFE, 0x7F, 0x10, 0x1A, 0xCC, 0x64, 0x32, 0x18, 0x88, 0xEB, 0x04, 0x1C, 0x02 };
static const uint8_t bitmap_2942[] = { 0x33, 0x30, 0x11, 0x10, 0x11, 0xF0, 0x9F, 0x10, 0x69, 0x18, 0x09, 0xD4, 0x16, 0x12, 0x15, 0x12, 0x39, 0x10, 0x55, 0xF0, 0x97, 0x10, 0x11, 0x10, 0x11, 0xD0, 0x13, 0x10, 0x1C, 0x10, 0x10, 0x10 };
static const uint8_t bitmap_2943[] = { 0x30, 0x00, 0x13, 0x3C, 0x11, 0xC8, 0x9D, 0x38, 0x65, 0xC8, 0x09, 0x38, 0x09, 0xC0, 0x14, 0xBE, 0x38, 0xE2, 0x55, 0x22, 0x93, 0x52, 0x15, 0x4A, 0x11, 0xB4, 0x11, 0xD4, 0x11, 0x08, 0x10, 0x08 };
static const uint8_t bitmap_2944[] = { 0x03, 0x00, 0x81, 0xFE, 0x7F, 0x00, 0x12, 0x78, 0x13, 0x90, 0x22, 0x70, 0x63, 0xC0, 0xA8, 0x7E, 0x27, 0xD0, 0x26, 0x4C, 0x19, 0x4A, 0x06, 0x90, 0x38, 0x60, 0xC9, 0x98, 0x0E, 0x04, 0x38, 0x02 };
static const uint8_t bitmap_2945[] = { 0x30, 0x00, 0x13, 0x1E, 0x11, 0xE0, 0x9D, 0x9C, 0x65, 0x60, 0x09, 0x9E, 0x0B, 0x62, 0x15, 0x54, 0x39, 0x6C, 0x55, 0xCA, 0x95, 0x1E, 0x13, 0x68, 0x12, 0x88, 0x14, 0x68, 0x18, 0x18, 0x10, 0x10 };
static const uint8_t bitmap_2946[] = { 0x30, 0x00, 0x14, 0x5E, 0x12, 0x64, 0x9D, 0x5C, 0x69, 0x64, 0x08, 0x44, 0x15, 0x5C, 0x13, 0x62, 0x39, 0x52, 0x56, 0x4C, 0x95, 0x48, 0x11, 0x54, 0x12, 0x62, 0x17, 0x82, 0x10, 0xC0, 0x10, 0x3E };
static const uint8_t bitmap_2947[] = { 0x31, 0x98, 0x10, 0x88, 0x14, 0xCE, 0x9F, 0xB8, 0x65, 0xDC, 0x0A, 0xAA, 0x0A, 0xCA, 0x14, 0x80, 0x39, 0x3C, 0x54, 0xC0, 0x96, 0x3E, 0x11, 0xE8, 0x10, 0xA4, 0x11, 0x22, 0x16, 0x62, 0x10, 0x40 };
static const uint8_t bitmap_2948[] = { 0x00, 0x00, 0x80, 0xFE, 0x7F, 0x40, 0x02, 0x40, 0x02, 0x40, 0x62, 0xFE, 0x3F, 0x44, 0x22, 0x44, 0x24, 0x44, 0x24, 0x3C, 0x28, 0x04, 0x30, 0x04, 0x20, 0x04, 0x20, 0xFC, 0x3F, 0x04, 0x20, 0x04 };
static const uint8_t bitmap_2949[] = { 0x00, 0x00, 0x81, 0xFE, 0x7E, 0x40, 0x04, 0x40, 0x65, 0xFC, 0x3E, 0x48, 0x24, 0x48, 0x25, 0xF8, 0x3E, 0x00, 0x83, 0xFE, 0x7E, 0x20, 0x04, 0x20, 0x0E, 0x40, 0x01, 0xE0, 0x06, 0x18, 0xF8, 0x04 };
static const uint8_t bitmap_2950[] = { 0x00, 0x00, 0x81, 0xFE, 0x7E, 0x40, 0x25, 0xFC, 0x3E, 0x48, 0x25, 0xF8, 0x3E, 0x80, 0x29, 0x7C, 0x4B, 0x88, 0x95, 0x78, 0x29, 0x88, 0x61, 0x78, 0xA3, 0xA0, 0x2D, 0x30, 0x20, 0xCC, 0x2F, 0x02 };
static const uint8_t bitmap_2951[] = { 0x00, 0x00, 0x19, 0xF0, 0x0E, 0x20, 0x08, 0x20, 0x0B, 0x20, 0x09, 0x20, 0x09, 0x20, 0x09, 0x20, 0x09, 0x20, 0x09, 0xA0, 0x02, 0x80, 0x02, 0x80, 0x04, 0x84, 0x08, 0x84, 0x30, 0x84, 0xC0, 0x7E };
static const uint8_t bitmap_2952[] = { 0x00, 0x00, 0x03, 0x3C, 0x8D, 0xC8, 0x75, 0x08, 0x05, 0x48, 0x45, 0x48, 0x29, 0x48, 0x19, 0x48, 0x09, 0x48, 0x15, 0x48, 0x15, 0x68, 0x22, 0xA0, 0x22, 0xA4, 0x41, 0x24, 0x82, 0x24, 0x0C, 0x1E };
static const uint8_t bitmap_2953[] = { 0x30, 0x00, 0x13, 0x3C, 0x11, 0xC8, 0x9D, 0x08, 0x71, 0x48, 0x11, 0x48, 0x9F, 0x48, 0x71, 0x48, 0x11, 0x48, 0x11, 0x48, 0x29, 0x68, 0x24, 0xA0, 0x44, 0xA4, 0x41, 0x24, 0x82, 0x24, 0x0C, 0x1E };
static const uint8_t bitmap_2954[] = { 0x00, 0x38, 0x01, 0xD0, 0x3E, 0x10, 0x12, 0x20, 0x09, 0x40, 0x09, 0xF8, 0x3E, 0x10, 0x10, 0x10, 0x13, 0x10, 0x11, 0x10, 0x11, 0x10, 0x11, 0x90, 0x02, 0x84, 0x04, 0x84, 0x18, 0x84, 0xE0, 0x7E };
static const uint8_t bitmap_2955[] = { 0x30, 0x00, 0x13, 0x3C, 0x11, 0xC8, 0x9D, 0x08, 0x65, 0x48, 0x09, 0x48, 0x09, 0x48, 0x11, 0x48, 0x3D, 0x48, 0x53, 0x48, 0x91, 0x68, 0x10, 0xA0, 0x10, 0xA4, 0x11, 0x24, 0x12, 0x24, 0x1C, 0x1E };
static const uint8_t bitmap_2956[] = { 0x0C, 0x40, 0x64, 0x40, 0x24, 0x5E, 0x24, 0xE0, 0x24, 0x90, 0x25, 0x08, 0x25, 0xE8, 0x0E, 0x20, 0x09, 0x20, 0x09, 0x20, 0x09, 0x20, 0x09, 0x20, 0x09, 0xA4, 0x02, 0x84, 0x0C, 0x84, 0xF0, 0x7E };
static const uint8_t bitmap_2957[] = { 0x02, 0x10, 0x11, 0x10, 0x09, 0x20, 0x49, 0xFE, 0x7E, 0x04, 0x49, 0xF8, 0x8E, 0x20, 0x09, 0x20, 0x09, 0x20, 0x09, 0x20, 0x09, 0x20, 0x09, 0xA0, 0x02, 0x84, 0x04, 0x84, 0x18, 0x84, 0xE0, 0x7E };
static const uint8_t bitmap_2958[] = { 0x04, 0x00, 0x04, 0xE0, 0x07, 0x40, 0x08, 0x80, 0x18, 0xFC, 0x2F, 0x88, 0x48, 0xF8, 0x0F, 0x88, 0x08, 0x88, 0x08, 0xF8, 0x0F, 0x88, 0x08, 0x88, 0x10, 0x88, 0x10, 0xA8, 0x20, 0x18, 0x40, 0x10 };
static const uint8_t bitmap_2959[] = { 0x20, 0x00, 0x2D, 0x1E, 0x38, 0xE4, 0x48, 0x24, 0x5F, 0x48, 0xF2, 0x68, 0x52, 0x90, 0x5F, 0x50, 0x72, 0x5C, 0x52, 0x70, 0x5E, 0x90, 0x73, 0x1E, 0x52, 0xF0, 0x5A, 0x10, 0x96, 0x10, 0x84, 0x10 };
static const uint8_t bitmap_2960[] = { 0x10, 0x30, 0x1E, 0x10, 0x14, 0x10, 0x28, 0xDE, 0x6F, 0x74, 0xB9, 0x54, 0x29, 0x54, 0x2F, 0x5C, 0x39, 0x74, 0x29, 0x50, 0x2F, 0x10, 0x39, 0x14, 0x29, 0x1C, 0x4D, 0x34, 0x4B, 0xC2, 0x82, 0x02 };
static const uint8_t bitmap_2961[] = { 0x03, 0x00, 0x01, 0x00, 0x81, 0xFE, 0x7E, 0x00, 0x00, 0x00, 0x11, 0xF0, 0x0E, 0x00, 0x11, 0xF0, 0x0E, 0x00, 0x00, 0x00, 0x31, 0xF8, 0x1E, 0x10, 0x10, 0x10, 0x11, 0xF0, 0x1E, 0x10, 0x10, 0x10 };
static const uint8_t bitmap_2962[] = { 0x12, 0x10, 0x09, 0x20, 0x89, 0xFE, 0x7E, 0x20, 0x09, 0x10, 0x11, 0xF8, 0x2F, 0x04, 0x48, 0xE2, 0x87, 0x00, 0x08, 0xE0, 0x07, 0x00, 0x18, 0xF0, 0x0F, 0x20, 0x08, 0xE0, 0x0F, 0x20, 0x08, 0x20 };
static const uint8_t bitmap_2963[] = { 0x13, 0x10, 0x09, 0x20, 0x49, 0xFC, 0x3F, 0x00, 0x84, 0xFE, 0x7F, 0x10, 0x11, 0xF8, 0x2E, 0x04, 0x48, 0xE2, 0x87, 0x00, 0x08, 0xE0, 0x07, 0x00, 0x18, 0xF0, 0x0F, 0x20, 0x08, 0xE0, 0x0F, 0x20 };
static const uint8_t bitmap_2964[] = { 0x30, 0x0C, 0x9D, 0xB0, 0x70, 0xC0, 0x16, 0x9E, 0x38, 0xE8, 0xD0, 0x88, 0x37, 0x08, 0x92, 0xFE, 0x7F, 0x00, 0x08, 0xF0, 0x07, 0x00, 0x18, 0xF0, 0x0F, 0x20, 0x08, 0xE0, 0x0F, 0x20, 0x08, 0x20 };
static const uint8_t bitmap_2965[] = { 0x28, 0x40, 0xAF, 0x5E, 0x78, 0xE8, 0x4F, 0x28, 0x7A, 0x18, 0xAB, 0x24, 0x3D, 0x42, 0x85, 0xFE, 0x7E, 0x00, 0x11, 0xF0, 0x0E, 0x00, 0x11, 0xF8, 0x1E, 0x10, 0x11, 0xF0, 0x1E, 0x10, 0x10, 0x10 };
static const uint8_t bitmap_2966[] = { 0x00, 0x60, 0x6E, 0x3C, 0x34, 0xC8, 0x2C, 0xBE, 0x31, 0xE0, 0x4F, 0x3C, 0x72, 0xE0, 0xAE, 0x20, 0x33, 0x20, 0x81, 0xFE, 0x7E, 0x00, 0x41, 0xFC, 0x3E, 0x10, 0x11, 0xF0, 0x1E, 0x10, 0x10, 0x10 };
static const uint8_t bitmap_2967[] = { 0x00, 0x60, 0x40, 0x20, 0x20, 0x20, 0x10, 0x20, 0x10, 0x20, 0x04, 0x3E, 0xBB, 0xE0, 0x50, 0x20, 0x10, 0x20, 0x10, 0x20, 0x10, 0x20, 0x10, 0x20, 0x14, 0x20, 0x18, 0x20, 0x30, 0x20, 0x00, 0x20 };
static const uint8_t bitmap_2968[] = { 0x00, 0x00, 0x44, 0x3E, 0x23, 0xE0, 0x10, 0x20, 0x10, 0x20, 0x00, 0x20, 0xB8, 0x20, 0x50, 0x20, 0x10, 0x20, 0x10, 0x20, 0x10, 0x20, 0x10, 0x20, 0x14, 0x20, 0x18, 0xA0, 0x30, 0x60, 0x00, 0x40 };
static const uint8_t bitmap_2969[] = { 0x00, 0x60, 0x20, 0x20, 0x10, 0x20, 0x08, 0x20, 0x08, 0x20, 0x00, 0x20, 0x9C, 0x20, 0x68, 0x20, 0x08, 0x50, 0x08, 0x48, 0x08, 0x48, 0x0A, 0x84, 0x0C, 0x84, 0x19, 0x02, 0x02, 0x02, 0x0C, 0x02 };
static const uint8_t bitmap_2970[] = { 0x00, 0x00, 0x43, 0x70, 0x21, 0xA0, 0x11, 0x20, 0x11, 0x20, 0x01, 0x20, 0xB9, 0x20, 0x51, 0x20, 0x11, 0x20, 0x11, 0x20, 0x11, 0x20, 0x15, 0x20, 0x1A, 0x24, 0x32, 0x24, 0x04, 0x14, 0x18, 0x0E };
static const uint8_t bitmap_2971[] = { 0x00, 0x30, 0x40, 0x10, 0x20, 0x10, 0x10, 0x10, 0x12, 0x3E, 0x01, 0xD0, 0xBA, 0x10, 0x51, 0x10, 0x10, 0x90, 0x10, 0x90, 0x10, 0x10, 0x10, 0x10, 0x14, 0x10, 0x18, 0x50, 0x30, 0x30, 0x00, 0x20 };
static const uint8_t bitmap_2972[] = { 0x00, 0xC0, 0x40, 0x40, 0x20, 0x40, 0x10, 0x40, 0x10, 0x40, 0x00, 0x4C, 0xB8, 0x70, 0x50, 0x40, 0x10, 0x40, 0x10, 0x40, 0x10, 0x40, 0x10, 0x40, 0x14, 0x40, 0x18, 0x7E, 0x37, 0xC0, 0x00, 0x00 };
static const uint8_t bitmap_2973[] = { 0x03, 0x0C, 0x41, 0x04, 0x21, 0x64, 0x11, 0x24, 0x11, 0x24, 0x01, 0x24, 0xB9, 0x24, 0x51, 0x24, 0x11, 0x24, 0x11, 0x24, 0x11, 0x24, 0x15, 0x24, 0x1A, 0x04, 0x32, 0x04, 0x04, 0x04, 0x08, 0x04 };
static const uint8_t bitmap_2974[] = { 0x00, 0x80, 0x40, 0x58, 0x24, 0x48, 0x12, 0x48, 0x11, 0x10, 0x00, 0x90, 0xB8, 0x90, 0x50, 0x50, 0x10, 0x20, 0x10, 0x20, 0x10, 0x50, 0x10, 0x48, 0x14, 0x88, 0x19, 0x04, 0x32, 0x02, 0x0C, 0x02 };
static const uint8_t bitmap_2975[] = { 0x00, 0x00, 0x44, 0x78, 0x23, 0x90, 0x10, 0x90, 0x10, 0x90, 0x00, 0x90, 0xB4, 0xF0, 0x53, 0x90, 0x10, 0x90, 0x10, 0x88, 0x10, 0x88, 0x10, 0x8A, 0x14, 0x8A, 0x18, 0x84, 0x30, 0x86, 0x00, 0x02 };
static const uint8_t bitmap_2976[] = { 0x00, 0x00, 0x42, 0x3C, 0x21, 0xC8, 0x10, 0x08, 0x10, 0x08, 0x00, 0x08, 0xBB, 0x38, 0x51, 0xC8, 0x11, 0x00, 0x11, 0x00, 0x11, 0x00, 0x11, 0x00, 0x15, 0x04, 0x19, 0x04, 0x30, 0x84, 0x00, 0x7E };
static const uint8_t bitmap_2977[] = { 0x01, 0x98, 0x40, 0x88, 0x20, 0x88, 0x14, 0xBE, 0x13, 0xC8, 0x00, 0x88, 0xB8, 0x88, 0x50, 0x88, 0x14, 0xBE, 0x13, 0xC8, 0x10, 0x88, 0x10, 0x88, 0x15, 0x08, 0x19, 0x08, 0x32, 0x08, 0x0C, 0x08 };
static const uint8_t bitmap_2978[] = { 0x00, 0xC0, 0x40, 0x40, 0x24, 0x7C, 0x13, 0xC0, 0x10, 0x40, 0x02, 0x78, 0xB9, 0xC0, 0x50, 0x40, 0x14, 0x7E, 0x13, 0xC4, 0x10, 0x44, 0x10, 0x54, 0x14, 0x4C, 0x18, 0x48, 0x30, 0x40, 0x00, 0x40 };
static const uint8_t bitmap_2979[] = { 0x00, 0x00, 0x42, 0x1E, 0x21, 0xE8, 0x10, 0x88, 0x10, 0x88, 0x01, 0x08, 0xB9, 0x3E, 0x53, 0xD8, 0x12, 0x28, 0x10, 0x28, 0x10, 0x48, 0x10, 0x48, 0x14, 0x88, 0x19, 0x28, 0x36, 0x18, 0x00, 0x10 };
static const uint8_t bitmap_2980[] = { 0x00, 0x80, 0x40, 0x80, 0x20, 0x9C, 0x11, 0xE0, 0x11, 0x20, 0x02, 0x20, 0xB8, 0x20, 0x54, 0x3E, 0x13, 0xE0, 0x10, 0x20, 0x10, 0x20, 0x10, 0x20, 0x14, 0x20, 0x18, 0x20, 0x30, 0x20, 0x00, 0x20 };
static const uint8_t bitmap_2981[] = { 0x00, 0xA0, 0x40, 0xA0, 0x20, 0xA0, 0x10, 0xA0, 0x11, 0x24, 0x01, 0x24, 0xB9, 0x28, 0x53, 0x30, 0x15, 0x60, 0x11, 0x20, 0x11, 0x20, 0x11, 0x20, 0x15, 0x24, 0x19, 0x24, 0x31, 0x24, 0x01, 0x1E };
static const uint8_t bitmap_2982[] = { 0x00, 0x40, 0x40, 0x60, 0x20, 0x50, 0x10, 0x88, 0x10, 0x84, 0x01, 0x04, 0xBB, 0x02, 0x55, 0x0A, 0x11, 0x30, 0x11, 0xC0, 0x11, 0x00, 0x11, 0x04, 0x15, 0x04, 0x18, 0x84, 0x30, 0x7E, 0x00, 0x00 };
static const uint8_t bitmap_2983[] = { 0x00, 0x10, 0x40, 0xB0, 0x20, 0x88, 0x10, 0x84, 0x10, 0x84, 0x01, 0x22, 0xB9, 0x22, 0x52, 0x20, 0x14, 0x20, 0x10, 0x50, 0x10, 0x48, 0x10, 0x48, 0x14, 0x8C, 0x18, 0xF4, 0x33, 0x82, 0x00, 0x02 };
static const uint8_t bitmap_2984[] = { 0x00, 0x00, 0x42, 0x3C, 0x23, 0xC8, 0x12, 0x08, 0x12, 0x28, 0x03, 0x28, 0xBA, 0xA8, 0x52, 0xA8, 0x12, 0x48, 0x12, 0x48, 0x12, 0xA8, 0x16, 0x9A, 0x1B, 0x14, 0x34, 0x04, 0x04, 0x06, 0x08, 0x02 };
static const uint8_t bitmap_2985[] = { 0x00, 0x00, 0x43, 0x78, 0x21, 0x90, 0x11, 0x10, 0x11, 0x10, 0x01, 0x0E, 0xBA, 0x00, 0x52, 0x3C, 0x15, 0xC8, 0x10, 0x88, 0x10, 0x50, 0x10, 0x20, 0x14, 0x30, 0x18, 0x48, 0x31, 0x84, 0x06, 0x02 };
static const uint8_t bitmap_2986[] = { 0x00, 0xC0, 0x40, 0x40, 0x20, 0x40, 0x14, 0x7E, 0x13, 0xC0, 0x00, 0x80, 0xB8, 0x80, 0x50, 0xBC, 0x10, 0xC8, 0x10, 0x88, 0x10, 0x88, 0x15, 0x08, 0x19, 0x08, 0x32, 0x50, 0x04, 0x30, 0x18, 0x20 };
static const uint8_t bitmap_2987[] = { 0x00, 0xC0, 0x40, 0x40, 0x20, 0x40, 0x12, 0x7C, 0x11, 0xC8, 0x00, 0x48, 0xB8, 0x48, 0x54, 0x7E, 0x13, 0xE0, 0x10, 0x50, 0x10, 0x90, 0x10, 0x88, 0x15, 0x04, 0x19, 0x04, 0x32, 0x02, 0x0C, 0x02 };
static const uint8_t bitmap_2988[] = { 0x00, 0x00, 0x42, 0x1C, 0x21, 0xE0, 0x10, 0x20, 0x10, 0x20, 0x03, 0x20, 0xB9, 0x2C, 0x51, 0x30, 0x11, 0x20, 0x11, 0x20, 0x11, 0x20, 0x11, 0x20, 0x15, 0x20, 0x19, 0x3E, 0x37, 0xC0, 0x00, 0x00 };
static const uint8_t bitmap_2989[] = { 0x00, 0x00, 0x42, 0x1C, 0x21, 0xE0, 0x10, 0x24, 0x12, 0x24, 0x01, 0x28, 0xB9, 0x28, 0x51, 0x20, 0x14, 0x3E, 0x13, 0xE0, 0x10, 0x20, 0x10, 0x20, 0x14, 0x20, 0x18, 0x20, 0x30, 0x20, 0x00, 0x20 };
static const uint8_t bitmap_2990[] = { 0x00, 0x00, 0x43, 0x1E, 0x21, 0xE4, 0x11, 0x04, 0x11, 0x04, 0x01, 0x04, 0xB9, 0x04, 0x51, 0x04, 0x11, 0x3C, 0x11, 0xC4, 0x11, 0x10, 0x14, 0x88, 0x18, 0x84, 0x31, 0x02, 0x02, 0x02, 0x0C, 0x00 };
static const uint8_t bitmap_2991[] = { 0x00, 0x80, 0x40, 0x80, 0x20, 0x80, 0x11, 0x3E, 0x11, 0xC0, 0x02, 0x40, 0xBA, 0x5C, 0x54, 0x60, 0x10, 0x40, 0x10, 0x5C, 0x10, 0x60, 0x10, 0x40, 0x14, 0x40, 0x18, 0x40, 0x30, 0x40, 0x00, 0x40 };
static const uint8_t bitmap_2992[] = { 0x00, 0x0C, 0x43, 0x30, 0x21, 0xC0, 0x11, 0x00, 0x11, 0x1E, 0x01, 0xF0, 0xB9, 0x10, 0x51, 0x10, 0x11, 0x70, 0x11, 0x18, 0x11, 0x14, 0x11, 0x12, 0x16, 0x10, 0x1A, 0x10, 0x30, 0x10, 0x00, 0x10 };
static const uint8_t bitmap_2993[] = { 0x00, 0x40, 0x40, 0x60, 0x20, 0x90, 0x10, 0x88, 0x11, 0x24, 0x02, 0x22, 0xB8, 0x48, 0x50, 0x88, 0x11, 0x10, 0x12, 0x22, 0x10, 0x42, 0x10, 0x84, 0x17, 0x08, 0x18, 0x10, 0x30, 0x60, 0x03, 0x80 };
static const uint8_t bitmap_2994[] = { 0x00, 0x00, 0x42, 0x7E, 0x21, 0x84, 0x10, 0x04, 0x14, 0x64, 0x03, 0x84, 0xB8, 0x04, 0x53, 0x64, 0x11, 0xA4, 0x11, 0x24, 0x11, 0x64, 0x11, 0xA4, 0x14, 0x04, 0x18, 0x14, 0x30, 0x08, 0x00, 0x08 };
static const uint8_t bitmap_2995[] = { 0x00, 0x00, 0x44, 0x78, 0x23, 0x90, 0x11, 0x20, 0x10, 0xC0, 0x00, 0xA0, 0xB9, 0x58, 0x52, 0x44, 0x14, 0x7A, 0x1B, 0xC0, 0x10, 0x40, 0x14, 0x7E, 0x1B, 0xC0, 0x30, 0x40, 0x00, 0x40, 0x00, 0x40 };
static const uint8_t bitmap_2996[] = { 0x00, 0x68, 0x40, 0x24, 0x20, 0x24, 0x14, 0x3E, 0x13, 0xE0, 0x00, 0x20, 0xB4, 0xE0, 0x53, 0x20, 0x11, 0x20, 0x11, 0x10, 0x11, 0x30, 0x15, 0xD2, 0x19, 0x0A, 0x36, 0x0C, 0x00, 0x06, 0x00, 0x02 };
static const uint8_t bitmap_2997[] = { 0x00, 0x60, 0x40, 0x20, 0x22, 0x3C, 0x11, 0xE0, 0x10, 0x20, 0x04, 0x3E, 0xBB, 0xC8, 0x50, 0x08, 0x12, 0x3E, 0x11, 0xC8, 0x11, 0x08, 0x10, 0x88, 0x14, 0x88, 0x18, 0x28, 0x30, 0x18, 0x00, 0x10 };
static const uint8_t bitmap_2998[] = { 0x00, 0x68, 0x40, 0x24, 0x20, 0x24, 0x12, 0x2E, 0x17, 0xF0, 0x02, 0x20, 0xBA, 0x24, 0x52, 0xD4, 0x13, 0x54, 0x12, 0x54, 0x12, 0x48, 0x13, 0x8A, 0x16, 0x9A, 0x1A, 0x24, 0x34, 0xC6, 0x03, 0x02 };
static const uint8_t bitmap_2999[] = { 0x00, 0x0C, 0x40, 0x30, 0x21, 0xE0, 0x10, 0x20, 0x14, 0x3E, 0x03, 0xE0, 0xB8, 0x20, 0x50, 0x20, 0x10, 0x20, 0x13, 0x3E, 0x11, 0xC4, 0x11, 0x04, 0x15, 0x04, 0x19, 0x3C, 0x31, 0xC4, 0x01, 0x04 };
static const uint8_t bitmap_3000[] = { 0x00, 0x0C, 0x49, 0x10, 0x27, 0x70, 0x12, 0x10, 0x12, 0x10, 0x04, 0xD0, 0xB7, 0x5C, 0x5D, 0x50, 0x15, 0x50, 0x15, 0x50, 0x12, 0x50, 0x16, 0x50, 0x1A, 0x5E, 0x35, 0x70, 0x08, 0x80, 0x10, 0x7E };
static const uint8_t bitmap_3001[] = { 0x00, 0x80, 0x40, 0xB0, 0x20, 0xD0, 0x11, 0x20, 0x12, 0x3E, 0x07, 0xC0, 0xBA, 0x00, 0x52, 0xBC, 0x12, 0xC8, 0x12, 0x88, 0x12, 0xA8, 0x16, 0x98, 0x1A, 0x90, 0x34, 0x84, 0x08, 0x44, 0x00, 0x3E };
static const uint8_t bitmap_3002[] = { 0x00, 0x80, 0x40, 0x80, 0x20, 0x80, 0x11, 0x3E, 0x11, 0xC2, 0x02, 0x02, 0xB5, 0x7A, 0x51, 0x92, 0x11, 0x72, 0x11, 0x92, 0x11, 0x12, 0x11, 0x72, 0x15, 0x92, 0x19, 0x14, 0x30, 0x0C, 0x00, 0x08 };
static const uint8_t bitmap_3003[] = { 0x00, 0x60, 0x40, 0x20, 0x24, 0x3E, 0x13, 0xE0, 0x10, 0x48, 0x00, 0x48, 0xB8, 0x90, 0x50, 0xF4, 0x13, 0x24, 0x10, 0x48, 0x10, 0x88, 0x13, 0x10, 0x14, 0x28, 0x18, 0x44, 0x30, 0x82, 0x03, 0x02 };
static const uint8_t bitmap_3004[] = { 0x01, 0x08, 0x40, 0x88, 0x20, 0x90, 0x14, 0xBE, 0x13, 0xE0, 0x00, 0x20, 0xBA, 0x3C, 0x51, 0xE0, 0x10, 0x20, 0x14, 0x3E, 0x13, 0xE0, 0x10, 0x20, 0x14, 0x20, 0x18, 0x20, 0x30, 0x20, 0x00, 0x20 };
static const uint8_t bitmap_3005[] = { 0x00, 0x68, 0x40, 0x24, 0x20, 0x24, 0x14, 0x7E, 0x13, 0xA0, 0x00, 0x24, 0xBA, 0xA4, 0x52, 0xA8, 0x1A, 0xE8, 0x17, 0xA8, 0x12, 0x90, 0x12, 0x92, 0x14, 0xAA, 0x18, 0x4C, 0x30, 0x86, 0x03, 0x02 };
static const uint8_t bitmap_3006[] = { 0x00, 0x00, 0x42, 0x3C, 0x21, 0xC0, 0x10, 0x40, 0x10, 0x58, 0x03, 0x48, 0xB9, 0x48, 0x51, 0x4C, 0x11, 0x52, 0x12, 0xD2, 0x12, 0x60, 0x14, 0x40, 0x18, 0x40, 0x34, 0x7E, 0x03, 0x80, 0x00, 0x00 };
static const uint8_t bitmap_3007[] = { 0x00, 0x00, 0x42, 0x1C, 0x21, 0xE0, 0x10, 0x40, 0x12, 0x5C, 0x01, 0xE8, 0xB8, 0x88, 0x54, 0x9E, 0x13, 0xE0, 0x10, 0x00, 0x13, 0x1E, 0x11, 0xE4, 0x15, 0x04, 0x19, 0x1C, 0x31, 0xE4, 0x01, 0x04 };
static const uint8_t bitmap_3008[] = { 0x00, 0x00, 0x43, 0x3C, 0x21, 0xC8, 0x11, 0x08, 0x11, 0x38, 0x01, 0xC8, 0xB1, 0x00, 0x54, 0x3C, 0x13, 0xC0, 0x10, 0x40, 0x18, 0x7E, 0x17, 0xC0, 0x14, 0xB0, 0x19, 0x08, 0x32, 0x04, 0x0C, 0x02 };
static const uint8_t bitmap_3009[] = { 0x00, 0x0C, 0x40, 0x30, 0x21, 0xE0, 0x14, 0x3E, 0x13, 0xF0, 0x00, 0x68, 0xB8, 0xA4, 0x53, 0x22, 0x14, 0x3C, 0x13, 0xE8, 0x10, 0x4E, 0x10, 0x5A, 0x14, 0x82, 0x18, 0x94, 0x31, 0x0C, 0x06, 0x08 };
static const uint8_t bitmap_3010[] = { 0x00, 0x80, 0x40, 0x80, 0x21, 0x1E, 0x11, 0xE0, 0x12, 0x00, 0x05, 0x3C, 0xB9, 0xC4, 0x51, 0x24, 0x15, 0x3E, 0x13, 0xC4, 0x11, 0x48, 0x12, 0x28, 0x16, 0x7E, 0x1B, 0xA8, 0x32, 0x18, 0x00, 0x10 };
static const uint8_t bitmap_3011[] = { 0x01, 0x10, 0x40, 0x90, 0x20, 0xA0, 0x16, 0x3C, 0x13, 0xC8, 0x02, 0x08, 0xBA, 0x08, 0x52, 0x38, 0x13, 0xE8, 0x12, 0xA0, 0x10, 0xA0, 0x10, 0xA0, 0x15, 0x24, 0x19, 0x24, 0x32, 0x24, 0x0C, 0x1E };
static const uint8_t bitmap_3012[] = { 0x00, 0x00, 0x42, 0x3C, 0x21, 0xC8, 0x10, 0x50, 0x16, 0x3E, 0x03, 0xE2, 0xBA, 0x22, 0x52, 0x3E, 0x13, 0xE2, 0x12, 0x22, 0x12, 0x3E, 0x13, 0xE2, 0x16, 0x22, 0x1A, 0x2A, 0x32, 0x26, 0x02, 0x04 };
static const uint8_t bitmap_3013[] = { 0x00, 0xC0, 0x42, 0x7C, 0x21, 0xC0, 0x12, 0x78, 0x11, 0xC0, 0x04, 0x7E, 0xBB, 0xC0, 0x51, 0x3C, 0x11, 0xC8, 0x11, 0x38, 0x11, 0xC8, 0x11, 0x38, 0x15, 0xC8, 0x19, 0x28, 0x31, 0x18, 0x01, 0x10 };
static const uint8_t bitmap_3014[] = { 0x00, 0xC0, 0x40, 0x48, 0x22, 0x78, 0x11, 0xC8, 0x10, 0x50, 0x04, 0x7E, 0xBB, 0xE0, 0x50, 0x40, 0x10, 0x9E, 0x11, 0xE4, 0x16, 0x9C, 0x10, 0xE4, 0x14, 0x84, 0x18, 0x9C, 0x30, 0xE4, 0x00, 0x84 };
static const uint8_t bitmap_3015[] = { 0x00, 0x90, 0x40, 0x90, 0x24, 0xBE, 0x13, 0xD0, 0x10, 0x90, 0x00, 0x40, 0xB8, 0x7E, 0x57, 0xC0, 0x10, 0x80, 0x11, 0x3C, 0x17, 0xC8, 0x11, 0x08, 0x15, 0x08, 0x19, 0x38, 0x31, 0xC8, 0x01, 0x08 };
static const uint8_t bitmap_3016[] = { 0x00, 0xC0, 0x40, 0x40, 0x22, 0x7C, 0x11, 0xC0, 0x10, 0x40, 0x04, 0x7E, 0xBB, 0x84, 0x50, 0x98, 0x12, 0x50, 0x11, 0x50, 0x15, 0x1E, 0x13, 0xE0, 0x14, 0x30, 0x18, 0x48, 0x31, 0x84, 0x06, 0x02 };
static const uint8_t bitmap_3017[] = { 0x01, 0xB0, 0x40, 0x90, 0x20, 0x90, 0x14, 0x9E, 0x13, 0x90, 0x00, 0x90, 0xB4, 0x9C, 0x53, 0x90, 0x10, 0x90, 0x10, 0x90, 0x14, 0x9E, 0x13, 0x90, 0x14, 0x90, 0x18, 0x90, 0x30, 0x90, 0x00, 0x90 };
static const uint8_t bitmap_3018[] = { 0x00, 0x00, 0x46, 0x7E, 0x23, 0xC4, 0x12, 0x7C, 0x13, 0xC4, 0x02, 0x44, 0xBA, 0x7C, 0x53, 0xC4, 0x12, 0x40, 0x14, 0x7E, 0x13, 0xE0, 0x14, 0xD0, 0x19, 0x48, 0x32, 0x44, 0x04, 0x42, 0x18, 0x42 };
static const uint8_t bitmap_3019[] = { 0x00, 0x88, 0x40, 0x88, 0x20, 0x90, 0x11, 0x3E, 0x11, 0xE0, 0x03, 0x20, 0xBD, 0x3C, 0x51, 0xE0, 0x11, 0x20, 0x11, 0x3C, 0x11, 0xE0, 0x11, 0x20, 0x15, 0x20, 0x19, 0x3E, 0x31, 0xE0, 0x01, 0x00 };
static const uint8_t bitmap_3020[] = { 0x00, 0x00, 0x42, 0x3E, 0x23, 0xC4, 0x12, 0x44, 0x13, 0x74, 0x02, 0xC4, 0xBA, 0x44, 0x53, 0x74, 0x12, 0xC4, 0x12, 0xB4, 0x12, 0xD4, 0x12, 0x94, 0x16, 0xB4, 0x1A, 0xD4, 0x34, 0x0C, 0x00, 0x08 };
static const uint8_t bitmap_3021[] = { 0x00, 0x60, 0x40, 0x20, 0x24, 0x3E, 0x13, 0xC0, 0x10, 0x00, 0x03, 0x3C, 0xB9, 0xC8, 0x51, 0x08, 0x11, 0x38, 0x11, 0xE0, 0x10, 0x28, 0x11, 0x24, 0x15, 0x24, 0x1A, 0xA2, 0x34, 0x62, 0x00, 0x40 };
static const uint8_t bitmap_3022[] = { 0x00, 0x60, 0x40, 0x20, 0x24, 0x3E, 0x13, 0xC0, 0x10, 0x3C, 0x03, 0xC8, 0xB9, 0x38, 0x51, 0xC0, 0x12, 0x1C, 0x11, 0xE8, 0x10, 0x90, 0x12, 0x7E, 0x15, 0xA0, 0x18, 0xA0, 0x30, 0x40, 0x00, 0x40 };
static const uint8_t bitmap_3023[] = { 0x00, 0x64, 0x41, 0x24, 0x21, 0x28, 0x11, 0x30, 0x12, 0x48, 0x00, 0x44, 0xB8, 0x82, 0x53, 0x64, 0x10, 0x24, 0x11, 0x28, 0x11, 0x30, 0x12, 0x50, 0x14, 0x48, 0x18, 0x84, 0x31, 0x04, 0x06, 0x02 };
static const uint8_t bitmap_3024[] = { 0x00, 0x60, 0x40, 0x20, 0x22, 0x3E, 0x13, 0xC4, 0x12, 0x38, 0x05, 0xC8, 0xB9, 0x08, 0x51, 0x38, 0x11, 0xC8, 0x11, 0x08, 0x11, 0x38, 0x11, 0xC8, 0x15, 0x08, 0x19, 0x3E, 0x37, 0xC0, 0x00, 0x00 };
static const uint8_t bitmap_3025[] = { 0x00, 0x88, 0x44, 0xBE, 0x23, 0xC8, 0x10, 0xB8, 0x10, 0xC8, 0x00, 0x88, 0xB8, 0xB8, 0x50, 0xE8, 0x10, 0xA0, 0x14, 0x3E, 0x13, 0xF0, 0x10, 0x68, 0x14, 0xA8, 0x19, 0x24, 0x36, 0x22, 0x00, 0x22 };
static const uint8_t bitmap_3026[] = { 0x03, 0x48, 0x41, 0x48, 0x25, 0x5E, 0x13, 0xE8, 0x11, 0x58, 0x01, 0x60, 0xB9, 0x1C, 0x51, 0xE0, 0x11, 0x20, 0x14, 0x3E, 0x13, 0xE0, 0x10, 0xB0, 0x14, 0xA8, 0x19, 0x24, 0x36, 0x22, 0x00, 0x20 };
static const uint8_t bitmap_3027[] = { 0x00, 0x88, 0x44, 0xBE, 0x23, 0xC8, 0x10, 0xA8, 0x10, 0xA0, 0x04, 0x3E, 0xBB, 0xC0, 0x52, 0x00, 0x12, 0x3C, 0x13, 0xC0, 0x12, 0x10, 0x11, 0x50, 0x15, 0x54, 0x19, 0x54, 0x32, 0x54, 0x0C, 0x0E };
static const uint8_t bitmap_3028[] = { 0x06, 0x60, 0x42, 0x20, 0x23, 0xAC, 0x12, 0x30, 0x12, 0x64, 0x03, 0xA4, 0xB6, 0x5E, 0x50, 0xC0, 0x13, 0x3C, 0x11, 0xC8, 0x11, 0x38, 0x11, 0xC8, 0x15, 0x08, 0x19, 0x38, 0x31, 0xC8, 0x01, 0x08 };
static const uint8_t bitmap_3029[] = { 0x00, 0x00, 0x46, 0x3E, 0x23, 0xE2, 0x12, 0x3E, 0x13, 0xE2, 0x02, 0x3E, 0xBB, 0xC0, 0x51, 0x3C, 0x11, 0xC4, 0x11, 0x3C, 0x11, 0xC4, 0x11, 0x3C, 0x15, 0xC4, 0x19, 0x14, 0x31, 0x0C, 0x01, 0x08 };
static const uint8_t bitmap_3030[] = { 0x00, 0x60, 0x40, 0x20, 0x24, 0x3E, 0x13, 0xC8, 0x10, 0x88, 0x00, 0x50, 0xBB, 0x3E, 0x51, 0xC8, 0x11, 0x14, 0x11, 0x64, 0x11, 0x88, 0x11, 0x32, 0x16, 0xC2, 0x1A, 0x0C, 0x34, 0x30, 0x01, 0xC0 };
static const uint8_t bitmap_3031[] = { 0x00, 0x30, 0x41, 0x14, 0x20, 0x94, 0x14, 0x58, 0x13, 0x50, 0x00, 0x1E, 0xB0, 0xF0, 0x5B, 0x38, 0x15, 0x54, 0x12, 0x54, 0x17, 0x52, 0x11, 0x92, 0x16, 0x10, 0x19, 0x10, 0x30, 0xC0, 0x00, 0x3E };
static const uint8_t bitmap_3032[] = { 0x00, 0x8C, 0x41, 0x04, 0x22, 0xC4, 0x13, 0x44, 0x12, 0xCE, 0x03, 0x74, 0xBA, 0xE4, 0x53, 0x54, 0x12, 0x54, 0x1B, 0xC4, 0x16, 0xC4, 0x11, 0x44, 0x16, 0x44, 0x18, 0x54, 0x30, 0xCC, 0x00, 0x88 };
static const uint8_t bitmap_3033[] = { 0x00, 0x0C, 0x40, 0x34, 0x23, 0xC4, 0x12, 0x48, 0x11, 0x28, 0x00, 0x9C, 0xB8, 0xE0, 0x51, 0x20, 0x16, 0x3E, 0x13, 0xE0, 0x10, 0x2C, 0x13, 0x24, 0x15, 0x24, 0x19, 0x3C, 0x31, 0xC4, 0x01, 0x04 };
static const uint8_t bitmap_3034[] = { 0x00, 0x60, 0x40, 0x20, 0x22, 0x3C, 0x11, 0xC8, 0x10, 0x90, 0x02, 0x7E, 0xBB, 0xC4, 0x52, 0x20, 0x14, 0x3E, 0x13, 0xC0, 0x10, 0x5C, 0x10, 0xE8, 0x14, 0x88, 0x19, 0x50, 0x32, 0x30, 0x0C, 0x20 };
static const uint8_t bitmap_3035[] = { 0x01, 0x10, 0x40, 0xA0, 0x24, 0xBE, 0x13, 0xE0, 0x10, 0xA0, 0x04, 0xFC, 0xBB, 0xA8, 0x54, 0xFE, 0x13, 0xA8, 0x10, 0xA8, 0x14, 0xF8, 0x13, 0xB0, 0x15, 0xA8, 0x1A, 0xA4, 0x34, 0xA4, 0x00, 0xA2 };
static const uint8_t bitmap_3036[] = { 0x00, 0x88, 0x42, 0xBE, 0x21, 0xC8, 0x10, 0xB8, 0x10, 0xE0, 0x03, 0x3E, 0xB9, 0xE4, 0x51, 0x3C, 0x11, 0xE0, 0x12, 0x3E, 0x11, 0xE0, 0x11, 0x3C, 0x14, 0xE0, 0x1A, 0x3E, 0x31, 0xC0, 0x00, 0x00 };
static const uint8_t bitmap_3037[] = { 0x00, 0x00, 0x45, 0xCC, 0x22, 0xB4, 0x14, 0xC4, 0x12, 0xAC, 0x01, 0x94, 0xB6, 0xA4, 0x50, 0x60, 0x10, 0x98, 0x13, 0x24, 0x10, 0xCA, 0x13, 0x10, 0x14, 0x64, 0x1B, 0x88, 0x30, 0x30, 0x07, 0xC0 };
static const uint8_t bitmap_3038[] = { 0x00, 0x00, 0x42, 0x1E, 0x21, 0xF0, 0x12, 0x5E, 0x13, 0xF2, 0x02, 0x5E, 0xBB, 0xE4, 0x51, 0x1C, 0x11, 0xE4, 0x11, 0x1C, 0x11, 0xE0, 0x12, 0x3E, 0x15, 0xE0, 0x18, 0x20, 0x30, 0x20, 0x00, 0x20 };
static const uint8_t bitmap_3039[] = { 0x01, 0x08, 0x40, 0x90, 0x24, 0xBC, 0x13, 0xD4, 0x12, 0x54, 0x01, 0x58, 0xB5, 0x7E, 0x53, 0xC0, 0x11, 0x3C, 0x11, 0xC8, 0x11, 0x38, 0x11, 0xC8, 0x15, 0x08, 0x19, 0x38, 0x31, 0xC8, 0x01, 0x08 };
static const uint8_t bitmap_3040[] = { 0x00, 0x10, 0x44, 0x5C, 0x22, 0x74, 0x11, 0x5C, 0x10, 0x70, 0x00, 0x1E, 0xBD, 0xE4, 0x53, 0x5C, 0x11, 0x60, 0x12, 0x5C, 0x17, 0x64, 0x11, 0x5C, 0x16, 0x64, 0x1B, 0x44, 0x30, 0xC0, 0x00, 0x3E };
static const uint8_t bitmap_3041[] = { 0x08, 0x60, 0x08, 0x10, 0x11, 0x08, 0x21, 0x84, 0x42, 0x44, 0x04, 0x20, 0x08, 0x10, 0x10, 0x08, 0x29, 0xF4, 0xCE, 0x22, 0x08, 0x20, 0x08, 0x20, 0x08, 0x20, 0x08, 0xE0, 0x0F, 0x20, 0x08, 0x20 };
static const uint8_t bitmap_3042[] = { 0x18, 0x48, 0x4F, 0x44, 0x7A, 0x42, 0x88, 0x92, 0x4E, 0x90, 0x39, 0x28, 0x4E, 0x24, 0x38, 0x42, 0x8F, 0x42, 0x78, 0x9E, 0x4F, 0xE4, 0x72, 0x84, 0x42, 0x84, 0x4E, 0x9C, 0x72, 0xE4, 0x42, 0x84 };
static const uint8_t bitmap_3043[] = { 0x00, 0x00, 0x41, 0xFC, 0x3E, 0x00, 0x00, 0x00, 0x19, 0xF0, 0x0E, 0x20, 0x08, 0x20, 0x08, 0x20, 0x09, 0xE0, 0x0E, 0x20, 0x00, 0x20, 0x08, 0x40, 0x04, 0x40, 0x85, 0xFE, 0x7E, 0x00, 0x00, 0x00 };
static const uint8_t bitmap_3044[] = { 0x00, 0x60, 0x9C, 0x20, 0x62, 0x3E, 0x03, 0xE4, 0xDC, 0x08, 0x6A, 0xEC, 0x4B, 0xB4, 0x5A, 0xA4, 0x6A, 0xA4, 0x02, 0xB4, 0x4D, 0xAC, 0x48, 0xA8, 0x2D, 0x20, 0x31, 0x24, 0xC2, 0x24, 0x0C, 0x1E };
static const uint8_t bitmap_3045[] = { 0x00, 0x00, 0xD8, 0x00, 0x6C, 0x3E, 0x4B, 0xC0, 0x58, 0x44, 0x68, 0xA4, 0x4B, 0x28, 0x48, 0x50, 0x58, 0x98, 0x6B, 0x34, 0x48, 0x54, 0x48, 0x92, 0x4B, 0x12, 0x68, 0xA0, 0x98, 0x60, 0x90, 0x40 };
static const uint8_t bitmap_3046[] = { 0x02, 0x00, 0x07, 0xC0, 0x0C, 0x80, 0x30, 0xF8, 0xDF, 0x10, 0x11, 0x10, 0x12, 0xF0, 0x1F, 0x08, 0x04, 0x08, 0x7B, 0x30, 0x06, 0xC0, 0x79, 0xB0, 0x02, 0x88, 0x0C, 0x84, 0x73, 0x02, 0x01, 0x00 };
static const uint8_t bitmap_3047[] = { 0x03, 0x00, 0x81, 0xFE, 0x7F, 0x00, 0x08, 0xF0, 0x0F, 0x20, 0x48, 0xFE, 0x7F, 0x04, 0x40, 0xF0, 0xBF, 0x08, 0x05, 0x08, 0x3A, 0xB0, 0x04, 0xD0, 0x39, 0x48, 0x06, 0x84, 0x39, 0x82, 0x01, 0x00 };
static const uint8_t bitmap_3048[] = { 0x00, 0x80, 0x9C, 0x90, 0x68, 0xF8, 0x11, 0xA0, 0x55, 0x5C, 0xBF, 0xE8, 0x69, 0x58, 0x31, 0xE4, 0x20, 0x88, 0x27, 0x50, 0x20, 0xA8, 0x23, 0x24, 0x2C, 0x62, 0xA1, 0xA2, 0x6E, 0x60, 0x40, 0x40 };
static const uint8_t bitmap_3049[] = { 0x08, 0x20, 0x10, 0x20, 0x2A, 0x40, 0xC4, 0x5E, 0x28, 0xE2, 0x31, 0x02, 0xCA, 0x82, 0x14, 0x42, 0x24, 0x22, 0xC6, 0x22, 0x0A, 0x04, 0x12, 0x04, 0x22, 0x04, 0xD4, 0x28, 0x0C, 0x18, 0x08, 0x10 };
static const uint8_t bitmap_3050[] = { 0x08, 0x18, 0x10, 0x08, 0x28, 0x08, 0xC4, 0x08, 0x2A, 0x1E, 0x11, 0xE8, 0x28, 0x18, 0xC8, 0x28, 0x14, 0x28, 0x24, 0x48, 0xCC, 0x88, 0x15, 0x08, 0x24, 0x08, 0xC8, 0x28, 0x18, 0x18, 0x10, 0x10 };
static const uint8_t bitmap_3051[] = { 0x08, 0x40, 0x10, 0x40, 0x27, 0xBC, 0xD5, 0xC8, 0x49, 0x38, 0x31, 0xC8, 0xC9, 0x08, 0x09, 0x38, 0x35, 0xE8, 0xC4, 0xA0, 0x0C, 0xA0, 0x34, 0xA0, 0xC4, 0xA4, 0x29, 0x24, 0x19, 0x24, 0x16, 0x1E };
static const uint8_t bitmap_3052[] = { 0x00, 0x00, 0x18, 0xF8, 0x0F, 0x10, 0x08, 0x10, 0x0B, 0x10, 0x09, 0x10, 0x09, 0x10, 0x09, 0x10, 0x09, 0x10, 0x09, 0x10, 0x09, 0x10, 0x09, 0xC0, 0x02, 0x30, 0x04, 0x08, 0x18, 0x04, 0xE0, 0x02 };
static const uint8_t bitmap_3053[] = { 0x03, 0x00, 0x01, 0x38, 0x01, 0xC0, 0x01, 0x00, 0x19, 0xF8, 0x0F, 0x10, 0x08, 0x10, 0x0B, 0x10, 0x09, 0x10, 0x09, 0x10, 0x09, 0x10, 0x09, 0x10, 0x02, 0xC0, 0x04, 0x30, 0x08, 0x08, 0x70, 0x04 };
static const uint8_t bitmap_3054[] = { 0x04, 0x00, 0x04, 0xC0, 0x0F, 0x80, 0x08, 0x80, 0x19, 0xF8, 0x2F, 0x10, 0xC8, 0x10, 0x0B, 0x10, 0x09, 0x10, 0x09, 0x10, 0x09, 0x10, 0x09, 0x10, 0x02, 0xC0, 0x04, 0x30, 0x18, 0x0C, 0xE0, 0x02 };
static const uint8_t bitmap_3055[] = { 0x00, 0x00, 0x20, 0xF8, 0x1F, 0x00, 0x01, 0x00, 0x81, 0xFE, 0x7F, 0x00, 0x08, 0xF8, 0x0F, 0x10, 0x08, 0x10, 0x0B, 0x10, 0x09, 0x10, 0x09, 0x10, 0x09, 0x80, 0x02, 0x60, 0x0C, 0x18, 0x70, 0x04 };
static const uint8_t bitmap_3056[] = { 0x00, 0x18, 0xDE, 0x08, 0x64, 0x08, 0x44, 0x08, 0x56, 0x1E, 0x55, 0xE8, 0x54, 0x18, 0x54, 0x18, 0x54, 0x28, 0x54, 0x28, 0x54, 0x48, 0x50, 0x88, 0x2B, 0x08, 0x24, 0x28, 0x42, 0x18, 0x82, 0x10 };
static const uint8_t bitmap_3057[] = { 0x03, 0x00, 0x21, 0xF8, 0x1F, 0x00, 0x11, 0xF0, 0x0F, 0x00, 0x81, 0xFE, 0x7E, 0x00, 0x09, 0xF0, 0x0E, 0x20, 0x09, 0x20, 0x09, 0x20, 0x09, 0x20, 0x09, 0xC0, 0x02, 0x30, 0x0C, 0x08, 0x70, 0x04 };
static const uint8_t bitmap_3058[] = { 0x0C, 0x00, 0x65, 0x1C, 0x24, 0xE8, 0x24, 0x50, 0x24, 0x30, 0x24, 0x4C, 0x25, 0x82, 0x24, 0xF8, 0x0F, 0x10, 0x08, 0x10, 0x0B, 0x10, 0x09, 0x10, 0x09, 0xC0, 0x02, 0x30, 0x0C, 0x0C, 0x70, 0x02 };
static const uint8_t bitmap_3059[] = { 0x00, 0x40, 0xDE, 0x40, 0x64, 0x40, 0x44, 0x9E, 0x54, 0xE8, 0x55, 0x08, 0x56, 0x88, 0x54, 0x48, 0x54, 0x30, 0x54, 0x10, 0x54, 0x10, 0x50, 0x28, 0x18, 0x24, 0x24, 0x44, 0x44, 0x82, 0x83, 0x02 };
static const uint8_t bitmap_3060[] = { 0x00, 0x04, 0xDD, 0x84, 0x64, 0x88, 0x44, 0x88, 0x54, 0x90, 0x54, 0xA0, 0x54, 0xC0, 0x56, 0x9E, 0x55, 0xE0, 0x54, 0xA0, 0x54, 0xA0, 0x50, 0x90, 0x18, 0x88, 0x24, 0xB4, 0x44, 0xC4, 0x87, 0x02 };
static const uint8_t bitmap_3061[] = { 0x0B, 0x08, 0x09, 0x10, 0x11, 0x60, 0x37, 0x84, 0x51, 0x04, 0x90, 0xFE, 0x10, 0x00, 0x09, 0xF8, 0x0E, 0x10, 0x08, 0x10, 0x0B, 0x10, 0x09, 0x10, 0x09, 0xC0, 0x02, 0x30, 0x04, 0x0C, 0x78, 0x02 };
static const uint8_t bitmap_3062[] = { 0x00, 0x38, 0x61, 0xC0, 0x3E, 0x80, 0x20, 0x80, 0x20, 0xFE, 0x3F, 0x80, 0x20, 0x80, 0x24, 0xFC, 0x27, 0x88, 0x24, 0x08, 0x25, 0x88, 0x24, 0x88, 0x44, 0xC0, 0x41, 0x30, 0x86, 0x0C, 0x38, 0x02 };
static const uint8_t bitmap_3063[] = { 0x00, 0x08, 0xDD, 0x30, 0x65, 0xC0, 0x45, 0x00, 0x55, 0x00, 0x55, 0x3C, 0x55, 0xC8, 0x55, 0x88, 0x55, 0x48, 0x55, 0x30, 0x55, 0x10, 0x52, 0x28, 0x2A, 0x28, 0x24, 0x44, 0x48, 0x82, 0x83, 0x02 };
static const uint8_t bitmap_3064[] = { 0x01, 0x00, 0x02, 0xC0, 0x04, 0x30, 0x0B, 0x0C, 0x30, 0x82, 0xC9, 0xE0, 0x06, 0x40, 0x00, 0xF8, 0x0F, 0x10, 0x08, 0x10, 0x0B, 0x10, 0x09, 0x10, 0x09, 0x80, 0x02, 0x60, 0x0C, 0x18, 0x70, 0x04 };
static const uint8_t bitmap_3065[] = { 0x04, 0x40, 0x05, 0xE0, 0x08, 0x18, 0x31, 0xF4, 0xCE, 0x12, 0x04, 0xA0, 0x18, 0x40, 0x69, 0xF0, 0x0E, 0x20, 0x09, 0x20, 0x09, 0x20, 0x09, 0x20, 0x09, 0x80, 0x02, 0x60, 0x0C, 0x18, 0x70, 0x04 };
static const uint8_t bitmap_3066[] = { 0x00, 0x1C, 0xDC, 0x60, 0x67, 0xA0, 0x44, 0x20, 0x54, 0x20, 0x56, 0x3C, 0x55, 0xC4, 0x54, 0x08, 0x54, 0x08, 0x54, 0x10, 0x55, 0x10, 0x51, 0x20, 0x29, 0x40, 0x2A, 0x80, 0x46, 0x60, 0x84, 0x1E };
static const uint8_t bitmap_3067[] = { 0x00, 0x40, 0xDE, 0x40, 0x64, 0x40, 0x44, 0x40, 0x54, 0x9E, 0x54, 0xE2, 0x55, 0x22, 0x56, 0x22, 0x54, 0x42, 0x54, 0x52, 0x54, 0x8A, 0x50, 0xBA, 0x29, 0xCA, 0x24, 0x14, 0x42, 0x0C, 0x82, 0x08 };
static const uint8_t bitmap_3068[] = { 0x00, 0x60, 0xDC, 0x20, 0x64, 0x20, 0x45, 0x3E, 0x55, 0xE4, 0x55, 0x08, 0x56, 0x10, 0x54, 0x00, 0x54, 0x00, 0x54, 0x00, 0x54, 0x00, 0x50, 0x00, 0x2A, 0x1E, 0x25, 0xE0, 0x44, 0x00, 0x80, 0x00 };
static const uint8_t bitmap_3069[] = { 0x00, 0x00, 0x18, 0xF0, 0x0F, 0x20, 0x89, 0xFE, 0x7F, 0x20, 0x09, 0xE0, 0x0E, 0x00, 0x31, 0xF8, 0x1F, 0x10, 0x10, 0x10, 0x13, 0x10, 0x11, 0x10, 0x11, 0xC0, 0x02, 0x30, 0x0C, 0x08, 0x70, 0x04 };
static const uint8_t bitmap_3070[] = { 0x00, 0xD8, 0x00, 0x44, 0x80, 0x7E, 0x7F, 0xC0, 0x22, 0x40, 0x1C, 0x40, 0x83, 0xC0, 0x7C, 0x20, 0x23, 0xA0, 0x3C, 0xA0, 0x20, 0xA0, 0x2C, 0x90, 0x24, 0x94, 0x0B, 0x14, 0x10, 0x8C, 0xE0, 0x46 };
static const uint8_t bitmap_3071[] = { 0x00, 0xD8, 0xDC, 0x44, 0x64, 0x42, 0x46, 0x7C, 0x55, 0xC0, 0x54, 0x40, 0x56, 0x7E, 0x55, 0xC0, 0x54, 0x48, 0x54, 0x28, 0x54, 0x28, 0x54, 0x12, 0x10, 0x32, 0x28, 0x4C, 0x44, 0x86, 0x83, 0x02 };
static const uint8_t bitmap_3072[] = { 0x00, 0x60, 0xDE, 0x20, 0x64, 0x20, 0x44, 0x2E, 0x54, 0x30, 0x54, 0x20, 0x54, 0x20, 0x54, 0x20, 0x55, 0x3E, 0x55, 0xC4, 0x55, 0x04, 0x11, 0x04, 0x29, 0x04, 0x25, 0x3C, 0x45, 0xC4, 0x81, 0x04 };
static const uint8_t bitmap_3073[] = { 0x03, 0x00, 0x19, 0xF8, 0x0F, 0x10, 0x09, 0xF0, 0x0F, 0x00, 0x81, 0xFE, 0x7E, 0x00, 0x09, 0xF8, 0x0E, 0x10, 0x09, 0x10, 0x09, 0x10, 0x09, 0x10, 0x09, 0xC0, 0x02, 0x30, 0x0C, 0x08, 0x70, 0x04 };
static const uint8_t bitmap_3074[] = { 0x0B, 0x30, 0x09, 0x08, 0x10, 0xFE, 0x37, 0x80, 0x50, 0x44, 0x90, 0x34, 0x19, 0xEE, 0x0E, 0x20, 0x09, 0x20, 0x09, 0x20, 0x09, 0x20, 0x09, 0x20, 0x09, 0x80, 0x02, 0x60, 0x0C, 0x18, 0x70, 0x04 };
static const uint8_t bitmap_3075[] = { 0x06, 0x00, 0x69, 0x1E, 0x30, 0xE4, 0x24, 0x24, 0x2E, 0x54, 0x32, 0x88, 0xE9, 0xF8, 0x0E, 0x20, 0x09, 0x20, 0x09, 0x20, 0x09, 0x20, 0x09, 0x20, 0x09, 0x80, 0x02, 0x60, 0x0C, 0x18, 0x70, 0x04 };
static const uint8_t bitmap_3076[] = { 0x0C, 0x40, 0x85, 0xFC, 0x7E, 0x48, 0x05, 0xF8, 0x3E, 0x40, 0x25, 0xFE, 0x3E, 0x44, 0x64, 0x54, 0x19, 0xEC, 0xEE, 0x28, 0x09, 0x20, 0x09, 0x20, 0x09, 0x00, 0x02, 0xE0, 0x0C, 0x18, 0x70, 0x04 };
static const uint8_t bitmap_3077[] = { 0x30, 0x00, 0x9E, 0xDE, 0x72, 0x64, 0x12, 0x4C, 0x24, 0x74, 0x2C, 0x40, 0x59, 0xF8, 0x8E, 0x10, 0x09, 0x10, 0x09, 0x10, 0x09, 0x10, 0x09, 0x10, 0x09, 0x80, 0x02, 0x60, 0x0C, 0x18, 0x30, 0x04 };
static const uint8_t bitmap_3078[] = { 0x00, 0x20, 0xCE, 0x20, 0x74, 0x28, 0x44, 0x48, 0x54, 0x44, 0x54, 0x9E, 0x57, 0xE2, 0x54, 0x00, 0x55, 0x9E, 0x54, 0xE4, 0x54, 0x84, 0x10, 0x84, 0x28, 0x84, 0x24, 0x9C, 0x42, 0xE4, 0x82, 0x84 };
static const uint8_t bitmap_3079[] = { 0x00, 0x68, 0xDE, 0x24, 0x64, 0x24, 0x46, 0x3E, 0x55, 0xE0, 0x54, 0x24, 0x55, 0xA4, 0x54, 0xA4, 0x56, 0xE8, 0x55, 0xA8, 0x54, 0x90, 0x55, 0x12, 0x11, 0x2A, 0x2A, 0x4C, 0x44, 0x86, 0x83, 0x02 };
static const uint8_t bitmap_3080[] = { 0x00, 0x00, 0x81, 0xFE, 0x7E, 0x40, 0x05, 0xF8, 0x3E, 0x48, 0x25, 0xF8, 0x3E, 0x08, 0x21, 0xF0, 0x1E, 0x10, 0x11, 0x10, 0x11, 0x10, 0x11, 0x10, 0x12, 0xC0, 0x04, 0x30, 0x18, 0x08, 0x60, 0x04 };
static const uint8_t bitmap_3081[] = { 0x00, 0xC0, 0xDC, 0x40, 0x66, 0x7E, 0x45, 0xC0, 0x54, 0x40, 0x54, 0xBC, 0x54, 0xC8, 0x55, 0xB8, 0x56, 0xC8, 0x54, 0x88, 0x54, 0xB8, 0x54, 0xC8, 0x20, 0x88, 0x28, 0xA8, 0x44, 0x98, 0x84, 0x90 };
static const uint8_t bitmap_3082[] = { 0x08, 0x0C, 0x08, 0x70, 0x13, 0xC0, 0x38, 0x7E, 0xD7, 0xC0, 0x10, 0x7C, 0x13, 0x80, 0x10, 0xF0, 0x0F, 0x10, 0x08, 0x10, 0x09, 0x10, 0x09, 0x10, 0x09, 0xC0, 0x02, 0x30, 0x0C, 0x0C, 0x70, 0x02 };
static const uint8_t bitmap_3083[] = { 0x00, 0x40, 0xDE, 0x40, 0x64, 0x5C, 0x44, 0xE8, 0x54, 0x88, 0x55, 0x50, 0x56, 0x30, 0x54, 0x28, 0x54, 0x44, 0x55, 0x9A, 0x56, 0xE8, 0x50, 0x88, 0x18, 0x88, 0x24, 0x98, 0x42, 0xE8, 0x80, 0x88 };
static const uint8_t bitmap_3084[] = { 0x00, 0x60, 0xDE, 0x20, 0x64, 0x20, 0x45, 0x3E, 0x55, 0xC0, 0x55, 0x10, 0x55, 0x10, 0x55, 0x9C, 0x55, 0x70, 0x55, 0x10, 0x51, 0x10, 0x12, 0x10, 0x2A, 0x10, 0x2D, 0x1E, 0x48, 0xE0, 0x80, 0x00 };
static const uint8_t bitmap_3085[] = { 0x40, 0x80, 0x20, 0x9C, 0x15, 0xE8, 0x0A, 0x40, 0x10, 0xB0, 0x23, 0x0C, 0xD8, 0xF2, 0x0F, 0x20, 0x08, 0x20, 0x0B, 0x20, 0x09, 0x20, 0x09, 0x20, 0x09, 0x80, 0x02, 0x60, 0x04, 0x18, 0x78, 0x04 };
static const uint8_t bitmap_3086[] = { 0x00, 0x18, 0xDE, 0x74, 0x65, 0x94, 0x46, 0x1E, 0x55, 0xF0, 0x54, 0x50, 0x54, 0x50, 0x55, 0x50, 0x55, 0x70, 0x55, 0x48, 0x55, 0x48, 0x51, 0x5A, 0x19, 0xEA, 0x27, 0x04, 0x44, 0x06, 0x80, 0x02 };
static const uint8_t bitmap_3087[] = { 0x00, 0xC4, 0xDC, 0x44, 0x66, 0x78, 0x45, 0xC8, 0x54, 0x50, 0x56, 0x7E, 0x55, 0xC0, 0x54, 0x80, 0x55, 0xB8, 0x56, 0xC8, 0x54, 0xB8, 0x50, 0xC8, 0x18, 0x88, 0x24, 0xB8, 0x44, 0xC8, 0x80, 0x88 };
static const uint8_t bitmap_3088[] = { 0x00, 0xC0, 0xDC, 0x40, 0x66, 0x7C, 0x45, 0xC0, 0x54, 0x40, 0x56, 0x7E, 0x55, 0x84, 0x54, 0x98, 0x56, 0x50, 0x55, 0x50, 0x55, 0x1E, 0x13, 0xE0, 0x28, 0x30, 0x24, 0x48, 0x44, 0x84, 0x83, 0x02 };
static const uint8_t bitmap_3089[] = { 0x13, 0x10, 0x09, 0x20, 0x49, 0xFE, 0x7F, 0x04, 0x44, 0xE8, 0x87, 0x20, 0x04, 0xE0, 0x07, 0x00, 0x18, 0xF8, 0x0F, 0x10, 0x09, 0x10, 0x09, 0x10, 0x09, 0x80, 0x02, 0x60, 0x0C, 0x18, 0x70, 0x04 };
static const uint8_t bitmap_3090[] = { 0x00, 0x00, 0xDF, 0x3C, 0x65, 0xC8, 0x45, 0x38, 0x55, 0xC8, 0x55, 0x38, 0x55, 0xC8, 0x54, 0x80, 0x54, 0xBE, 0x55, 0xEA, 0x56, 0x4A, 0x54, 0x92, 0x13, 0x22, 0x28, 0x54, 0x45, 0x8C, 0x84, 0x08 };
static const uint8_t bitmap_3091[] = { 0x00, 0x60, 0xDE, 0x20, 0x65, 0x3C, 0x44, 0xE8, 0x54, 0x88, 0x54, 0x50, 0x56, 0x5E, 0x55, 0xE0, 0x54, 0x00, 0x55, 0x9C, 0x54, 0xE8, 0x54, 0x88, 0x10, 0x88, 0x28, 0x98, 0x44, 0xE8, 0x84, 0x88 };
static const uint8_t bitmap_3092[] = { 0x30, 0x40, 0x10, 0x7C, 0x9E, 0x48, 0xF0, 0x90, 0x11, 0xBE, 0x9E, 0xE4, 0xF2, 0x84, 0x92, 0xA4, 0x9E, 0xA4, 0xF2, 0xA4, 0x38, 0xA4, 0x34, 0xA4, 0x52, 0x30, 0x52, 0x48, 0x90, 0x84, 0x13, 0x02 };
static const uint8_t bitmap_3093[] = { 0x30, 0x40, 0x9E, 0x40, 0x70, 0x9E, 0x9E, 0xE8, 0x71, 0x48, 0x9E, 0x30, 0x60, 0x68, 0x3D, 0x84, 0x48, 0xFA, 0xBF, 0x10, 0x10, 0x10, 0x13, 0x10, 0x11, 0x10, 0x12, 0xC0, 0x0C, 0x38, 0x70, 0x04 };
static const uint8_t bitmap_3094[] = { 0x01, 0x08, 0xDC, 0x90, 0x66, 0xBE, 0x45, 0xD0, 0x54, 0x50, 0x55, 0x7C, 0x54, 0xD4, 0x56, 0x7E, 0x55, 0xD4, 0x55, 0x7C, 0x54, 0xD0, 0x10, 0xD8, 0x29, 0x54, 0x26, 0x52, 0x44, 0x50, 0x80, 0x50 };
static const uint8_t bitmap_3095[] = { 0x03, 0x00, 0x41, 0xFE, 0x7E, 0x44, 0xA5, 0xF8, 0x1E, 0x40, 0x15, 0xF0, 0x0E, 0x40, 0x85, 0xFE, 0x7E, 0x20, 0x11, 0xF8, 0x2E, 0x26, 0xC9, 0x20, 0x09, 0x20, 0x02, 0xC0, 0x0C, 0x30, 0x70, 0x0C };
static const uint8_t bitmap_3096[] = { 0x50, 0xA0, 0x5E, 0xBC, 0x70, 0xE0, 0x9F, 0x3E, 0x68, 0xD0, 0x2A, 0x54, 0x4C, 0x8E, 0x91, 0xF0, 0x1E, 0x10, 0x11, 0x10, 0x11, 0x10, 0x11, 0x10, 0x11, 0x80, 0x02, 0x60, 0x0C, 0x18, 0x70, 0x04 };
static const uint8_t bitmap_3097[] = { 0x00, 0x88, 0xDE, 0x50, 0x65, 0x5E, 0x45, 0xE4, 0x55, 0x34, 0x55, 0xA4, 0x55, 0x3C, 0x55, 0xE0, 0x54, 0x9C, 0x54, 0xE8, 0x54, 0x98, 0x54, 0xE8, 0x10, 0x88, 0x28, 0x98, 0x44, 0xE8, 0x80, 0x88 };
static const uint8_t bitmap_3098[] = { 0x00, 0x80, 0xDC, 0xB0, 0x64, 0xE0, 0x45, 0x3E, 0x57, 0xD4, 0x55, 0x5A, 0x55, 0x62, 0x55, 0x98, 0x55, 0x60, 0x55, 0x98, 0x55, 0x60, 0x12, 0x9C, 0x2A, 0xE8, 0x24, 0x98, 0x48, 0xE8, 0x80, 0x88 };
static const uint8_t bitmap_3099[] = { 0x03, 0x00, 0x81, 0xFC, 0x7E, 0x00, 0x21, 0xF8, 0x3E, 0x20, 0x29, 0xE0, 0x0E, 0x00, 0xD4, 0xF4, 0x77, 0x5C, 0x54, 0x54, 0x75, 0x5C, 0x55, 0x54, 0x75, 0x56, 0x51, 0x94, 0xB2, 0x56, 0xAC, 0x22 };
static const uint8_t bitmap_3100[] = { 0x18, 0x5C, 0x4E, 0x68, 0x34, 0xD0, 0x25, 0x2C, 0x9E, 0x5A, 0x70, 0xE0, 0x4F, 0x3E, 0x72, 0xE0, 0x4E, 0x9E, 0x72, 0xE4, 0x4E, 0x84, 0x78, 0xA4, 0x8E, 0xA4, 0x78, 0xB0, 0x08, 0x4C, 0x09, 0x82 };
static const uint8_t bitmap_3101[] = { 0x03, 0x00, 0x01, 0x00, 0x21, 0xF8, 0x1F, 0x00, 0x01, 0x00, 0x01, 0x00, 0x81, 0xFE, 0x7F, 0x40, 0x14, 0x50, 0x14, 0x48, 0x24, 0x48, 0x44, 0x44, 0x88, 0x44, 0x09, 0x40, 0x10, 0xC0, 0x60, 0x80 };
static const uint8_t bitmap_3102[] = { 0x18, 0x20, 0x08, 0x20, 0x4E, 0x20, 0x38, 0x4E, 0x08, 0x78, 0x8F, 0x48, 0x75, 0xC8, 0x14, 0x28, 0x56, 0x28, 0x55, 0x10, 0x95, 0x10, 0xA5, 0x28, 0x24, 0x24, 0x54, 0x44, 0x8C, 0x82, 0x0B, 0x02 };
static const uint8_t bitmap_3103[] = { 0x18, 0x30, 0x08, 0x10, 0x4F, 0x1C, 0x38, 0xF0, 0x08, 0x10, 0x8F, 0x1E, 0x74, 0xE8, 0x16, 0x2C, 0x55, 0x6A, 0x55, 0xAA, 0x54, 0xAA, 0xA5, 0x48, 0x24, 0x48, 0x54, 0xA8, 0x8D, 0x18, 0x0A, 0x10 };
static const uint8_t bitmap_3104[] = { 0x03, 0x00, 0x01, 0x00, 0x41, 0xFC, 0x3F, 0x00, 0x01, 0x00, 0x01, 0x00, 0x81, 0xFE, 0x7F, 0x00, 0x01, 0x00, 0x19, 0x00, 0x09, 0xF8, 0x09, 0x00, 0x15, 0x00, 0x13, 0x00, 0x20, 0xC0, 0xC0, 0x3E };
static const uint8_t bitmap_3105[] = { 0x18, 0x60, 0x08, 0x20, 0x4F, 0x20, 0x38, 0x20, 0x08, 0x30, 0x8F, 0xA8, 0x78, 0x24, 0x08, 0x22, 0x6B, 0xA2, 0x2C, 0x20, 0x28, 0x20, 0x38, 0x20, 0x28, 0x20, 0x44, 0x20, 0x43, 0x00, 0x80, 0xFE };
static const uint8_t bitmap_3106[] = { 0x18, 0x00, 0x08, 0x0C, 0x4E, 0x04, 0x38, 0x84, 0x08, 0x44, 0x8F, 0x28, 0x78, 0x28, 0x08, 0x10, 0x6B, 0x10, 0x2C, 0x28, 0x28, 0x44, 0x38, 0x84, 0x29, 0x00, 0x44, 0x00, 0x43, 0x00, 0x80, 0xFE };
static const uint8_t bitmap_3107[] = { 0x18, 0x00, 0x09, 0x1C, 0x4E, 0xE0, 0x38, 0x20, 0x08, 0x20, 0x8E, 0x20, 0x7A, 0x3E, 0x09, 0xE0, 0x6E, 0x20, 0x28, 0x20, 0x28, 0x20, 0x28, 0x20, 0x38, 0x20, 0x48, 0x20, 0x46, 0x00, 0x81, 0xFE };
static const uint8_t bitmap_3108[] = { 0x18, 0x00, 0x09, 0x1C, 0x4E, 0xE8, 0x38, 0x08, 0x08, 0x08, 0x8F, 0x98, 0x78, 0xE8, 0x08, 0x80, 0x6B, 0x80, 0x2C, 0x80, 0x28, 0x84, 0x28, 0x84, 0x38, 0x44, 0x48, 0x3E, 0x46, 0x00, 0x81, 0xFE };
static const uint8_t bitmap_3109[] = { 0x18, 0x20, 0x08, 0x30, 0x4E, 0x48, 0x38, 0x44, 0x08, 0x92, 0x8F, 0x12, 0x78, 0x28, 0x08, 0xC8, 0x6B, 0x12, 0x2C, 0x22, 0x28, 0xC4, 0x28, 0x08, 0x38, 0x30, 0x44, 0xC0, 0x43, 0x00, 0x80, 0xFE };
static const uint8_t bitmap_3110[] = { 0x18, 0x00, 0x09, 0x1E, 0x4E, 0xE2, 0x38, 0x22, 0x08, 0x44, 0x8F, 0x54, 0x78, 0x88, 0x09, 0x9E, 0x6E, 0xE4, 0x28, 0x84, 0x28, 0x84, 0x28, 0x9C, 0x38, 0xE4, 0x48, 0x84, 0x46, 0x00, 0x81, 0xFE };
static const uint8_t bitmap_3111[] = { 0x18, 0x38, 0x08, 0x14, 0x4E, 0x12, 0x39, 0x9E, 0x08, 0xF0, 0x8F, 0x94, 0x78, 0x94, 0x08, 0x94, 0x6E, 0x88, 0x28, 0xA8, 0x28, 0xCA, 0x29, 0x96, 0x3B, 0x24, 0x48, 0xC6, 0x46, 0x00, 0x81, 0xFE };
static const uint8_t bitmap_3112[] = { 0x18, 0x40, 0x08, 0x40, 0x08, 0x5C, 0x4E, 0xE8, 0x38, 0x90, 0x09, 0x1E, 0x8E, 0xE4, 0x78, 0x04, 0x09, 0x1C, 0x6E, 0xE4, 0x28, 0x04, 0x28, 0x04, 0x39, 0x1C, 0x48, 0xE4, 0x46, 0x00, 0x81, 0xFE };
static const uint8_t bitmap_3113[] = { 0x18, 0x20, 0x09, 0x24, 0x4E, 0xA4, 0x38, 0xA8, 0x09, 0x3E, 0x8F, 0xC4, 0x79, 0x14, 0x09, 0x74, 0x6F, 0x54, 0x29, 0x54, 0x29, 0x74, 0x29, 0x54, 0x39, 0x0C, 0x49, 0x08, 0x46, 0x00, 0x81, 0xFE };
static const uint8_t bitmap_3114[] = { 0x18, 0x00, 0x0A, 0x78, 0x4D, 0xA0, 0x39, 0x66, 0x09, 0xBA, 0x8F, 0x24, 0x79, 0x74, 0x09, 0xA8, 0x6F, 0x2C, 0x29, 0x7A, 0x29, 0xAA, 0x2B, 0x32, 0x38, 0x20, 0x48, 0x20, 0x46, 0x00, 0x81, 0xFE };
static const uint8_t bitmap_3115[] = { 0x00, 0x00, 0x19, 0xF0, 0x0E, 0x20, 0x08, 0x20, 0x08, 0x20, 0x09, 0xE0, 0x0F, 0x20, 0x09, 0x00, 0x01, 0x00, 0x19, 0x78, 0x09, 0x80, 0x09, 0x00, 0x15, 0x00, 0x13, 0x00, 0x20, 0xC0, 0xC0, 0x3E };
static const uint8_t bitmap_3116[] = { 0x00, 0x10, 0xCD, 0xB8, 0x74, 0x90, 0x44, 0x90, 0x4C, 0x88, 0x74, 0x88, 0x10, 0x88, 0x10, 0x88, 0xDC, 0x84, 0x51, 0x04, 0x51, 0x04, 0x55, 0x02, 0x5A, 0x02, 0x62, 0x02, 0xC4, 0x02, 0x08, 0x02 };
static const uint8_t bitmap_3117[] = { 0x00, 0x30, 0xCE, 0x10, 0x74, 0x10, 0x44, 0x10, 0x4D, 0x90, 0x74, 0x96, 0x10, 0x98, 0x16, 0x90, 0xD8, 0x90, 0x50, 0x90, 0x50, 0x90, 0x56, 0x90, 0x58, 0x90, 0x62, 0x9E, 0xC1, 0xE0, 0x00, 0x00 };
static const uint8_t bitmap_3118[] = { 0x00, 0x0C, 0xCE, 0x10, 0x74, 0x60, 0x45, 0xA0, 0x4C, 0x20, 0x74, 0x20, 0x52, 0x3E, 0x11, 0xE0, 0xDC, 0x20, 0x50, 0x50, 0x50, 0x48, 0x50, 0x48, 0x5C, 0x84, 0x70, 0x84, 0xC1, 0x02, 0x02, 0x02 };
static const uint8_t bitmap_3119[] = { 0x00, 0xC0, 0xCE, 0x58, 0x74, 0x44, 0x44, 0x40, 0x4E, 0x7E, 0x75, 0xC0, 0x10, 0x5C, 0x10, 0x68, 0xDC, 0x48, 0x50, 0xA8, 0x50, 0x90, 0x55, 0x18, 0x5A, 0x24, 0x64, 0x44, 0xC8, 0x82, 0x03, 0x02 };
static const uint8_t bitmap_3120[] = { 0x00, 0x60, 0xCC, 0x20, 0x75, 0xA0, 0x44, 0xBC, 0x4C, 0xE0, 0x75, 0x20, 0x11, 0x20, 0x16, 0x3E, 0xD9, 0xE0, 0x50, 0x20, 0x50, 0x50, 0x56, 0x48, 0x58, 0x84, 0x60, 0x84, 0xC1, 0x02, 0x06, 0x02 };
static const uint8_t bitmap_3121[] = { 0x01, 0x00, 0xCD, 0x00, 0x75, 0x3C, 0x45, 0xC8, 0x4D, 0x08, 0x72, 0x68, 0x15, 0xA8, 0x11, 0x28, 0xDD, 0x68, 0x51, 0x88, 0x51, 0x50, 0x55, 0x30, 0x59, 0x20, 0x61, 0x04, 0xC0, 0x84, 0x00, 0x7E };
static const uint8_t bitmap_3122[] = { 0x00, 0x60, 0xCE, 0x20, 0x74, 0x20, 0x47, 0x3E, 0x4D, 0xE4, 0x75, 0x28, 0x11, 0x20, 0x15, 0x3C, 0xD9, 0xC8, 0x51, 0x48, 0x55, 0x30, 0x5A, 0x10, 0x52, 0x28, 0x64, 0x44, 0xC8, 0x82, 0x03, 0x02 };
static const uint8_t bitmap_3123[] = { 0x00, 0x00, 0xCF, 0x1C, 0x75, 0xE0, 0x45, 0x00, 0x45, 0x00, 0x5D, 0x1C, 0x71, 0xE8, 0x11, 0x08, 0xD7, 0x08, 0x59, 0x38, 0x51, 0xC8, 0x51, 0x00, 0x57, 0x00, 0x59, 0x3E, 0xE1, 0xC0, 0x81, 0x00 };
static const uint8_t bitmap_3124[] = { 0x00, 0x00, 0xCF, 0x3C, 0x75, 0xC8, 0x45, 0x38, 0x4D, 0xC8, 0x75, 0x08, 0x11, 0x38, 0x11, 0xC4, 0xDD, 0x24, 0x51, 0x28, 0x51, 0x10, 0x55, 0x08, 0x59, 0x68, 0x61, 0x84, 0xC6, 0x02, 0x00, 0x02 };
static const uint8_t bitmap_3125[] = { 0x00, 0x60, 0xCE, 0x20, 0x74, 0x20, 0x46, 0x3E, 0x4D, 0xD0, 0x74, 0x88, 0x50, 0x84, 0x1D, 0x4A, 0xD1, 0x2A, 0x52, 0x10, 0x50, 0x10, 0x54, 0x28, 0x58, 0x44, 0x60, 0x84, 0xC1, 0x02, 0x06, 0x02 };
static const uint8_t bitmap_3126[] = { 0x00, 0x60, 0xCC, 0x20, 0x76, 0x3E, 0x45, 0xD0, 0x4C, 0x48, 0x74, 0xBC, 0x51, 0xC2, 0x16, 0x3E, 0xD5, 0xC0, 0x58, 0x40, 0x50, 0xBC, 0x56, 0xC4, 0x59, 0x04, 0x70, 0x28, 0xC0, 0x18, 0x00, 0x10 };
static const uint8_t bitmap_3127[] = { 0x00, 0x80, 0x9C, 0x80, 0xE8, 0xF8, 0x89, 0x90, 0x9A, 0x3E, 0xEB, 0xC0, 0x26, 0x00, 0x2A, 0x9C, 0xB2, 0xE8, 0xA2, 0x88, 0xA2, 0xA8, 0xAA, 0x98, 0xB4, 0x90, 0xE4, 0x84, 0x88, 0x44, 0x00, 0x3E };
static const uint8_t bitmap_3128[] = { 0x00, 0x40, 0xDE, 0x40, 0x64, 0x5C, 0x44, 0xE8, 0x44, 0x88, 0x5D, 0x50, 0x76, 0x20, 0x10, 0x58, 0xD6, 0x84, 0x59, 0xBA, 0x52, 0xC8, 0x52, 0x88, 0x5C, 0x88, 0x70, 0xB8, 0xC0, 0xC8, 0x00, 0x88 };
static const uint8_t bitmap_3129[] = { 0x01, 0xA0, 0xCE, 0xA0, 0x74, 0xA4, 0x44, 0xA4, 0x4E, 0xA8, 0x75, 0xB0, 0x50, 0xA0, 0x10, 0xB8, 0xDC, 0xA4, 0x51, 0xA2, 0x56, 0xA2, 0x50, 0xA0, 0x5D, 0x24, 0x71, 0x24, 0xC2, 0x24, 0x0C, 0x1E };
static const uint8_t bitmap_3130[] = { 0x00, 0xD8, 0xDE, 0x44, 0x64, 0x42, 0x46, 0x7C, 0x4D, 0xC0, 0x74, 0x40, 0x52, 0x5E, 0x11, 0xE0, 0xDC, 0x44, 0x50, 0x24, 0x50, 0x28, 0x52, 0x28, 0x5C, 0x12, 0x70, 0x2A, 0xC0, 0xCC, 0x03, 0x06 };
static const uint8_t bitmap_3131[] = { 0x01, 0x80, 0xDE, 0x80, 0x64, 0xBC, 0x47, 0xC8, 0x4C, 0x50, 0x74, 0x50, 0x50, 0x24, 0x16, 0x54, 0xD9, 0x8E, 0x50, 0x00, 0x54, 0x7C, 0x53, 0xA0, 0x5C, 0xA0, 0x70, 0xA4, 0xC1, 0x24, 0x06, 0x1E };
static const uint8_t bitmap_3132[] = { 0x00, 0x00, 0xCE, 0xB8, 0x74, 0xD0, 0x44, 0x90, 0x4C, 0x90, 0x74, 0x90, 0x51, 0x0E, 0x16, 0x60, 0xD8, 0x20, 0x52, 0x3E, 0x51, 0xF0, 0x54, 0x68, 0x58, 0xA4, 0x61, 0x22, 0xC6, 0x22, 0x00, 0x20 };
static const uint8_t bitmap_3133[] = { 0x00, 0x00, 0xDD, 0x3C, 0x64, 0xC8, 0x44, 0x50, 0x4F, 0x3E, 0x75, 0xE4, 0x51, 0x24, 0x11, 0x3C, 0xDD, 0xE4, 0x51, 0x24, 0x51, 0x3C, 0x53, 0xE4, 0x5D, 0x24, 0x71, 0x34, 0xC1, 0x2C, 0x01, 0x28 };
static const uint8_t bitmap_3134[] = { 0x00, 0x64, 0xDC, 0x24, 0x66, 0xE8, 0x45, 0x70, 0x4C, 0xA8, 0x74, 0xA4, 0x51, 0x22, 0x16, 0x60, 0xDD, 0x3E, 0x51, 0xC4, 0x51, 0x3C, 0x51, 0xC4, 0x5D, 0x04, 0x71, 0x3C, 0xC1, 0xC4, 0x01, 0x04 };
static const uint8_t bitmap_3135[] = { 0x00, 0x00, 0xCD, 0x3C, 0x75, 0xC8, 0x45, 0x38, 0x4D, 0xC8, 0x75, 0x38, 0x11, 0xC8, 0x10, 0x80, 0xDC, 0xBE, 0x51, 0xEA, 0x52, 0x4A, 0x54, 0x92, 0x5B, 0x22, 0x60, 0x54, 0xC1, 0x8C, 0x00, 0x08 };
static const uint8_t bitmap_3136[] = { 0x00, 0x0C, 0xCC, 0x30, 0x75, 0xC4, 0x46, 0x44, 0x4D, 0x28, 0x74, 0x80, 0x10, 0x20, 0x12, 0x3E, 0xDD, 0xE0, 0x50, 0x70, 0x50, 0xA8, 0x54, 0xA4, 0x59, 0x22, 0x62, 0x22, 0xC4, 0x20, 0x00, 0x20 };
static const uint8_t bitmap_3137[] = { 0x00, 0x60, 0xCE, 0x20, 0x75, 0x3E, 0x45, 0xE4, 0x4E, 0x00, 0x75, 0x38, 0x10, 0xC0, 0x16, 0x00, 0xDA, 0x3E, 0x51, 0xE0, 0x52, 0x28, 0x55, 0x24, 0x59, 0x22, 0x62, 0xA2, 0xC4, 0x60, 0x00, 0x40 };
static const uint8_t bitmap_3138[] = { 0x00, 0x60, 0xCF, 0x3E, 0x75, 0xE8, 0x45, 0x48, 0x4D, 0x5E, 0x75, 0xE8, 0x11, 0x58, 0x11, 0x68, 0xDD, 0x40, 0x51, 0x1C, 0x51, 0xE4, 0x55, 0x48, 0x5A, 0x30, 0x62, 0x28, 0xC4, 0x44, 0x09, 0x82 };
static const uint8_t bitmap_3139[] = { 0x00, 0x00, 0xCD, 0x1C, 0x74, 0xE8, 0x44, 0x50, 0x4E, 0x3E, 0x75, 0xE4, 0x10, 0xA8, 0x16, 0xA0, 0xD9, 0x60, 0x52, 0x3E, 0x51, 0xE0, 0x54, 0x70, 0x58, 0xA8, 0x61, 0x24, 0xC6, 0x22, 0x00, 0x20 };
static const uint8_t bitmap_3140[] = { 0x00, 0x60, 0xCE, 0x20, 0x75, 0x3C, 0x45, 0xC8, 0x4C, 0x90, 0x76, 0xBE, 0x13, 0xE4, 0x12, 0x28, 0xDD, 0x3E, 0x51, 0xE4, 0x53, 0x24, 0x5D, 0x34, 0x71, 0x2C, 0xC1, 0x28, 0x00, 0x20, 0x00, 0x20 };
static const uint8_t bitmap_3141[] = { 0x00, 0x0C, 0xCE, 0x30, 0x75, 0xC4, 0x46, 0x24, 0x4D, 0x28, 0x75, 0x40, 0x10, 0xBE, 0x13, 0x84, 0xDD, 0x04, 0x51, 0x3C, 0x51, 0x84, 0x57, 0x04, 0x59, 0x04, 0x61, 0x3C, 0xC1, 0xC4, 0x01, 0x04 };
static const uint8_t bitmap_3142[] = { 0x00, 0x00, 0xCD, 0x3C, 0x75, 0xC8, 0x45, 0x38, 0x4D, 0xC8, 0x75, 0x38, 0x11, 0xC8, 0x14, 0x46, 0xD3, 0xFA, 0x52, 0x62, 0x51, 0x56, 0x54, 0xCA, 0x59, 0x52, 0x66, 0x6A, 0xC0, 0xC6, 0x00, 0x84 };
static const uint8_t bitmap_3143[] = { 0x00, 0x22, 0x9A, 0x22, 0xEA, 0x3E, 0x8B, 0xC0, 0x98, 0x36, 0xE2, 0xDA, 0x23, 0x52, 0x26, 0x56, 0xBA, 0xDA, 0xA3, 0x56, 0xA2, 0xDA, 0xAF, 0x52, 0xB2, 0x52, 0xE5, 0x5A, 0x84, 0xE6, 0x08, 0xA4 };
static const uint8_t bitmap_3144[] = { 0x00, 0x48, 0xCD, 0xC8, 0x76, 0x52, 0x45, 0xB2, 0x4C, 0x8C, 0x75, 0x74, 0x13, 0x82, 0x15, 0x7A, 0xDD, 0x90, 0x51, 0x10, 0x51, 0x70, 0x55, 0x90, 0x59, 0x20, 0x64, 0xBE, 0xC3, 0xC0, 0x00, 0x00 };
static const uint8_t bitmap_3145[] = { 0x01, 0x08, 0xCC, 0x88, 0x74, 0x90, 0x44, 0x3E, 0x4F, 0xC4, 0x72, 0x54, 0x13, 0x64, 0x16, 0x7C, 0xDB, 0xC4, 0x51, 0x38, 0x51, 0xC8, 0x55, 0x38, 0x59, 0xC8, 0x61, 0x38, 0xC1, 0xC8, 0x01, 0x08 };
static const uint8_t bitmap_3146[] = { 0x00, 0x90, 0xCE, 0x7E, 0x75, 0xD0, 0x46, 0x7C, 0x4D, 0xD4, 0x75, 0x54, 0x11, 0xBC, 0x15, 0xC4, 0xD9, 0x3C, 0x51, 0xC8, 0x52, 0x3E, 0x55, 0xC8, 0x59, 0x08, 0x60, 0xA8, 0xC0, 0x98, 0x00, 0x10 };
static const uint8_t bitmap_3147[] = { 0x00, 0x00, 0xCC, 0xB8, 0x74, 0xC8, 0x44, 0xB8, 0x4C, 0xC8, 0x72, 0xD6, 0x13, 0x5A, 0x16, 0xD6, 0xDB, 0x5A, 0x52, 0x20, 0x52, 0x7E, 0x55, 0xB0, 0x58, 0x68, 0x60, 0xA4, 0xC1, 0x22, 0x06, 0x22 };
static const uint8_t bitmap_3148[] = { 0x00, 0x48, 0x9E, 0x5E, 0xE9, 0xE8, 0x8A, 0x4E, 0x99, 0x32, 0xE9, 0x52, 0x26, 0x52, 0x2A, 0xBA, 0xB2, 0xE2, 0xA3, 0xBA, 0xA6, 0xE2, 0xAA, 0xBA, 0xB2, 0xE2, 0xE2, 0xBA, 0x82, 0xC6, 0x02, 0x04 };
static const uint8_t bitmap_3149[] = { 0x01, 0x00, 0x1B, 0xF0, 0x0E, 0x20, 0x08, 0x20, 0x09, 0xE2, 0x0E, 0x22, 0x09, 0xE4, 0x0E, 0x28, 0x08, 0x28, 0x49, 0xF0, 0x3E, 0x20, 0x00, 0xE0, 0x03, 0x20, 0x0C, 0xA0, 0x70, 0x60, 0x00, 0x40 };
static const uint8_t bitmap_3150[] = { 0x10, 0x00, 0x31, 0x1C, 0xCE, 0xE8, 0x74, 0x08, 0x4C, 0x08, 0x75, 0xB8, 0x4C, 0xC8, 0x74, 0x80, 0x4C, 0xBE, 0x75, 0xC4, 0xCD, 0x04, 0x14, 0x04, 0x24, 0x04, 0x54, 0x28, 0x8C, 0x18, 0x08, 0x10 };
static const uint8_t bitmap_3151[] = { 0x10, 0x00, 0x23, 0x1C, 0xDD, 0xE0, 0x65, 0x08, 0x5D, 0x08, 0x65, 0x88, 0x5D, 0x50, 0x65, 0x30, 0x5D, 0x10, 0x65, 0x28, 0xDD, 0x44, 0x15, 0x84, 0x25, 0x00, 0x55, 0x1E, 0x8D, 0xE0, 0x09, 0x00 };
static const uint8_t bitmap_3152[] = { 0x10, 0x00, 0x30, 0xB8, 0xCE, 0xD0, 0x74, 0x90, 0x4C, 0x90, 0x74, 0x90, 0x4D, 0x0E, 0x76, 0x60, 0x4C, 0x20, 0x76, 0x3E, 0xCD, 0xF0, 0x14, 0x68, 0x24, 0xA4, 0x55, 0x22, 0x8E, 0x22, 0x08, 0x20 };
static const uint8_t bitmap_3153[] = { 0x10, 0x64, 0x31, 0x24, 0xCC, 0xA8, 0x74, 0xA0, 0x4D, 0x3E, 0x75, 0xE2, 0x4D, 0x02, 0x75, 0x5A, 0x4D, 0x6A, 0x75, 0x4A, 0xCD, 0x4A, 0x15, 0x5A, 0x25, 0x6A, 0x55, 0x4A, 0x8D, 0x06, 0x09, 0x04 };
static const uint8_t bitmap_3154[] = { 0x02, 0x00, 0x02, 0x00, 0x02, 0x00, 0x84, 0xFE, 0x7F, 0x00, 0x08, 0x00, 0x0B, 0x00, 0x11, 0xF8, 0x3F, 0x00, 0x21, 0x00, 0x01, 0x00, 0x81, 0xFE, 0x7F, 0x00, 0x01, 0x00, 0x01, 0x00, 0x01, 0x00 };
static const uint8_t bitmap_3155[] = { 0x08, 0x60, 0x08, 0x20, 0x08, 0x20, 0x8F, 0xA0, 0x78, 0x20, 0x14, 0x20, 0x14, 0x20, 0x27, 0xA0, 0x7C, 0x20, 0x44, 0x20, 0x05, 0xA0, 0x0E, 0x24, 0xF4, 0x24, 0x04, 0x24, 0x04, 0x24, 0x04, 0x1E };
static const uint8_t bitmap_3156[] = { 0x10, 0xC0, 0x10, 0x40, 0x10, 0x40, 0x9E, 0x40, 0x71, 0x78, 0x28, 0xD0, 0x28, 0x50, 0x4E, 0x50, 0x78, 0x50, 0x48, 0x50, 0x0A, 0x50, 0x1C, 0x90, 0xE8, 0x94, 0x09, 0x14, 0x0A, 0x14, 0x0C, 0x0E };
static const uint8_t bitmap_3157[] = { 0x10, 0x00, 0x10, 0x8C, 0x10, 0x70, 0x9E, 0x10, 0x70, 0x10, 0x28, 0x10, 0x29, 0x1E, 0x4E, 0xF0, 0x78, 0x10, 0x48, 0x10, 0x0A, 0x10, 0x1C, 0x10, 0xE8, 0x10, 0x08, 0x10, 0x08, 0x10, 0x08, 0x10 };
static const uint8_t bitmap_3158[] = { 0x10, 0x20, 0x10, 0x20, 0x10, 0x20, 0x9E, 0x3C, 0x71, 0xE0, 0x28, 0x20, 0x2A, 0x3E, 0x4D, 0xC0, 0x78, 0x40, 0x48, 0xFC, 0x0A, 0x88, 0x1C, 0x10, 0xE8, 0xD0, 0x08, 0x20, 0x08, 0x10, 0x08, 0x10 };
static const uint8_t bitmap_3159[] = { 0x10, 0x20, 0x10, 0x20, 0x10, 0x50, 0x9E, 0x48, 0x70, 0x84, 0x29, 0x04, 0x2A, 0x82, 0x4E, 0x8A, 0x78, 0x90, 0x48, 0xE0, 0x0A, 0x80, 0x1C, 0x84, 0xE8, 0x84, 0x08, 0x44, 0x08, 0x3E, 0x08, 0x00 };
static const uint8_t bitmap_3160[] = { 0x10, 0x40, 0x10, 0x40, 0x10, 0x40, 0x9E, 0x5E, 0x70, 0xE4, 0x28, 0x88, 0x29, 0x70, 0x4E, 0x20, 0x78, 0x20, 0x48, 0x30, 0x0A, 0x48, 0x1C, 0x48, 0xE8, 0x44, 0x08, 0x84, 0x09, 0x02, 0x0A, 0x02 };
static const uint8_t bitmap_3161[] = { 0x02, 0x00, 0x02, 0x00, 0x45, 0xFC, 0x3E, 0x00, 0x09, 0x00, 0x11, 0xF8, 0x3F, 0x00, 0x81, 0xFE, 0x7F, 0x00, 0x01, 0x00, 0x4F, 0x3C, 0x32, 0xC8, 0x14, 0x50, 0x0C, 0x30, 0x32, 0x4C, 0xC1, 0x82 };
static const uint8_t bitmap_3162[] = { 0x10, 0x30, 0x10, 0x10, 0x10, 0x10, 0x9E, 0x9E, 0x70, 0xF2, 0x28, 0x92, 0x28, 0x92, 0x4E, 0x92, 0x78, 0x9E, 0x48, 0xF2, 0x0A, 0x92, 0x1C, 0x92, 0xE8, 0x92, 0x08, 0x9E, 0x08, 0xE2, 0x08, 0x82 };
static const uint8_t bitmap_3163[] = { 0x10, 0x00, 0x11, 0x3C, 0x10, 0xC8, 0x9E, 0x08, 0x70, 0x10, 0x28, 0x28, 0x28, 0xC4, 0x4F, 0x02, 0x78, 0x02, 0x49, 0x3C, 0x0A, 0xE0, 0x1C, 0x20, 0xE8, 0x20, 0x0A, 0x3E, 0x09, 0xC0, 0x08, 0x00 };
static const uint8_t bitmap_3164[] = { 0x18, 0xD8, 0x4F, 0x44, 0x38, 0x44, 0x8F, 0xFE, 0x78, 0x40, 0x08, 0x40, 0x97, 0xA8, 0x78, 0x28, 0x14, 0x28, 0x27, 0x28, 0x7C, 0x10, 0x45, 0x92, 0x0E, 0x2A, 0xF4, 0x4C, 0x04, 0x86, 0x07, 0x02 };
static const uint8_t bitmap_3165[] = { 0x10, 0x08, 0x10, 0x30, 0x13, 0xC0, 0x9C, 0x40, 0x72, 0x5E, 0x29, 0xE0, 0x28, 0x50, 0x4C, 0x88, 0x7B, 0xB4, 0x48, 0x92, 0x0A, 0x90, 0x1C, 0x90, 0xE9, 0x10, 0x09, 0x10, 0x0A, 0x10, 0x0C, 0x10 };
static const uint8_t bitmap_3166[] = { 0x10, 0x60, 0x10, 0x20, 0x12, 0x3E, 0x9D, 0xD0, 0x70, 0x48, 0x28, 0x84, 0x29, 0x4A, 0x4E, 0x28, 0x78, 0x28, 0x48, 0x10, 0x0B, 0x10, 0x1C, 0x28, 0xE8, 0x24, 0x08, 0x44, 0x08, 0x82, 0x09, 0x02 };
static const uint8_t bitmap_3167[] = { 0x10, 0x64, 0x10, 0x22, 0x12, 0x3E, 0x9D, 0xE0, 0x70, 0x20, 0x2B, 0x3E, 0x29, 0xE4, 0x4F, 0x3C, 0x79, 0xE4, 0x49, 0x24, 0x0B, 0x3C, 0x1D, 0xE4, 0xE9, 0x24, 0x09, 0x34, 0x09, 0x2C, 0x09, 0x28 };
static const uint8_t bitmap_3168[] = { 0x10, 0x00, 0x12, 0x3E, 0x11, 0xD0, 0x9E, 0x50, 0x70, 0x50, 0x29, 0x7E, 0x29, 0xD4, 0x4F, 0x54, 0x79, 0x54, 0x49, 0xAC, 0x0B, 0xAC, 0x1D, 0x24, 0xE9, 0x44, 0x09, 0x14, 0x09, 0x0C, 0x09, 0x08 };
static const uint8_t bitmap_3169[] = { 0x0C, 0xC0, 0x84, 0x7E, 0x7C, 0x40, 0x84, 0x7C, 0x7C, 0x40, 0x84, 0x7E, 0x7E, 0x40, 0x45, 0xFC, 0x3E, 0x00, 0x09, 0x00, 0x11, 0xF0, 0x3F, 0x00, 0x81, 0xFE, 0x7F, 0x00, 0x01, 0x00, 0x01, 0x00 };
static const uint8_t bitmap_3170[] = { 0x30, 0x00, 0x15, 0x1E, 0x95, 0xE4, 0x59, 0x48, 0x52, 0x5C, 0x11, 0xE0, 0x9C, 0x80, 0x68, 0xA0, 0x29, 0x3C, 0x29, 0xE0, 0x2A, 0x20, 0x2C, 0x3E, 0x4B, 0xE0, 0x40, 0x20, 0x80, 0x20, 0x00, 0x20 };
static const uint8_t bitmap_3171[] = { 0x10, 0x00, 0x12, 0x1E, 0x11, 0xE0, 0x9E, 0x9C, 0x70, 0xE4, 0x28, 0x9C, 0x28, 0xE4, 0x4E, 0x80, 0x79, 0x3E, 0x49, 0xE2, 0x0B, 0x3E, 0x1D, 0xE2, 0xE9, 0x22, 0x09, 0x3E, 0x09, 0xC2, 0x09, 0x02 };
static const uint8_t bitmap_3172[] = { 0x10, 0x00, 0x11, 0xBC, 0x10, 0xC8, 0x9E, 0xB8, 0x70, 0xC0, 0x2A, 0x3E, 0x29, 0xC8, 0x4E, 0xB8, 0x78, 0xC8, 0x48, 0xB8, 0x0A, 0xCE, 0x1C, 0x98, 0xE8, 0xE8, 0x0B, 0x88, 0x08, 0x08, 0x08, 0x08 };
static const uint8_t bitmap_3173[] = { 0x20, 0x40, 0x20, 0x60, 0x20, 0x90, 0xBC, 0x88, 0x61, 0x34, 0x52, 0xC2, 0x54, 0x0C, 0x9A, 0xD4, 0xF3, 0x54, 0x92, 0xD4, 0x17, 0x54, 0x3A, 0xD4, 0xD3, 0x44, 0x12, 0x54, 0x12, 0xCC, 0x12, 0x48 };
static const uint8_t bitmap_3174[] = { 0x10, 0x60, 0x10, 0x20, 0x11, 0x3E, 0x9F, 0xE4, 0x71, 0x3C, 0x2A, 0xE0, 0x29, 0x3C, 0x4E, 0xE0, 0x7A, 0x3E, 0x49, 0xE0, 0x0A, 0xBC, 0x1C, 0xC8, 0xE8, 0x88, 0x08, 0xB8, 0x08, 0xC8, 0x08, 0x88 };
static const uint8_t bitmap_3175[] = { 0x10, 0x00, 0x13, 0x1C, 0x11, 0xE4, 0x9F, 0x1C, 0x71, 0xE8, 0x29, 0x48, 0x29, 0x5C, 0x4F, 0xE8, 0x79, 0x48, 0x4B, 0x5E, 0x0D, 0xE4, 0x3A, 0x94, 0xCA, 0x98, 0x0C, 0xA4, 0x08, 0xC4, 0x0B, 0x02 };
static const uint8_t bitmap_3176[] = { 0x23, 0x10, 0x21, 0x10, 0x25, 0xF0, 0xBB, 0x16, 0x61, 0xBC, 0x52, 0xA4, 0x57, 0x64, 0x98, 0x14, 0xF2, 0xD4, 0x93, 0x48, 0x16, 0xC8, 0x3B, 0x54, 0xD2, 0xD4, 0x13, 0x52, 0x12, 0xE2, 0x12, 0x42 };
static const uint8_t bitmap_3177[] = { 0x03, 0x00, 0x01, 0x00, 0x41, 0xFC, 0x3F, 0x20, 0x08, 0x40, 0x04, 0x40, 0x84, 0xFE, 0x7F, 0x00, 0x01, 0x00, 0x01, 0x00, 0x41, 0xFC, 0x3F, 0x00, 0x01, 0x00, 0x01, 0x00, 0x01, 0x00, 0x01, 0x00 };
static const uint8_t bitmap_3178[] = { 0x03, 0x00, 0x81, 0xFE, 0x7F, 0x00, 0x09, 0xF0, 0x0E, 0x20, 0x09, 0xE0, 0x0F, 0x00, 0x41, 0xFC, 0x3F, 0x20, 0x04, 0x40, 0x85, 0xFE, 0x7F, 0x00, 0x41, 0xFC, 0x3F, 0x00, 0x01, 0x00, 0x01, 0x00 };
static const uint8_t bitmap_3179[] = { 0x06, 0x60, 0x08, 0x20, 0x32, 0x3C, 0xD1, 0xC8, 0x10, 0x88, 0x9E, 0x50, 0x72, 0x5E, 0x11, 0xE0, 0x10, 0x20, 0xDF, 0x3C, 0x74, 0xE0, 0x44, 0x20, 0x44, 0x20, 0x4C, 0x20, 0x74, 0x20, 0x44, 0x20 };
static const uint8_t bitmap_3180[] = { 0x00, 0x60, 0xCE, 0x20, 0x75, 0x3C, 0x44, 0xC8, 0x4C, 0x88, 0x74, 0x50, 0x42, 0x5E, 0x41, 0xE0, 0x4E, 0x20, 0x74, 0x20, 0x65, 0x3C, 0xA4, 0xE0, 0xAC, 0x20, 0x34, 0x20, 0x24, 0x20, 0x20, 0x20 };
static const uint8_t bitmap_3181[] = { 0x30, 0x60, 0x10, 0x20, 0x9E, 0x3E, 0x65, 0xE0, 0x44, 0x20, 0x29, 0x3E, 0xAF, 0xE4, 0x71, 0x24, 0x11, 0x3C, 0x9D, 0xE4, 0x71, 0x70, 0x10, 0xA8, 0x11, 0x24, 0x22, 0x22, 0x2C, 0x22, 0x40, 0x20 };
static const uint8_t bitmap_3182[] = { 0x61, 0x98, 0x20, 0x88, 0xB8, 0xAE, 0x48, 0x92, 0x8A, 0xA2, 0x52, 0x94, 0x5A, 0xD6, 0xE2, 0xB8, 0x24, 0x88, 0x24, 0xCE, 0xB8, 0xB8, 0x61, 0x08, 0x21, 0x08, 0x41, 0x08, 0x42, 0x08, 0x84, 0x08 };
static const uint8_t bitmap_3183[] = { 0x60, 0x18, 0x24, 0x08, 0xBA, 0x4E, 0x69, 0x32, 0x89, 0x22, 0x50, 0x14, 0x5B, 0x56, 0xE5, 0x38, 0x21, 0x08, 0x21, 0x08, 0xB9, 0x4E, 0x61, 0x38, 0x21, 0x48, 0x41, 0x88, 0x43, 0x08, 0x80, 0x08 };
static const uint8_t bitmap_3184[] = { 0x61, 0x18, 0x21, 0x08, 0xBA, 0x4E, 0xCA, 0xB2, 0x8A, 0xA4, 0x57, 0x14, 0x59, 0x56, 0xE2, 0x38, 0x23, 0x88, 0x3E, 0x4E, 0xE0, 0x38, 0x20, 0x88, 0x23, 0x08, 0x4C, 0x08, 0x40, 0x08, 0x80, 0x08 };
static const uint8_t bitmap_3185[] = { 0x00, 0x00, 0x60, 0xFC, 0x3F, 0x00, 0x28, 0xF8, 0x27, 0x00, 0x20, 0x00, 0x20, 0xFC, 0x3F, 0x08, 0x25, 0x08, 0x24, 0x90, 0x24, 0x50, 0x24, 0x20, 0x44, 0x10, 0x45, 0x88, 0x86, 0x04, 0x38, 0x02 };
static const uint8_t bitmap_3186[] = { 0x00, 0x00, 0x60, 0xFC, 0x3F, 0x00, 0x28, 0xF8, 0x27, 0x00, 0x20, 0xFE, 0x3F, 0x44, 0x24, 0xB8, 0x45, 0x6C, 0x46, 0x22, 0x98, 0xFE, 0x7F, 0x20, 0x08, 0x20, 0x06, 0xA0, 0x00, 0x60, 0x00, 0x40 };
static const uint8_t bitmap_3187[] = { 0x01, 0x80, 0x00, 0x80, 0x40, 0x80, 0x30, 0x80, 0x04, 0xBC, 0x03, 0xC8, 0x00, 0x88, 0xB0, 0x88, 0x50, 0x88, 0x21, 0x08, 0x41, 0x08, 0x32, 0x50, 0x24, 0x30, 0xF0, 0x20, 0x0E, 0x00, 0x01, 0xFE };
static const uint8_t bitmap_3188[] = { 0x00, 0x00, 0x08, 0x1E, 0x47, 0xE4, 0x31, 0x08, 0x00, 0x90, 0x00, 0x50, 0x00, 0x20, 0xB0, 0x20, 0x50, 0x20, 0x20, 0x20, 0x40, 0x20, 0x30, 0xA0, 0x20, 0x60, 0xF0, 0x40, 0x0E, 0x00, 0x01, 0xFE };
static const uint8_t bitmap_3189[] = { 0x00, 0xC0, 0x00, 0x40, 0x40, 0x40, 0x30, 0x40, 0x04, 0x7E, 0x03, 0xC0, 0x00, 0x60, 0xB0, 0x50, 0x50, 0x50, 0x20, 0x88, 0x40, 0x84, 0x31, 0x04, 0x26, 0x02, 0xF0, 0x02, 0x0E, 0x00, 0x01, 0xFE };
static const uint8_t bitmap_3190[] = { 0x00, 0x08, 0x40, 0x30, 0x33, 0xC0, 0x00, 0x40, 0x00, 0x40, 0x00, 0x40, 0x08, 0x7E, 0xB7, 0xC0, 0x50, 0x40, 0x10, 0x40, 0x20, 0x40, 0x10, 0x40, 0x20, 0x40, 0xD8, 0x40, 0x06, 0x00, 0x01, 0xFE };
static const uint8_t bitmap_3191[] = { 0x00, 0x00, 0x42, 0x1C, 0x31, 0xE0, 0x00, 0x20, 0x00, 0x20, 0x00, 0x20, 0x04, 0x3E, 0xB3, 0xE0, 0x50, 0x20, 0x10, 0x20, 0x20, 0x20, 0x10, 0xA0, 0x20, 0x60, 0xD8, 0x40, 0x06, 0x00, 0x01, 0xFE };
static const uint8_t bitmap_3192[] = { 0x01, 0x00, 0x01, 0x00, 0x41, 0x3C, 0x33, 0xC0, 0x02, 0x00, 0x04, 0x70, 0x0B, 0xA0, 0xB0, 0x40, 0x50, 0x80, 0x21, 0x08, 0x62, 0x08, 0x12, 0x08, 0x21, 0xFC, 0xD8, 0x00, 0x06, 0x00, 0x01, 0xFE };
static const uint8_t bitmap_3193[] = { 0x00, 0x00, 0x04, 0x78, 0x43, 0x90, 0x30, 0x90, 0x00, 0x90, 0x00, 0x90, 0x04, 0xF0, 0xB3, 0x90, 0x50, 0x92, 0x20, 0x8A, 0x40, 0x8A, 0x30, 0x84, 0x20, 0x86, 0xE0, 0x82, 0x1C, 0x00, 0x03, 0xFE };
static const uint8_t bitmap_3194[] = { 0x00, 0x30, 0x40, 0x10, 0x30, 0x10, 0x04, 0x3E, 0x03, 0xD0, 0x02, 0x10, 0x01, 0x10, 0xB0, 0x90, 0x50, 0x90, 0x10, 0x10, 0x20, 0x10, 0x10, 0x50, 0x20, 0x30, 0xD8, 0x20, 0x06, 0x00, 0x01, 0xFE };
static const uint8_t bitmap_3195[] = { 0x00, 0x00, 0x44, 0x3C, 0x33, 0xC0, 0x00, 0x80, 0x00, 0x80, 0x00, 0x9C, 0x00, 0xE8, 0xB0, 0x88, 0x51, 0x08, 0x11, 0x08, 0x22, 0x08, 0x14, 0x50, 0x20, 0x30, 0xD8, 0x20, 0x06, 0x00, 0x01, 0xFE };
static const uint8_t bitmap_3196[] = { 0x00, 0x40, 0x00, 0x40, 0x46, 0xEE, 0x33, 0x34, 0x02, 0x24, 0x02, 0x24, 0x02, 0x24, 0xB2, 0x24, 0x52, 0x34, 0x22, 0xAC, 0x43, 0x28, 0x2E, 0x20, 0x20, 0x20, 0xF0, 0x20, 0x0C, 0x00, 0x03, 0xFE };
static const uint8_t bitmap_3197[] = { 0x00, 0x00, 0x02, 0x38, 0x41, 0xC0, 0x30, 0x00, 0x00, 0x00, 0x04, 0x3C, 0x03, 0xC0, 0xB0, 0x80, 0x50, 0x90, 0x21, 0x08, 0x41, 0x38, 0x32, 0xC4, 0x27, 0x04, 0xF0, 0x00, 0x0E, 0x00, 0x01, 0xFE };
static const uint8_t bitmap_3198[] = { 0x00, 0x18, 0x00, 0x20, 0x46, 0xC0, 0x33, 0x00, 0x02, 0x00, 0x02, 0x1E, 0x03, 0xE0, 0xB2, 0x20, 0x52, 0x20, 0x22, 0x20, 0x44, 0x20, 0x34, 0x20, 0x28, 0x20, 0xF0, 0x20, 0x0E, 0x00, 0x01, 0xFE };
static const uint8_t bitmap_3199[] = { 0x00, 0x18, 0x00, 0x20, 0x46, 0xC0, 0x33, 0x00, 0x02, 0x00, 0x02, 0x38, 0x03, 0xC8, 0xB2, 0x90, 0x52, 0x50, 0x22, 0x20, 0x44, 0x30, 0x34, 0x48, 0x28, 0x88, 0xF3, 0x04, 0x0E, 0x00, 0x01, 0xFE };
static const uint8_t bitmap_3200[] = { 0x00, 0x00, 0x04, 0x1C, 0x43, 0xE0, 0x30, 0x20, 0x00, 0x20, 0x00, 0x40, 0x00, 0xD0, 0xB1, 0x48, 0x52, 0x44, 0x2C, 0x44, 0x40, 0x40, 0x30, 0x40, 0x20, 0x40, 0xF8, 0x40, 0x06, 0x00, 0x01, 0xFE };
static const uint8_t bitmap_3201[] = { 0x00, 0xC0, 0x00, 0x40, 0x40, 0x40, 0x34, 0x7C, 0x03, 0x90, 0x01, 0x10, 0x00, 0x90, 0xB0, 0x50, 0x50, 0x20, 0x20, 0x50, 0x60, 0x88, 0x11, 0x08, 0x26, 0x04, 0xD8, 0x04, 0x06, 0x00, 0x01, 0xFE };
static const uint8_t bitmap_3202[] = { 0x01, 0x10, 0x01, 0x10, 0x41, 0x10, 0x35, 0x7C, 0x03, 0x90, 0x01, 0x10, 0x01, 0x10, 0xB9, 0x7E, 0x57, 0x90, 0x21, 0x10, 0x42, 0x10, 0x32, 0x10, 0x24, 0x10, 0xF0, 0x10, 0x0C, 0x00, 0x03, 0xFE };
static const uint8_t bitmap_3203[] = { 0x00, 0x00, 0x02, 0x38, 0x41, 0xC0, 0x30, 0x00, 0x00, 0x00, 0x08, 0x3E, 0x07, 0xE0, 0xB1, 0x20, 0x51, 0x20, 0x22, 0x24, 0x42, 0x24, 0x34, 0x24, 0x28, 0x1E, 0xF0, 0x00, 0x0E, 0x00, 0x01, 0xFE };
static const uint8_t bitmap_3204[] = { 0x00, 0xC0, 0x00, 0x40, 0x44, 0x7C, 0x33, 0xC0, 0x00, 0x40, 0x02, 0x7C, 0x01, 0xC0, 0xB0, 0x44, 0x54, 0x7E, 0x23, 0xC4, 0x40, 0x54, 0x30, 0x4C, 0x20, 0x48, 0xF0, 0x40, 0x0C, 0x00, 0x03, 0xFE };
static const uint8_t bitmap_3205[] = { 0x00, 0x40, 0x00, 0x40, 0x40, 0x40, 0x34, 0x7E, 0x03, 0x80, 0x00, 0xA0, 0x00, 0xA0, 0xB1, 0x3C, 0x53, 0xE0, 0x22, 0x20, 0x48, 0x3E, 0x37, 0xE0, 0x20, 0x20, 0xF0, 0x20, 0x0C, 0x00, 0x03, 0xFE };
static const uint8_t bitmap_3206[] = { 0x00, 0x00, 0x06, 0x3C, 0x43, 0xC8, 0x32, 0x08, 0x02, 0x08, 0x02, 0x38, 0x03, 0xC8, 0xB2, 0x00, 0x52, 0xC0, 0x22, 0x20, 0x44, 0x10, 0x34, 0x08, 0x28, 0x04, 0xF0, 0x04, 0x0E, 0x00, 0x01, 0xFE };
static const uint8_t bitmap_3207[] = { 0x00, 0x00, 0x04, 0x3E, 0x43, 0xC4, 0x30, 0x84, 0x00, 0x84, 0x01, 0x28, 0x01, 0x18, 0xB2, 0x10, 0x55, 0x7C, 0x21, 0x88, 0x41, 0x08, 0x31, 0x08, 0x21, 0x78, 0xF1, 0x88, 0x0E, 0x00, 0x01, 0xFE };
static const uint8_t bitmap_3208[] = { 0x00, 0xC0, 0x00, 0x40, 0x40, 0x40, 0x36, 0x7E, 0x03, 0xC4, 0x02, 0x44, 0x02, 0x44, 0xB2, 0x7C, 0x53, 0xC4, 0x22, 0x44, 0x42, 0x44, 0x32, 0x7C, 0x23, 0x84, 0xF2, 0x00, 0x0C, 0x00, 0x03, 0xFE };
static const uint8_t bitmap_3209[] = { 0x00, 0x40, 0x00, 0x40, 0x46, 0xBC, 0x33, 0xC8, 0x02, 0x08, 0x02, 0x08, 0x02, 0x78, 0xB3, 0x88, 0x52, 0x08, 0x22, 0x08, 0x42, 0x08, 0x32, 0x78, 0x23, 0x88, 0xF2, 0x08, 0x0C, 0x00, 0x03, 0xFE };
static const uint8_t bitmap_3210[] = { 0x00, 0xC0, 0x03, 0x40, 0x41, 0x40, 0x31, 0x78, 0x03, 0xC0, 0x02, 0x40, 0x0C, 0x40, 0xB4, 0x7C, 0x53, 0xC0, 0x20, 0xA0, 0x40, 0x90, 0x31, 0x08, 0x22, 0x04, 0xF4, 0x04, 0x0E, 0x00, 0x01, 0xFE };
static const uint8_t bitmap_3211[] = { 0x00, 0xD8, 0x00, 0x44, 0x40, 0x44, 0x30, 0x40, 0x04, 0x7E, 0x03, 0xC0, 0x00, 0x60, 0xB0, 0xD0, 0x51, 0x48, 0x21, 0x44, 0x42, 0x44, 0x34, 0x44, 0x28, 0x40, 0xF0, 0x40, 0x0E, 0x00, 0x01, 0xFE };
static const uint8_t bitmap_3212[] = { 0x00, 0xC4, 0x04, 0x48, 0x42, 0x48, 0x31, 0x50, 0x01, 0x40, 0x08, 0x7C, 0x07, 0xC0, 0xB0, 0xE0, 0x51, 0x50, 0x21, 0x48, 0x42, 0x44, 0x34, 0x44, 0x28, 0x40, 0xF0, 0x40, 0x0E, 0x00, 0x01, 0xFE };
static const uint8_t bitmap_3213[] = { 0x00, 0xC0, 0x00, 0x40, 0x40, 0x40, 0x30, 0x7E, 0x07, 0xA0, 0x00, 0xA0, 0x02, 0xA8, 0xB2, 0xA4, 0x54, 0xA2, 0x25, 0x22, 0x41, 0x20, 0x32, 0xA0, 0x24, 0x60, 0xF0, 0x40, 0x0E, 0x00, 0x01, 0xFE };
static const uint8_t bitmap_3214[] = { 0x00, 0x40, 0x00, 0x40, 0x46, 0xF8, 0x33, 0x90, 0x02, 0x10, 0x02, 0x70, 0x03, 0x90, 0xB2, 0x00, 0x52, 0x7C, 0x23, 0x88, 0x42, 0x08, 0x32, 0x78, 0x23, 0x88, 0xF2, 0x08, 0x0C, 0x00, 0x03, 0xFE };
static const uint8_t bitmap_3215[] = { 0x00, 0x00, 0x06, 0x78, 0x43, 0x90, 0x32, 0x70, 0x03, 0x90, 0x02, 0x10, 0x02, 0x78, 0xB3, 0x88, 0x52, 0x50, 0x22, 0x20, 0x42, 0x50, 0x33, 0x88, 0x26, 0x04, 0xF0, 0x04, 0x0E, 0x00, 0x01, 0xFE };
static const uint8_t bitmap_3216[] = { 0x02, 0x10, 0x01, 0x10, 0x40, 0xA0, 0x32, 0xB8, 0x01, 0xC0, 0x00, 0x40, 0x00, 0x40, 0xB4, 0x7C, 0x53, 0xC0, 0x20, 0xA0, 0x40, 0x90, 0x31, 0x08, 0x22, 0x04, 0xF4, 0x04, 0x0E, 0x00, 0x01, 0xFE };
static const uint8_t bitmap_3217[] = { 0x00, 0x18, 0x00, 0x60, 0x43, 0xC0, 0x30, 0x40, 0x08, 0x7E, 0x07, 0xC0, 0x00, 0x40, 0xB6, 0x7C, 0x53, 0x88, 0x22, 0x08, 0x42, 0x08, 0x32, 0x78, 0x23, 0x88, 0xF2, 0x08, 0x0E, 0x00, 0x01, 0xFE };
static const uint8_t bitmap_3218[] = { 0x01, 0xA0, 0x00, 0xA0, 0x44, 0xA4, 0x32, 0xA4, 0x01, 0xA8, 0x00, 0xB0, 0x01, 0xA8, 0xB6, 0xA4, 0x50, 0xA4, 0x21, 0x20, 0x41, 0x24, 0x32, 0x24, 0x2C, 0x1E, 0xF0, 0x00, 0x0E, 0x00, 0x01, 0xFE };
static const uint8_t bitmap_3219[] = { 0x02, 0x08, 0x01, 0x08, 0x40, 0x90, 0x34, 0xBE, 0x07, 0xC0, 0x00, 0x48, 0x02, 0x48, 0xB2, 0x48, 0x52, 0x78, 0x23, 0xC8, 0x42, 0x48, 0x30, 0x80, 0x20, 0x80, 0xF3, 0x00, 0x0E, 0x00, 0x01, 0xFE };
static const uint8_t bitmap_3220[] = { 0x00, 0xC0, 0x06, 0x40, 0x42, 0x40, 0x32, 0x7C, 0x07, 0xC0, 0x04, 0x40, 0x08, 0x7E, 0xB7, 0xA0, 0x51, 0x20, 0x21, 0x20, 0x42, 0x24, 0x34, 0x24, 0x28, 0x24, 0xF0, 0x1E, 0x0C, 0x00, 0x03, 0xFE };
static const uint8_t bitmap_3221[] = { 0x00, 0x30, 0x45, 0x90, 0x36, 0x90, 0x01, 0x10, 0x05, 0x58, 0x02, 0x54, 0x01, 0x54, 0xB1, 0x92, 0x57, 0x12, 0x21, 0x10, 0x21, 0x10, 0x15, 0x50, 0x22, 0x30, 0xDA, 0x20, 0x06, 0x00, 0x01, 0xFE };
static const uint8_t bitmap_3222[] = { 0x00, 0x18, 0x00, 0x60, 0x43, 0xC0, 0x34, 0x7E, 0x03, 0xE0, 0x00, 0xD8, 0x01, 0x44, 0xB2, 0x52, 0x5C, 0x70, 0x23, 0x94, 0x41, 0x3C, 0x31, 0x04, 0x22, 0x28, 0xF4, 0x18, 0x0E, 0x10, 0x01, 0xFE };
static const uint8_t bitmap_3223[] = { 0x00, 0x00, 0x04, 0x3C, 0x43, 0xC0, 0x30, 0x84, 0x00, 0xC4, 0x01, 0x28, 0x06, 0x70, 0xB0, 0xA8, 0x51, 0x54, 0x26, 0x52, 0x40, 0x92, 0x31, 0x90, 0x26, 0x60, 0xF0, 0x40, 0x0C, 0x00, 0x03, 0xFE };
static const uint8_t bitmap_3224[] = { 0x01, 0x10, 0x00, 0x90, 0x44, 0xBC, 0x33, 0xC8, 0x00, 0x48, 0x06, 0x78, 0x03, 0xC8, 0xB2, 0x40, 0x52, 0xFE, 0x27, 0x44, 0x44, 0xD4, 0x31, 0x4C, 0x26, 0x48, 0xE8, 0x40, 0x1C, 0x00, 0x03, 0xFE };
static const uint8_t bitmap_3225[] = { 0x00, 0x80, 0x00, 0xE0, 0x41, 0x10, 0x31, 0x08, 0x02, 0x74, 0x05, 0xC2, 0x08, 0x40, 0xB4, 0x7C, 0x53, 0xC0, 0x21, 0x50, 0x41, 0x48, 0x33, 0x44, 0x24, 0xC4, 0xF0, 0x80, 0x0C, 0x00, 0x03, 0xFE };
static const uint8_t bitmap_3226[] = { 0x00, 0x00, 0x04, 0x3C, 0x43, 0xC0, 0x30, 0x04, 0x03, 0x3C, 0x01, 0xC8, 0x01, 0x08, 0xB1, 0x38, 0x51, 0xD0, 0x21, 0x10, 0x20, 0xA0, 0x14, 0xBC, 0x23, 0xC0, 0xD0, 0x00, 0x0C, 0x00, 0x03, 0xFE };
static const uint8_t bitmap_3227[] = { 0x00, 0x00, 0x04, 0x78, 0x43, 0x90, 0x30, 0xA0, 0x06, 0x7C, 0x03, 0xC8, 0x02, 0x78, 0xB3, 0xC8, 0x52, 0x48, 0x22, 0x78, 0x43, 0xC8, 0x32, 0x68, 0x22, 0x58, 0xF2, 0x50, 0x0C, 0x00, 0x03, 0xFE };
static const uint8_t bitmap_3228[] = { 0x00, 0x80, 0x04, 0xC6, 0x42, 0xB8, 0x31, 0x08, 0x03, 0x08, 0x0D, 0x08, 0x00, 0xCE, 0xB1, 0xB8, 0x52, 0x88, 0x2C, 0x88, 0x40, 0x88, 0x35, 0x4E, 0x23, 0x30, 0xF2, 0x00, 0x0C, 0x00, 0x03, 0xFE };
static const uint8_t bitmap_3229[] = { 0x06, 0x0C, 0x02, 0xD0, 0x42, 0x60, 0x33, 0xC0, 0x0E, 0x4E, 0x02, 0xF8, 0x03, 0x48, 0xBE, 0x48, 0x52, 0x48, 0x22, 0x48, 0x42, 0x88, 0x3A, 0x88, 0x27, 0x08, 0xF4, 0x08, 0x0C, 0x00, 0x03, 0xFE };
static const uint8_t bitmap_3230[] = { 0x00, 0x00, 0x06, 0x7C, 0x43, 0x88, 0x32, 0x08, 0x02, 0x78, 0x03, 0x80, 0x04, 0x7C, 0xB3, 0xC0, 0x52, 0x78, 0x21, 0xC0, 0x40, 0x40, 0x38, 0x7E, 0x27, 0x80, 0xE0, 0x00, 0x1C, 0x00, 0x03, 0xFE };
static const uint8_t bitmap_3231[] = { 0x00, 0xC0, 0x00, 0x40, 0x48, 0x7E, 0x37, 0xC0, 0x02, 0x7C, 0x03, 0xC8, 0x02, 0x48, 0xB2, 0x78, 0x53, 0xE8, 0x22, 0xD0, 0x41, 0x48, 0x32, 0x44, 0x24, 0x44, 0xE8, 0x40, 0x1C, 0x00, 0x03, 0xFE };
static const uint8_t bitmap_3232[] = { 0x00, 0xC0, 0x03, 0x40, 0x41, 0x78, 0x33, 0xC0, 0x02, 0x40, 0x04, 0x7C, 0x0B, 0xC0, 0xB0, 0x00, 0x56, 0x7C, 0x23, 0x88, 0x42, 0x08, 0x32, 0x78, 0x23, 0x88, 0xF2, 0x08, 0x0C, 0x00, 0x03, 0xFE };
static const uint8_t bitmap_3233[] = { 0x00, 0x80, 0x00, 0xB8, 0x41, 0xD0, 0x33, 0x20, 0x04, 0xE0, 0x00, 0x58, 0x07, 0xC4, 0xBA, 0x7A, 0x51, 0xC0, 0x24, 0x78, 0x43, 0xC0, 0x34, 0x7C, 0x23, 0xC0, 0xF8, 0x40, 0x06, 0x00, 0x01, 0xFE };
static const uint8_t bitmap_3234[] = { 0x00, 0xC0, 0x02, 0x7C, 0x41, 0xC8, 0x38, 0x7E, 0x07, 0xC8, 0x00, 0x48, 0x02, 0x78, 0xB1, 0xC4, 0x54, 0x44, 0x22, 0xE8, 0x41, 0x58, 0x33, 0x44, 0x2C, 0xC2, 0xF0, 0x80, 0x0E, 0x00, 0x01, 0xFE };
static const uint8_t bitmap_3235[] = { 0x01, 0x00, 0x01, 0x70, 0x41, 0xA0, 0x32, 0x40, 0x02, 0x7C, 0x07, 0xC8, 0x0C, 0x48, 0xB4, 0x78, 0x57, 0xC8, 0x24, 0xA0, 0x41, 0x54, 0x31, 0x54, 0x22, 0x44, 0xF4, 0x3E, 0x0E, 0x00, 0x01, 0xFE };
static const uint8_t bitmap_3236[] = { 0x00, 0x00, 0x0C, 0x3E, 0x47, 0xD2, 0x34, 0x92, 0x04, 0xBE, 0x07, 0xC2, 0x04, 0x5C, 0xB0, 0xE8, 0x51, 0x08, 0x22, 0x90, 0x4C, 0x50, 0x30, 0x20, 0x20, 0x40, 0xF1, 0x80, 0x0E, 0x00, 0x01, 0xFE };
static const uint8_t bitmap_3237[] = { 0x00, 0x00, 0x04, 0x7C, 0x43, 0x80, 0x31, 0x78, 0x01, 0x90, 0x01, 0x70, 0x01, 0x90, 0xB5, 0x7E, 0x57, 0xC4, 0x24, 0x7C, 0x67, 0xC4, 0x14, 0x7C, 0x27, 0xC4, 0xD8, 0x00, 0x06, 0x00, 0x01, 0xFE };
static const uint8_t bitmap_3238[] = { 0x00, 0x40, 0x00, 0x40, 0x40, 0xB0, 0x31, 0x08, 0x02, 0x34, 0x0D, 0xC2, 0x00, 0x04, 0xB5, 0xA4, 0x56, 0xA4, 0x25, 0xA4, 0x46, 0xA4, 0x35, 0xA4, 0x26, 0x8C, 0xF4, 0x88, 0x0E, 0x00, 0x01, 0xFE };
static const uint8_t bitmap_3239[] = { 0x01, 0x10, 0x00, 0x90, 0x44, 0xBC, 0x33, 0xC0, 0x00, 0x84, 0x01, 0x44, 0x06, 0x68, 0xB0, 0xB0, 0x51, 0x28, 0x26, 0x68, 0x40, 0xA4, 0x31, 0x24, 0x26, 0xA0, 0xF0, 0x40, 0x0C, 0x40, 0x03, 0xFE };
static const uint8_t bitmap_3240[] = { 0x00, 0x00, 0x06, 0x7C, 0x43, 0xC8, 0x32, 0x78, 0x03, 0xC8, 0x02, 0x48, 0x02, 0x78, 0xB3, 0xC0, 0x54, 0x7E, 0x27, 0xC4, 0x44, 0x54, 0x34, 0x74, 0x25, 0x8C, 0xF4, 0x08, 0x0C, 0x00, 0x03, 0xFE };
static const uint8_t bitmap_3241[] = { 0x00, 0xC0, 0x00, 0x40, 0x46, 0x7C, 0x33, 0x88, 0x02, 0x78, 0x03, 0x80, 0x02, 0x7E, 0xB3, 0xA4, 0x52, 0xA4, 0x26, 0xFC, 0x47, 0xA4, 0x3A, 0xB4, 0x22, 0xAC, 0xF2, 0xA8, 0x0E, 0x00, 0x01, 0xFE };
static const uint8_t bitmap_3242[] = { 0x00, 0x00, 0x06, 0x78, 0x43, 0x90, 0x32, 0x70, 0x03, 0x90, 0x02, 0x70, 0x03, 0x80, 0xB2, 0x7E, 0x57, 0xC4, 0x2C, 0xA4, 0x45, 0x14, 0x34, 0xE4, 0x27, 0x28, 0xF0, 0x18, 0x0E, 0x10, 0x01, 0xFE };
static const uint8_t bitmap_3243[] = { 0x02, 0x20, 0x01, 0x20, 0x49, 0x7C, 0x37, 0xC0, 0x00, 0x80, 0x06, 0xFC, 0x03, 0x88, 0xB2, 0x78, 0x53, 0x88, 0x22, 0x78, 0x43, 0x88, 0x32, 0x08, 0x22, 0x78, 0xF3, 0x88, 0x0C, 0x00, 0x03, 0xFE };
static const uint8_t bitmap_3244[] = { 0x00, 0xC0, 0x02, 0x78, 0x43, 0xC8, 0x32, 0x78, 0x03, 0xC0, 0x08, 0x7E, 0x07, 0x80, 0xB0, 0x78, 0x53, 0x88, 0x22, 0x48, 0x42, 0x48, 0x32, 0x40, 0x20, 0xB0, 0xF1, 0x08, 0x0E, 0x04, 0x01, 0xFE };
static const uint8_t bitmap_3245[] = { 0x00, 0xC0, 0x06, 0x7C, 0x43, 0xC8, 0x32, 0x78, 0x03, 0xC0, 0x08, 0x7E, 0x0F, 0x90, 0xB2, 0x70, 0x53, 0x80, 0x22, 0x7C, 0x43, 0x88, 0x32, 0x78, 0x23, 0x88, 0xF2, 0x08, 0x0C, 0x00, 0x03, 0xFE };
static const uint8_t bitmap_3246[] = { 0x00, 0x1C, 0x00, 0x68, 0x47, 0x88, 0x32, 0x50, 0x01, 0x40, 0x02, 0x3C, 0x03, 0xC0, 0xB4, 0x40, 0x58, 0x7E, 0x27, 0xC0, 0x42, 0x44, 0x32, 0x7C, 0x23, 0xC4, 0xF2, 0x04, 0x0E, 0x00, 0x01, 0xFE };
static const uint8_t bitmap_3247[] = { 0x01, 0x20, 0x01, 0x20, 0x49, 0x7C, 0x37, 0xA0, 0x05, 0x78, 0x07, 0xA8, 0x05, 0x78, 0xB7, 0xA8, 0x55, 0x78, 0x27, 0x90, 0x42, 0x70, 0x33, 0x90, 0x22, 0x70, 0xF3, 0x90, 0x0C, 0x00, 0x03, 0xFE };
static const uint8_t bitmap_3248[] = { 0x00, 0xC0, 0x00, 0x40, 0x4C, 0x7E, 0x37, 0xC0, 0x04, 0x90, 0x06, 0xBE, 0x05, 0xD0, 0xB4, 0x90, 0x54, 0xB0, 0x28, 0xD0, 0x49, 0x08, 0x31, 0x54, 0x26, 0x4A, 0xF0, 0x4A, 0x0C, 0x00, 0x03, 0xFE };
static const uint8_t bitmap_3249[] = { 0x01, 0x10, 0x08, 0xBE, 0x47, 0xE0, 0x32, 0xBC, 0x03, 0xE8, 0x02, 0xB8, 0x03, 0xC8, 0xB2, 0x38, 0x53, 0xD0, 0x28, 0x3E, 0x47, 0xD0, 0x31, 0x10, 0x20, 0xD0, 0xF0, 0x30, 0x0E, 0x20, 0x01, 0xFE };
static const uint8_t bitmap_3250[] = { 0x00, 0x18, 0x0D, 0x88, 0x46, 0xCE, 0x34, 0xB4, 0x05, 0x94, 0x06, 0xD6, 0x04, 0x38, 0xB4, 0x08, 0x55, 0xCE, 0x2E, 0xB8, 0x4C, 0x88, 0x35, 0x88, 0x26, 0x88, 0xF4, 0x08, 0x0E, 0x00, 0x01, 0xFE };
static const uint8_t bitmap_3251[] = { 0x02, 0x08, 0x05, 0xC8, 0x46, 0x88, 0x35, 0x90, 0x06, 0x9E, 0x05, 0x94, 0x06, 0x24, 0xBB, 0xD4, 0x56, 0x08, 0x23, 0xC8, 0x44, 0x94, 0x34, 0x94, 0x29, 0xA2, 0xF1, 0x42, 0x0E, 0x00, 0x01, 0xFE };
static const uint8_t bitmap_3252[] = { 0x00, 0x00, 0x0C, 0xF0, 0x07, 0x20, 0x04, 0x20, 0x04, 0xE0, 0x07, 0x00, 0x60, 0xFC, 0x3F, 0x08, 0x21, 0x08, 0x21, 0xF8, 0x3E, 0x08, 0x20, 0x00, 0x20, 0x04, 0x20, 0x04, 0x10, 0x04, 0x0F, 0xFE };
static const uint8_t bitmap_3253[] = { 0x00, 0x00, 0x86, 0xCE, 0x7A, 0x72, 0x02, 0x44, 0x42, 0x44, 0x22, 0x58, 0x14, 0x44, 0x0C, 0x44, 0x04, 0x42, 0x0A, 0x42, 0x0A, 0x72, 0x11, 0x4C, 0x21, 0x48, 0x40, 0x40, 0x80, 0x40, 0x00, 0x40 };
static const uint8_t bitmap_3254[] = { 0x00, 0x00, 0x8F, 0xCE, 0x72, 0x72, 0x12, 0x44, 0x9E, 0x44, 0x72, 0x58, 0x12, 0x44, 0x12, 0x44, 0x9E, 0x42, 0x72, 0x42, 0x12, 0x72, 0x12, 0x4C, 0x22, 0x48, 0x34, 0x40, 0x4C, 0x40, 0x88, 0x40 };
static const uint8_t bitmap_3255[] = { 0x18, 0x00, 0x08, 0xCE, 0x4F, 0x72, 0x38, 0x44, 0x08, 0x44, 0x4F, 0x58, 0x38, 0x44, 0x08, 0x44, 0x08, 0x42, 0x8F, 0x42, 0x78, 0x72, 0x08, 0x4C, 0x10, 0x48, 0x10, 0x40, 0x20, 0x40, 0xC0, 0x40 };
static const uint8_t bitmap_3256[] = { 0x00, 0x00, 0x8E, 0xCE, 0x74, 0x72, 0x24, 0x44, 0x24, 0x44, 0x44, 0x58, 0x4F, 0x44, 0xF4, 0x44, 0x8C, 0x42, 0x14, 0x42, 0x14, 0x72, 0x24, 0x4C, 0x24, 0x48, 0x54, 0x40, 0x8C, 0x40, 0x08, 0x40 };
static const uint8_t bitmap_3257[] = { 0x18, 0x00, 0x08, 0xCE, 0x08, 0x72, 0xCF, 0x44, 0x79, 0x44, 0x49, 0x58, 0x49, 0x44, 0x4F, 0x44, 0x79, 0x42, 0x49, 0x42, 0x49, 0x72, 0x49, 0x4C, 0x4F, 0x48, 0x71, 0x40, 0x41, 0x40, 0x00, 0x40 };
static const uint8_t bitmap_3258[] = { 0x10, 0x00, 0x18, 0xCE, 0x14, 0x72, 0x22, 0x44, 0x31, 0x44, 0x48, 0x58, 0x87, 0x44, 0x79, 0x44, 0x02, 0x42, 0x02, 0x42, 0x24, 0x72, 0x18, 0x4C, 0x08, 0x48, 0x04, 0x40, 0x04, 0x40, 0x00, 0x40 };
static const uint8_t bitmap_3259[] = { 0x30, 0x00, 0x10, 0xCE, 0x9F, 0x72, 0x70, 0x44, 0x10, 0x44, 0x2F, 0x58, 0x32, 0x44, 0x62, 0x44, 0xAE, 0x42, 0x32, 0x42, 0x22, 0x72, 0x2E, 0x4C, 0x32, 0x48, 0x2A, 0x40, 0x26, 0x40, 0x24, 0x40 };
static const uint8_t bitmap_3260[] = { 0x18, 0x00, 0x08, 0x66, 0x8F, 0xBA, 0x74, 0x22, 0x12, 0x24, 0x21, 0x28, 0x22, 0xA4, 0x52, 0x24, 0x8A, 0x22, 0x04, 0x22, 0x0A, 0x32, 0x0A, 0x2C, 0x11, 0x28, 0x21, 0x20, 0x40, 0x20, 0x80, 0x20 };
static const uint8_t bitmap_3261[] = { 0x08, 0x00, 0x08, 0xCE, 0xDF, 0x72, 0x72, 0x44, 0x4E, 0x44, 0x72, 0x58, 0x42, 0x44, 0x4E, 0x44, 0x72, 0x42, 0x48, 0x42, 0x44, 0x72, 0x42, 0x4C, 0x4E, 0x48, 0x71, 0x40, 0xC1, 0x40, 0x00, 0x40 };
static const uint8_t bitmap_3262[] = { 0x22, 0x00, 0x12, 0xCE, 0x14, 0x72, 0x47, 0x44, 0x38, 0x44, 0x08, 0x58, 0x08, 0x44, 0x8F, 0xC4, 0x78, 0x42, 0x0C, 0x42, 0x0A, 0x72, 0x12, 0x4C, 0x11, 0x48, 0x21, 0x40, 0x40, 0x40, 0x80, 0x40 };
static const uint8_t bitmap_3263[] = { 0x18, 0x00, 0x08, 0x66, 0x4F, 0xBA, 0x39, 0x22, 0x22, 0x24, 0x12, 0x28, 0x97, 0xE4, 0x78, 0x24, 0x00, 0x22, 0x67, 0xA2, 0x39, 0x32, 0x21, 0x2C, 0x21, 0x28, 0x27, 0x20, 0x39, 0x20, 0x21, 0x20 };
static const uint8_t bitmap_3264[] = { 0x18, 0x00, 0x08, 0xCE, 0x8F, 0x72, 0x70, 0x44, 0x2F, 0x44, 0x32, 0x58, 0x2E, 0x44, 0x30, 0x44, 0x4E, 0x42, 0x34, 0x62, 0x0B, 0x52, 0x0C, 0x4C, 0xF8, 0x48, 0x28, 0x40, 0x18, 0x40, 0x10, 0x40 };
static const uint8_t bitmap_3265[] = { 0x18, 0x00, 0x09, 0x66, 0x4F, 0x3A, 0x39, 0x22, 0x0A, 0x24, 0x8B, 0xA8, 0x7C, 0x24, 0x08, 0x24, 0x17, 0xA2, 0x39, 0x22, 0xE7, 0x32, 0x39, 0x2C, 0x21, 0x28, 0x27, 0x20, 0x39, 0x20, 0x21, 0x20 };
static const uint8_t bitmap_3266[] = { 0x00, 0x00, 0xD5, 0x66, 0x77, 0x3A, 0x55, 0x22, 0x77, 0x24, 0x50, 0x28, 0x4F, 0x24, 0x30, 0x24, 0x8F, 0xA2, 0x70, 0x22, 0x2F, 0x32, 0x31, 0x2C, 0x42, 0x28, 0x12, 0x20, 0x0C, 0x20, 0x08, 0x20 };
static const uint8_t bitmap_3267[] = { 0x00, 0x00, 0x67, 0x66, 0x39, 0x3A, 0x27, 0x22, 0x38, 0x24, 0x8F, 0xA8, 0x78, 0x24, 0x0F, 0xA4, 0x78, 0xA2, 0x46, 0xA2, 0x5A, 0xB2, 0x56, 0xAC, 0x58, 0xA8, 0x47, 0xA0, 0x78, 0xA0, 0x40, 0xA0 };
static const uint8_t bitmap_3268[] = { 0x00, 0x00, 0x81, 0xFE, 0x7E, 0x80, 0x04, 0x80, 0x04, 0x80, 0x65, 0xFC, 0x3E, 0x88, 0x24, 0x88, 0x24, 0x78, 0x28, 0x08, 0x31, 0xF8, 0x3E, 0x08, 0x20, 0x08, 0x21, 0xF8, 0x3E, 0x08, 0x20, 0x08 };
static const uint8_t bitmap_3269[] = { 0x00, 0x40, 0x8E, 0x40, 0x78, 0x4E, 0x28, 0x72, 0x28, 0x82, 0xAE, 0x82, 0xFB, 0x42, 0xAA, 0x22, 0xAE, 0x12, 0xC2, 0x12, 0x9E, 0x04, 0xE2, 0x04, 0x82, 0x04, 0x9E, 0x28, 0xE2, 0x18, 0x82, 0x10 };
static const uint8_t bitmap_3270[] = { 0x00, 0x00, 0x8F, 0x1C, 0x78, 0xE8, 0x28, 0x08, 0xAF, 0x08, 0xFA, 0x08, 0xAA, 0xD8, 0xAA, 0x68, 0xAE, 0x40, 0xC2, 0x40, 0x8E, 0x40, 0xF2, 0x40, 0x82, 0x44, 0x8E, 0x44, 0xF2, 0x44, 0x82, 0x3E };
static const uint8_t bitmap_3271[] = { 0x40, 0x00, 0x24, 0x3E, 0x17, 0xE0, 0x00, 0xA0, 0x88, 0xA0, 0x4A, 0xFE, 0x2B, 0xA4, 0x12, 0xA4, 0x12, 0x9C, 0x13, 0x04, 0x22, 0x3C, 0x23, 0xC4, 0xC2, 0x04, 0x22, 0x3C, 0x23, 0xC4, 0x22, 0x04 };
static const uint8_t bitmap_3272[] = { 0x00, 0x08, 0x8E, 0x08, 0x78, 0x4E, 0x29, 0xAA, 0xAE, 0xAA, 0xFA, 0x92, 0xAA, 0x92, 0xAA, 0x92, 0xAE, 0xAA, 0xC2, 0xAA, 0x9E, 0xAA, 0xE2, 0xC2, 0x82, 0x82, 0x9E, 0x8E, 0xE2, 0xF2, 0x82, 0x82 };
static const uint8_t bitmap_3273[] = { 0x00, 0x00, 0x8E, 0x9C, 0x78, 0x60, 0x28, 0x00, 0xAE, 0x00, 0xFB, 0x1E, 0xAA, 0xE0, 0xAA, 0x20, 0xAE, 0x20, 0xC2, 0x28, 0x9E, 0x44, 0xE2, 0x44, 0x82, 0x5C, 0x9E, 0xA2, 0xE3, 0xC2, 0x80, 0x02 };
static const uint8_t bitmap_3274[] = { 0x00, 0xD8, 0x8E, 0x48, 0x78, 0x48, 0x29, 0x5E, 0xAE, 0xE8, 0xFA, 0x48, 0xAA, 0x48, 0xAA, 0x58, 0xAE, 0x68, 0xC2, 0x48, 0x9E, 0x48, 0xE2, 0x48, 0x82, 0x48, 0x9E, 0x58, 0xE2, 0x68, 0x82, 0x48 };
static const uint8_t bitmap_3275[] = { 0x00, 0x06, 0x8F, 0x18, 0x78, 0xF0, 0x28, 0x10, 0xAE, 0x10, 0xFB, 0x1E, 0xAA, 0xF0, 0xAA, 0x38, 0xAE, 0x54, 0xC2, 0x54, 0x9E, 0x52, 0xE2, 0x92, 0x83, 0x10, 0x9E, 0x10, 0xE2, 0x10, 0x82, 0x10 };
static const uint8_t bitmap_3276[] = { 0x00, 0x20, 0x8F, 0x20, 0x78, 0x2C, 0x28, 0x74, 0x28, 0x48, 0xBF, 0x68, 0xEA, 0x98, 0xAB, 0x24, 0xAE, 0x42, 0xC2, 0xDE, 0x9F, 0x64, 0xE2, 0x44, 0x82, 0x44, 0x9E, 0x5C, 0xE2, 0x64, 0x82, 0x44 };
static const uint8_t bitmap_3277[] = { 0x01, 0x86, 0x8E, 0xB2, 0x78, 0x92, 0x28, 0x92, 0xAE, 0x92, 0xF5, 0xDA, 0xA5, 0xB6, 0xA5, 0xB6, 0xBE, 0x92, 0xC4, 0x92, 0x9C, 0x92, 0xE4, 0x92, 0x84, 0x92, 0x9D, 0x02, 0xE5, 0x02, 0x86, 0x02 };
static const uint8_t bitmap_3278[] = { 0x18, 0x40, 0x48, 0x5E, 0x28, 0xE4, 0x2B, 0x48, 0x18, 0x30, 0x68, 0x60, 0x0B, 0x80, 0x88, 0xFE, 0x7F, 0x40, 0x12, 0xFC, 0x1F, 0x48, 0x12, 0xF8, 0x1F, 0x08, 0x10, 0xF8, 0x1F, 0x08, 0x10, 0x08 };
static const uint8_t bitmap_3279[] = { 0x00, 0x64, 0x8F, 0x3C, 0x78, 0xE8, 0x28, 0x28, 0x29, 0x3E, 0xBE, 0xE0, 0xEA, 0x40, 0xAA, 0x9C, 0xAF, 0x64, 0xC2, 0x28, 0x9F, 0x3E, 0xE2, 0xD0, 0x82, 0x10, 0x9E, 0x50, 0xE2, 0x20, 0x82, 0x20 };
static const uint8_t bitmap_3280[] = { 0x00, 0x30, 0x8E, 0xD0, 0x78, 0x50, 0x28, 0x5E, 0xAE, 0xF0, 0xFB, 0x10, 0xAA, 0x9E, 0xAA, 0x70, 0xAE, 0x00, 0xC2, 0xDE, 0x9E, 0x64, 0xE2, 0x44, 0x82, 0x44, 0x9E, 0x5C, 0xE2, 0x64, 0x82, 0x44 };
static const uint8_t bitmap_3281[] = { 0x00, 0x20, 0x8F, 0x28, 0x78, 0x44, 0x28, 0x5E, 0xAF, 0xF2, 0xFA, 0x48, 0xAA, 0x44, 0xAA, 0x82, 0xAF, 0x42, 0xC2, 0x5C, 0x9E, 0x68, 0xE2, 0xA8, 0x83, 0x10, 0x9E, 0x28, 0xE2, 0xC4, 0x83, 0x02 };
static const uint8_t bitmap_3282[] = { 0x00, 0x30, 0x8E, 0x10, 0x79, 0x9E, 0x28, 0xE4, 0xAE, 0x9C, 0xFA, 0xE4, 0xAA, 0x84, 0xAA, 0x9C, 0xAE, 0xE2, 0xC2, 0xA2, 0x9E, 0x94, 0xE2, 0x88, 0x82, 0x84, 0x9E, 0xB4, 0xE2, 0xC2, 0x83, 0x02 };
static const uint8_t bitmap_3283[] = { 0x00, 0x30, 0x8E, 0x10, 0x79, 0x1E, 0x28, 0xE0, 0xBF, 0x5C, 0xEA, 0x64, 0xAA, 0x5C, 0xAA, 0x60, 0xAE, 0x9E, 0xC2, 0x64, 0x9E, 0x28, 0xE3, 0x1E, 0x82, 0xE8, 0x9E, 0x28, 0xE2, 0x10, 0x82, 0x10 };
static const uint8_t bitmap_3284[] = { 0x00, 0x30, 0x8E, 0x10, 0x78, 0x9E, 0x28, 0xE0, 0xAF, 0x08, 0xFA, 0x48, 0xAA, 0x54, 0xAA, 0xA2, 0xAF, 0x10, 0xC3, 0x1E, 0x9E, 0xF0, 0xE2, 0x10, 0x82, 0x10, 0x9E, 0x10, 0xE2, 0x10, 0x82, 0x10 };
static const uint8_t bitmap_3285[] = { 0x00, 0xD8, 0x8E, 0x48, 0x79, 0x5E, 0x28, 0xE8, 0xAE, 0x48, 0xFB, 0x5E, 0xAA, 0xE0, 0xAA, 0x1C, 0xAE, 0xE4, 0xC2, 0x84, 0x9E, 0x9C, 0xE2, 0xE4, 0x82, 0x84, 0x9E, 0x9C, 0xE2, 0xE4, 0x82, 0x84 };
static const uint8_t bitmap_3286[] = { 0x00, 0x00, 0x8E, 0x9E, 0x78, 0xE4, 0x28, 0x9C, 0xAE, 0xE4, 0xFA, 0x9C, 0xAA, 0xF0, 0xAE, 0x50, 0xC2, 0x5E, 0x82, 0xF0, 0x9E, 0x9C, 0xE3, 0x70, 0x82, 0x10, 0x9F, 0x1E, 0xE2, 0xE0, 0x82, 0x00 };
static const uint8_t bitmap_3287[] = { 0x00, 0x38, 0x01, 0xC0, 0x3E, 0x08, 0x21, 0x08, 0x10, 0x90, 0x08, 0x90, 0x03, 0x00, 0x81, 0xFE, 0x7F, 0x00, 0x05, 0xC0, 0x05, 0x20, 0x09, 0x10, 0x11, 0x08, 0x21, 0x04, 0xC1, 0x02, 0x01, 0x00 };
static const uint8_t bitmap_3288[] = { 0x06, 0x00, 0x19, 0x1C, 0xF2, 0xE8, 0x92, 0x88, 0x54, 0x50, 0x54, 0x30, 0x9E, 0x4C, 0x70, 0xA2, 0x1B, 0x3C, 0x34, 0xE0, 0x32, 0x20, 0x52, 0x3E, 0x51, 0xE0, 0x90, 0x20, 0x10, 0x20, 0x10, 0x20 };
static const uint8_t bitmap_3289[] = { 0x00, 0x00, 0x31, 0xF8, 0x1F, 0x10, 0x11, 0x10, 0x11, 0xF0, 0x1F, 0x10, 0x11, 0x10, 0x11, 0xF0, 0x1F, 0x10, 0x01, 0x00, 0x21, 0xF8, 0x1F, 0x00, 0x01, 0x00, 0x81, 0xFE, 0x7E, 0x00, 0x00, 0x00 };
static const uint8_t bitmap_3290[] = { 0x00, 0x18, 0x01, 0xE0, 0x3F, 0x00, 0x81, 0xFE, 0x7F, 0x00, 0x11, 0xF8, 0x1F, 0x10, 0x11, 0xF0, 0x1F, 0x10, 0x11, 0xF0, 0x1F, 0x00, 0x41, 0xF8, 0x3F, 0x00, 0x81, 0xFE, 0x7E, 0x00, 0x00, 0x00 };
static const uint8_t bitmap_3291[] = { 0x00, 0x00, 0xCF, 0x8E, 0x79, 0x74, 0x4F, 0x48, 0x79, 0x28, 0x49, 0x10, 0x4F, 0x9E, 0x79, 0x74, 0x48, 0x18, 0x0F, 0x10, 0x78, 0x10, 0x09, 0x10, 0x0E, 0x10, 0x38, 0x50, 0xC0, 0x30, 0x00, 0x20 };
static const uint8_t bitmap_3292[] = { 0x00, 0x00, 0x19, 0xF8, 0x0E, 0x10, 0x09, 0xF0, 0x0E, 0x10, 0x89, 0xFE, 0x7F, 0x10, 0x09, 0xF0, 0x0F, 0x10, 0x09, 0xF0, 0x0F, 0x00, 0x41, 0xFC, 0x3F, 0x00, 0x81, 0xFE, 0x7E, 0x00, 0x00, 0x00 };
static const uint8_t bitmap_3293[] = { 0x01, 0x00, 0x01, 0x80, 0x02, 0x60, 0x04, 0x10, 0x08, 0x08, 0x10, 0xF4, 0x2F, 0x02, 0xC1, 0x00, 0x21, 0xF8, 0x1F, 0x10, 0x11, 0x10, 0x09, 0x20, 0x09, 0x40, 0x85, 0xFE, 0x7E, 0x00, 0x00, 0x00 };
static const uint8_t bitmap_3294[] = { 0x0C, 0x40, 0x64, 0x40, 0x24, 0x5E, 0x24, 0xE0, 0x24, 0xA0, 0x25, 0x10, 0x25, 0x88, 0x22, 0x60, 0x0C, 0xD8, 0x37, 0x04, 0xD1, 0xFA, 0x0F, 0x20, 0x09, 0x40, 0x85, 0xFE, 0x7E, 0x00, 0x00, 0x00 };
static const uint8_t bitmap_3295[] = { 0x10, 0x60, 0x10, 0x20, 0x2E, 0x20, 0x30, 0x20, 0x20, 0x20, 0x4E, 0x3E, 0xB1, 0xE0, 0x10, 0x20, 0x9E, 0x20, 0x70, 0x20, 0x10, 0x20, 0x12, 0x20, 0x14, 0x20, 0x18, 0x20, 0x30, 0x20, 0x00, 0x20 };
static const uint8_t bitmap_3296[] = { 0x10, 0x00, 0x10, 0x00, 0x2E, 0x1E, 0x31, 0xF0, 0x20, 0x10, 0x4E, 0x10, 0xB0, 0x10, 0x10, 0x10, 0x9E, 0x10, 0x70, 0x10, 0x10, 0x10, 0x10, 0x10, 0x16, 0x10, 0x18, 0x50, 0x30, 0x30, 0x00, 0x20 };
static const uint8_t bitmap_3297[] = { 0x10, 0x40, 0x10, 0x40, 0x2E, 0x40, 0x30, 0x9E, 0x20, 0xE4, 0x4D, 0x04, 0xB2, 0x84, 0x10, 0x44, 0x9E, 0x44, 0x70, 0x44, 0x10, 0x04, 0x12, 0x08, 0x14, 0x08, 0x18, 0x48, 0x30, 0x30, 0x00, 0x20 };
static const uint8_t bitmap_3298[] = { 0x10, 0x00, 0x12, 0x1E, 0x2D, 0xE0, 0x30, 0x20, 0x20, 0x2C, 0x4D, 0xB0, 0xB0, 0xA0, 0x10, 0xA0, 0x9C, 0xBE, 0x71, 0xE4, 0x11, 0x04, 0x10, 0x04, 0x14, 0x04, 0x18, 0x28, 0x30, 0x18, 0x00, 0x10 };
static const uint8_t bitmap_3299[] = { 0x10, 0x60, 0x10, 0x20, 0x2E, 0x3E, 0x31, 0xE0, 0x20, 0x2C, 0x4C, 0x24, 0xB3, 0x24, 0x11, 0x24, 0x9D, 0x24, 0x71, 0x3C, 0x11, 0xE4, 0x11, 0x20, 0x14, 0x24, 0x18, 0x24, 0x30, 0x24, 0x00, 0x1E };
static const uint8_t bitmap_3300[] = { 0x10, 0x60, 0x10, 0x20, 0x2E, 0x28, 0x30, 0xA4, 0x20, 0xA2, 0x4E, 0xA2, 0xB1, 0x20, 0x12, 0x22, 0x9C, 0x22, 0x70, 0x24, 0x10, 0x24, 0x12, 0x08, 0x14, 0x10, 0x18, 0x20, 0x30, 0x40, 0x01, 0x80 };
static const uint8_t bitmap_3301[] = { 0x10, 0x60, 0x10, 0x20, 0x2C, 0x20, 0x33, 0x3E, 0x21, 0xE4, 0x4D, 0x24, 0xB1, 0x24, 0x11, 0x24, 0x9D, 0x24, 0x71, 0x3C, 0x11, 0xE4, 0x11, 0x20, 0x14, 0x20, 0x18, 0x20, 0x30, 0x20, 0x00, 0x20 };
static const uint8_t bitmap_3302[] = { 0x10, 0xC0, 0x10, 0x40, 0x2C, 0x40, 0x32, 0x7E, 0x23, 0xC4, 0x4E, 0x44, 0xB2, 0x44, 0x12, 0x64, 0x9E, 0x54, 0x72, 0x94, 0x12, 0x8C, 0x13, 0x04, 0x16, 0x04, 0x1A, 0x14, 0x32, 0x0C, 0x02, 0x08 };
static const uint8_t bitmap_3303[] = { 0x10, 0x00, 0x13, 0x1E, 0x2D, 0xE2, 0x31, 0x0A, 0x21, 0x0A, 0x4D, 0x4A, 0xB1, 0x2A, 0x11, 0x32, 0x9D, 0x12, 0x71, 0x2A, 0x11, 0x2A, 0x11, 0x4A, 0x15, 0x82, 0x19, 0x0A, 0x31, 0x06, 0x01, 0x04 };
static const uint8_t bitmap_3304[] = { 0x10, 0x00, 0x11, 0x9E, 0x2E, 0xE4, 0x30, 0x84, 0x20, 0x9C, 0x4E, 0xE4, 0xB0, 0x84, 0x10, 0x84, 0x9E, 0x9C, 0x70, 0xE4, 0x10, 0x84, 0x12, 0x84, 0x14, 0x84, 0x19, 0x14, 0x31, 0x0C, 0x06, 0x08 };
static const uint8_t bitmap_3305[] = { 0x10, 0x40, 0x10, 0x40, 0x2E, 0x40, 0x30, 0x9E, 0x20, 0xE4, 0x4E, 0xA8, 0xB1, 0x20, 0x12, 0x20, 0x9C, 0x20, 0x70, 0x30, 0x10, 0x48, 0x12, 0x48, 0x14, 0x84, 0x18, 0x84, 0x31, 0x02, 0x06, 0x02 };
static const uint8_t bitmap_3306[] = { 0x10, 0x40, 0x10, 0x40, 0x2C, 0x40, 0x30, 0x9E, 0x20, 0xE2, 0x4C, 0x82, 0xB1, 0x42, 0x12, 0x22, 0x9C, 0x22, 0x70, 0x0A, 0x10, 0x32, 0x11, 0xC4, 0x14, 0x04, 0x18, 0x28, 0x30, 0x18, 0x00, 0x10 };
static const uint8_t bitmap_3307[] = { 0x10, 0x40, 0x10, 0x40, 0x2E, 0x40, 0x30, 0x40, 0x20, 0x9E, 0x4E, 0xE2, 0xB1, 0x42, 0x12, 0x42, 0x9C, 0x42, 0x70, 0x52, 0x10, 0x8A, 0x12, 0xBA, 0x15, 0xCA, 0x18, 0x14, 0x30, 0x0C, 0x00, 0x08 };
static const uint8_t bitmap_3308[] = { 0x10, 0x00, 0x12, 0x3C, 0x2D, 0xC8, 0x30, 0x48, 0x20, 0x48, 0x4C, 0x48, 0xB2, 0x78, 0x11, 0xC8, 0x9C, 0x48, 0x70, 0x88, 0x10, 0x88, 0x12, 0x88, 0x14, 0x88, 0x18, 0xBE, 0x37, 0xC0, 0x00, 0x00 };
static const uint8_t bitmap_3309[] = { 0x10, 0xD8, 0x10, 0x44, 0x2C, 0x42, 0x32, 0x7C, 0x21, 0xC0, 0x4C, 0x40, 0xB2, 0x7E, 0x11, 0xC0, 0x9C, 0x48, 0x70, 0x28, 0x10, 0x28, 0x12, 0x12, 0x14, 0x32, 0x18, 0x4C, 0x30, 0x86, 0x03, 0x02 };
static const uint8_t bitmap_3310[] = { 0x11, 0x98, 0x10, 0x88, 0x2C, 0x88, 0x32, 0x9E, 0x21, 0xE8, 0x4C, 0x88, 0xB0, 0x88, 0x10, 0x88, 0x9E, 0xB8, 0x70, 0xC8, 0x10, 0x88, 0x12, 0x88, 0x14, 0x88, 0x18, 0xB8, 0x30, 0xC8, 0x00, 0x88 };
static const uint8_t bitmap_3311[] = { 0x10, 0x60, 0x10, 0x20, 0x2E, 0x20, 0x30, 0x2E, 0x20, 0x30, 0x4E, 0x20, 0xB0, 0x20, 0x10, 0x20, 0x9F, 0x3C, 0x71, 0xC4, 0x11, 0x04, 0x13, 0x04, 0x15, 0x04, 0x19, 0x3C, 0x31, 0xC4, 0x01, 0x04 };
static const uint8_t bitmap_3312[] = { 0x10, 0x00, 0x13, 0x1E, 0x2D, 0xE4, 0x31, 0x24, 0x21, 0x24, 0x4D, 0x3C, 0xB1, 0xE4, 0x11, 0x24, 0x9D, 0x24, 0x71, 0x3C, 0x11, 0xE4, 0x11, 0x20, 0x14, 0x20, 0x18, 0x20, 0x30, 0x20, 0x00, 0x20 };
static const uint8_t bitmap_3313[] = { 0x10, 0x60, 0x11, 0xA0, 0x2C, 0xA0, 0x30, 0xBC, 0x21, 0xE0, 0x4D, 0x20, 0xB2, 0x20, 0x12, 0x3E, 0x9D, 0xE0, 0x70, 0x20, 0x10, 0x50, 0x12, 0x48, 0x14, 0x84, 0x19, 0x04, 0x32, 0x02, 0x0C, 0x02 };
static const uint8_t bitmap_3314[] = { 0x10, 0x20, 0x10, 0x20, 0x2E, 0x50, 0x30, 0x48, 0x20, 0xA4, 0x4D, 0x24, 0xB2, 0x12, 0x11, 0x1E, 0x9C, 0xE4, 0x70, 0x04, 0x10, 0x08, 0x12, 0x88, 0x14, 0x50, 0x18, 0x20, 0x30, 0x10, 0x00, 0x10 };
static const uint8_t bitmap_3315[] = { 0x10, 0x00, 0x10, 0xDC, 0x2E, 0x68, 0x30, 0x48, 0x20, 0x48, 0x4E, 0x88, 0xB0, 0x86, 0x13, 0x00, 0x9D, 0x9C, 0x70, 0xE4, 0x10, 0x84, 0x12, 0x84, 0x14, 0x84, 0x18, 0x9C, 0x30, 0xE4, 0x00, 0x84 };
static const uint8_t bitmap_3316[] = { 0x10, 0xC0, 0x10, 0x48, 0x2E, 0x78, 0x31, 0xC8, 0x20, 0x50, 0x4C, 0x7E, 0xB3, 0xC0, 0x10, 0x9C, 0x9C, 0xE0, 0x71, 0x80, 0x16, 0xBE, 0x11, 0xC4, 0x15, 0x04, 0x18, 0x28, 0x30, 0x18, 0x00, 0x10 };
static const uint8_t bitmap_3317[] = { 0x10, 0x64, 0x12, 0x24, 0x2D, 0x28, 0x30, 0xA8, 0x20, 0xA0, 0x4E, 0x3E, 0xB1, 0xC4, 0x10, 0x04, 0x9C, 0x04, 0x72, 0x3C, 0x11, 0xC4, 0x10, 0x04, 0x14, 0x04, 0x1A, 0x3C, 0x31, 0xC4, 0x00, 0x04 };
static const uint8_t bitmap_3318[] = { 0x10, 0x00, 0x13, 0x1E, 0x2D, 0xE2, 0x31, 0x02, 0x21, 0x9A, 0x4D, 0x62, 0xB1, 0x02, 0x11, 0x5A, 0x9D, 0x6A, 0x71, 0x4A, 0x11, 0x5A, 0x11, 0x6A, 0x15, 0x02, 0x19, 0x0A, 0x31, 0x06, 0x01, 0x04 };
static const uint8_t bitmap_3319[] = { 0x10, 0x00, 0x13, 0x3C, 0x2D, 0xC8, 0x31, 0x08, 0x21, 0x08, 0x4D, 0x38, 0xB1, 0xC8, 0x11, 0x00, 0x9E, 0x3E, 0x73, 0xC4, 0x12, 0x04, 0x12, 0x04, 0x16, 0x04, 0x1A, 0x3C, 0x33, 0xC4, 0x02, 0x04 };
static const uint8_t bitmap_3320[] = { 0x10, 0x40, 0x10, 0x40, 0x2E, 0x5C, 0x30, 0xE8, 0x20, 0x88, 0x4D, 0x90, 0xB2, 0x50, 0x10, 0x20, 0x9C, 0x40, 0x70, 0x9E, 0x13, 0xE4, 0x10, 0x84, 0x14, 0x84, 0x18, 0x9C, 0x30, 0xE4, 0x00, 0x84 };
static const uint8_t bitmap_3321[] = { 0x10, 0x60, 0x10, 0x20, 0x2E, 0x3C, 0x31, 0xC8, 0x20, 0x88, 0x4C, 0x50, 0xB3, 0x5E, 0x11, 0xE0, 0x9D, 0x00, 0x71, 0x00, 0x11, 0x00, 0x11, 0x00, 0x15, 0x00, 0x1A, 0x00, 0x32, 0x00, 0x04, 0x00 };
static const uint8_t bitmap_3322[] = { 0x10, 0x00, 0x13, 0x3C, 0x2D, 0xC8, 0x31, 0x38, 0x21, 0xC8, 0x4D, 0x08, 0xB1, 0x38, 0x11, 0xC4, 0x9D, 0x24, 0x71, 0x28, 0x11, 0x10, 0x13, 0x08, 0x15, 0x64, 0x19, 0x84, 0x33, 0x02, 0x00, 0x02 };
static const uint8_t bitmap_3323[] = { 0x10, 0xC0, 0x10, 0x40, 0x2E, 0x7C, 0x31, 0xC0, 0x22, 0x7C, 0x4D, 0xC0, 0xB2, 0x7E, 0x11, 0xC8, 0x9E, 0x48, 0x70, 0x7E, 0x10, 0x88, 0x12, 0xC8, 0x15, 0x28, 0x1A, 0x28, 0x30, 0x18, 0x00, 0x10 };
static const uint8_t bitmap_3324[] = { 0x10, 0x6C, 0x10, 0x22, 0x2E, 0x3E, 0x31, 0xE0, 0x20, 0x20, 0x4F, 0x3E, 0xB1, 0xE4, 0x11, 0x3C, 0x9F, 0xE4, 0x71, 0x24, 0x11, 0x3C, 0x13, 0xE4, 0x15, 0x24, 0x19, 0x34, 0x31, 0x2C, 0x01, 0x28 };
static const uint8_t bitmap_3325[] = { 0x10, 0x30, 0x10, 0x10, 0x2C, 0x10, 0x32, 0x9E, 0x21, 0x70, 0x4D, 0x28, 0xB0, 0x28, 0x13, 0x4C, 0x9D, 0x78, 0x71, 0x48, 0x16, 0x8E, 0x15, 0x78, 0x1A, 0x08, 0x37, 0x08, 0x00, 0xC0, 0x00, 0x3E };
static const uint8_t bitmap_3326[] = { 0x10, 0x60, 0x11, 0x24, 0x2C, 0xA4, 0x30, 0xA8, 0x23, 0x3C, 0x4D, 0xE4, 0xB1, 0x04, 0x11, 0x1C, 0x9D, 0xE4, 0x71, 0x04, 0x11, 0x1C, 0x13, 0xE4, 0x15, 0x04, 0x19, 0x14, 0x31, 0x0C, 0x01, 0x08 };
static const uint8_t bitmap_3327[] = { 0x10, 0x64, 0x11, 0x24, 0x2C, 0xA8, 0x30, 0xA0, 0x23, 0x3E, 0x4D, 0xC4, 0xB1, 0x24, 0x11, 0x24, 0x9D, 0x24, 0x71, 0x24, 0x11, 0x24, 0x13, 0x24, 0x14, 0x50, 0x18, 0x48, 0x30, 0x84, 0x03, 0x02 };
static const uint8_t bitmap_3328[] = { 0x10, 0x30, 0x12, 0xD0, 0x2F, 0x90, 0x32, 0x90, 0x22, 0xD6, 0x4F, 0xBA, 0xB2, 0x92, 0x12, 0x92, 0x9F, 0x92, 0x72, 0x92, 0x12, 0xB2, 0x16, 0xD2, 0x1B, 0xA4, 0x32, 0x34, 0x0C, 0x4C, 0x01, 0x88 };
static const uint8_t bitmap_3329[] = { 0x10, 0x00, 0x13, 0x3C, 0x2D, 0xC8, 0x31, 0x08, 0x21, 0x38, 0x4D, 0xC8, 0xB1, 0x40, 0x12, 0x7E, 0x9F, 0xC4, 0x72, 0x64, 0x12, 0x94, 0x12, 0x8C, 0x17, 0x04, 0x1A, 0x14, 0x32, 0x0C, 0x02, 0x08 };
static const uint8_t bitmap_3330[] = { 0x10, 0x1C, 0x10, 0x60, 0x2D, 0xA0, 0x32, 0x3E, 0x21, 0xF0, 0x4C, 0x68, 0xB0, 0xA4, 0x11, 0x22, 0x9E, 0x3A, 0x71, 0xC8, 0x10, 0x56, 0x12, 0x5A, 0x14, 0xA2, 0x18, 0x94, 0x31, 0x0C, 0x02, 0x08 };
static const uint8_t bitmap_3331[] = { 0x10, 0x40, 0x10, 0x5C, 0x2E, 0x68, 0x30, 0x88, 0x21, 0x50, 0x4E, 0x30, 0xB0, 0x48, 0x11, 0xA4, 0x9E, 0x3A, 0x71, 0xE0, 0x11, 0x38, 0x10, 0xE0, 0x16, 0x3E, 0x19, 0xE0, 0x30, 0x20, 0x00, 0x20 };
static const uint8_t bitmap_3332[] = { 0x10, 0x60, 0x10, 0x20, 0x2D, 0x3C, 0x30, 0xE4, 0x20, 0x88, 0x4C, 0x48, 0xB2, 0x5E, 0x11, 0xE0, 0x9C, 0x20, 0x70, 0x20, 0x11, 0x3C, 0x10, 0xE0, 0x14, 0x20, 0x18, 0x20, 0x30, 0x20, 0x00, 0x20 };
static const uint8_t bitmap_3333[] = { 0x11, 0x10, 0x10, 0x90, 0x2C, 0xA0, 0x33, 0x7C, 0x21, 0xC8, 0x4D, 0x08, 0xB1, 0x08, 0x11, 0x38, 0x9D, 0xE8, 0x70, 0xA0, 0x10, 0xA0, 0x12, 0xA0, 0x14, 0xA4, 0x19, 0x24, 0x31, 0x24, 0x06, 0x1E };
static const uint8_t bitmap_3334[] = { 0x11, 0xB0, 0x10, 0x90, 0x2E, 0xBC, 0x31, 0xD0, 0x20, 0x90, 0x4C, 0x90, 0xB2, 0xBE, 0x11, 0xC0, 0x9D, 0x3C, 0x71, 0xC8, 0x11, 0x38, 0x11, 0xC8, 0x15, 0x08, 0x19, 0x38, 0x31, 0xC8, 0x01, 0x08 };
static const uint8_t bitmap_3335[] = { 0x10, 0x88, 0x10, 0x88, 0x2C, 0xBE, 0x33, 0xC8, 0x20, 0x88, 0x4C, 0x80, 0xB3, 0x3E, 0x11, 0xE4, 0x9D, 0x24, 0x71, 0x3C, 0x11, 0xE4, 0x13, 0x24, 0x15, 0x24, 0x19, 0x3C, 0x31, 0xC4, 0x01, 0x04 };
static const uint8_t bitmap_3336[] = { 0x10, 0x00, 0x13, 0x3C, 0x2D, 0xC8, 0x31, 0x38, 0x21, 0xC8, 0x4D, 0x38, 0xB1, 0xC8, 0x10, 0x80, 0x9C, 0xBE, 0x71, 0xD2, 0x16, 0x52, 0x10, 0x92, 0x17, 0x24, 0x18, 0x64, 0x31, 0x98, 0x00, 0x10 };
static const uint8_t bitmap_3337[] = { 0x10, 0x00, 0x12, 0x3E, 0x2F, 0xD4, 0x32, 0x94, 0x22, 0xBC, 0x4F, 0xC4, 0xB2, 0x40, 0x10, 0xBC, 0x9C, 0xC8, 0x71, 0x08, 0x12, 0x90, 0x10, 0x50, 0x14, 0x20, 0x18, 0x40, 0x31, 0x80, 0x06, 0x00 };
static const uint8_t bitmap_3338[] = { 0x10, 0x0C, 0x10, 0x30, 0x2D, 0xE0, 0x30, 0x20, 0x22, 0x3C, 0x4D, 0xE8, 0xB0, 0xA8, 0x12, 0xBE, 0x9D, 0xE8, 0x70, 0xA8, 0x12, 0xBC, 0x11, 0xE0, 0x14, 0x20, 0x1A, 0x3C, 0x31, 0xC0, 0x00, 0x00 };
static const uint8_t bitmap_3339[] = { 0x10, 0x90, 0x10, 0x90, 0x2C, 0x90, 0x31, 0x3C, 0x23, 0xE0, 0x4D, 0x20, 0xB1, 0x3C, 0x11, 0xE0, 0x9D, 0x20, 0x71, 0x3C, 0x11, 0xE0, 0x13, 0x20, 0x15, 0x20, 0x19, 0x3E, 0x31, 0xE0, 0x01, 0x00 };
static const uint8_t bitmap_3340[] = { 0x10, 0x20, 0x10, 0x40, 0x2F, 0x7E, 0x31, 0xC4, 0x21, 0x3C, 0x4D, 0xC4, 0xB1, 0x3C, 0x11, 0xE4, 0x9C, 0x20, 0x73, 0x3E, 0x11, 0xE2, 0x13, 0x22, 0x15, 0x2A, 0x19, 0x26, 0x31, 0x24, 0x00, 0x20 };
static const uint8_t bitmap_3341[] = { 0x10, 0x30, 0x11, 0x90, 0x2F, 0x5C, 0x31, 0x34, 0x21, 0x9E, 0x4E, 0x74, 0xB2, 0x9C, 0x13, 0xF0, 0x9C, 0x9C, 0x72, 0xF0, 0x12, 0x90, 0x11, 0x9E, 0x15, 0x70, 0x1A, 0x90, 0x34, 0x60, 0x08, 0x1E };
static const uint8_t bitmap_3342[] = { 0x10, 0x00, 0x13, 0x3E, 0x2D, 0xC4, 0x31, 0x04, 0x21, 0x3C, 0x4D, 0xE4, 0xB1, 0x20, 0x11, 0x3E, 0x9D, 0xE0, 0x71, 0x20, 0x11, 0x3E, 0x12, 0xE4, 0x16, 0x84, 0x1A, 0x9C, 0x34, 0xE4, 0x00, 0x84 };
static const uint8_t bitmap_3343[] = { 0x10, 0x00, 0x12, 0x3C, 0x2D, 0xD0, 0x30, 0xA0, 0x22, 0x7E, 0x4D, 0xA0, 0xB0, 0xA0, 0x10, 0x60, 0x9C, 0x40, 0x72, 0x3C, 0x13, 0xE8, 0x16, 0xA8, 0x1A, 0xA8, 0x32, 0xBE, 0x0F, 0xC0, 0x00, 0x00 };
static const uint8_t bitmap_3344[] = { 0x10, 0xD8, 0x11, 0x08, 0x2F, 0x08, 0x31, 0x08, 0x25, 0xCA, 0x4F, 0x2A, 0xB1, 0xAA, 0x13, 0xAC, 0x9D, 0x48, 0x75, 0x48, 0x11, 0x14, 0x11, 0x14, 0x15, 0x24, 0x19, 0x22, 0x31, 0x42, 0x01, 0x82 };
static const uint8_t bitmap_3345[] = { 0x10, 0x80, 0x10, 0x9C, 0x2F, 0x68, 0x32, 0x48, 0x22, 0x48, 0x4F, 0xC8, 0xB2, 0x46, 0x12, 0x80, 0x9E, 0x5C, 0x73, 0xE4, 0x16, 0x28, 0x12, 0x10, 0x16, 0x98, 0x1B, 0x24, 0x32, 0x44, 0x03, 0x82 };
static const uint8_t bitmap_3346[] = { 0x10, 0x60, 0x10, 0x20, 0x2E, 0x3E, 0x33, 0xE8, 0x22, 0x48, 0x4F, 0x5E, 0xB2, 0xE8, 0x12, 0x58, 0x9E, 0x60, 0x73, 0x1C, 0x12, 0xE8, 0x16, 0x48, 0x1A, 0x30, 0x34, 0x28, 0x08, 0xC4, 0x03, 0x02 };
static const uint8_t bitmap_3347[] = { 0x10, 0x60, 0x12, 0x3E, 0x2D, 0xE0, 0x30, 0xBC, 0x20, 0xC8, 0x4E, 0xB8, 0xB0, 0xC8, 0x10, 0xB8, 0x9E, 0xC8, 0x70, 0xB8, 0x10, 0xC8, 0x12, 0xBE, 0x15, 0xD0, 0x18, 0x88, 0x31, 0x04, 0x06, 0x02 };
static const uint8_t bitmap_3348[] = { 0x10, 0x60, 0x10, 0x20, 0x2E, 0x3E, 0x31, 0xE0, 0x20, 0x5C, 0x4E, 0x68, 0xB0, 0x58, 0x10, 0x60, 0x9F, 0x1E, 0x71, 0xE2, 0x11, 0x5A, 0x13, 0x6A, 0x15, 0x5A, 0x19, 0x6A, 0x31, 0x06, 0x01, 0x04 };
static const uint8_t bitmap_3349[] = { 0x10, 0xC0, 0x10, 0x40, 0x2E, 0x7C, 0x31, 0x90, 0x20, 0xA0, 0x4E, 0xBE, 0xB3, 0xC4, 0x12, 0x40, 0x9C, 0x7E, 0x73, 0xC0, 0x10, 0x9C, 0x10, 0xE4, 0x14, 0x84, 0x19, 0x28, 0x32, 0x18, 0x0C, 0x10 };
static const uint8_t bitmap_3350[] = { 0x10, 0x60, 0x12, 0x3C, 0x2D, 0xD0, 0x30, 0x90, 0x22, 0xBE, 0x4D, 0xC0, 0xB3, 0x3C, 0x11, 0xC8, 0x9D, 0x38, 0x71, 0xC8, 0x11, 0x38, 0x13, 0xE8, 0x14, 0xA4, 0x19, 0x24, 0x32, 0x24, 0x0C, 0x1E };
static const uint8_t bitmap_3351[] = { 0x20, 0xC0, 0x24, 0x7E, 0x5F, 0xC8, 0x64, 0x90, 0x46, 0x7E, 0x9D, 0xA0, 0x66, 0xFC, 0x25, 0xA8, 0xBE, 0xFE, 0x65, 0xA8, 0x26, 0xF8, 0x25, 0xB0, 0x29, 0xA8, 0x32, 0xA4, 0x6C, 0xA2, 0x00, 0xA0 };
static const uint8_t bitmap_3352[] = { 0x10, 0xC0, 0x12, 0x7E, 0x2D, 0xC0, 0x30, 0x3E, 0x23, 0xD4, 0x4D, 0x5C, 0xB1, 0xD0, 0x12, 0xBE, 0x9D, 0xD0, 0x72, 0xBC, 0x11, 0xD0, 0x14, 0xBE, 0x1B, 0xD4, 0x31, 0x48, 0x06, 0x74, 0x01, 0x82 };
static const uint8_t bitmap_3353[] = { 0x00, 0x10, 0x18, 0x10, 0x08, 0x20, 0x08, 0x40, 0x08, 0x80, 0x09, 0x00, 0x0A, 0x00, 0x88, 0xFE, 0x7F, 0x00, 0x09, 0x00, 0x08, 0x80, 0x08, 0x40, 0x08, 0x30, 0x09, 0x88, 0x0E, 0x04, 0x70, 0x02 };
static const uint8_t bitmap_3354[] = { 0x00, 0x00, 0x44, 0x7E, 0x23, 0x82, 0x10, 0x02, 0x10, 0x02, 0xC0, 0x02, 0x40, 0x02, 0x40, 0x02, 0x40, 0x02, 0x40, 0x02, 0x40, 0x02, 0x40, 0x02, 0x40, 0x02, 0x40, 0x0A, 0x40, 0x06, 0x40, 0x04 };
static const uint8_t bitmap_3355[] = { 0x00, 0x00, 0x44, 0x7E, 0x23, 0x82, 0x10, 0x02, 0x10, 0x02, 0xC3, 0x02, 0x41, 0x02, 0x41, 0x02, 0x41, 0x02, 0x42, 0x82, 0x42, 0x42, 0x44, 0x22, 0x48, 0x22, 0x40, 0x0A, 0x40, 0x06, 0x40, 0x04 };
static const uint8_t bitmap_3356[] = { 0x00, 0x00, 0x44, 0x7E, 0x23, 0x82, 0x10, 0x02, 0x11, 0x82, 0xC0, 0x82, 0x50, 0xFA, 0x4F, 0x82, 0x40, 0x82, 0x41, 0x82, 0x42, 0x82, 0x44, 0x82, 0x5A, 0x82, 0x41, 0x8A, 0x41, 0x06, 0x40, 0x04 };
static const uint8_t bitmap_3357[] = { 0x00, 0x00, 0x44, 0x7E, 0x23, 0x82, 0x10, 0x02, 0x10, 0x02, 0xCC, 0xF2, 0x47, 0x22, 0x44, 0x22, 0x44, 0x22, 0x44, 0x22, 0x44, 0xE2, 0x47, 0x22, 0x44, 0x22, 0x40, 0x0A, 0x40, 0x06, 0x40, 0x04 };
static const uint8_t bitmap_3358[] = { 0x00, 0x00, 0x44, 0x7E, 0x23, 0x82, 0x10, 0x02, 0x10, 0xF2, 0xCF, 0x22, 0x42, 0x22, 0x42, 0x42, 0x44, 0xFA, 0x47, 0x12, 0x50, 0xD2, 0x4F, 0x12, 0x40, 0xA2, 0x40, 0x6A, 0x40, 0x46, 0x40, 0x04 };
static const uint8_t bitmap_3359[] = { 0x00, 0x00, 0x44, 0x7E, 0x23, 0x82, 0x10, 0x02, 0x10, 0x02, 0xC9, 0xF2, 0x47, 0x02, 0x41, 0x02, 0x49, 0xF2, 0x47, 0x02, 0x41, 0x02, 0x51, 0xFA, 0x4E, 0x02, 0x40, 0x0A, 0x40, 0x06, 0x40, 0x04 };
static const uint8_t bitmap_3360[] = { 0x00, 0x00, 0x44, 0x7E, 0x23, 0x82, 0x10, 0x02, 0x13, 0x02, 0xC1, 0x02, 0x51, 0xF2, 0x4F, 0x82, 0x43, 0x42, 0x45, 0x22, 0x45, 0x12, 0x49, 0x02, 0x51, 0x02, 0x41, 0x0A, 0x40, 0x06, 0x40, 0x04 };
static const uint8_t bitmap_3361[] = { 0x00, 0x00, 0x44, 0x7E, 0x23, 0x82, 0x10, 0x02, 0x10, 0x02, 0xCC, 0xF2, 0x47, 0x22, 0x44, 0x22, 0x44, 0xE2, 0x47, 0x22, 0x44, 0x22, 0x44, 0xE2, 0x47, 0x22, 0x44, 0x2A, 0x40, 0x06, 0x40, 0x04 };
static const uint8_t bitmap_3362[] = { 0x00, 0x00, 0x44, 0x7E, 0x23, 0x82, 0x10, 0x02, 0x11, 0x02, 0xC0, 0xA2, 0x42, 0x52, 0x42, 0x4A, 0x4A, 0x0A, 0x4A, 0x02, 0x4A, 0x22, 0x51, 0x22, 0x40, 0xF2, 0x40, 0x0A, 0x40, 0x06, 0x40, 0x04 };
static const uint8_t bitmap_3363[] = { 0x00, 0x00, 0x44, 0x7E, 0x23, 0x82, 0x10, 0x02, 0x11, 0xF2, 0xCF, 0x22, 0x49, 0x22, 0x49, 0xE2, 0x4F, 0x22, 0x49, 0x22, 0x49, 0xE2, 0x4F, 0x22, 0x49, 0x22, 0x41, 0x0A, 0x41, 0x06, 0x40, 0x04 };
static const uint8_t bitmap_3364[] = { 0x00, 0x00, 0x44, 0x7E, 0x23, 0x82, 0x10, 0x02, 0x03, 0x02, 0xD1, 0xFA, 0x4E, 0x02, 0x41, 0x02, 0x49, 0xF2, 0x4F, 0x22, 0x49, 0x22, 0x49, 0xA2, 0x49, 0x62, 0x49, 0x4A, 0x41, 0x06, 0x40, 0x04 };
static const uint8_t bitmap_3365[] = { 0x00, 0x00, 0x44, 0x7E, 0x23, 0x82, 0x10, 0x02, 0x03, 0x02, 0xC9, 0xE2, 0x47, 0x02, 0x51, 0xF2, 0x4E, 0x02, 0x41, 0x02, 0x49, 0xE2, 0x47, 0x02, 0x51, 0xF2, 0x4E, 0x0A, 0x40, 0x06, 0x40, 0x04 };
static const uint8_t bitmap_3366[] = { 0x00, 0x00, 0x44, 0x7E, 0x23, 0x82, 0x10, 0x02, 0x10, 0xFA, 0xCF, 0x22, 0x44, 0xE2, 0x47, 0x22, 0x44, 0xE2, 0x47, 0x22, 0x44, 0x3A, 0x45, 0xE2, 0x5E, 0x22, 0x40, 0x2A, 0x40, 0x26, 0x40, 0x04 };
static const uint8_t bitmap_3367[] = { 0x00, 0x00, 0x44, 0x7E, 0x23, 0x82, 0x10, 0x02, 0x03, 0x02, 0xD9, 0xF2, 0x4F, 0x22, 0x49, 0x22, 0x49, 0xE2, 0x4F, 0x42, 0x49, 0x22, 0x41, 0x62, 0x43, 0x92, 0x5C, 0x1A, 0x40, 0x06, 0x40, 0x04 };
static const uint8_t bitmap_3368[] = { 0x00, 0x00, 0x44, 0x7E, 0x23, 0x82, 0x10, 0x02, 0x12, 0xC2, 0xC4, 0xA2, 0x44, 0x92, 0x48, 0xFA, 0x5F, 0xA2, 0x68, 0xA2, 0x48, 0x4A, 0x48, 0xD2, 0x4B, 0x22, 0x4C, 0x3A, 0x48, 0x16, 0x40, 0x04 };
static const uint8_t bitmap_3369[] = { 0x00, 0x00, 0x44, 0x7E, 0x23, 0x82, 0x12, 0x02, 0x02, 0xE2, 0xC3, 0x22, 0x46, 0x42, 0x49, 0x82, 0x52, 0x62, 0x45, 0xD2, 0x5E, 0x4A, 0x44, 0x42, 0x44, 0xC2, 0x47, 0x4A, 0x44, 0x46, 0x40, 0x04 };
static const uint8_t bitmap_3370[] = { 0x00, 0x00, 0x44, 0x7E, 0x23, 0x82, 0x10, 0x02, 0x14, 0x42, 0xC2, 0x82, 0x42, 0xF2, 0x4F, 0x22, 0x44, 0x22, 0x44, 0xE2, 0x47, 0x82, 0x42, 0x92, 0x44, 0x92, 0x58, 0x7A, 0x40, 0x06, 0x40, 0x04 };
static const uint8_t bitmap_3371[] = { 0x00, 0x00, 0x44, 0x7E, 0x23, 0x82, 0x12, 0x02, 0x12, 0xE2, 0xC7, 0x42, 0x44, 0x82, 0x49, 0x02, 0x52, 0xF2, 0x4C, 0x22, 0x48, 0xE2, 0x4E, 0x22, 0x48, 0xE2, 0x4F, 0x2A, 0x48, 0x26, 0x40, 0x04 };
static const uint8_t bitmap_3372[] = { 0x00, 0x00, 0x44, 0x7E, 0x23, 0xA2, 0x14, 0x22, 0x12, 0x42, 0xCA, 0xFA, 0x4F, 0x12, 0x49, 0xF2, 0x4F, 0x12, 0x49, 0xF2, 0x4F, 0x02, 0x51, 0xFA, 0x4F, 0x02, 0x41, 0x0A, 0x41, 0x06, 0x40, 0x04 };
static const uint8_t bitmap_3373[] = { 0x00, 0x00, 0x44, 0x7E, 0x23, 0x92, 0x10, 0x22, 0x11, 0xC2, 0xC8, 0x42, 0x44, 0x7A, 0x55, 0xC2, 0x4A, 0x42, 0x4A, 0x7A, 0x45, 0xD2, 0x45, 0x12, 0x59, 0x32, 0x45, 0xDA, 0x45, 0x16, 0x40, 0x04 };
static const uint8_t bitmap_3374[] = { 0x00, 0x60, 0xCC, 0x20, 0x74, 0x20, 0x44, 0x20, 0x48, 0x20, 0x50, 0x20, 0x48, 0x20, 0x48, 0x20, 0x44, 0x50, 0x44, 0x48, 0x64, 0x48, 0x58, 0x84, 0x50, 0x84, 0x41, 0x02, 0x42, 0x02, 0x4C, 0x02 };
static const uint8_t bitmap_3375[] = { 0x00, 0xC0, 0xCC, 0x40, 0x74, 0x40, 0x44, 0x7E, 0x4B, 0xC0, 0x50, 0x80, 0x48, 0x9C, 0x48, 0xE8, 0x44, 0x88, 0x44, 0x88, 0x64, 0x88, 0x58, 0x88, 0x51, 0x08, 0x41, 0x50, 0x42, 0x30, 0x44, 0x20 };
static const uint8_t bitmap_3376[] = { 0x00, 0x00, 0xCC, 0x00, 0x77, 0x3E, 0x45, 0xC4, 0x49, 0x04, 0x51, 0x04, 0x49, 0x04, 0x49, 0x3C, 0x45, 0xC4, 0x45, 0x04, 0x65, 0x04, 0x59, 0x04, 0x51, 0x3C, 0x41, 0xC4, 0x41, 0x04, 0x40, 0x00 };
static const uint8_t bitmap_3377[] = { 0x00, 0x00, 0xCD, 0x9E, 0x76, 0xE4, 0x44, 0x84, 0x48, 0x9C, 0x50, 0xE4, 0x48, 0x84, 0x48, 0x84, 0x44, 0x9C, 0x44, 0xE4, 0x64, 0x84, 0x58, 0x84, 0x51, 0x04, 0x41, 0x14, 0x42, 0x0C, 0x4C, 0x08 };
static const uint8_t bitmap_3378[] = { 0x00, 0x40, 0xD8, 0x40, 0x68, 0x40, 0x4C, 0xBE, 0x53, 0xC0, 0x60, 0xA0, 0x51, 0x20, 0x51, 0x3C, 0x4B, 0xE0, 0x4A, 0x20, 0x68, 0x20, 0x54, 0x3E, 0x43, 0xE0, 0x40, 0x20, 0x40, 0x20, 0x40, 0x20 };
static const uint8_t bitmap_3379[] = { 0x00, 0x80, 0xDC, 0xE0, 0x69, 0x10, 0x49, 0x08, 0x52, 0x04, 0x65, 0x32, 0x59, 0x12, 0x51, 0x10, 0x49, 0x10, 0x49, 0x10, 0x69, 0x10, 0x51, 0x10, 0x42, 0x10, 0x42, 0x10, 0x44, 0x10, 0x48, 0x10 };
static const uint8_t bitmap_3380[] = { 0x00, 0x00, 0xCD, 0xBC, 0x74, 0xC8, 0x44, 0x88, 0x48, 0x88, 0x50, 0xB8, 0x48, 0xC8, 0x48, 0x88, 0x44, 0x88, 0x44, 0xB8, 0x64, 0xC8, 0x58, 0x88, 0x50, 0x88, 0x44, 0xBE, 0x43, 0xC0, 0x40, 0x00 };
static const uint8_t bitmap_3381[] = { 0x00, 0x00, 0xDC, 0x3E, 0x6B, 0xC4, 0x48, 0x04, 0x50, 0x04, 0x63, 0x74, 0x51, 0xA4, 0x51, 0x24, 0x49, 0x24, 0x49, 0x64, 0x69, 0xA4, 0x51, 0x04, 0x40, 0x04, 0x40, 0x14, 0x40, 0x0C, 0x40, 0x08 };
static const uint8_t bitmap_3382[] = { 0x00, 0x98, 0xD8, 0x88, 0x68, 0x88, 0x49, 0x08, 0x51, 0x08, 0x63, 0x1E, 0x52, 0xE8, 0x56, 0x88, 0x4A, 0x48, 0x4A, 0x48, 0x6A, 0x08, 0x52, 0x08, 0x42, 0x08, 0x42, 0x28, 0x42, 0x18, 0x42, 0x10 };
static const uint8_t bitmap_3383[] = { 0x00, 0x00, 0xCD, 0x1C, 0x74, 0xE0, 0x44, 0x00, 0x48, 0x00, 0x54, 0x1E, 0x4B, 0xE0, 0x48, 0x20, 0x44, 0xA8, 0x44, 0xA4, 0x65, 0x24, 0x59, 0x22, 0x52, 0x22, 0x44, 0xA2, 0x40, 0x60, 0x40, 0x40 };
static const uint8_t bitmap_3384[] = { 0x00, 0xC0, 0xD8, 0x40, 0x68, 0x40, 0x4A, 0x7C, 0x51, 0xC0, 0x60, 0x40, 0x50, 0x40, 0x54, 0x7E, 0x4B, 0xC0, 0x48, 0x44, 0x6A, 0x44, 0x52, 0x44, 0x42, 0x44, 0x42, 0x7C, 0x43, 0x84, 0x42, 0x04 };
static const uint8_t bitmap_3385[] = { 0x00, 0x40, 0xD8, 0x40, 0x68, 0x40, 0x4C, 0x9E, 0x53, 0xE0, 0x60, 0x80, 0x50, 0xA0, 0x51, 0x20, 0x49, 0x3C, 0x4B, 0xE0, 0x6A, 0x28, 0x51, 0x24, 0x41, 0x24, 0x42, 0xA2, 0x4C, 0x62, 0x40, 0x40 };
static const uint8_t bitmap_3386[] = { 0x00, 0x00, 0xDA, 0x1E, 0x69, 0xE0, 0x48, 0x20, 0x56, 0xBE, 0x62, 0xE4, 0x52, 0xA4, 0x52, 0xB4, 0x4A, 0xAC, 0x4A, 0xC4, 0x6A, 0x94, 0x52, 0x8C, 0x42, 0x88, 0x42, 0x3E, 0x43, 0xC0, 0x42, 0x00 };
static const uint8_t bitmap_3387[] = { 0x00, 0x00, 0xCE, 0x1E, 0x75, 0xE0, 0x44, 0x20, 0x48, 0x40, 0x53, 0x7E, 0x49, 0xC4, 0x49, 0x04, 0x45, 0x04, 0x45, 0x3C, 0x65, 0xC4, 0x59, 0x04, 0x51, 0x04, 0x41, 0x3C, 0x41, 0xC4, 0x41, 0x04 };
static const uint8_t bitmap_3388[] = { 0x00, 0x40, 0xCC, 0x5C, 0x74, 0x68, 0x44, 0xC8, 0x49, 0x30, 0x56, 0x28, 0x48, 0x44, 0x49, 0xB2, 0x46, 0x1C, 0x45, 0xF0, 0x64, 0x50, 0x58, 0x9E, 0x51, 0xF0, 0x41, 0x10, 0x40, 0x10, 0x40, 0x10 };
static const uint8_t bitmap_3389[] = { 0x00, 0x00, 0xCF, 0x3C, 0x75, 0xC8, 0x45, 0x38, 0x49, 0xC8, 0x51, 0x08, 0x49, 0x38, 0x49, 0xC4, 0x45, 0x24, 0x45, 0x28, 0x65, 0x10, 0x59, 0x08, 0x51, 0x68, 0x41, 0x84, 0x43, 0x02, 0x40, 0x02 };
static const uint8_t bitmap_3390[] = { 0x00, 0xC0, 0xCC, 0x40, 0x76, 0x7C, 0x45, 0xC0, 0x48, 0x48, 0x52, 0x48, 0x49, 0x50, 0x49, 0x50, 0x45, 0x7E, 0x47, 0xE0, 0x64, 0x90, 0x58, 0x88, 0x51, 0x08, 0x41, 0x04, 0x42, 0x02, 0x4C, 0x02 };
static const uint8_t bitmap_3391[] = { 0x00, 0xC0, 0xD8, 0x40, 0x6C, 0x7C, 0x4B, 0xC0, 0x50, 0x40, 0x68, 0x7E, 0x57, 0xC0, 0x50, 0x40, 0x4A, 0x5C, 0x4A, 0x60, 0x6A, 0x40, 0x52, 0x40, 0x45, 0x40, 0x44, 0xC0, 0x48, 0x60, 0x50, 0x1E };
static const uint8_t bitmap_3392[] = { 0x00, 0x60, 0xD8, 0x24, 0x6A, 0x3E, 0x4B, 0xE4, 0x54, 0x08, 0x62, 0x38, 0x51, 0xC0, 0x50, 0x00, 0x4C, 0x3E, 0x4B, 0xE0, 0x68, 0xA0, 0x50, 0xA0, 0x41, 0x24, 0x41, 0x24, 0x42, 0x24, 0x4C, 0x1E };
static const uint8_t bitmap_3393[] = { 0x00, 0x40, 0xD8, 0x60, 0x68, 0x90, 0x48, 0x88, 0x51, 0x3C, 0x63, 0xE2, 0x54, 0x20, 0x52, 0x3E, 0x49, 0xE0, 0x48, 0x28, 0x69, 0x24, 0x51, 0x24, 0x42, 0x22, 0x42, 0xA2, 0x44, 0x60, 0x40, 0x40 };
static const uint8_t bitmap_3394[] = { 0x00, 0x00, 0xDB, 0x3C, 0x69, 0xC8, 0x49, 0x08, 0x51, 0x38, 0x61, 0xC0, 0x56, 0x3E, 0x53, 0xC4, 0x4A, 0x04, 0x4A, 0xC4, 0x6A, 0x44, 0x52, 0x44, 0x42, 0x44, 0x40, 0xB0, 0x41, 0x0C, 0x4E, 0x02 };
static const uint8_t bitmap_3395[] = { 0x00, 0x80, 0xD8, 0xC0, 0x68, 0xA0, 0x49, 0x10, 0x51, 0x08, 0x62, 0x74, 0x55, 0x82, 0x50, 0x84, 0x48, 0x44, 0x4A, 0x24, 0x69, 0x28, 0x50, 0x88, 0x40, 0x90, 0x48, 0x7E, 0x47, 0x80, 0x40, 0x00 };
static const uint8_t bitmap_3396[] = { 0x00, 0xC0, 0xD8, 0x40, 0x6C, 0x7C, 0x4B, 0xD0, 0x51, 0x10, 0x61, 0x20, 0x58, 0xBE, 0x57, 0xC0, 0x48, 0x00, 0x4B, 0x3C, 0x69, 0xC8, 0x51, 0x08, 0x41, 0x08, 0x41, 0x38, 0x41, 0xC8, 0x41, 0x08 };
static const uint8_t bitmap_3397[] = { 0x00, 0xC0, 0xDA, 0x78, 0x69, 0xC0, 0x48, 0x40, 0x54, 0x7C, 0x63, 0xA0, 0x50, 0x98, 0x51, 0x04, 0x4A, 0x82, 0x4C, 0xB8, 0x68, 0xD0, 0x51, 0x50, 0x46, 0x20, 0x40, 0x58, 0x41, 0x84, 0x46, 0x02 };
static const uint8_t bitmap_3398[] = { 0x00, 0x80, 0xD8, 0x80, 0x69, 0x9E, 0x49, 0xE2, 0x52, 0x82, 0x64, 0xB2, 0x59, 0xC2, 0x52, 0x42, 0x4C, 0x7A, 0x4B, 0xC2, 0x68, 0x4A, 0x52, 0x7A, 0x43, 0xCA, 0x42, 0x14, 0x40, 0x0C, 0x40, 0x08 };
static const uint8_t bitmap_3399[] = { 0x00, 0x40, 0xCC, 0x40, 0x74, 0x9C, 0x44, 0xE8, 0x49, 0x08, 0x52, 0x10, 0x48, 0x20, 0x49, 0x5E, 0x45, 0xC4, 0x45, 0x04, 0x65, 0x1C, 0x59, 0xC4, 0x51, 0x04, 0x41, 0x1C, 0x41, 0xE4, 0x41, 0x04 };
static const uint8_t bitmap_3400[] = { 0x00, 0x00, 0xDB, 0x3C, 0x69, 0xE4, 0x49, 0x3C, 0x51, 0xE4, 0x61, 0x24, 0x51, 0x3C, 0x51, 0xE0, 0x4E, 0x3E, 0x4B, 0xE2, 0x6A, 0x32, 0x52, 0x2A, 0x42, 0x3A, 0x42, 0xCA, 0x42, 0x06, 0x42, 0x04 };
static const uint8_t bitmap_3401[] = { 0x00, 0x80, 0xD8, 0x9C, 0x68, 0xE8, 0x49, 0x90, 0x56, 0x60, 0x60, 0x58, 0x51, 0x84, 0x56, 0x3A, 0x49, 0xC0, 0x4A, 0x7C, 0x6B, 0xC0, 0x52, 0x78, 0x45, 0xC0, 0x48, 0x7E, 0x47, 0x80, 0x40, 0x00 };
static const uint8_t bitmap_3402[] = { 0x00, 0xC0, 0xD8, 0x40, 0x6C, 0x7E, 0x4B, 0xC0, 0x51, 0x38, 0x62, 0xE0, 0x52, 0x3E, 0x55, 0xC0, 0x48, 0x38, 0x49, 0xC8, 0x69, 0x38, 0x51, 0xC8, 0x41, 0x38, 0x41, 0xC8, 0x41, 0x18, 0x41, 0x10 };
static const uint8_t bitmap_3403[] = { 0x00, 0x30, 0xD8, 0x10, 0x69, 0x1E, 0x4C, 0xE0, 0x53, 0x20, 0x60, 0x5E, 0x50, 0xE4, 0x53, 0x5C, 0x4D, 0x64, 0x49, 0x5C, 0x6E, 0x64, 0x51, 0x54, 0x42, 0x4C, 0x4E, 0x48, 0x41, 0x80, 0x40, 0x7E };
static const uint8_t bitmap_3404[] = { 0x00, 0x80, 0xD8, 0x80, 0x68, 0xB8, 0x49, 0xD0, 0x51, 0x20, 0x62, 0x3C, 0x55, 0xC8, 0x52, 0x38, 0x49, 0xC8, 0x4A, 0x38, 0x69, 0xC0, 0x50, 0xA4, 0x42, 0x92, 0x42, 0x52, 0x44, 0x28, 0x58, 0x1C };
static const uint8_t bitmap_3405[] = { 0x00, 0x00, 0xDA, 0x3E, 0x69, 0xC0, 0x48, 0xBC, 0x50, 0xC8, 0x60, 0xB8, 0x50, 0xC0, 0x56, 0x3E, 0x4B, 0xCA, 0x4A, 0x92, 0x6A, 0x5E, 0x52, 0xE2, 0x42, 0x22, 0x42, 0x2A, 0x42, 0x26, 0x42, 0x04 };
static const uint8_t bitmap_3406[] = { 0x02, 0x10, 0xDA, 0x10, 0x69, 0x20, 0x4C, 0x7C, 0x53, 0xA0, 0x60, 0x10, 0x51, 0x08, 0x51, 0x04, 0x4A, 0x7A, 0x4F, 0xAA, 0x6A, 0xA8, 0x52, 0xA8, 0x42, 0xA8, 0x4A, 0xFE, 0x47, 0x80, 0x40, 0x00 };
static const uint8_t bitmap_3407[] = { 0x00, 0x60, 0xD8, 0xA8, 0x68, 0xA4, 0x49, 0x22, 0x53, 0x3E, 0x65, 0xC4, 0x51, 0x3C, 0x51, 0xC4, 0x49, 0x04, 0x49, 0x3C, 0x69, 0xE4, 0x51, 0x28, 0x41, 0x24, 0x42, 0xA2, 0x44, 0x62, 0x40, 0x40 };
static const uint8_t bitmap_3408[] = { 0x00, 0x60, 0xDA, 0x3C, 0x69, 0xE8, 0x48, 0x90, 0x54, 0xBE, 0x63, 0xC0, 0x51, 0x3C, 0x51, 0xC8, 0x49, 0x38, 0x49, 0xC8, 0x69, 0x38, 0x51, 0xE0, 0x44, 0x3E, 0x43, 0xE0, 0x40, 0x20, 0x40, 0x20 };
static const uint8_t bitmap_3409[] = { 0x00, 0x88, 0xD8, 0x48, 0x6C, 0x50, 0x4A, 0x9E, 0x52, 0xE0, 0x60, 0x20, 0x50, 0xD2, 0x56, 0x14, 0x4A, 0x28, 0x4C, 0xCC, 0x6A, 0x1A, 0x52, 0x28, 0x44, 0xD8, 0x5F, 0x10, 0x40, 0xC0, 0x40, 0x3E };
static const uint8_t bitmap_3410[] = { 0x03, 0x00, 0x21, 0xF8, 0x1F, 0x10, 0x01, 0x10, 0x81, 0xFE, 0x7F, 0x10, 0x01, 0x10, 0x21, 0xF0, 0x1F, 0x14, 0x41, 0x88, 0x21, 0x50, 0x15, 0x30, 0x09, 0x08, 0x35, 0x04, 0xC3, 0x02, 0x02, 0x00 };
static const uint8_t bitmap_3411[] = { 0x00, 0x88, 0x00, 0x88, 0x8E, 0x90, 0x75, 0x3E, 0x05, 0xD0, 0x47, 0x10, 0x29, 0x3C, 0x19, 0xD0, 0x09, 0x10, 0x15, 0x3C, 0x15, 0xD0, 0x21, 0x10, 0x21, 0x10, 0x41, 0x3E, 0x81, 0xC0, 0x01, 0x00 };
static const uint8_t bitmap_3412[] = { 0x03, 0x00, 0x09, 0x38, 0x09, 0x24, 0x11, 0x42, 0x20, 0x80, 0xC3, 0x40, 0x04, 0xFC, 0x0F, 0x80, 0x30, 0xF8, 0xDF, 0x80, 0x10, 0xF8, 0x1F, 0x80, 0x10, 0x80, 0x10, 0xFE, 0x1F, 0x00, 0x10, 0x00 };
static const uint8_t bitmap_3413[] = { 0x00, 0x00, 0x60, 0xFE, 0x3F, 0x48, 0x24, 0x88, 0x24, 0x9E, 0x25, 0xF0, 0x29, 0x10, 0x2B, 0x1E, 0x3D, 0xF0, 0x29, 0x10, 0x29, 0x1E, 0x29, 0xF0, 0x49, 0x10, 0x49, 0x1E, 0x89, 0xE0, 0x09, 0x00 };
static const uint8_t bitmap_3414[] = { 0x30, 0x48, 0x10, 0x48, 0x10, 0x50, 0x9E, 0x9E, 0x70, 0xF0, 0x11, 0x90, 0x22, 0x9C, 0x28, 0xF0, 0x28, 0x90, 0x48, 0x9C, 0x54, 0xF0, 0x94, 0x90, 0x92, 0x90, 0x2E, 0x9E, 0x72, 0xE0, 0x00, 0x80 };
static const uint8_t bitmap_3415[] = { 0x00, 0x88, 0x8C, 0x88, 0x78, 0x90, 0x29, 0x3E, 0x29, 0xD0, 0x4B, 0x10, 0x5D, 0x3C, 0xE9, 0xD0, 0x99, 0x10, 0x29, 0x3C, 0x29, 0xD0, 0x49, 0x10, 0x89, 0x10, 0x29, 0x3E, 0x19, 0xC0, 0x11, 0x00 };
static const uint8_t bitmap_3416[] = { 0x08, 0x80, 0x08, 0x80, 0x11, 0xF8, 0x3F, 0x00, 0x51, 0xF0, 0x9F, 0x00, 0x11, 0xF0, 0x1F, 0x00, 0x11, 0xF8, 0x1F, 0x00, 0x81, 0xFE, 0x7F, 0x80, 0x05, 0x60, 0x09, 0x18, 0x31, 0x04, 0xC1, 0x02 };
static const uint8_t bitmap_3417[] = { 0x03, 0x00, 0x61, 0xFC, 0x3F, 0x08, 0x20, 0x08, 0x20, 0xF8, 0x3F, 0x20, 0x24, 0x7E, 0x27, 0xC0, 0x28, 0x7C, 0x3F, 0xC0, 0x28, 0x7C, 0x4F, 0xC0, 0x48, 0x40, 0x88, 0x7E, 0x0F, 0xC0, 0x08, 0x00 };
static const uint8_t bitmap_3418[] = { 0x0C, 0x24, 0x34, 0x24, 0x14, 0x48, 0x14, 0x4E, 0xD4, 0x78, 0x55, 0xC8, 0x5E, 0x4E, 0x54, 0x78, 0x54, 0x48, 0x54, 0x4E, 0x54, 0x78, 0x5D, 0x48, 0x76, 0x48, 0xCC, 0x4E, 0x80, 0x70, 0x00, 0x40 };
static const uint8_t bitmap_3419[] = { 0x10, 0x24, 0x10, 0x24, 0x17, 0x28, 0x3A, 0x4E, 0x24, 0x78, 0x4F, 0xC8, 0xB1, 0x4E, 0x01, 0x78, 0x01, 0x48, 0x4F, 0x4E, 0x31, 0x78, 0x01, 0x48, 0x01, 0x48, 0x4F, 0x4E, 0x31, 0x70, 0x01, 0x40 };
static const uint8_t bitmap_3420[] = { 0x00, 0x24, 0xC7, 0xA4, 0x79, 0x28, 0x49, 0x4E, 0x4D, 0x78, 0x59, 0x48, 0x4F, 0xCE, 0x79, 0x78, 0x45, 0x48, 0x5D, 0x4E, 0x55, 0x78, 0x5D, 0x48, 0x55, 0x48, 0x55, 0x4E, 0x83, 0x70, 0x82, 0x40 };
static const uint8_t bitmap_3421[] = { 0x00, 0x00, 0x80, 0xFE, 0x7F, 0x00, 0x01, 0x00, 0x01, 0x00, 0xC1, 0xFE, 0x7F, 0x04, 0x51, 0x44, 0x49, 0x24, 0x45, 0x14, 0x51, 0x44, 0x49, 0x24, 0x45, 0x14, 0x41, 0x14, 0x41, 0x0C, 0x41, 0x08 };
static const uint8_t bitmap_3422[] = { 0x00, 0x00, 0x21, 0xF8, 0x1F, 0x00, 0x41, 0xFE, 0x7F, 0x04, 0x41, 0x78, 0xBD, 0x00, 0x01, 0x78, 0x3C, 0x00, 0x11, 0xF0, 0x0E, 0x20, 0x11, 0xE0, 0x0E, 0x20, 0x00, 0x20, 0x11, 0xE0, 0x0E, 0x20 };
static const uint8_t bitmap_3423[] = { 0x00, 0x00, 0x20, 0xF8, 0x1F, 0x00, 0x41, 0xFE, 0x7F, 0x04, 0x41, 0x78, 0xBC, 0x00, 0x00, 0xFC, 0x7F, 0x00, 0x21, 0x00, 0x31, 0xFC, 0x2F, 0x08, 0x41, 0x08, 0x42, 0x50, 0x84, 0x30, 0x38, 0x20 };
static const uint8_t bitmap_3424[] = { 0x00, 0x00, 0x20, 0xF8, 0x1F, 0x00, 0x41, 0xFE, 0x7F, 0x04, 0x41, 0x78, 0xBD, 0x00, 0x01, 0x78, 0x3A, 0xC0, 0x06, 0x70, 0x19, 0x0C, 0xE9, 0xF2, 0x07, 0x20, 0x00, 0xC0, 0x07, 0x00, 0x00, 0xE0 };
static const uint8_t bitmap_3425[] = { 0x00, 0x00, 0x20, 0xF8, 0x1F, 0x00, 0x41, 0xFE, 0x7F, 0x04, 0x41, 0x78, 0xBD, 0x00, 0x01, 0x78, 0x3C, 0x00, 0x11, 0xF8, 0x1F, 0x10, 0x11, 0xF0, 0x1F, 0x10, 0x11, 0xF0, 0x1F, 0x10, 0x10, 0x10 };
static const uint8_t bitmap_3426[] = { 0x00, 0x00, 0x20, 0xF8, 0x1F, 0x00, 0x41, 0xFE, 0x7F, 0x04, 0x81, 0x70, 0x3D, 0x00, 0x11, 0xFC, 0x1E, 0x08, 0x21, 0x88, 0x5E, 0x88, 0x91, 0xD0, 0x1E, 0xB0, 0x10, 0x24, 0x08, 0x04, 0x07, 0xFE };
static const uint8_t bitmap_3427[] = { 0x00, 0x00, 0x20, 0xF8, 0x1F, 0x00, 0x41, 0xFE, 0x7F, 0x04, 0x41, 0x38, 0xBB, 0xE0, 0x0C, 0x40, 0x73, 0x80, 0x0C, 0x70, 0xF2, 0x0C, 0x22, 0xF2, 0x1F, 0x10, 0x04, 0xA0, 0x08, 0x60, 0x70, 0x40 };
static const uint8_t bitmap_3428[] = { 0x00, 0x00, 0x20, 0xF8, 0x1F, 0x00, 0x41, 0xFE, 0x7F, 0x04, 0x41, 0x78, 0xBD, 0x20, 0x09, 0x00, 0x81, 0xFE, 0x7E, 0x00, 0x23, 0xFC, 0x3E, 0x88, 0x24, 0x88, 0x24, 0xA8, 0x24, 0x98, 0x20, 0x10 };
static const uint8_t bitmap_3429[] = { 0x00, 0x00, 0x20, 0xF8, 0x1F, 0x00, 0x41, 0xFE, 0x7F, 0x04, 0x81, 0x78, 0x3D, 0x20, 0x0B, 0x40, 0x35, 0xF8, 0x1E, 0x10, 0x11, 0xF0, 0x1E, 0x10, 0x11, 0xF0, 0x1E, 0x50, 0x10, 0x30, 0x10, 0x20 };
static const uint8_t bitmap_3430[] = { 0x00, 0x00, 0x21, 0xF8, 0x1F, 0x00, 0x41, 0xFE, 0x7F, 0x04, 0x41, 0x78, 0xBD, 0x00, 0x61, 0xFC, 0x3F, 0x00, 0x30, 0xF8, 0x2F, 0x00, 0x20, 0xFE, 0x7F, 0x44, 0x48, 0xB8, 0x8F, 0x0C, 0x38, 0x02 };
static const uint8_t bitmap_3431[] = { 0x00, 0x00, 0x21, 0xF8, 0x1F, 0x00, 0x41, 0xFE, 0x7F, 0x04, 0x41, 0x78, 0xBD, 0x00, 0x10, 0xFC, 0x3F, 0x00, 0xC0, 0xF8, 0x1F, 0x08, 0x91, 0xFE, 0x7E, 0x90, 0x21, 0xFC, 0x3E, 0xA0, 0x20, 0x60 };
static const uint8_t bitmap_3432[] = { 0x00, 0x00, 0x20, 0xF8, 0x1F, 0x00, 0x41, 0xFE, 0x7F, 0x04, 0x81, 0x70, 0x3D, 0x40, 0x08, 0xFC, 0x1F, 0x00, 0x21, 0xF8, 0x7F, 0x00, 0xA1, 0xF8, 0x3F, 0x00, 0x21, 0xFC, 0x3E, 0x00, 0x20, 0x00 };
static const uint8_t bitmap_3433[] = { 0x00, 0x00, 0x20, 0xF8, 0x1F, 0x00, 0x41, 0xFE, 0x7F, 0x04, 0x81, 0x78, 0x3F, 0x00, 0x21, 0xF8, 0x1E, 0x40, 0x85, 0xFE, 0x7E, 0x00, 0x45, 0xFC, 0x3E, 0x40, 0x08, 0x80, 0x07, 0x60, 0x78, 0x18 };
static const uint8_t bitmap_3434[] = { 0x00, 0x00, 0x20, 0xF8, 0x1F, 0x00, 0x41, 0xFE, 0x7F, 0x04, 0x41, 0x78, 0x9D, 0x40, 0x21, 0x9E, 0x30, 0xE4, 0x9E, 0x9C, 0x70, 0xE4, 0x38, 0x9C, 0x54, 0xE4, 0x52, 0x9C, 0x90, 0xE4, 0x10, 0x84 };
static const uint8_t bitmap_3435[] = { 0x00, 0x00, 0x20, 0xF8, 0x1F, 0x04, 0x41, 0xFE, 0x7F, 0x04, 0x41, 0x78, 0xB9, 0x10, 0x4E, 0x9C, 0x72, 0x64, 0x4E, 0x9C, 0x70, 0x60, 0x4E, 0x9C, 0x70, 0x68, 0x4E, 0x30, 0x70, 0x6C, 0x41, 0x82 };
static const uint8_t bitmap_3436[] = { 0x00, 0x00, 0x20, 0xF8, 0x1F, 0x00, 0x41, 0xFE, 0x7F, 0x04, 0x41, 0x78, 0x9D, 0x40, 0x4E, 0x5C, 0x74, 0xE8, 0x4C, 0x90, 0x77, 0x70, 0x10, 0x5C, 0xDD, 0xEA, 0x52, 0x98, 0x5C, 0xE8, 0xE0, 0x88 };
static const uint8_t bitmap_3437[] = { 0x00, 0x00, 0x20, 0xF8, 0x1F, 0x00, 0x41, 0xFE, 0x7F, 0x24, 0x55, 0x28, 0xBF, 0xDE, 0x76, 0x64, 0x18, 0x5C, 0x4F, 0x64, 0x79, 0x44, 0x4F, 0x5C, 0x78, 0x64, 0x8F, 0x94, 0x78, 0x8C, 0x0B, 0x08 };
static const uint8_t bitmap_3438[] = { 0x00, 0x00, 0x20, 0xF8, 0x1F, 0x00, 0x41, 0xFE, 0x7F, 0x04, 0x81, 0x78, 0x3D, 0x10, 0x01, 0x70, 0x6E, 0x9E, 0x32, 0x78, 0x2E, 0xAE, 0x30, 0x70, 0x2F, 0x5C, 0x52, 0x30, 0x9E, 0x10, 0x12, 0x10 };
static const uint8_t bitmap_3439[] = { 0x03, 0x00, 0x21, 0xF8, 0x1F, 0x00, 0x11, 0xF0, 0x0F, 0x00, 0x81, 0xFE, 0x7F, 0x00, 0x08, 0xF0, 0x0F, 0x10, 0x08, 0xF0, 0x0F, 0x10, 0x08, 0xF0, 0x0F, 0x10, 0x08, 0x50, 0x08, 0x30, 0x08, 0x20 };
static const uint8_t bitmap_3440[] = { 0x00, 0xC0, 0x30, 0x40, 0x12, 0x7C, 0x11, 0xC0, 0x9E, 0x78, 0x69, 0xC0, 0x0C, 0x7E, 0x4B, 0xC0, 0x51, 0x3C, 0x53, 0xC8, 0x2D, 0x38, 0x31, 0xC8, 0xC1, 0x38, 0x01, 0xE8, 0x01, 0x18, 0x01, 0x10 };
static const uint8_t bitmap_3441[] = { 0x30, 0x40, 0x9E, 0x40, 0x70, 0x78, 0x5C, 0x90, 0x31, 0x3C, 0x9E, 0xE8, 0x61, 0x3E, 0x5E, 0xE8, 0x64, 0x28, 0x5D, 0x38, 0x64, 0xE8, 0x5C, 0x20, 0x64, 0x20, 0x54, 0xA0, 0x4C, 0x60, 0x48, 0x40 };
static const uint8_t bitmap_3442[] = { 0x0D, 0x80, 0x04, 0x80, 0x9C, 0xBE, 0x64, 0xC0, 0x04, 0x80, 0x04, 0x80, 0x4C, 0xBC, 0x34, 0xC0, 0x04, 0x80, 0x04, 0x80, 0x9C, 0xBE, 0x64, 0xC0, 0x04, 0x80, 0x04, 0x80, 0x04, 0x80, 0x04, 0x80 };
static const uint8_t bitmap_3443[] = { 0x13, 0x00, 0x11, 0xF8, 0x3F, 0x00, 0xC1, 0xFE, 0x7E, 0x00, 0x11, 0xF8, 0x1E, 0x10, 0x11, 0xF0, 0x1E, 0x4C, 0x44, 0x70, 0x3C, 0x48, 0x44, 0x70, 0x3C, 0x4E, 0x84, 0x70, 0x7C, 0x40, 0x04, 0x40 };
static const uint8_t bitmap_3444[] = { 0x01, 0x80, 0x60, 0xFE, 0x3F, 0x90, 0x22, 0x7C, 0x3F, 0xB0, 0x27, 0x58, 0x2A, 0x94, 0x32, 0x12, 0x22, 0xC0, 0x3E, 0x5C, 0x22, 0x60, 0x5E, 0x5C, 0x42, 0x60, 0xBE, 0x5E, 0x02, 0x60, 0x02, 0x40 };
static const uint8_t bitmap_3445[] = { 0x00, 0x00, 0x80, 0xFE, 0x7F, 0x00, 0x02, 0x00, 0x02, 0x00, 0x65, 0xFC, 0x3E, 0x48, 0x25, 0xC8, 0x26, 0x48, 0x24, 0x48, 0x25, 0xC8, 0x26, 0x48, 0x24, 0x48, 0x25, 0xF8, 0x3E, 0x08, 0x20, 0x08 };
static const uint8_t bitmap_3446[] = { 0x04, 0x40, 0x84, 0xFE, 0x7F, 0x40, 0x04, 0x40, 0x05, 0xC0, 0x07, 0x00, 0x31, 0xF8, 0x1F, 0x10, 0x11, 0x10, 0x11, 0xF0, 0x1F, 0x10, 0x11, 0x00, 0x81, 0xFE, 0x7F, 0x00, 0x01, 0x00, 0x01, 0x00 };
static const uint8_t bitmap_3447[] = { 0x24, 0x50, 0xAF, 0x50, 0x74, 0x52, 0x2C, 0x92, 0x30, 0x94, 0xDF, 0x94, 0x72, 0x98, 0x52, 0xB0, 0x5E, 0x90, 0x72, 0x90, 0x50, 0x90, 0x9E, 0x90, 0x70, 0x94, 0x10, 0x94, 0x10, 0x94, 0x10, 0x8E };
static const uint8_t bitmap_3448[] = { 0x24, 0x00, 0xAF, 0x9C, 0x74, 0xE8, 0x2C, 0xA8, 0x30, 0xA8, 0xDE, 0xA8, 0x72, 0xA8, 0x52, 0xB8, 0x5E, 0xE8, 0x72, 0x80, 0x50, 0x80, 0x9E, 0x80, 0x70, 0x84, 0x10, 0x84, 0x10, 0x84, 0x10, 0x7E };
static const uint8_t bitmap_3449[] = { 0x24, 0x60, 0xAE, 0x20, 0x75, 0x3C, 0x2C, 0xE0, 0x30, 0x20, 0xDE, 0x3E, 0x73, 0xC0, 0x52, 0x20, 0x5E, 0x20, 0x73, 0x3C, 0x50, 0xE0, 0x9E, 0x20, 0x70, 0x20, 0x12, 0x3E, 0x11, 0xC0, 0x10, 0x00 };
static const uint8_t bitmap_3450[] = { 0x24, 0x30, 0xAF, 0x10, 0x74, 0x9E, 0x2C, 0xF4, 0x31, 0x88, 0xDE, 0x20, 0x73, 0x2E, 0x52, 0xF8, 0x5E, 0x48, 0x72, 0x48, 0x50, 0x50, 0x9E, 0xF0, 0x70, 0x18, 0x10, 0x24, 0x10, 0x44, 0x11, 0x82 };
static const uint8_t bitmap_3451[] = { 0x24, 0x40, 0xAE, 0x40, 0x74, 0x5E, 0x2C, 0xE2, 0x30, 0x8A, 0xDF, 0x2A, 0x72, 0xB2, 0x52, 0x62, 0x5E, 0x3A, 0x73, 0xF2, 0x50, 0x6A, 0x9E, 0xA6, 0x71, 0x22, 0x12, 0x34, 0x10, 0x2C, 0x10, 0x08 };
static const uint8_t bitmap_3452[] = { 0x24, 0x80, 0xAE, 0x8E, 0x74, 0xF0, 0x2D, 0x5C, 0x31, 0x74, 0xDF, 0x54, 0x75, 0x5C, 0x55, 0x74, 0x5D, 0x54, 0x75, 0x5C, 0x51, 0x74, 0x9F, 0x50, 0x71, 0x38, 0x11, 0x24, 0x11, 0x42, 0x11, 0x82 };
static const uint8_t bitmap_3453[] = { 0x30, 0x00, 0x11, 0x1E, 0x9E, 0xE4, 0x70, 0x24, 0x10, 0x24, 0x5C, 0xA4, 0x30, 0xA4, 0x11, 0x24, 0x9E, 0x24, 0x72, 0x44, 0x12, 0x44, 0x1A, 0x44, 0x16, 0x88, 0x14, 0xA8, 0x11, 0x18, 0x12, 0x10 };
static const uint8_t bitmap_3454[] = { 0x30, 0x60, 0x10, 0x20, 0x9E, 0x3E, 0x71, 0xE0, 0x5E, 0x20, 0x65, 0x3C, 0x5C, 0xE0, 0x64, 0x20, 0x46, 0x3E, 0x5D, 0xE4, 0x74, 0x24, 0x50, 0x34, 0x9E, 0x2C, 0x70, 0x28, 0x10, 0x20, 0x10, 0x20 };
static const uint8_t bitmap_3455[] = { 0x06, 0xC0, 0x02, 0x40, 0x02, 0x5C, 0x4E, 0x60, 0x32, 0x40, 0x02, 0x5C, 0x4E, 0x60, 0x32, 0x40, 0x02, 0x40, 0x4E, 0x5C, 0x32, 0x60, 0x02, 0x40, 0x02, 0x40, 0x83, 0xFE, 0x7C, 0x00, 0x00, 0x00 };
static const uint8_t bitmap_3456[] = { 0x03, 0x00, 0x01, 0x00, 0x21, 0xF8, 0x1E, 0x20, 0x04, 0x40, 0x85, 0xFE, 0x7E, 0x00, 0x09, 0xF0, 0x0E, 0x20, 0x08, 0x20, 0x09, 0xE0, 0x0E, 0x20, 0x08, 0x20, 0x09, 0xE0, 0x0E, 0x20, 0x08, 0x20 };
static const uint8_t bitmap_3457[] = { 0x30, 0x40, 0x10, 0x40, 0x5E, 0x40, 0x34, 0x80, 0x24, 0x9E, 0x9F, 0xE2, 0x71, 0x02, 0x0E, 0x42, 0x74, 0x22, 0x44, 0x22, 0x4C, 0x0A, 0x74, 0x32, 0x45, 0xC2, 0x4C, 0x14, 0x74, 0x0C, 0x44, 0x08 };
static const uint8_t bitmap_3458[] = { 0x00, 0x00, 0x80, 0xFE, 0x7F, 0x00, 0x02, 0x00, 0x1B, 0xF0, 0x0E, 0x20, 0x08, 0x20, 0x0B, 0x20, 0x09, 0x20, 0x09, 0x20, 0x09, 0x20, 0x09, 0x00, 0x02, 0xC0, 0x04, 0x30, 0x08, 0x08, 0x70, 0x04 };
static const uint8_t bitmap_3459[] = { 0x00, 0x00, 0x02, 0x1E, 0x9F, 0xE0, 0x70, 0x40, 0x13, 0x7C, 0x11, 0xC8, 0x11, 0x08, 0x11, 0x48, 0x11, 0x48, 0x11, 0x48, 0x51, 0x48, 0x31, 0x48, 0x21, 0x60, 0x00, 0x50, 0x00, 0x8C, 0x07, 0x02 };
static const uint8_t bitmap_3460[] = { 0x00, 0x00, 0x04, 0x3E, 0xC3, 0xC0, 0x40, 0x40, 0x43, 0x7C, 0x59, 0xC8, 0x61, 0x08, 0x41, 0x48, 0x41, 0x48, 0x45, 0x48, 0x59, 0x48, 0x61, 0x48, 0xC0, 0x60, 0x00, 0x98, 0x01, 0x04, 0x06, 0x02 };
static const uint8_t bitmap_3461[] = { 0x00, 0x00, 0x04, 0x3E, 0x03, 0xC0, 0x8C, 0x40, 0x73, 0x7C, 0x11, 0xC8, 0x11, 0x08, 0x13, 0x48, 0x15, 0x48, 0x19, 0x48, 0x21, 0x48, 0xC1, 0x48, 0x00, 0x60, 0x00, 0x98, 0x01, 0x04, 0x06, 0x02 };
static const uint8_t bitmap_3462[] = { 0xCC, 0x00, 0x46, 0x1E, 0x55, 0xE0, 0x54, 0x20, 0x55, 0xBE, 0x54, 0xE4, 0x54, 0x84, 0x54, 0xA4, 0x54, 0xA4, 0x54, 0xA4, 0x54, 0xA4, 0x54, 0xA4, 0x44, 0x30, 0x44, 0x48, 0x84, 0x84, 0x87, 0x02 };
static const uint8_t bitmap_3463[] = { 0x08, 0x00, 0x0A, 0x3E, 0x11, 0xE0, 0x20, 0x20, 0x4B, 0x7C, 0x89, 0xC4, 0x11, 0x04, 0x25, 0x64, 0x45, 0x24, 0x89, 0x24, 0x09, 0x24, 0x11, 0x24, 0x20, 0x50, 0x40, 0x88, 0x81, 0x04, 0x06, 0x02 };
static const uint8_t bitmap_3464[] = { 0x00, 0x00, 0x4D, 0x1E, 0x30, 0xE0, 0x00, 0x20, 0x01, 0xBC, 0x8E, 0xE4, 0x78, 0x84, 0x28, 0xA4, 0x28, 0xA4, 0x28, 0xA4, 0x29, 0xA4, 0x2A, 0xA0, 0x2C, 0x50, 0x48, 0x48, 0x40, 0x84, 0x83, 0x02 };
static const uint8_t bitmap_3465[] = { 0x00, 0x00, 0xC7, 0x0E, 0x78, 0xF0, 0x40, 0x10, 0x56, 0xDE, 0x5A, 0x64, 0x52, 0x54, 0x52, 0x54, 0x5A, 0x54, 0x56, 0x54, 0x54, 0x54, 0x50, 0x50, 0x93, 0x28, 0x9C, 0x24, 0x30, 0x44, 0x01, 0x82 };
static const uint8_t bitmap_3466[] = { 0x30, 0x00, 0x12, 0x1E, 0x11, 0xE0, 0x9E, 0x20, 0x71, 0xBE, 0x16, 0xE4, 0x92, 0x84, 0x92, 0xA4, 0x9E, 0xA4, 0xF0, 0xA4, 0x90, 0xA4, 0x12, 0xA4, 0x1C, 0x30, 0x30, 0x48, 0x00, 0x84, 0x03, 0x02 };
static const uint8_t bitmap_3467[] = { 0x04, 0x00, 0x25, 0x1E, 0x24, 0xE0, 0x22, 0x40, 0x22, 0x9E, 0x41, 0xE4, 0x46, 0x84, 0xBA, 0xA4, 0x12, 0xA4, 0x12, 0xA4, 0x12, 0xA4, 0x22, 0xB0, 0x34, 0x28, 0x4C, 0x44, 0x88, 0x82, 0x03, 0x02 };
static const uint8_t bitmap_3468[] = { 0x08, 0x00, 0x09, 0x1E, 0x24, 0xE0, 0x24, 0x40, 0x25, 0x9E, 0x42, 0xE4, 0x52, 0x84, 0x92, 0xA4, 0x10, 0xA4, 0x14, 0xA4, 0x24, 0xA4, 0x24, 0xB0, 0x5A, 0x28, 0xE2, 0x44, 0x00, 0x82, 0x03, 0x02 };
static const uint8_t bitmap_3469[] = { 0x00, 0x00, 0x8E, 0x1E, 0x75, 0xE0, 0x28, 0x40, 0x11, 0x9E, 0x9E, 0xE4, 0x74, 0x84, 0x18, 0xA4, 0x10, 0xA4, 0x10, 0xA4, 0x10, 0xA4, 0x10, 0xB0, 0x10, 0x28, 0x50, 0x44, 0x31, 0x82, 0x26, 0x02 };
static const uint8_t bitmap_3470[] = { 0x18, 0x00, 0x0B, 0x1E, 0x0C, 0xE0, 0x08, 0x40, 0x6F, 0x9E, 0x32, 0xE4, 0x22, 0x84, 0x22, 0xA4, 0x2E, 0xA4, 0x32, 0xA4, 0x22, 0xA4, 0x20, 0xB0, 0x40, 0x28, 0x40, 0x44, 0x80, 0x82, 0x03, 0x02 };
static const uint8_t bitmap_3471[] = { 0x10, 0x00, 0x19, 0x1E, 0x14, 0xE0, 0x22, 0x40, 0x33, 0x9E, 0x48, 0xE4, 0x8E, 0x84, 0x72, 0xA4, 0x04, 0xA4, 0x04, 0xA4, 0x48, 0xA4, 0x30, 0xB0, 0x10, 0x28, 0x08, 0x44, 0x08, 0x82, 0x03, 0x02 };
static const uint8_t bitmap_3472[] = { 0x18, 0x00, 0x09, 0x1E, 0x08, 0xE0, 0xCF, 0x20, 0x7A, 0xBE, 0x48, 0xE4, 0x4E, 0x84, 0x72, 0xA4, 0x54, 0xA4, 0x54, 0xA4, 0x48, 0xA4, 0x4C, 0xA4, 0x92, 0x30, 0xA2, 0x48, 0x40, 0x84, 0x03, 0x02 };
static const uint8_t bitmap_3473[] = { 0x00, 0x00, 0x9F, 0x1E, 0x64, 0xE0, 0x04, 0x20, 0x09, 0xBE, 0x18, 0xE4, 0x24, 0x84, 0x42, 0xA4, 0xAD, 0xA4, 0x18, 0xA4, 0x08, 0xA4, 0x09, 0xB0, 0x0E, 0x28, 0x38, 0x44, 0xC0, 0x82, 0x03, 0x02 };
static const uint8_t bitmap_3474[] = { 0x30, 0x00, 0x12, 0x1E, 0x11, 0xE0, 0x9E, 0x40, 0x75, 0x9E, 0x94, 0xE4, 0x58, 0x84, 0x50, 0xA4, 0x9E, 0xA4, 0x70, 0xA4, 0x18, 0xA4, 0x24, 0xB0, 0x22, 0x28, 0x42, 0x44, 0x80, 0x82, 0x03, 0x02 };
static const uint8_t bitmap_3475[] = { 0x18, 0x00, 0x08, 0x9E, 0x6B, 0x70, 0x2C, 0x10, 0x28, 0xDC, 0xAF, 0x64, 0x78, 0x54, 0x08, 0x54, 0x69, 0x54, 0x29, 0x54, 0x4A, 0x54, 0x82, 0x50, 0x04, 0x28, 0x08, 0x24, 0x30, 0xC2, 0xC3, 0x02 };
static const uint8_t bitmap_3476[] = { 0x06, 0x00, 0x19, 0x1E, 0x70, 0xE0, 0x9E, 0x40, 0x71, 0x9E, 0x38, 0xE4, 0x54, 0x84, 0x52, 0xA4, 0x90, 0xA4, 0x3C, 0xA4, 0x29, 0xA4, 0x2A, 0xB0, 0x4C, 0x28, 0x48, 0x44, 0x81, 0x84, 0x06, 0x02 };
static const uint8_t bitmap_3477[] = { 0x44, 0x00, 0x59, 0x1E, 0x64, 0xE0, 0x44, 0x20, 0x3D, 0xBE, 0x06, 0xE4, 0x18, 0x84, 0xF0, 0xA4, 0x10, 0xA4, 0x9E, 0xA4, 0x70, 0xA4, 0x38, 0xA4, 0x54, 0xB0, 0x52, 0x28, 0x90, 0x44, 0x13, 0x82 };
static const uint8_t bitmap_3478[] = { 0x00, 0x00, 0xCD, 0x1E, 0x74, 0xE0, 0x5C, 0x40, 0x75, 0x9E, 0x54, 0xE4, 0x5C, 0x84, 0x74, 0xA4, 0x10, 0xA4, 0x9E, 0xA4, 0x70, 0xA4, 0x38, 0xB0, 0x54, 0x28, 0x52, 0x44, 0x90, 0x84, 0x13, 0x02 };
static const uint8_t bitmap_3479[] = { 0x00, 0x00, 0xCF, 0x1E, 0x72, 0xF0, 0x4E, 0x20, 0x73, 0xBE, 0x4E, 0xE4, 0x70, 0x84, 0x8F, 0xA4, 0x78, 0xA4, 0x08, 0xA4, 0x6E, 0xA4, 0x28, 0x30, 0x38, 0x48, 0x49, 0x84, 0x46, 0x04, 0x81, 0xFE };
static const uint8_t bitmap_3480[] = { 0x18, 0x00, 0x08, 0x8E, 0x4F, 0x70, 0x72, 0x10, 0x14, 0x5E, 0xD7, 0xE4, 0x7A, 0x54, 0x42, 0x54, 0x44, 0x54, 0x5A, 0x54, 0x42, 0x54, 0x45, 0x50, 0x59, 0x28, 0x42, 0x24, 0x8C, 0x42, 0xB1, 0x82 };
static const uint8_t bitmap_3481[] = { 0x18, 0x00, 0x09, 0x1E, 0x4F, 0xF0, 0x71, 0x20, 0x92, 0xBE, 0x1E, 0xE4, 0x24, 0x84, 0x68, 0xA4, 0x9C, 0xA4, 0x22, 0xA4, 0x6F, 0xA4, 0xB4, 0xA4, 0x24, 0x30, 0x2C, 0x48, 0x34, 0x84, 0x23, 0x02 };
static const uint8_t bitmap_3482[] = { 0x18, 0x00, 0x09, 0x0E, 0x4E, 0xF0, 0x38, 0x10, 0x0E, 0xDE, 0x32, 0x64, 0x2E, 0x54, 0x32, 0x54, 0x2E, 0x54, 0x32, 0x54, 0x2E, 0x54, 0x32, 0x50, 0x2F, 0x28, 0xF4, 0x24, 0x22, 0x44, 0xC1, 0x82 };
static const uint8_t bitmap_3483[] = { 0x18, 0x00, 0x8F, 0x8E, 0x70, 0x70, 0x0F, 0x20, 0x75, 0x5E, 0x5D, 0x64, 0x51, 0x54, 0x4F, 0x54, 0x72, 0x54, 0x2E, 0x54, 0x32, 0x54, 0x2E, 0x50, 0x30, 0x28, 0x23, 0x24, 0x1C, 0x44, 0xE1, 0x82 };
static const uint8_t bitmap_3484[] = { 0x00, 0x00, 0x61, 0xF8, 0x3E, 0x10, 0x20, 0xD0, 0x20, 0x50, 0x38, 0x50, 0x24, 0x50, 0x22, 0x90, 0x21, 0x90, 0x20, 0x90, 0x21, 0x4A, 0x22, 0x2A, 0x44, 0x2C, 0x58, 0x04, 0x80, 0x06, 0x00, 0x02 };
static const uint8_t bitmap_3485[] = { 0x00, 0x00, 0x8F, 0x1C, 0x79, 0xE8, 0x2F, 0x08, 0xF9, 0x68, 0xAF, 0x28, 0xF1, 0xA8, 0x4D, 0x48, 0x31, 0x28, 0x8F, 0x28, 0x71, 0x58, 0x19, 0x5A, 0x55, 0x8A, 0x56, 0x04, 0xB2, 0x06, 0x24, 0x02 };
static const uint8_t bitmap_3486[] = { 0x00, 0x00, 0x83, 0xE0, 0x7C, 0x44, 0x00, 0x44, 0x00, 0x48, 0x00, 0x50, 0x00, 0x60, 0x00, 0x50, 0x00, 0x48, 0x00, 0x44, 0x00, 0x44, 0x00, 0x20, 0x00, 0x22, 0x00, 0x12, 0x00, 0x0C, 0x00, 0x06 };
static const uint8_t bitmap_3487[] = { 0x01, 0x00, 0x01, 0x80, 0x02, 0x60, 0x05, 0x10, 0x09, 0x08, 0x19, 0xF4, 0x2E, 0x22, 0xC9, 0xE0, 0x0E, 0x20, 0x09, 0xE0, 0x0E, 0x88, 0x08, 0x68, 0x08, 0x90, 0x0B, 0x08, 0x0C, 0x04, 0x70, 0x02 };
static const uint8_t bitmap_3488[] = { 0x18, 0x00, 0x0F, 0x1C, 0x28, 0xE8, 0x3E, 0x50, 0x45, 0x28, 0xBA, 0xC4, 0x25, 0x30, 0xC9, 0xEC, 0x1E, 0x22, 0x29, 0xE0, 0xCE, 0x28, 0x09, 0xE8, 0x0E, 0x90, 0x09, 0x70, 0x0E, 0x0C, 0x70, 0x02 };
static const uint8_t bitmap_3489[] = { 0x20, 0x00, 0x21, 0xB8, 0x20, 0xD0, 0x2E, 0x90, 0x74, 0x90, 0x48, 0x90, 0xB0, 0x90, 0x90, 0x90, 0x10, 0x90, 0x10, 0x90, 0x10, 0x90, 0x10, 0x90, 0x15, 0x14, 0x19, 0x14, 0x32, 0x14, 0x0C, 0x0E };
static const uint8_t bitmap_3490[] = { 0x20, 0x04, 0x20, 0x08, 0x21, 0xB0, 0x2E, 0xC0, 0x74, 0x80, 0x48, 0x9C, 0xB0, 0xE4, 0x90, 0xC4, 0x10, 0xA8, 0x10, 0xA8, 0x10, 0x90, 0x11, 0x18, 0x15, 0x24, 0x18, 0x44, 0x30, 0x82, 0x07, 0x02 };
static const uint8_t bitmap_3491[] = { 0x20, 0xC0, 0x20, 0x40, 0x20, 0x40, 0x2E, 0x5E, 0x74, 0xE4, 0x48, 0xA8, 0xB1, 0x30, 0x92, 0x20, 0x10, 0x20, 0x10, 0x30, 0x10, 0x48, 0x10, 0x48, 0x14, 0x84, 0x18, 0x84, 0x31, 0x02, 0x06, 0x02 };
static const uint8_t bitmap_3492[] = { 0x20, 0x80, 0x20, 0x80, 0x21, 0x3E, 0x2D, 0xE0, 0x76, 0x20, 0x48, 0x3E, 0xB3, 0xE4, 0x91, 0x24, 0x11, 0x24, 0x11, 0x24, 0x11, 0x24, 0x11, 0x34, 0x15, 0x2C, 0x19, 0x28, 0x30, 0x20, 0x00, 0x20 };
static const uint8_t bitmap_3493[] = { 0x20, 0x80, 0x20, 0x80, 0x20, 0xBC, 0x2E, 0xC8, 0x75, 0x08, 0x4A, 0x68, 0xB1, 0xA8, 0x91, 0x28, 0x11, 0x68, 0x11, 0xA8, 0x11, 0x18, 0x11, 0x10, 0x15, 0x04, 0x19, 0x04, 0x30, 0x84, 0x00, 0x7E };
static const uint8_t bitmap_3494[] = { 0x20, 0x00, 0x21, 0x3E, 0x20, 0xC4, 0x2E, 0x04, 0x74, 0x74, 0x4B, 0x84, 0xB0, 0x04, 0x91, 0x74, 0x11, 0xA4, 0x11, 0x24, 0x11, 0x64, 0x11, 0xA4, 0x14, 0x04, 0x18, 0x14, 0x30, 0x0C, 0x00, 0x08 };
static const uint8_t bitmap_3495[] = { 0x20, 0x00, 0x22, 0x1E, 0x21, 0xE8, 0x2E, 0x88, 0x74, 0x98, 0x48, 0xE8, 0xB0, 0x88, 0x90, 0x88, 0x10, 0xB8, 0x10, 0xC8, 0x10, 0x8E, 0x10, 0x98, 0x14, 0xE8, 0x18, 0x88, 0x33, 0x08, 0x00, 0x08 };
static const uint8_t bitmap_3496[] = { 0x21, 0x80, 0x20, 0x80, 0x22, 0xBC, 0x2D, 0xC8, 0x74, 0x50, 0x48, 0x50, 0xB0, 0x24, 0x90, 0xD4, 0x17, 0x0E, 0x10, 0x00, 0x12, 0x7C, 0x11, 0xA0, 0x14, 0xA0, 0x18, 0xA4, 0x31, 0x24, 0x06, 0x1E };
static const uint8_t bitmap_3497[] = { 0x20, 0x60, 0x20, 0x20, 0x20, 0x20, 0x2E, 0x3E, 0x75, 0xC8, 0x48, 0x84, 0xB0, 0x84, 0x91, 0x4A, 0x12, 0x28, 0x10, 0x10, 0x10, 0x10, 0x10, 0x28, 0x14, 0x24, 0x18, 0x44, 0x30, 0x82, 0x03, 0x02 };
static const uint8_t bitmap_3498[] = { 0x20, 0x10, 0x21, 0x10, 0x20, 0x90, 0x2C, 0xA0, 0x76, 0x3C, 0x49, 0xD0, 0xB0, 0x90, 0x90, 0x90, 0x14, 0xBE, 0x13, 0xD0, 0x10, 0x90, 0x10, 0x90, 0x14, 0x90, 0x19, 0x10, 0x31, 0x10, 0x02, 0x10 };
static const uint8_t bitmap_3499[] = { 0x20, 0x30, 0x20, 0x54, 0x21, 0x92, 0x2E, 0x92, 0x74, 0x90, 0x4A, 0xBE, 0xB1, 0xD0, 0x90, 0x94, 0x10, 0xB4, 0x10, 0xD4, 0x13, 0x88, 0x10, 0x8A, 0x14, 0x94, 0x1A, 0xA4, 0x31, 0xC6, 0x01, 0x02 };
static const uint8_t bitmap_3500[] = { 0x20, 0x0C, 0x20, 0x30, 0x21, 0xC4, 0x2E, 0x44, 0x75, 0x28, 0x49, 0x28, 0xB0, 0x40, 0x90, 0x40, 0x12, 0x5E, 0x11, 0xE8, 0x10, 0x88, 0x10, 0x90, 0x15, 0xD0, 0x18, 0x28, 0x30, 0xC4, 0x03, 0x02 };
static const uint8_t bitmap_3501[] = { 0x20, 0x40, 0x20, 0x40, 0x20, 0x9C, 0x2C, 0xE8, 0x75, 0x08, 0x4A, 0x10, 0xB0, 0x20, 0x91, 0x5E, 0x11, 0xC4, 0x11, 0x04, 0x11, 0x1C, 0x11, 0xC4, 0x15, 0x04, 0x19, 0x1C, 0x31, 0xE4, 0x01, 0x04 };
static const uint8_t bitmap_3502[] = { 0x20, 0x60, 0x20, 0x20, 0x21, 0x3E, 0x2D, 0xC4, 0x75, 0x3C, 0x4B, 0xC8, 0xB1, 0x08, 0x91, 0x38, 0x11, 0xC8, 0x11, 0x00, 0x11, 0x3E, 0x11, 0xC4, 0x15, 0x04, 0x19, 0x3C, 0x31, 0xC4, 0x01, 0x04 };
static const uint8_t bitmap_3503[] = { 0x20, 0x60, 0x21, 0x3C, 0x21, 0xE4, 0x2D, 0x3C, 0x75, 0xE0, 0x4A, 0x3E, 0xB1, 0xC0, 0x91, 0x3E, 0x11, 0xC4, 0x11, 0x24, 0x11, 0x24, 0x11, 0x24, 0x15, 0x30, 0x18, 0x48, 0x30, 0x84, 0x03, 0x02 };
static const uint8_t bitmap_3504[] = { 0x20, 0x80, 0x20, 0xB8, 0x20, 0xD0, 0x2D, 0x20, 0x76, 0x7C, 0x4B, 0xC8, 0xB2, 0x48, 0x92, 0x78, 0x13, 0xC8, 0x12, 0xA4, 0x11, 0x24, 0x16, 0xDE, 0x14, 0x20, 0x19, 0xC0, 0x30, 0x30, 0x00, 0x08 };
static const uint8_t bitmap_3505[] = { 0x20, 0x90, 0x24, 0xBE, 0x23, 0xD0, 0x2C, 0x80, 0x75, 0x3C, 0x49, 0xC8, 0xB1, 0x38, 0x91, 0xC8, 0x11, 0x38, 0x11, 0xE0, 0x14, 0x3E, 0x13, 0xE0, 0x14, 0x50, 0x18, 0x88, 0x31, 0x04, 0x06, 0x02 };
static const uint8_t bitmap_3506[] = { 0x20, 0x40, 0x23, 0x4E, 0x21, 0xB2, 0x2D, 0x12, 0x75, 0x52, 0x49, 0x54, 0xB1, 0xA4, 0x96, 0x28, 0x11, 0x5E, 0x11, 0xE4, 0x11, 0x3C, 0x11, 0xE4, 0x15, 0x24, 0x19, 0x3C, 0x31, 0xC4, 0x01, 0x04 };
static const uint8_t bitmap_3507[] = { 0x20, 0x00, 0x23, 0x1C, 0x21, 0xE4, 0x2D, 0x1C, 0x75, 0xE4, 0x49, 0x1C, 0xB1, 0xE0, 0x96, 0x1E, 0x13, 0xF2, 0x12, 0x5E, 0x13, 0xE2, 0x12, 0x1C, 0x15, 0xE8, 0x18, 0x90, 0x30, 0x6C, 0x03, 0x82 };
static const uint8_t bitmap_3508[] = { 0x08, 0x20, 0x04, 0x40, 0x84, 0xFE, 0x7F, 0x00, 0x01, 0x00, 0x19, 0xF8, 0x0F, 0x10, 0x08, 0xF0, 0x0F, 0x10, 0x08, 0x10, 0x08, 0xF0, 0x0F, 0x10, 0x08, 0x10, 0x08, 0xF0, 0x0F, 0x10, 0x08, 0x10 };
static const uint8_t bitmap_3509[] = { 0x00, 0x18, 0x00, 0x60, 0x03, 0x80, 0x3D, 0x00, 0x81, 0xFE, 0x7F, 0x40, 0x05, 0x30, 0x09, 0x0C, 0x19, 0xF2, 0x2E, 0x20, 0xC9, 0xE0, 0x0E, 0x20, 0x08, 0x20, 0x09, 0xE0, 0x0E, 0x20, 0x08, 0x20 };
static const uint8_t bitmap_3510[] = { 0x18, 0xD8, 0x8F, 0x70, 0x78, 0x50, 0x8F, 0x8E, 0x79, 0xFC, 0x4F, 0x48, 0x70, 0xF0, 0x4F, 0x0E, 0x41, 0xFC, 0xFF, 0x20, 0x89, 0xF8, 0x1E, 0x26, 0x29, 0xE0, 0xCE, 0x20, 0x09, 0xE0, 0x0E, 0x20 };
static const uint8_t bitmap_3511[] = { 0x00, 0x00, 0x20, 0xF0, 0x1F, 0x20, 0x00, 0x20, 0x04, 0x40, 0x04, 0x40, 0x08, 0x40, 0x08, 0xFE, 0x1F, 0x04, 0x10, 0x04, 0x80, 0xF4, 0x7F, 0x04, 0x00, 0x08, 0x00, 0x48, 0x00, 0x30, 0x00, 0x20 };
static const uint8_t bitmap_3512[] = { 0x00, 0x60, 0x9E, 0x20, 0x64, 0x20, 0x04, 0x20, 0x26, 0x3E, 0x29, 0xE0, 0x28, 0x20, 0x4F, 0x20, 0x72, 0x50, 0x42, 0x48, 0x0A, 0x48, 0x32, 0x44, 0xC2, 0x84, 0x14, 0x84, 0x0D, 0x02, 0x0A, 0x02 };
static const uint8_t bitmap_3513[] = { 0x01, 0x86, 0x9E, 0xB2, 0x64, 0x92, 0x04, 0x92, 0x24, 0x92, 0x28, 0x92, 0x28, 0x92, 0x4E, 0x92, 0x72, 0x92, 0x42, 0x92, 0x0A, 0x92, 0x32, 0x92, 0xC2, 0x82, 0x15, 0x02, 0x0D, 0x02, 0x0A, 0x02 };
static const uint8_t bitmap_3514[] = { 0x00, 0x60, 0x9E, 0x20, 0x65, 0xA0, 0x04, 0xA6, 0x24, 0xAC, 0x28, 0xB4, 0x28, 0xE4, 0x4F, 0xA4, 0x72, 0xB4, 0x42, 0xAC, 0x0A, 0xA8, 0x32, 0xA0, 0xC2, 0xA4, 0x14, 0x84, 0x0C, 0x44, 0x08, 0x3E };
static const uint8_t bitmap_3515[] = { 0x00, 0x00, 0x9B, 0x1E, 0x69, 0xE0, 0x09, 0x08, 0x29, 0x88, 0x29, 0x48, 0x51, 0x28, 0x5D, 0x10, 0x65, 0x18, 0x45, 0x28, 0x15, 0x24, 0x25, 0x44, 0xC5, 0x80, 0x29, 0x1E, 0x19, 0xE0, 0x11, 0x00 };
static const uint8_t bitmap_3516[] = { 0x00, 0x04, 0x9E, 0xC4, 0x64, 0x28, 0x04, 0x10, 0x24, 0x28, 0x28, 0x44, 0x29, 0x82, 0x4E, 0x04, 0x72, 0xC4, 0x42, 0x24, 0x0A, 0x18, 0x32, 0x08, 0xC2, 0x14, 0x14, 0x24, 0x0C, 0xC2, 0x0B, 0x02 };
static const uint8_t bitmap_3517[] = { 0x00, 0x30, 0x9E, 0x10, 0x64, 0x10, 0x05, 0x9E, 0x24, 0xE4, 0x28, 0x84, 0x28, 0x84, 0x4E, 0x9C, 0x72, 0xE4, 0x42, 0x80, 0x0A, 0x80, 0x32, 0x80, 0xC2, 0x80, 0x15, 0x00, 0x0D, 0x00, 0x0A, 0x00 };
static const uint8_t bitmap_3518[] = { 0x00, 0x30, 0x9E, 0x10, 0x64, 0x10, 0x05, 0x9E, 0x24, 0xF2, 0x28, 0x92, 0x28, 0x92, 0x4E, 0x9E, 0x72, 0xF2, 0x42, 0x50, 0x0A, 0x30, 0x32, 0x28, 0xC2, 0x24, 0x14, 0x44, 0x0C, 0x82, 0x0B, 0x02 };
static const uint8_t bitmap_3519[] = { 0x00, 0x40, 0x9E, 0x40, 0x64, 0x4E, 0x04, 0xF2, 0x24, 0x82, 0x29, 0x02, 0x2A, 0xBA, 0x4E, 0xD2, 0x72, 0x92, 0x42, 0xB2, 0x0A, 0xD2, 0x32, 0x94, 0xC2, 0x04, 0x14, 0x24, 0x0C, 0x18, 0x08, 0x10 };
static const uint8_t bitmap_3520[] = { 0x00, 0xC0, 0x9E, 0x20, 0x64, 0x20, 0x05, 0x3C, 0x24, 0xE0, 0x28, 0x20, 0x28, 0x20, 0x4E, 0x20, 0x73, 0x3C, 0x42, 0xE0, 0x0A, 0x20, 0x32, 0x20, 0xC2, 0x20, 0x15, 0x3E, 0x0C, 0xE0, 0x08, 0x00 };
static const uint8_t bitmap_3521[] = { 0x00, 0x60, 0x9E, 0x20, 0x65, 0x3E, 0x05, 0xC4, 0x25, 0x08, 0x2A, 0xC0, 0x28, 0x44, 0x4F, 0x44, 0x72, 0x58, 0x42, 0x60, 0x0A, 0x40, 0x32, 0x40, 0xC2, 0x44, 0x14, 0x44, 0x0C, 0x24, 0x08, 0x1E };
static const uint8_t bitmap_3522[] = { 0x30, 0x00, 0x9E, 0xDE, 0x72, 0x64, 0x12, 0x4C, 0x24, 0x74, 0x24, 0x00, 0x58, 0xF0, 0x8F, 0x20, 0x04, 0x20, 0x04, 0x40, 0x08, 0xFE, 0x1F, 0x04, 0x40, 0xF4, 0x3F, 0x04, 0x00, 0x18, 0x00, 0x10 };
static const uint8_t bitmap_3523[] = { 0x00, 0x00, 0x6F, 0xBC, 0x32, 0xC8, 0x22, 0x88, 0x2E, 0xB8, 0x32, 0xC8, 0x20, 0xF0, 0x1F, 0x20, 0x04, 0x20, 0x04, 0x40, 0x08, 0xFE, 0x1F, 0x04, 0x40, 0xF4, 0x3F, 0x04, 0x00, 0x18, 0x00, 0x10 };
static const uint8_t bitmap_3524[] = { 0x00, 0x0C, 0x9E, 0x30, 0x65, 0xE0, 0x04, 0x20, 0x26, 0x3E, 0x29, 0xE0, 0x28, 0x50, 0x4E, 0x88, 0x72, 0xDC, 0x43, 0x4A, 0x0A, 0x48, 0x32, 0x48, 0xC2, 0x48, 0x14, 0x88, 0x0C, 0x88, 0x09, 0x08 };
static const uint8_t bitmap_3525[] = { 0x00, 0x40, 0x9E, 0x40, 0x64, 0x5C, 0x04, 0xE8, 0x24, 0x88, 0x29, 0x50, 0x28, 0x20, 0x4E, 0x58, 0x73, 0x84, 0x42, 0xBA, 0x0A, 0xC8, 0x32, 0x88, 0xC2, 0x88, 0x14, 0xB8, 0x0C, 0xC8, 0x08, 0x88 };
static const uint8_t bitmap_3526[] = { 0x00, 0x60, 0x9E, 0x20, 0x64, 0x20, 0x05, 0x3E, 0x24, 0xE0, 0x28, 0x40, 0x28, 0x50, 0x4E, 0x94, 0x72, 0xE4, 0x43, 0x28, 0x0A, 0x48, 0x32, 0x90, 0xC3, 0x28, 0x14, 0x44, 0x0C, 0x82, 0x09, 0x02 };
static const uint8_t bitmap_3527[] = { 0x00, 0x20, 0x9E, 0x30, 0x64, 0x48, 0x04, 0x44, 0x24, 0x82, 0x29, 0x58, 0x2A, 0x22, 0x4E, 0x84, 0x72, 0x44, 0x43, 0x24, 0x0A, 0xA8, 0x32, 0x48, 0xC4, 0x50, 0x16, 0x3E, 0x0D, 0xC0, 0x08, 0x00 };
static const uint8_t bitmap_3528[] = { 0x00, 0x20, 0x9E, 0x28, 0x64, 0x44, 0x04, 0x5E, 0x25, 0xF0, 0x28, 0x48, 0x2A, 0x44, 0x4E, 0xA2, 0x73, 0x2C, 0x42, 0x78, 0x0A, 0x48, 0x32, 0xB0, 0xC3, 0x10, 0x14, 0x28, 0x0C, 0xC4, 0x0B, 0x02 };
static const uint8_t bitmap_3529[] = { 0x00, 0x60, 0x9E, 0x20, 0x65, 0x3C, 0x04, 0xD0, 0x24, 0x48, 0x28, 0x88, 0x29, 0x3E, 0x4F, 0xC4, 0x72, 0xB4, 0x42, 0xD4, 0x0A, 0x94, 0x32, 0xF4, 0xC2, 0x84, 0x14, 0x14, 0x0C, 0x0C, 0x08, 0x08 };
static const uint8_t bitmap_3530[] = { 0x00, 0x30, 0x9E, 0x10, 0x64, 0x9E, 0x04, 0xE4, 0x24, 0x84, 0x28, 0x9C, 0x28, 0xE4, 0x4E, 0x80, 0x72, 0x9E, 0x42, 0xEA, 0x0A, 0xAA, 0x32, 0xBE, 0xC5, 0xEA, 0x15, 0xAA, 0x0E, 0xAE, 0x08, 0x84 };
static const uint8_t bitmap_3531[] = { 0x00, 0x00, 0x9D, 0x1C, 0x64, 0xE4, 0x04, 0xA8, 0x24, 0x50, 0x28, 0x30, 0x28, 0xCC, 0x4F, 0x22, 0x72, 0xBC, 0x42, 0xE4, 0x0A, 0xBC, 0x32, 0xE4, 0xC2, 0xA8, 0x14, 0x2C, 0x0C, 0x36, 0x0B, 0xC2 };
static const uint8_t bitmap_3532[] = { 0x00, 0x00, 0x9E, 0x9C, 0x64, 0xE4, 0x04, 0xBC, 0x24, 0xE4, 0x28, 0xA4, 0x28, 0xBC, 0x4E, 0xD0, 0x72, 0x58, 0x42, 0xE4, 0x0A, 0x3E, 0x33, 0xE2, 0xC2, 0xA8, 0x14, 0xA4, 0x0D, 0x62, 0x0A, 0x42 };
static const uint8_t bitmap_3533[] = { 0x00, 0x00, 0x9C, 0xE0, 0x6B, 0x4E, 0x0A, 0xF4, 0x2B, 0x54, 0x2A, 0xC8, 0x53, 0x74, 0x5E, 0xD2, 0x67, 0x6A, 0x44, 0xC8, 0x17, 0x74, 0x25, 0x54, 0xC6, 0xC8, 0x29, 0x44, 0x1A, 0x42, 0x10, 0x42 };
static const uint8_t bitmap_3534[] = { 0x00, 0x00, 0x19, 0xF0, 0x0E, 0x20, 0x09, 0xA0, 0x0F, 0x20, 0x49, 0xFE, 0x7E, 0x04, 0x49, 0xF0, 0x8E, 0x20, 0x09, 0xE0, 0x0E, 0x20, 0x09, 0xE0, 0x0E, 0x20, 0x08, 0xA0, 0x08, 0x60, 0x08, 0x40 };
static const uint8_t bitmap_3535[] = { 0x00, 0x10, 0x5C, 0x5E, 0x65, 0x70, 0x55, 0x2C, 0x74, 0xF0, 0x5E, 0x9E, 0xF2, 0x70, 0x8C, 0x2C, 0x75, 0xB4, 0x4E, 0xAC, 0x74, 0xB4, 0x4D, 0x2C, 0x74, 0xB4, 0x57, 0x2C, 0x4C, 0xC8, 0x48, 0x3E };
static const uint8_t bitmap_3536[] = { 0x03, 0x00, 0x81, 0xFE, 0x7F, 0x00, 0x04, 0xF0, 0x07, 0x20, 0x04, 0xE0, 0x07, 0x20, 0x60, 0xFE, 0x3F, 0x04, 0x24, 0xE4, 0x27, 0x24, 0x24, 0xE4, 0x27, 0x24, 0x24, 0x14, 0x20, 0x0C, 0x20, 0x08 };
static const uint8_t bitmap_3537[] = { 0x00, 0x18, 0x66, 0x64, 0x38, 0x08, 0xA7, 0x72, 0x7A, 0x0C, 0x26, 0x30, 0x79, 0xFE, 0x7F, 0x24, 0x40, 0xC8, 0x9F, 0x00, 0x08, 0xF8, 0x0F, 0x40, 0x88, 0xFE, 0x7F, 0x00, 0x04, 0x70, 0x78, 0x0C };
static const uint8_t bitmap_3538[] = { 0x02, 0x00, 0x02, 0x00, 0x65, 0xFC, 0x3F, 0x08, 0x21, 0xF8, 0x3F, 0x08, 0x21, 0x08, 0x21, 0xF8, 0x3F, 0x28, 0x22, 0x20, 0x03, 0x50, 0x05, 0x58, 0x05, 0xE8, 0x09, 0x04, 0x31, 0x04, 0xC0, 0xFE };
static const uint8_t bitmap_3539[] = { 0x10, 0x98, 0x10, 0x48, 0xAF, 0x28, 0xF2, 0x88, 0x9E, 0x48, 0xF2, 0x48, 0x92, 0x28, 0x9E, 0x0E, 0xF2, 0x18, 0x93, 0x68, 0x1A, 0x88, 0x2B, 0x88, 0x2E, 0x88, 0x48, 0x04, 0x44, 0x04, 0x83, 0xFE };
static const uint8_t bitmap_3540[] = { 0x00, 0x40, 0x00, 0x40, 0x5E, 0xBC, 0x23, 0xC8, 0x02, 0x78, 0x9F, 0xC8, 0x62, 0x48, 0x22, 0x78, 0x2B, 0xC8, 0x28, 0x88, 0x4C, 0xD4, 0x75, 0x5E, 0xC1, 0x72, 0x02, 0x44, 0x04, 0x44, 0x18, 0x3E };
static const uint8_t bitmap_3541[] = { 0x10, 0x40, 0x10, 0x80, 0x23, 0x3C, 0xDB, 0xC8, 0x6A, 0x78, 0x4B, 0xC8, 0x4A, 0x48, 0x5A, 0x78, 0x6B, 0xC8, 0x4A, 0xA4, 0x48, 0xA8, 0x59, 0x2E, 0x69, 0x3A, 0x4A, 0x24, 0x04, 0x24, 0x18, 0x1E };
static const uint8_t bitmap_3542[] = { 0x10, 0x60, 0x10, 0x20, 0xAE, 0x3C, 0xF5, 0xE0, 0x9C, 0x20, 0xF6, 0x3E, 0x95, 0xE0, 0x9C, 0x30, 0xF6, 0x68, 0x22, 0xA4, 0x33, 0x22, 0x52, 0xA2, 0x55, 0xA0, 0x56, 0xA4, 0x90, 0x04, 0x8F, 0xFE };
static const uint8_t bitmap_3543[] = { 0x0C, 0x20, 0x10, 0xC0, 0x71, 0x3E, 0x9F, 0xE4, 0x71, 0x3C, 0x39, 0xE4, 0x55, 0x24, 0x91, 0x3C, 0x21, 0xE4, 0xAC, 0x40, 0x78, 0x68, 0x48, 0xAE, 0xE8, 0xBA, 0x15, 0x24, 0x22, 0x24, 0xCC, 0x1E };
static const uint8_t bitmap_3544[] = { 0x01, 0x80, 0x60, 0xFE, 0x3F, 0x90, 0x22, 0x7C, 0x3F, 0xB0, 0x27, 0x58, 0x2A, 0x94, 0x36, 0xF2, 0x27, 0x90, 0x24, 0xF0, 0x27, 0x90, 0x25, 0x70, 0x47, 0xA8, 0x42, 0xB8, 0x84, 0xA4, 0x38, 0x7E };
static const uint8_t bitmap_3545[] = { 0x04, 0x00, 0x04, 0x00, 0x09, 0xC0, 0x0E, 0x80, 0x10, 0xF8, 0x3F, 0x10, 0x51, 0x10, 0x91, 0xF0, 0x1F, 0x10, 0x11, 0x10, 0x11, 0xF0, 0x1F, 0x10, 0x00, 0x00, 0x80, 0xFE, 0x7F, 0x00, 0x00, 0x00 };
static const uint8_t bitmap_3546[] = { 0x08, 0x00, 0x09, 0xC0, 0x0E, 0x80, 0x11, 0xF8, 0x3F, 0x10, 0xD1, 0xF0, 0x1F, 0x10, 0x11, 0xF0, 0x1E, 0x00, 0x81, 0xFE, 0x7E, 0x20, 0x09, 0xE0, 0x0E, 0x20, 0x09, 0xE0, 0x0E, 0x20, 0x08, 0x20 };
static const uint8_t bitmap_3547[] = { 0x20, 0x40, 0x2C, 0x40, 0x38, 0x80, 0x50, 0x9C, 0x5D, 0xE4, 0xF6, 0x04, 0x5D, 0xB4, 0x74, 0xD4, 0x54, 0x94, 0x5C, 0xB4, 0x74, 0xC8, 0x42, 0x98, 0x0C, 0x84, 0x30, 0x84, 0xC0, 0x44, 0x00, 0x3E };
static const uint8_t bitmap_3548[] = { 0x21, 0x08, 0x2C, 0x88, 0x38, 0x50, 0x51, 0x5E, 0x5E, 0xE0, 0xF4, 0x20, 0x5D, 0x3C, 0x74, 0xE0, 0x54, 0x20, 0x5C, 0x20, 0x72, 0x3E, 0x41, 0xE0, 0x0C, 0x20, 0x30, 0x20, 0xC0, 0x20, 0x00, 0x20 };
static const uint8_t bitmap_3549[] = { 0x20, 0x00, 0x2B, 0x3E, 0x39, 0xE4, 0x51, 0x24, 0x5D, 0x3C, 0xF5, 0xE4, 0x5D, 0x24, 0x75, 0x3C, 0x55, 0xE4, 0x5D, 0x20, 0x76, 0x3C, 0x41, 0xE0, 0x0C, 0x20, 0x32, 0x3E, 0xC1, 0xC0, 0x00, 0x00 };
static const uint8_t bitmap_3550[] = { 0x40, 0xD8, 0x2A, 0x44, 0x92, 0x4A, 0x54, 0x50, 0x20, 0x60, 0xC4, 0xC0, 0x27, 0x40, 0x28, 0xF8, 0x1F, 0x10, 0x71, 0xF0, 0x1F, 0x10, 0x11, 0xF0, 0x1E, 0x00, 0x81, 0xFE, 0x7E, 0x00, 0x00, 0x00 };
static const uint8_t bitmap_3551[] = { 0x40, 0x00, 0x58, 0x36, 0x76, 0xDA, 0x53, 0x52, 0xBA, 0xD2, 0xEB, 0x52, 0xAA, 0x52, 0xBA, 0xD2, 0xEB, 0x52, 0xAA, 0x1A, 0xBA, 0x96, 0xC2, 0x54, 0x8E, 0xD0, 0x33, 0x50, 0xC6, 0x10, 0x00, 0x10 };
static const uint8_t bitmap_3552[] = { 0x20, 0x60, 0x2C, 0x20, 0x3A, 0x3E, 0x51, 0xE0, 0x5E, 0x00, 0xF5, 0x9E, 0x5C, 0xE4, 0x74, 0x84, 0x54, 0x9C, 0x5C, 0xE4, 0x74, 0x28, 0x42, 0xA4, 0x0C, 0xA4, 0x31, 0x22, 0xC2, 0x62, 0x00, 0x40 };
static const uint8_t bitmap_3553[] = { 0x20, 0x00, 0x2D, 0x54, 0x39, 0xDC, 0x51, 0x54, 0x5F, 0xDC, 0xF4, 0x00, 0x5D, 0x3C, 0x74, 0xC0, 0x56, 0x3E, 0x5D, 0xC0, 0x74, 0x7C, 0x40, 0xC8, 0x0C, 0x88, 0x30, 0x50, 0xC0, 0x30, 0x00, 0x20 };
static const uint8_t bitmap_3554[] = { 0x20, 0xC4, 0x2D, 0x74, 0x38, 0xC8, 0x52, 0x7E, 0x5D, 0xD0, 0xF4, 0x28, 0x5C, 0xC8, 0x77, 0x74, 0x54, 0x44, 0x5D, 0xBE, 0x74, 0xE4, 0x42, 0x9C, 0x0C, 0xE4, 0x30, 0x9C, 0xC0, 0xE4, 0x00, 0x84 };
static const uint8_t bitmap_3555[] = { 0x59, 0x20, 0x2A, 0x2E, 0xAF, 0x78, 0xF9, 0x48, 0x8D, 0xB0, 0xA9, 0x28, 0xCF, 0x44, 0x91, 0xFA, 0x3F, 0x10, 0xD1, 0xF0, 0x1F, 0x10, 0x11, 0xF0, 0x1E, 0x00, 0x81, 0xFE, 0x7E, 0x00, 0x00, 0x00 };
static const uint8_t bitmap_3556[] = { 0x20, 0x64, 0x2D, 0x24, 0x38, 0xA8, 0x52, 0xBE, 0x5F, 0xF0, 0xF4, 0xAC, 0x5D, 0x22, 0x76, 0x24, 0x55, 0x46, 0x5D, 0xFC, 0x75, 0x54, 0x43, 0x66, 0x0C, 0xBC, 0x30, 0xA4, 0xC1, 0x04, 0x06, 0x04 };
static const uint8_t bitmap_3557[] = { 0x01, 0x00, 0x02, 0x00, 0x1B, 0xF0, 0x0C, 0x20, 0x0A, 0x20, 0x09, 0x20, 0x09, 0x60, 0x08, 0x00, 0x09, 0xFE, 0x0E, 0x04, 0x08, 0x04, 0x81, 0xE4, 0x7E, 0x04, 0x00, 0x28, 0x00, 0x18, 0x00, 0x10 };
static const uint8_t bitmap_3558[] = { 0x00, 0x30, 0x00, 0x40, 0x8D, 0xBC, 0x74, 0xC8, 0x04, 0xA8, 0x44, 0xA8, 0x28, 0xB0, 0x18, 0x80, 0x08, 0x9E, 0x14, 0xE2, 0x14, 0x82, 0x22, 0x3A, 0x21, 0xC2, 0x40, 0x14, 0x80, 0x0C, 0x00, 0x08 };
static const uint8_t bitmap_3559[] = { 0x00, 0x60, 0x00, 0x80, 0x03, 0x7C, 0xDD, 0x88, 0x69, 0x48, 0x49, 0x28, 0x49, 0x30, 0x49, 0x00, 0x49, 0x3E, 0x59, 0xC2, 0x69, 0x02, 0x44, 0x3A, 0x03, 0xC2, 0x00, 0x14, 0x00, 0x0C, 0x00, 0x08 };
static const uint8_t bitmap_3560[] = { 0x00, 0x30, 0x8E, 0x40, 0xF1, 0xBE, 0x8C, 0xC4, 0xC4, 0xA4, 0xA4, 0x94, 0x98, 0x98, 0x90, 0x80, 0x98, 0x9E, 0xA4, 0xE2, 0xA4, 0x82, 0xC1, 0x3A, 0x9E, 0xC2, 0xE0, 0x14, 0x80, 0x0C, 0x00, 0x08 };
static const uint8_t bitmap_3561[] = { 0x00, 0x30, 0x9E, 0x40, 0x65, 0xBC, 0x24, 0xC8, 0x44, 0xA8, 0x5F, 0xA8, 0xEC, 0xB0, 0x94, 0x80, 0x14, 0x9E, 0x24, 0xE2, 0x24, 0x82, 0x46, 0x3A, 0x45, 0xC2, 0x94, 0x14, 0x0C, 0x0C, 0x08, 0x08 };
static const uint8_t bitmap_3562[] = { 0x00, 0x30, 0x00, 0x40, 0xCF, 0xBC, 0x72, 0xC8, 0x52, 0xA8, 0x5E, 0xA8, 0x72, 0xB0, 0x52, 0x80, 0x5E, 0x9E, 0x72, 0xE2, 0x50, 0x82, 0x12, 0x3A, 0x11, 0xC2, 0x10, 0x14, 0x10, 0x0C, 0x10, 0x08 };
static const uint8_t bitmap_3563[] = { 0x03, 0x00, 0x31, 0xF8, 0x1F, 0x10, 0x91, 0xFE, 0x7E, 0xC0, 0x0D, 0x38, 0x32, 0x04, 0xD5, 0xF2, 0x1E, 0x20, 0x12, 0x40, 0x11, 0xFE, 0x1E, 0x04, 0x81, 0xF4, 0x7E, 0x28, 0x00, 0x18, 0x00, 0x10 };
static const uint8_t bitmap_3564[] = { 0x20, 0x00, 0x2E, 0xB8, 0x34, 0xC8, 0x64, 0x98, 0x99, 0x84, 0x12, 0x7E, 0x32, 0x00, 0x55, 0xE0, 0x1E, 0x20, 0x12, 0x40, 0x11, 0xFE, 0x1E, 0x04, 0x81, 0xF4, 0x7E, 0x28, 0x00, 0x18, 0x00, 0x10 };
static const uint8_t bitmap_3565[] = { 0x18, 0x60, 0x20, 0x20, 0xDD, 0x3E, 0x65, 0xE4, 0x55, 0x08, 0x56, 0x04, 0x58, 0xC4, 0x40, 0x48, 0x4F, 0x50, 0x71, 0x60, 0x45, 0x40, 0x19, 0x40, 0xE1, 0x44, 0x0A, 0x44, 0x06, 0x24, 0x04, 0x1E };
static const uint8_t bitmap_3566[] = { 0x10, 0x30, 0x10, 0x40, 0x29, 0xBC, 0x24, 0xC8, 0x22, 0xA8, 0x4E, 0xA8, 0x70, 0xB0, 0x80, 0x80, 0xCE, 0x9E, 0x74, 0xE2, 0x44, 0x82, 0x46, 0x3A, 0x4D, 0xC2, 0x74, 0x14, 0x44, 0x0C, 0x00, 0x08 };
static const uint8_t bitmap_3567[] = { 0x40, 0x10, 0x20, 0x60, 0x10, 0x5C, 0x05, 0xE4, 0x8B, 0x54, 0x4A, 0x54, 0x2A, 0x58, 0x12, 0x40, 0x12, 0xDE, 0x13, 0x62, 0x22, 0x42, 0x2C, 0x9A, 0xC0, 0x62, 0x20, 0x14, 0x20, 0x0C, 0x20, 0x08 };
static const uint8_t bitmap_3568[] = { 0x00, 0x30, 0x6E, 0x40, 0x35, 0xBC, 0x2C, 0xC8, 0x34, 0xA8, 0x00, 0xA8, 0xCE, 0xB0, 0x72, 0x80, 0x4E, 0x9E, 0x72, 0xE2, 0x42, 0x82, 0x4F, 0x3A, 0x72, 0xC2, 0x42, 0x14, 0x46, 0x0C, 0x44, 0x08 };
static const uint8_t bitmap_3569[] = { 0x0C, 0x30, 0x14, 0x40, 0xE6, 0xBC, 0x25, 0xC8, 0x24, 0xA8, 0xAF, 0xA8, 0x74, 0xB0, 0x2C, 0x80, 0x35, 0x9E, 0x26, 0xE2, 0xE4, 0x82, 0x2D, 0x3A, 0x36, 0xC2, 0xA2, 0x14, 0x63, 0x0C, 0x41, 0x08 };
static const uint8_t bitmap_3570[] = { 0x0E, 0x30, 0x05, 0x40, 0xB4, 0xBC, 0x44, 0xC8, 0x8F, 0xA8, 0x74, 0xA8, 0x04, 0xB0, 0xDC, 0x80, 0x54, 0x9E, 0x54, 0xE2, 0x54, 0x82, 0x5B, 0x3A, 0x62, 0xC2, 0xC2, 0x94, 0x81, 0x0C, 0x01, 0x88 };
static const uint8_t bitmap_3571[] = { 0x28, 0x30, 0x28, 0x40, 0xAD, 0xBC, 0x78, 0xC8, 0x28, 0xA8, 0xBE, 0xA8, 0x60, 0xB0, 0x0C, 0x80, 0x74, 0x9E, 0x4C, 0xE2, 0x74, 0x82, 0x45, 0x3A, 0x4C, 0xC2, 0x74, 0x14, 0x44, 0x0C, 0x00, 0x08 };
static const uint8_t bitmap_3572[] = { 0x00, 0x10, 0xDD, 0xE0, 0x77, 0x5C, 0x55, 0x64, 0x55, 0x54, 0x77, 0x54, 0x55, 0x58, 0x55, 0x40, 0x55, 0x5E, 0x77, 0x62, 0x55, 0x42, 0x55, 0x9A, 0x55, 0x62, 0x55, 0x14, 0xB7, 0x0C, 0x99, 0x08 };
static const uint8_t bitmap_3573[] = { 0x18, 0x30, 0x08, 0x40, 0x4F, 0xBC, 0x72, 0xC8, 0xA4, 0xA8, 0x2E, 0xA8, 0x78, 0xB0, 0x4E, 0x80, 0xF8, 0x9E, 0x4E, 0xE2, 0x78, 0x82, 0x49, 0x3A, 0x4E, 0xC2, 0x78, 0x14, 0x40, 0x0C, 0x40, 0x08 };
static const uint8_t bitmap_3574[] = { 0x00, 0x10, 0xF7, 0x60, 0x49, 0x5C, 0x55, 0x64, 0x55, 0x54, 0x55, 0x54, 0x55, 0x58, 0x26, 0x40, 0x59, 0x5E, 0x88, 0x62, 0x17, 0x42, 0x7A, 0x9A, 0x24, 0x62, 0x78, 0x14, 0x16, 0x0C, 0xE1, 0x08 };
static const uint8_t bitmap_3575[] = { 0x01, 0x80, 0x60, 0xFE, 0x3F, 0x88, 0x22, 0x9E, 0x24, 0xF0, 0x2D, 0x9C, 0x36, 0xF0, 0x24, 0x9E, 0x2D, 0x70, 0x27, 0x90, 0x24, 0xA0, 0x24, 0x7E, 0x47, 0x84, 0x50, 0x74, 0x8F, 0x8C, 0x00, 0x08 };
static const uint8_t bitmap_3576[] = { 0x03, 0x00, 0x61, 0xFE, 0x3F, 0x40, 0x22, 0x40, 0x32, 0xFC, 0x2F, 0x48, 0x22, 0x48, 0x32, 0xF8, 0x2F, 0x44, 0x28, 0x44, 0x28, 0x58, 0x2F, 0x60, 0x48, 0x44, 0x49, 0xC4, 0x8E, 0x44, 0x30, 0x3E };
static const uint8_t bitmap_3577[] = { 0x03, 0x00, 0x01, 0x00, 0x41, 0xFC, 0x3F, 0x00, 0x21, 0xF8, 0x1F, 0x00, 0x81, 0xFE, 0x7E, 0x00, 0x02, 0xF0, 0x03, 0x20, 0x04, 0x20, 0x1B, 0x40, 0x60, 0xC0, 0x03, 0x30, 0x0C, 0x0C, 0xF0, 0x02 };
static const uint8_t bitmap_3578[] = { 0x01, 0x80, 0x00, 0x80, 0x60, 0xFC, 0x3F, 0xA0, 0x22, 0x20, 0x22, 0x20, 0x32, 0xFC, 0x2F, 0x20, 0x22, 0x30, 0x27, 0x68, 0x2A, 0xE4, 0x2A, 0xA4, 0x53, 0x22, 0x62, 0x20, 0x82, 0x20, 0x02, 0x20 };
static const uint8_t bitmap_3579[] = { 0x04, 0x40, 0x45, 0xFC, 0x3E, 0x40, 0x04, 0x40, 0x85, 0xFE, 0x7F, 0x00, 0x01, 0xF8, 0x1F, 0x10, 0x11, 0xF0, 0x1F, 0x10, 0x11, 0x10, 0x11, 0xF0, 0x1E, 0x50, 0x14, 0x20, 0x08, 0x18, 0x70, 0x04 };
static const uint8_t bitmap_3580[] = { 0x06, 0x40, 0x18, 0x40, 0x70, 0x9E, 0x9E, 0xE4, 0x71, 0x24, 0x38, 0x44, 0x54, 0xA8, 0x93, 0x18, 0x14, 0xD0, 0x0B, 0x30, 0x31, 0x2C, 0xCD, 0x42, 0x01, 0x60, 0x1D, 0x10, 0x63, 0x08, 0x02, 0x00 };
static const uint8_t bitmap_3581[] = { 0x00, 0x00, 0x31, 0xF8, 0x1F, 0x10, 0x11, 0x50, 0x19, 0x90, 0x15, 0x10, 0x11, 0xF0, 0x1F, 0x10, 0x11, 0x00, 0x41, 0xFC, 0x3F, 0x00, 0x81, 0xFE, 0x7E, 0x08, 0x14, 0x44, 0x22, 0x22, 0xC2, 0x22 };
static const uint8_t bitmap_3582[] = { 0x00, 0x10, 0xCF, 0x90, 0x79, 0x28, 0x4B, 0x24, 0x6D, 0x24, 0x59, 0x52, 0x4F, 0x4A, 0x78, 0x80, 0x8F, 0x9C, 0x78, 0x64, 0x0F, 0x08, 0x98, 0x08, 0x65, 0x10, 0x52, 0x90, 0x4A, 0xA0, 0x88, 0x20 };
static const uint8_t bitmap_3583[] = { 0x00, 0x60, 0xC7, 0x28, 0x79, 0x24, 0x4B, 0x24, 0x6D, 0x3E, 0x59, 0xE0, 0x4F, 0x20, 0x78, 0x20, 0x8F, 0x20, 0x78, 0x50, 0x0F, 0x48, 0xF0, 0x48, 0x4A, 0x84, 0x55, 0x84, 0x51, 0x02, 0x86, 0x02 };
static const uint8_t bitmap_3584[] = { 0x00, 0x60, 0x8E, 0x20, 0xF2, 0xBC, 0x96, 0xC8, 0xDA, 0x50, 0xB3, 0x5E, 0x9E, 0xE0, 0xF0, 0x00, 0x9E, 0x9C, 0x71, 0xE4, 0x1E, 0x9C, 0xE0, 0xE4, 0x0A, 0x84, 0xA9, 0x9C, 0xA4, 0xE4, 0x90, 0x84 };
static const uint8_t bitmap_3585[] = { 0x00, 0x00, 0x19, 0xEC, 0xCE, 0x24, 0x49, 0xE4, 0x4E, 0x24, 0x49, 0xE4, 0x4E, 0x24, 0x49, 0xE4, 0x5E, 0x9C, 0x64, 0xE0, 0x9C, 0x9E, 0xE4, 0xE4, 0x24, 0x84, 0x24, 0x84, 0x44, 0x84, 0x84, 0x84 };
static const uint8_t bitmap_3586[] = { 0x18, 0x60, 0x08, 0x20, 0x8E, 0x20, 0x79, 0x3E, 0x4E, 0xE0, 0x30, 0x20, 0x4F, 0x3C, 0x32, 0xE4, 0x22, 0x48, 0x2E, 0x28, 0x32, 0x10, 0x24, 0x10, 0x17, 0x28, 0x18, 0x44, 0xE0, 0x84, 0x03, 0x02 };
static const uint8_t bitmap_3587[] = { 0x06, 0x00, 0x68, 0xF8, 0x30, 0x10, 0x26, 0xF0, 0x38, 0x10, 0x23, 0xF0, 0x3C, 0x10, 0x00, 0x80, 0x73, 0x70, 0x2D, 0x10, 0x21, 0x90, 0x31, 0x6A, 0x2D, 0x1A, 0x25, 0x6C, 0x39, 0x86, 0xC3, 0x02 };
static const uint8_t bitmap_3588[] = { 0x01, 0x00, 0x01, 0x00, 0x1B, 0xF0, 0x0E, 0x20, 0x09, 0xE0, 0x0E, 0x20, 0x39, 0xF8, 0x1F, 0x10, 0x11, 0xF0, 0x1F, 0x10, 0x11, 0xF0, 0x1E, 0x00, 0x81, 0xFE, 0x7E, 0x20, 0x08, 0x20, 0x70, 0x20 };
static const uint8_t bitmap_3589[] = { 0x03, 0x00, 0x01, 0x00, 0x41, 0xFC, 0x3E, 0x40, 0x08, 0x80, 0x05, 0x00, 0x03, 0xC0, 0x04, 0x30, 0x18, 0xCC, 0xE4, 0x42, 0x04, 0x40, 0x08, 0x40, 0x08, 0x40, 0x10, 0x40, 0x20, 0x40, 0xC0, 0x40 };
static const uint8_t bitmap_3590[] = { 0x03, 0x00, 0x19, 0x70, 0x09, 0x80, 0x09, 0x00, 0x89, 0xFE, 0x7E, 0x00, 0x01, 0x08, 0x21, 0x08, 0x21, 0x08, 0x22, 0x88, 0x22, 0x48, 0x24, 0x28, 0x28, 0x08, 0x21, 0xF8, 0x3E, 0x08, 0x20, 0x08 };
static const uint8_t bitmap_3591[] = { 0x18, 0x20, 0x6B, 0x30, 0x2C, 0x28, 0x28, 0x44, 0x2F, 0x64, 0xF0, 0x92, 0x0B, 0x12, 0xC9, 0x9E, 0x49, 0x64, 0x49, 0x04, 0x55, 0x04, 0x53, 0x48, 0x61, 0x28, 0x4F, 0x10, 0x71, 0x08, 0x41, 0x08 };
static const uint8_t bitmap_3592[] = { 0x06, 0x00, 0x02, 0x60, 0x02, 0x10, 0x02, 0x08, 0x83, 0xFE, 0x7E, 0x00, 0x03, 0x90, 0x05, 0x10, 0x05, 0x10, 0x05, 0x20, 0x05, 0x20, 0x09, 0x40, 0x09, 0x84, 0x13, 0x04, 0x2C, 0x84, 0xC0, 0x7E };
static const uint8_t bitmap_3593[] = { 0x04, 0x00, 0x04, 0x00, 0x09, 0xE0, 0x0E, 0x40, 0x10, 0x80, 0x21, 0xF8, 0x5F, 0x10, 0x91, 0x10, 0x11, 0xF0, 0x1F, 0x10, 0x11, 0x10, 0x11, 0xF0, 0x1F, 0x14, 0x11, 0x04, 0x01, 0x04, 0x00, 0xFE };

static const ChineseChar HUIWEN_FANGSONG_CHARS[3594] = {
    { "\x20", bitmap_0 },  //  
    { "\x21", bitmap_1 },  // !
    { "\x22", bitmap_2 },  // "
    { "\x23", bitmap_3 },  // #
    { "\x24", bitmap_4 },  // $
    { "\x25", bitmap_5 },  // %
    { "\x26", bitmap_6 },  // &
    { "\x27", bitmap_7 },  // '
    { "\x28", bitmap_8 },  // (
    { "\x29", bitmap_9 },  // )
    { "\x2a", bitmap_10 },  // *
    { "\x2b", bitmap_11 },  // +
    { "\x2c", bitmap_12 },  // ,
    { "\x2d", bitmap_13 },  // -
    { "\x2e", bitmap_14 },  // .
    { "\x2f", bitmap_15 },  // /
    { "\x30", bitmap_16 },  // 0
    { "\x31", bitmap_17 },  // 1
    { "\x32", bitmap_18 },  // 2
    { "\x33", bitmap_19 },  // 3
    { "\x34", bitmap_20 },  // 4
    { "\x35", bitmap_21 },  // 5
    { "\x36", bitmap_22 },  // 6
    { "\x37", bitmap_23 },  // 7
    { "\x38", bitmap_24 },  // 8
    { "\x39", bitmap_25 },  // 9
    { "\x3a", bitmap_26 },  // :
    { "\x3b", bitmap_27 },  // ;
    { "\x3c", bitmap_28 },  // <
    { "\x3d", bitmap_29 },  // =
    { "\x3e", bitmap_30 },  // >
    { "\x3f", bitmap_31 },  // ?
    { "\x40", bitmap_32 },  // @
    { "\x41", bitmap_33 },  // A
    { "\x42", bitmap_34 },  // B
    { "\x43", bitmap_35 },  // C
    { "\x44", bitmap_36 },  // D
    { "\x45", bitmap_37 },  // E
    { "\x46", bitmap_38 },  // F
    { "\x47", bitmap_39 },  // G
    { "\x48", bitmap_40 },  // H
    { "\x49", bitmap_41 },  // I
    { "\x4a", bitmap_42 },  // J
    { "\x4b", bitmap_43 },  // K
    { "\x4c", bitmap_44 },  // L
    { "\x4d", bitmap_45 },  // M
    { "\x4e", bitmap_46 },  // N
    { "\x4f", bitmap_47 },  // O
    { "\x50", bitmap_48 },  // P
    { "\x51", bitmap_49 },  // Q
    { "\x52", bitmap_50 },  // R
    { "\x53", bitmap_51 },  // S
    { "\x54", bitmap_52 },  // T
    { "\x55", bitmap_53 },  // U
    { "\x56", bitmap_54 },  // V
    { "\x57", bitmap_55 },  // W
    { "\x58", bitmap_56 },  // X
    { "\x59", bitmap_57 },  // Y
    { "\x5a", bitmap_58 },  // Z
    { "\x5b", bitmap_59 },  // [
    { "\x5c", bitmap_60 },  // \
    { "\x5d", bitmap_61 },  // ]
    { "\x5f", bitmap_62 },  // _
    { "\x60", bitmap_63 },  // `
    { "\x61", bitmap_64 },  // a
    { "\x62", bitmap_65 },  // b
    { "\x63", bitmap_66 },  // c
    { "\x64", bitmap_67 },  // d
    { "\x65", bitmap_68 },  // e
    { "\x66", bitmap_69 },  // f
    { "\x67", bitmap_70 },  // g
    { "\x68", bitmap_71 },  // h
    { "\x69", bitmap_72 },  // i
    { "\x6a", bitmap_73 },  // j
    { "\x6b", bitmap_74 },  // k
    { "\x6c", bitmap_75 },  // l
    { "\x6d", bitmap_76 },  // m
    { "\x6e", bitmap_77 },  // n
    { "\x6f", bitmap_78 },  // o
    { "\x70", bitmap_79 },  // p
    { "\x71", bitmap_80 },  // q
    { "\x72", bitmap_81 },  // r
    { "\x73", bitmap_82 },  // s
    { "\x74", bitmap_83 },  // t
    { "\x75", bitmap_84 },  // u
    { "\x76", bitmap_85 },  // v
    { "\x77", bitmap_86 },  // w
    { "\x78", bitmap_87 },  // x
    { "\x79", bitmap_88 },  // y
    { "\x7a", bitmap_89 },  // z
    { "\x7b", bitmap_90 },  // {
    { "\x7c", bitmap_91 },  // |
    { "\x7d", bitmap_92 },  // }
    { "\x7e", bitmap_93 },  // ~
    { "\xe4\xb8\x80", bitmap_94 },  // 一
    { "\xe4\xb8\x81", bitmap_95 },  // 丁
    { "\xe4\xb8\x83", bitmap_96 },  // 七
    { "\xe4\xb8\x87", bitmap_97 },  // 万
    { "\xe4\xb8\x88", bitmap_98 },  // 丈
    { "\xe4\xb8\x89", bitmap_99 },  // 三
    { "\xe4\xb8\x8a", bitmap_100 },  // 上
    { "\xe4\xb8\x8b", bitmap_101 },  // 下
    { "\xe4\xb8\x8d", bitmap_102 },  // 不
    { "\xe4\xb8\x8e", bitmap_103 },  // 与
    { "\xe4\xb8\x90", bitmap_104 },  // 丐
    { "\xe4\xb8\x91", bitmap_105 },  // 丑
    { "\xe4\xb8\x93", bitmap_106 },  // 专
    { "\xe4\xb8\x94", bitmap_107 },  // 且
    { "\xe4\xb8\x96", bitmap_108 },  // 世
    { "\xe4\xb8\x98", bitmap_109 },  // 丘
    { "\xe4\xb8\x99", bitmap_110 },  // 丙
    { "\xe4\xb8\x9a", bitmap_111 },  // 业
    { "\xe4\xb8\x9b", bitmap_112 },  // 丛
    { "\xe4\xb8\x9c", bitmap_113 },  // 东
    { "\xe4\xb8\x9d", bitmap_114 },  // 丝
    { "\xe4\xb8\xa2", bitmap_115 },  // 丢
    { "\xe4\xb8\xa4", bitmap_116 },  // 两
    { "\xe4\xb8\xa5", bitmap_117 },  // 严
    { "\xe4\xb8\xa7", bitmap_118 },  // 丧
    { "\xe4\xb8\xaa", bitmap_119 },  // 个
    { "\xe4\xb8\xab", bitmap_120 },  // 丫
    { "\xe4\xb8\xad", bitmap_121 },  // 中
    { "\xe4\xb8\xb0", bitmap_122 },  // 丰
    { "\xe4\xb8\xb2", bitmap_123 },  // 串
    { "\xe4\xb8\xb4", bitmap_124 },  // 临
    { "\xe4\xb8\xb8", bitmap_125 },  // 丸
    { "\xe4\xb8\xb9", bitmap_126 },  // 丹
    { "\xe4\xb8\xba", bitmap_127 },  // 为
    { "\xe4\xb8\xbb", bitmap_128 },  // 主
    { "\xe4\xb8\xbd", bitmap_129 },  // 丽
    { "\xe4\xb8\xbe", bitmap_130 },  // 举
    { "\xe4\xb9\x83", bitmap_131 },  // 乃
    { "\xe4\xb9\x85", bitmap_132 },  // 久
    { "\xe4\xb9\x88", bitmap_133 },  // 么
    { "\xe4\xb9\x89", bitmap_134 },  // 义
    { "\xe4\xb9\x8b", bitmap_135 },  // 之
    { "\xe4\xb9\x8c", bitmap_136 },  // 乌
    { "\xe4\xb9\x8d", bitmap_137 },  // 乍
    { "\xe4\xb9\x8e", bitmap_138 },  // 乎
    { "\xe4\xb9\x8f", bitmap_139 },  // 乏
    { "\xe4\xb9\x90", bitmap_140 },  // 乐
    { "\xe4\xb9\x92", bitmap_141 },  // 乒
    { "\xe4\xb9\x93", bitmap_142 },  // 乓
    { "\xe4\xb9\x94", bitmap_143 },  // 乔
    { "\xe4\xb9\x96", bitmap_144 },  // 乖
    { "\xe4\xb9\x98", bitmap_145 },  // 乘
    { "\xe4\xb9\x99", bitmap_146 },  // 乙
    { "\xe4\xb9\x9d", bitmap_147 },  // 九
    { "\xe4\xb9\x9e", bitmap_148 },  // 乞
    { "\xe4\xb9\x9f", bitmap_149 },  // 也
    { "\xe4\xb9\xa0", bitmap_150 },  // 习
    { "\xe4\xb9\xa1", bitmap_151 },  // 乡
    { "\xe4\xb9\xa6", bitmap_152 },  // 书
    { "\xe4\xb9\xb0", bitmap_153 },  // 买
    { "\xe4\xb9\xb1", bitmap_154 },  // 乱
    { "\xe4\xb9\xb3", bitmap_155 },  // 乳
    { "\xe4\xb9\xbe", bitmap_156 },  // 乾
    { "\xe4\xba\x86", bitmap_157 },  // 了
    { "\xe4\xba\x88", bitmap_158 },  // 予
    { "\xe4\xba\x89", bitmap_159 },  // 争
    { "\xe4\xba\x8b", bitmap_160 },  // 事
    { "\xe4\xba\x8c", bitmap_161 },  // 二
    { "\xe4\xba\x8e", bitmap_162 },  // 于
    { "\xe4\xba\x8f", bitmap_163 },  // 亏
    { "\xe4\xba\x91", bitmap_164 },  // 云
    { "\xe4\xba\x92", bitmap_165 },  // 互
    { "\xe4\xba\x94", bitmap_166 },  // 五
    { "\xe4\xba\x95", bitmap_167 },  // 井
    { "\xe4\xba\x9a", bitmap_168 },  // 亚
    { "\xe4\xba\x9b", bitmap_169 },  // 些
    { "\xe4\xba\xa1", bitmap_170 },  // 亡
    { "\xe4\xba\xa2", bitmap_171 },  // 亢
    { "\xe4\xba\xa4", bitmap_172 },  // 交
    { "\xe4\xba\xa5", bitmap_173 },  // 亥
    { "\xe4\xba\xa6", bitmap_174 },  // 亦
    { "\xe4\xba\xa7", bitmap_175 },  // 产
    { "\xe4\xba\xa9", bitmap_176 },  // 亩
    { "\xe4\xba\xab", bitmap_177 },  // 享
    { "\xe4\xba\xac", bitmap_178 },  // 京
    { "\xe4\xba\xad", bitmap_179 },  // 亭
    { "\xe4\xba\xae", bitmap_180 },  // 亮
    { "\xe4\xba\xb2", bitmap_181 },  // 亲
    { "\xe4\xba\xba", bitmap_182 },  // 人
    { "\xe4\xba\xbf", bitmap_183 },  // 亿
    { "\xe4\xbb\x80", bitmap_184 },  // 什
    { "\xe4\xbb\x81", bitmap_185 },  // 仁
    { "\xe4\xbb\x85", bitmap_186 },  // 仅
    { "\xe4\xbb\x86", bitmap_187 },  // 仆
    { "\xe4\xbb\x87", bitmap_188 },  // 仇
    { "\xe4\xbb\x8a", bitmap_189 },  // 今
    { "\xe4\xbb\x8b", bitmap_190 },  // 介
    { "\xe4\xbb\x8d", bitmap_191 },  // 仍
    { "\xe4\xbb\x8e", bitmap_192 },  // 从
    { "\xe4\xbb\x91", bitmap_193 },  // 仑
    { "\xe4\xbb\x93", bitmap_194 },  // 仓
    { "\xe4\xbb\x94", bitmap_195 },  // 仔
    { "\xe4\xbb\x96", bitmap_196 },  // 他
    { "\xe4\xbb\x97", bitmap_197 },  // 仗
    { "\xe4\xbb\x98", bitmap_198 },  // 付
    { "\xe4\xbb\x99", bitmap_199 },  // 仙
    { "\xe4\xbb\xa3", bitmap_200 },  // 代
    { "\xe4\xbb\xa4", bitmap_201 },  // 令
    { "\xe4\xbb\xa5", bitmap_202 },  // 以
    { "\xe4\xbb\xaa", bitmap_203 },  // 仪
    { "\xe4\xbb\xac", bitmap_204 },  // 们
    { "\xe4\xbb\xb0", bitmap_205 },  // 仰
    { "\xe4\xbb\xb2", bitmap_206 },  // 仲
    { "\xe4\xbb\xb6", bitmap_207 },  // 件
    { "\xe4\xbb\xb7", bitmap_208 },  // 价
    { "\xe4\xbb\xbb", bitmap_209 },  // 任
    { "\xe4\xbb\xbd", bitmap_210 },  // 份
    { "\xe4\xbb\xbf", bitmap_211 },  // 仿
    { "\xe4\xbc\x81", bitmap_212 },  // 企
    { "\xe4\xbc\x8a", bitmap_213 },  // 伊
    { "\xe4\xbc\x8d", bitmap_214 },  // 伍
    { "\xe4\xbc\x8f", bitmap_215 },  // 伏
    { "\xe4\xbc\x90", bitmap_216 },  // 伐
    { "\xe4\xbc\x91", bitmap_217 },  // 休
    { "\xe4\xbc\x97", bitmap_218 },  // 众
    { "\xe4\xbc\x98", bitmap_219 },  // 优
    { "\xe4\xbc\x99", bitmap_220 },  // 伙
    { "\xe4\xbc\x9a", bitmap_221 },  // 会
    { "\xe4\xbc\x9e", bitmap_222 },  // 伞
    { "\xe4\xbc\x9f", bitmap_223 },  // 伟
    { "\xe4\xbc\xa0", bitmap_224 },  // 传
    { "\xe4\xbc\xa4", bitmap_225 },  // 伤
    { "\xe4\xbc\xa6", bitmap_226 },  // 伦
    { "\xe4\xbc\xaa", bitmap_227 },  // 伪
    { "\xe4\xbc\xaf", bitmap_228 },  // 伯
    { "\xe4\xbc\xb0", bitmap_229 },  // 估
    { "\xe4\xbc\xb4", bitmap_230 },  // 伴
    { "\xe4\xbc\xb6", bitmap_231 },  // 伶
    { "\xe4\xbc\xb8", bitmap_232 },  // 伸
    { "\xe4\xbc\xba", bitmap_233 },  // 伺
    { "\xe4\xbc\xbc", bitmap_234 },  // 似
    { "\xe4\xbd\x83", bitmap_235 },  // 佃
    { "\xe4\xbd\x86", bitmap_236 },  // 但
    { "\xe4\xbd\x8d", bitmap_237 },  // 位
    { "\xe4\xbd\x8e", bitmap_238 },  // 低
    { "\xe4\xbd\x8f", bitmap_239 },  // 住
    { "\xe4\xbd\x90", bitmap_240 },  // 佐
    { "\xe4\xbd\x91", bitmap_241 },  // 佑
    { "\xe4\xbd\x93", bitmap_242 },  // 体
    { "\xe4\xbd\x95", bitmap_243 },  // 何
    { "\xe4\xbd\x99", bitmap_244 },  // 余
    { "\xe4\xbd\x9b", bitmap_245 },  // 佛
    { "\xe4\xbd\x9c", bitmap_246 },  // 作
    { "\xe4\xbd\xa0", bitmap_247 },  // 你
    { "\xe4\xbd\xa3", bitmap_248 },  // 佣
    { "\xe4\xbd\xa9", bitmap_249 },  // 佩
    { "\xe4\xbd\xb3", bitmap_250 },  // 佳
    { "\xe4\xbd\xbf", bitmap_251 },  // 使
    { "\xe4\xbe\x84", bitmap_252 },  // 侄
    { "\xe4\xbe\x88", bitmap_253 },  // 侈
    { "\xe4\xbe\x8b", bitmap_254 },  // 例
    { "\xe4\xbe\x8d", bitmap_255 },  // 侍
    { "\xe4\xbe\x9b", bitmap_256 },  // 供
    { "\xe4\xbe\x9d", bitmap_257 },  // 依
    { "\xe4\xbe\xa0", bitmap_258 },  // 侠
    { "\xe4\xbe\xa3", bitmap_259 },  // 侣
    { "\xe4\xbe\xa5", bitmap_260 },  // 侥
    { "\xe4\xbe\xa6", bitmap_261 },  // 侦
    { "\xe4\xbe\xa7", bitmap_262 },  // 侧
    { "\xe4\xbe\xa8", bitmap_263 },  // 侨
    { "\xe4\xbe\xae", bitmap_264 },  // 侮
    { "\xe4\xbe\xaf", bitmap_265 },  // 侯
    { "\xe4\xbe\xb5", bitmap_266 },  // 侵
    { "\xe4\xbe\xbf", bitmap_267 },  // 便
    { "\xe4\xbf\x83", bitmap_268 },  // 促
    { "\xe4\xbf\x84", bitmap_269 },  // 俄
    { "\xe4\xbf\x8a", bitmap_270 },  // 俊
    { "\xe4\xbf\x8f", bitmap_271 },  // 俏
    { "\xe4\xbf\x90", bitmap_272 },  // 俐
    { "\xe4\xbf\x97", bitmap_273 },  // 俗
    { "\xe4\xbf\x98", bitmap_274 },  // 俘
    { "\xe4\xbf\x9d", bitmap_275 },  // 保
    { "\xe4\xbf\xa1", bitmap_276 },  // 信
    { "\xe4\xbf\xa9", bitmap_277 },  // 俩
    { "\xe4\xbf\xad", bitmap_278 },  // 俭
    { "\xe4\xbf\xae", bitmap_279 },  // 修
    { "\xe4\xbf\xaf", bitmap_280 },  // 俯
    { "\xe4\xbf\xb1", bitmap_281 },  // 俱
    { "\xe4\xbf\xba", bitmap_282 },  // 俺
    { "\xe5\x80\x8d", bitmap_283 },  // 倍
    { "\xe5\x80\x92", bitmap_284 },  // 倒
    { "\xe5\x80\x94", bitmap_285 },  // 倔
    { "\xe5\x80\x98", bitmap_286 },  // 倘
    { "\xe5\x80\x99", bitmap_287 },  // 候
    { "\xe5\x80\x9a", bitmap_288 },  // 倚
    { "\xe5\x80\x9f", bitmap_289 },  // 借
    { "\xe5\x80\xa1", bitmap_290 },  // 倡
    { "\xe5\x80\xa6", bitmap_291 },  // 倦
    { "\xe5\x80\xba", bitmap_292 },  // 债
    { "\xe5\x80\xbc", bitmap_293 },  // 值
    { "\xe5\x80\xbe", bitmap_294 },  // 倾
    { "\xe5\x81\x87", bitmap_295 },  // 假
    { "\xe5\x81\x8e", bitmap_296 },  // 偎
    { "\xe5\x81\x8f", bitmap_297 },  // 偏
    { "\xe5\x81\x9a", bitmap_298 },  // 做
    { "\xe5\x81\x9c", bitmap_299 },  // 停
    { "\xe5\x81\xa5", bitmap_300 },  // 健
    { "\xe5\x81\xb6", bitmap_301 },  // 偶
    { "\xe5\x81\xb7", bitmap_302 },  // 偷
    { "\xe5\x81\xbf", bitmap_303 },  // 偿
    { "\xe5\x82\x85", bitmap_304 },  // 傅
    { "\xe5\x82\x8d", bitmap_305 },  // 傍
    { "\xe5\x82\xa8", bitmap_306 },  // 储
    { "\xe5\x82\xac", bitmap_307 },  // 催
    { "\xe5\x82\xb2", bitmap_308 },  // 傲
    { "\xe5\x82\xbb", bitmap_309 },  // 傻
    { "\xe5\x83\x8f", bitmap_310 },  // 像
    { "\xe5\x83\x9a", bitmap_311 },  // 僚
    { "\xe5\x83\xa7", bitmap_312 },  // 僧
    { "\xe5\x83\xb5", bitmap_313 },  // 僵
    { "\xe5\x83\xbb", bitmap_314 },  // 僻
    { "\xe5\x84\x92", bitmap_315 },  // 儒
    { "\xe5\x84\xbf", bitmap_316 },  // 儿
    { "\xe5\x85\x81", bitmap_317 },  // 允
    { "\xe5\x85\x83", bitmap_318 },  // 元
    { "\xe5\x85\x84", bitmap_319 },  // 兄
    { "\xe5\x85\x85", bitmap_320 },  // 充
    { "\xe5\x85\x86", bitmap_321 },  // 兆
    { "\xe5\x85\x88", bitmap_322 },  // 先
    { "\xe5\x85\x89", bitmap_323 },  // 光
    { "\xe5\x85\x8b", bitmap_324 },  // 克
    { "\xe5\x85\x8d", bitmap_325 },  // 免
    { "\xe5\x85\x91", bitmap_326 },  // 兑
    { "\xe5\x85\x94", bitmap_327 },  // 兔
    { "\xe5\x85\x9a", bitmap_328 },  // 党
    { "\xe5\x85\x9c", bitmap_329 },  // 兜
    { "\xe5\x85\xa2", bitmap_330 },  // 兢
    { "\xe5\x85\xa5", bitmap_331 },  // 入
    { "\xe5\x85\xa8", bitmap_332 },  // 全
    { "\xe5\x85\xab", bitmap_333 },  // 八
    { "\xe5\x85\xac", bitmap_334 },  // 公
    { "\xe5\x85\xad", bitmap_335 },  // 六
    { "\xe5\x85\xb0", bitmap_336 },  // 兰
    { "\xe5\x85\xb1", bitmap_337 },  // 共
    { "\xe5\x85\xb3", bitmap_338 },  // 关
    { "\xe5\x85\xb4", bitmap_339 },  // 兴
    { "\xe5\x85\xb5", bitmap_340 },  // 兵
    { "\xe5\x85\xb6", bitmap_341 },  // 其
    { "\xe5\x85\xb7", bitmap_342 },  // 具
    { "\xe5\x85\xb8", bitmap_343 },  // 典
    { "\xe5\x85\xb9", bitmap_344 },  // 兹
    { "\xe5\x85\xbb", bitmap_345 },  // 养
    { "\xe5\x85\xbc", bitmap_346 },  // 兼
    { "\xe5\x85\xbd", bitmap_347 },  // 兽
    { "\xe5\x86\x80", bitmap_348 },  // 冀
    { "\xe5\x86\x85", bitmap_349 },  // 内
    { "\xe5\x86\x88", bitmap_350 },  // 冈
    { "\xe5\x86\x89", bitmap_351 },  // 冉
    { "\xe5\x86\x8c", bitmap_352 },  // 册
    { "\xe5\x86\x8d", bitmap_353 },  // 再
    { "\xe5\x86\x92", bitmap_354 },  // 冒
    { "\xe5\x86\x97", bitmap_355 },  // 冗
    { "\xe5\x86\x99", bitmap_356 },  // 写
    { "\xe5\x86\x9b", bitmap_357 },  // 军
    { "\xe5\x86\x9c", bitmap_358 },  // 农
    { "\xe5\x86\xa0", bitmap_359 },  // 冠
    { "\xe5\x86\xa4", bitmap_360 },  // 冤
    { "\xe5\x86\xa5", bitmap_361 },  // 冥
    { "\xe5\x86\xac", bitmap_362 },  // 冬
    { "\xe5\x86\xaf", bitmap_363 },  // 冯
    { "\xe5\x86\xb0", bitmap_364 },  // 冰
    { "\xe5\x86\xb2", bitmap_365 },  // 冲
    { "\xe5\x86\xb3", bitmap_366 },  // 决
    { "\xe5\x86\xb5", bitmap_367 },  // 况
    { "\xe5\x86\xb6", bitmap_368 },  // 冶
    { "\xe5\x86\xb7", bitmap_369 },  // 冷
    { "\xe5\x86\xbb", bitmap_370 },  // 冻
    { "\xe5\x87\x80", bitmap_371 },  // 净
    { "\xe5\x87\x84", bitmap_372 },  // 凄
    { "\xe5\x87\x86", bitmap_373 },  // 准
    { "\xe5\x87\x89", bitmap_374 },  // 凉
    { "\xe5\x87\x8c", bitmap_375 },  // 凌
    { "\xe5\x87\x8f", bitmap_376 },  // 减
    { "\xe5\x87\x91", bitmap_377 },  // 凑
    { "\xe5\x87\x9b", bitmap_378 },  // 凛
    { "\xe5\x87\x9d", bitmap_379 },  // 凝
    { "\xe5\x87\xa0", bitmap_380 },  // 几
    { "\xe5\x87\xa1", bitmap_381 },  // 凡
    { "\xe5\x87\xa4", bitmap_382 },  // 凤
    { "\xe5\x87\xad", bitmap_383 },  // 凭
    { "\xe5\x87\xaf", bitmap_384 },  // 凯
    { "\xe5\x87\xb0", bitmap_385 },  // 凰
    { "\xe5\x87\xb3", bitmap_386 },  // 凳
    { "\xe5\x87\xb6", bitmap_387 },  // 凶
    { "\xe5\x87\xb8", bitmap_388 },  // 凸
    { "\xe5\x87\xb9", bitmap_389 },  // 凹
    { "\xe5\x87\xba", bitmap_390 },  // 出
    { "\xe5\x87\xbb", bitmap_391 },  // 击
    { "\xe5\x87\xbd", bitmap_392 },  // 函
    { "\xe5\x87\xbf", bitmap_393 },  // 凿
    { "\xe5\x88\x80", bitmap_394 },  // 刀
    { "\xe5\x88\x81", bitmap_395 },  // 刁
    { "\xe5\x88\x83", bitmap_396 },  // 刃
    { "\xe5\x88\x86", bitmap_397 },  // 分
    { "\xe5\x88\x87", bitmap_398 },  // 切
    { "\xe5\x88\x8a", bitmap_399 },  // 刊
    { "\xe5\x88\x91", bitmap_400 },  // 刑
    { "\xe5\x88\x92", bitmap_401 },  // 划
    { "\xe5\x88\x97", bitmap_402 },  // 列
    { "\xe5\x88\x98", bitmap_403 },  // 刘
    { "\xe5\x88\x99", bitmap_404 },  // 则
    { "\xe5\x88\x9a", bitmap_405 },  // 刚
    { "\xe5\x88\x9b", bitmap_406 },  // 创
    { "\xe5\x88\x9d", bitmap_407 },  // 初
    { "\xe5\x88\xa0", bitmap_408 },  // 删
    { "\xe5\x88\xa4", bitmap_409 },  // 判
    { "\xe5\x88\xa8", bitmap_410 },  // 刨
    { "\xe5\x88\xa9", bitmap_411 },  // 利
    { "\xe5\x88\xab", bitmap_412 },  // 别
    { "\xe5\x88\xae", bitmap_413 },  // 刮
    { "\xe5\x88\xb0", bitmap_414 },  // 到
    { "\xe5\x88\xb6", bitmap_415 },  // 制
    { "\xe5\x88\xb7", bitmap_416 },  // 刷
    { "\xe5\x88\xb8", bitmap_417 },  // 券
    { "\xe5\x88\xb9", bitmap_418 },  // 刹
    { "\xe5\x88\xba", bitmap_419 },  // 刺
    { "\xe5\x88\xbb", bitmap_420 },  // 刻
    { "\xe5\x89\x82", bitmap_421 },  // 剂
    { "\xe5\x89\x83", bitmap_422 },  // 剃
    { "\xe5\x89\x8a", bitmap_423 },  // 削
    { "\xe5\x89\x8d", bitmap_424 },  // 前
    { "\xe5\x89\x91", bitmap_425 },  // 剑
    { "\xe5\x89\x94", bitmap_426 },  // 剔
    { "\xe5\x89\x96", bitmap_427 },  // 剖
    { "\xe5\x89\xa5", bitmap_428 },  // 剥
    { "\xe5\x89\xa7", bitmap_429 },  // 剧
    { "\xe5\x89\xa9", bitmap_430 },  // 剩
    { "\xe5\x89\xaa", bitmap_431 },  // 剪
    { "\xe5\x89\xaf", bitmap_432 },  // 副
    { "\xe5\x89\xb2", bitmap_433 },  // 割
    { "\xe5\x89\xbf", bitmap_434 },  // 剿
    { "\xe5\x8a\x88", bitmap_435 },  // 劈
    { "\xe5\x8a\x9b", bitmap_436 },  // 力
    { "\xe5\x8a\x9d", bitmap_437 },  // 劝
    { "\xe5\x8a\x9e", bitmap_438 },  // 办
    { "\xe5\x8a\x9f", bitmap_439 },  // 功
    { "\xe5\x8a\xa0", bitmap_440 },  // 加
    { "\xe5\x8a\xa1", bitmap_441 },  // 务
    { "\xe5\x8a\xa3", bitmap_442 },  // 劣
    { "\xe5\x8a\xa8", bitmap_443 },  // 动
    { "\xe5\x8a\xa9", bitmap_444 },  // 助
    { "\xe5\x8a\xaa", bitmap_445 },  // 努
    { "\xe5\x8a\xab", bitmap_446 },  // 劫
    { "\xe5\x8a\xb1", bitmap_447 },  // 励
    { "\xe5\x8a\xb2", bitmap_448 },  // 劲
    { "\xe5\x8a\xb3", bitmap_449 },  // 劳
    { "\xe5\x8a\xbf", bitmap_450 },  // 势
    { "\xe5\x8b\x83", bitmap_451 },  // 勃
    { "\xe5\x8b\x87", bitmap_452 },  // 勇
    { "\xe5\x8b\x89", bitmap_453 },  // 勉
    { "\xe5\x8b\x8b", bitmap_454 },  // 勋
    { "\xe5\x8b\x92", bitmap_455 },  // 勒
    { "\xe5\x8b\x98", bitmap_456 },  // 勘
    { "\xe5\x8b\x9f", bitmap_457 },  // 募
    { "\xe5\x8b\xa4", bitmap_458 },  // 勤
    { "\xe5\x8b\xba", bitmap_459 },  // 勺
    { "\xe5\x8b\xbe", bitmap_460 },  // 勾
    { "\xe5\x8b\xbf", bitmap_461 },  // 勿
    { "\xe5\x8c\x80", bitmap_462 },  // 匀
    { "\xe5\x8c\x85", bitmap_463 },  // 包
    { "\xe5\x8c\x86", bitmap_464 },  // 匆
    { "\xe5\x8c\x88", bitmap_465 },  // 匈
    { "\xe5\x8c\x95", bitmap_466 },  // 匕
    { "\xe5\x8c\x96", bitmap_467 },  // 化
    { "\xe5\x8c\x97", bitmap_468 },  // 北
    { "\xe5\x8c\x99", bitmap_469 },  // 匙
    { "\xe5\x8c\xa0", bitmap_470 },  // 匠
    { "\xe5\x8c\xa3", bitmap_471 },  // 匣
    { "\xe5\x8c\xaa", bitmap_472 },  // 匪
    { "\xe5\x8c\xb9", bitmap_473 },  // 匹
    { "\xe5\x8c\xba", bitmap_474 },  // 区
    { "\xe5\x8c\xbb", bitmap_475 },  // 医
    { "\xe5\x8c\xbe", bitmap_476 },  // 匾
    { "\xe5\x8c\xbf", bitmap_477 },  // 匿
    { "\xe5\x8d\x81", bitmap_478 },  // 十
    { "\xe5\x8d\x83", bitmap_479 },  // 千
    { "\xe5\x8d\x87", bitmap_480 },  // 升
    { "\xe5\x8d\x88", bitmap_481 },  // 午
    { "\xe5\x8d\x89", bitmap_482 },  // 卉
    { "\xe5\x8d\x8a", bitmap_483 },  // 半
    { "\xe5\x8d\x8e", bitmap_484 },  // 华
    { "\xe5\x8d\x8f", bitmap_485 },  // 协
    { "\xe5\x8d\x91", bitmap_486 },  // 卑
    { "\xe5\x8d\x92", bitmap_487 },  // 卒
    { "\xe5\x8d\x93", bitmap_488 },  // 卓
    { "\xe5\x8d\x95", bitmap_489 },  // 单
    { "\xe5\x8d\x96", bitmap_490 },  // 卖
    { "\xe5\x8d\x97", bitmap_491 },  // 南
    { "\xe5\x8d\x9a", bitmap_492 },  // 博
    { "\xe5\x8d\x9c", bitmap_493 },  // 卜
    { "\xe5\x8d\xa0", bitmap_494 },  // 占
    { "\xe5\x8d\xa1", bitmap_495 },  // 卡
    { "\xe5\x8d\xa2", bitmap_496 },  // 卢
    { "\xe5\x8d\xa4", bitmap_497 },  // 卤
    { "\xe5\x8d\xa6", bitmap_498 },  // 卦
    { "\xe5\x8d\xa7", bitmap_499 },  // 卧
    { "\xe5\x8d\xab", bitmap_500 },  // 卫
    { "\xe5\x8d\xaf", bitmap_501 },  // 卯
    { "\xe5\x8d\xb0", bitmap_502 },  // 印
    { "\xe5\x8d\xb1", bitmap_503 },  // 危
    { "\xe5\x8d\xb3", bitmap_504 },  // 即
    { "\xe5\x8d\xb4", bitmap_505 },  // 却
    { "\xe5\x8d\xb5", bitmap_506 },  // 卵
    { "\xe5\x8d\xb7", bitmap_507 },  // 卷
    { "\xe5\x8d\xb8", bitmap_508 },  // 卸
    { "\xe5\x8d\xbf", bitmap_509 },  // 卿
    { "\xe5\x8e\x82", bitmap_510 },  // 厂
    { "\xe5\x8e\x85", bitmap_511 },  // 厅
    { "\xe5\x8e\x86", bitmap_512 },  // 历
    { "\xe5\x8e\x89", bitmap_513 },  // 厉
    { "\xe5\x8e\x8b", bitmap_514 },  // 压
    { "\xe5\x8e\x8c", bitmap_515 },  // 厌
    { "\xe5\x8e\x95", bitmap_516 },  // 厕
    { "\xe5\x8e\x98", bitmap_517 },  // 厘
    { "\xe5\x8e\x9a", bitmap_518 },  // 厚
    { "\xe5\x8e\x9f", bitmap_519 },  // 原
    { "\xe5\x8e\xa2", bitmap_520 },  // 厢
    { "\xe5\x8e\xa6", bitmap_521 },  // 厦
    { "\xe5\x8e\xa8", bitmap_522 },  // 厨
    { "\xe5\x8e\xbb", bitmap_523 },  // 去
    { "\xe5\x8e\xbf", bitmap_524 },  // 县
    { "\xe5\x8f\x81", bitmap_525 },  // 叁
    { "\xe5\x8f\x82", bitmap_526 },  // 参
    { "\xe5\x8f\x88", bitmap_527 },  // 又
    { "\xe5\x8f\x89", bitmap_528 },  // 叉
    { "\xe5\x8f\x8a", bitmap_529 },  // 及
    { "\xe5\x8f\x8b", bitmap_530 },  // 友
    { "\xe5\x8f\x8c", bitmap_531 },  // 双
    { "\xe5\x8f\x8d", bitmap_532 },  // 反
    { "\xe5\x8f\x91", bitmap_533 },  // 发
    { "\xe5\x8f\x94", bitmap_534 },  // 叔
    { "\xe5\x8f\x96", bitmap_535 },  // 取
    { "\xe5\x8f\x97", bitmap_536 },  // 受
    { "\xe5\x8f\x98", bitmap_537 },  // 变
    { "\xe5\x8f\x99", bitmap_538 },  // 叙
    { "\xe5\x8f\x9b", bitmap_539 },  // 叛
    { "\xe5\x8f\xa0", bitmap_540 },  // 叠
    { "\xe5\x8f\xa3", bitmap_541 },  // 口
    { "\xe5\x8f\xa4", bitmap_542 },  // 古
    { "\xe5\x8f\xa5", bitmap_543 },  // 句
    { "\xe5\x8f\xa6", bitmap_544 },  // 另
    { "\xe5\x8f\xa8", bitmap_545 },  // 叨
    { "\xe5\x8f\xa9", bitmap_546 },  // 叩
    { "\xe5\x8f\xaa", bitmap_547 },  // 只
    { "\xe5\x8f\xab", bitmap_548 },  // 叫
    { "\xe5\x8f\xac", bitmap_549 },  // 召
    { "\xe5\x8f\xad", bitmap_550 },  // 叭
    { "\xe5\x8f\xae", bitmap_551 },  // 叮
    { "\xe5\x8f\xaf", bitmap_552 },  // 可
    { "\xe5\x8f\xb0", bitmap_553 },  // 台
    { "\xe5\x8f\xb2", bitmap_554 },  // 史
    { "\xe5\x8f\xb3", bitmap_555 },  // 右
    { "\xe5\x8f\xb6", bitmap_556 },  // 叶
    { "\xe5\x8f\xb7", bitmap_557 },  // 号
    { "\xe5\x8f\xb8", bitmap_558 },  // 司
    { "\xe5\x8f\xb9", bitmap_559 },  // 叹
    { "\xe5\x8f\xbc", bitmap_560 },  // 叼
    { "\xe5\x8f\xbd", bitmap_561 },  // 叽
    { "\xe5\x90\x81", bitmap_562 },  // 吁
    { "\xe5\x90\x83", bitmap_563 },  // 吃
    { "\xe5\x90\x84", bitmap_564 },  // 各
    { "\xe5\x90\x86", bitmap_565 },  // 吆
    { "\xe5\x90\x88", bitmap_566 },  // 合
    { "\xe5\x90\x89", bitmap_567 },  // 吉
    { "\xe5\x90\x8a", bitmap_568 },  // 吊
    { "\xe5\x90\x8c", bitmap_569 },  // 同
    { "\xe5\x90\x8d", bitmap_570 },  // 名
    { "\xe5\x90\x8e", bitmap_571 },  // 后
    { "\xe5\x90\x8f", bitmap_572 },  // 吏
    { "\xe5\x90\x90", bitmap_573 },  // 吐
    { "\xe5\x90\x91", bitmap_574 },  // 向
    { "\xe5\x90\x93", bitmap_575 },  // 吓
    { "\xe5\x90\x95", bitmap_576 },  // 吕
    { "\xe5\x90\x97", bitmap_577 },  // 吗
    { "\xe5\x90\x9b", bitmap_578 },  // 君
    { "\xe5\x90\x9d", bitmap_579 },  // 吝
    { "\xe5\x90\x9e", bitmap_580 },  // 吞
    { "\xe5\x90\x9f", bitmap_581 },  // 吟
    { "\xe5\x90\xa0", bitmap_582 },  // 吠
    { "\xe5\x90\xa6", bitmap_583 },  // 否
    { "\xe5\x90\xa7", bitmap_584 },  // 吧
    { "\xe5\x90\xa8", bitmap_585 },  // 吨
    { "\xe5\x90\xa9", bitmap_586 },  // 吩
    { "\xe5\x90\xab", bitmap_587 },  // 含
    { "\xe5\x90\xac", bitmap_588 },  // 听
    { "\xe5\x90\xad", bitmap_589 },  // 吭
    { "\xe5\x90\xae", bitmap_590 },  // 吮
    { "\xe5\x90\xaf", bitmap_591 },  // 启
    { "\xe5\x90\xb1", bitmap_592 },  // 吱
    { "\xe5\x90\xb4", bitmap_593 },  // 吴
    { "\xe5\x90\xb5", bitmap_594 },  // 吵
    { "\xe5\x90\xb8", bitmap_595 },  // 吸
    { "\xe5\x90\xb9", bitmap_596 },  // 吹
    { "\xe5\x90\xbb", bitmap_597 },  // 吻
    { "\xe5\x90\xbc", bitmap_598 },  // 吼
    { "\xe5\x90\xbe", bitmap_599 },  // 吾
    { "\xe5\x91\x80", bitmap_600 },  // 呀
    { "\xe5\x91\x86", bitmap_601 },  // 呆
    { "\xe5\x91\x88", bitmap_602 },  // 呈
    { "\xe5\x91\x8a", bitmap_603 },  // 告
    { "\xe5\x91\x90", bitmap_604 },  // 呐
    { "\xe5\x91\x95", bitmap_605 },  // 呕
    { "\xe5\x91\x98", bitmap_606 },  // 员
    { "\xe5\x91\x9b", bitmap_607 },  // 呛
    { "\xe5\x91\x9c", bitmap_608 },  // 呜
    { "\xe5\x91\xa2", bitmap_609 },  // 呢
    { "\xe5\x91\xa8", bitmap_610 },  // 周
    { "\xe5\x91\xb3", bitmap_611 },  // 味
    { "\xe5\x91\xb5", bitmap_612 },  // 呵
    { "\xe5\x91\xbb", bitmap_613 },  // 呻
    { "\xe5\x91\xbc", bitmap_614 },  // 呼
    { "\xe5\x91\xbd", bitmap_615 },  // 命
    { "\xe5\x92\x84", bitmap_616 },  // 咄
    { "\xe5\x92\x8b", bitmap_617 },  // 咋
    { "\xe5\x92\x8c", bitmap_618 },  // 和
    { "\xe5\x92\x8f", bitmap_619 },  // 咏
    { "\xe5\x92\x90", bitmap_620 },  // 咐
    { "\xe5\x92\x92", bitmap_621 },  // 咒
    { "\xe5\x92\x95", bitmap_622 },  // 咕
    { "\xe5\x92\x96", bitmap_623 },  // 咖
    { "\xe5\x92\x99", bitmap_624 },  // 咙
    { "\xe5\x92\xa7", bitmap_625 },  // 咧
    { "\xe5\x92\xa8", bitmap_626 },  // 咨
    { "\xe5\x92\xaa", bitmap_627 },  // 咪
    { "\xe5\x92\xac", bitmap_628 },  // 咬
    { "\xe5\x92\xb1", bitmap_629 },  // 咱
    { "\xe5\x92\xb3", bitmap_630 },  // 咳
    { "\xe5\x92\xb8", bitmap_631 },  // 咸
    { "\xe5\x92\xbd", bitmap_632 },  // 咽
    { "\xe5\x93\x80", bitmap_633 },  // 哀
    { "\xe5\x93\x81", bitmap_634 },  // 品
    { "\xe5\x93\x84", bitmap_635 },  // 哄
    { "\xe5\x93\x86", bitmap_636 },  // 哆
    { "\xe5\x93\x87", bitmap_637 },  // 哇
    { "\xe5\x93\x88", bitmap_638 },  // 哈
    { "\xe5\x93\x89", bitmap_639 },  // 哉
    { "\xe5\x93\x8d", bitmap_640 },  // 响
    { "\xe5\x93\x8e", bitmap_641 },  // 哎
    { "\xe5\x93\x91", bitmap_642 },  // 哑
    { "\xe5\x93\x97", bitmap_643 },  // 哗
    { "\xe5\x93\x9f", bitmap_644 },  // 哟
    { "\xe5\x93\xa5", bitmap_645 },  // 哥
    { "\xe5\x93\xa6", bitmap_646 },  // 哦
    { "\xe5\x93\xa8", bitmap_647 },  // 哨
    { "\xe5\x93\xa9", bitmap_648 },  // 哩
    { "\xe5\x93\xaa", bitmap_649 },  // 哪
    { "\xe5\x93\xad", bitmap_650 },  // 哭
    { "\xe5\x93\xae", bitmap_651 },  // 哮
    { "\xe5\x93\xb2", bitmap_652 },  // 哲
    { "\xe5\x93\xba", bitmap_653 },  // 哺
    { "\xe5\x93\xbc", bitmap_654 },  // 哼
    { "\xe5\x94\x81", bitmap_655 },  // 唁
    { "\xe5\x94\x86", bitmap_656 },  // 唆
    { "\xe5\x94\x87", bitmap_657 },  // 唇
    { "\xe5\x94\x89", bitmap_658 },  // 唉
    { "\xe5\x94\x90", bitmap_659 },  // 唐
    { "\xe5\x94\xa0", bitmap_660 },  // 唠
    { "\xe5\x94\xa4", bitmap_661 },  // 唤
    { "\xe5\x94\xa7", bitmap_662 },  // 唧
    { "\xe5\x94\xac", bitmap_663 },  // 唬
    { "\xe5\x94\xae", bitmap_664 },  // 售
    { "\xe5\x94\xaf", bitmap_665 },  // 唯
    { "\xe5\x94\xb1", bitmap_666 },  // 唱
    { "\xe5\x94\xbe", bitmap_667 },  // 唾
    { "\xe5\x95\x83", bitmap_668 },  // 啃
    { "\xe5\x95\x84", bitmap_669 },  // 啄
    { "\xe5\x95\x86", bitmap_670 },  // 商
    { "\xe5\x95\x8a", bitmap_671 },  // 啊
    { "\xe5\x95\xa1", bitmap_672 },  // 啡
    { "\xe5\x95\xa4", bitmap_673 },  // 啤
    { "\xe5\x95\xa5", bitmap_674 },  // 啥
    { "\xe5\x95\xa6", bitmap_675 },  // 啦
    { "\xe5\x95\xaa", bitmap_676 },  // 啪
    { "\xe5\x95\xb0", bitmap_677 },  // 啰
    { "\xe5\x95\xb8", bitmap_678 },  // 啸
    { "\xe5\x95\xbc", bitmap_679 },  // 啼
    { "\xe5\x96\x82", bitmap_680 },  // 喂
    { "\xe5\x96\x84", bitmap_681 },  // 善
    { "\xe5\x96\x87", bitmap_682 },  // 喇
    { "\xe5\x96\x89", bitmap_683 },  // 喉
    { "\xe5\x96\x8a", bitmap_684 },  // 喊
    { "\xe5\x96\x98", bitmap_685 },  // 喘
    { "\xe5\x96\x9c", bitmap_686 },  // 喜
    { "\xe5\x96\x9d", bitmap_687 },  // 喝
    { "\xe5\x96\xa7", bitmap_688 },  // 喧
    { "\xe5\x96\xb3", bitmap_689 },  // 喳
    { "\xe5\x96\xb7", bitmap_690 },  // 喷
    { "\xe5\x96\xbb", bitmap_691 },  // 喻
    { "\xe5\x97\x85", bitmap_692 },  // 嗅
    { "\xe5\x97\x93", bitmap_693 },  // 嗓
    { "\xe5\x97\x9c", bitmap_694 },  // 嗜
    { "\xe5\x97\xa1", bitmap_695 },  // 嗡
    { "\xe5\x97\xa6", bitmap_696 },  // 嗦
    { "\xe5\x97\xbd", bitmap_697 },  // 嗽
    { "\xe5\x98\x80", bitmap_698 },  // 嘀
    { "\xe5\x98\x89", bitmap_699 },  // 嘉
    { "\xe5\x98\x9b", bitmap_700 },  // 嘛
    { "\xe5\x98\xb1", bitmap_701 },  // 嘱
    { "\xe5\x98\xb2", bitmap_702 },  // 嘲
    { "\xe5\x98\xb4", bitmap_703 },  // 嘴
    { "\xe5\x98\xb6", bitmap_704 },  // 嘶
    { "\xe5\x98\xb9", bitmap_705 },  // 嘹
    { "\xe5\x98\xbb", bitmap_706 },  // 嘻
    { "\xe5\x98\xbf", bitmap_707 },  // 嘿
    { "\xe5\x99\xa8", bitmap_708 },  // 器
    { "\xe5\x99\xa9", bitmap_709 },  // 噩
    { "\xe5\x99\xaa", bitmap_710 },  // 噪
    { "\xe5\x9a\x8e", bitmap_711 },  // 嚎
    { "\xe5\x9a\xa3", bitmap_712 },  // 嚣
    { "\xe5\x9a\xb7", bitmap_713 },  // 嚷
    { "\xe5\x9a\xbc", bitmap_714 },  // 嚼
    { "\xe5\x9b\x8a", bitmap_715 },  // 囊
    { "\xe5\x9b\x9a", bitmap_716 },  // 囚
    { "\xe5\x9b\x9b", bitmap_717 },  // 四
    { "\xe5\x9b\x9e", bitmap_718 },  // 回
    { "\xe5\x9b\xa0", bitmap_719 },  // 因
    { "\xe5\x9b\xa2", bitmap_720 },  // 团
    { "\xe5\x9b\xa4", bitmap_721 },  // 囤
    { "\xe5\x9b\xad", bitmap_722 },  // 园
    { "\xe5\x9b\xb0", bitmap_723 },  // 困
    { "\xe5\x9b\xb1", bitmap_724 },  // 囱
    { "\xe5\x9b\xb4", bitmap_725 },  // 围
    { "\xe5\x9b\xba", bitmap_726 },  // 固
    { "\xe5\x9b\xbd", bitmap_727 },  // 国
    { "\xe5\x9b\xbe", bitmap_728 },  // 图
    { "\xe5\x9c\x83", bitmap_729 },  // 圃
    { "\xe5\x9c\x86", bitmap_730 },  // 圆
    { "\xe5\x9c\x88", bitmap_731 },  // 圈
    { "\xe5\x9c\x9f", bitmap_732 },  // 土
    { "\xe5\x9c\xa3", bitmap_733 },  // 圣
    { "\xe5\x9c\xa8", bitmap_734 },  // 在
    { "\xe5\x9c\xb0", bitmap_735 },  // 地
    { "\xe5\x9c\xba", bitmap_736 },  // 场
    { "\xe5\x9c\xbe", bitmap_737 },  // 圾
    { "\xe5\x9d\x80", bitmap_738 },  // 址
    { "\xe5\x9d\x87", bitmap_739 },  // 均
    { "\xe5\x9d\x8a", bitmap_740 },  // 坊
    { "\xe5\x9d\x8e", bitmap_741 },  // 坎
    { "\xe5\x9d\x8f", bitmap_742 },  // 坏
    { "\xe5\x9d\x90", bitmap_743 },  // 坐
    { "\xe5\x9d\x91", bitmap_744 },  // 坑
    { "\xe5\x9d\x97", bitmap_745 },  // 块
    { "\xe5\x9d\x9a", bitmap_746 },  // 坚
    { "\xe5\x9d\x9b", bitmap_747 },  // 坛
    { "\xe5\x9d\x9d", bitmap_748 },  // 坝
    { "\xe5\x9d\x9f", bitmap_749 },  // 坟
    { "\xe5\x9d\xa0", bitmap_750 },  // 坠
    { "\xe5\x9d\xa1", bitmap_751 },  // 坡
    { "\xe5\x9d\xa4", bitmap_752 },  // 坤
    { "\xe5\x9d\xa6", bitmap_753 },  // 坦
    { "\xe5\x9d\xaa", bitmap_754 },  // 坪
    { "\xe5\x9d\xaf", bitmap_755 },  // 坯
    { "\xe5\x9d\xb7", bitmap_756 },  // 坷
    { "\xe5\x9e\x82", bitmap_757 },  // 垂
    { "\xe5\x9e\x83", bitmap_758 },  // 垃
    { "\xe5\x9e\x84", bitmap_759 },  // 垄
    { "\xe5\x9e\x8b", bitmap_760 },  // 型
    { "\xe5\x9e\x92", bitmap_761 },  // 垒
    { "\xe5\x9e\x9b", bitmap_762 },  // 垛
    { "\xe5\x9e\xa2", bitmap_763 },  // 垢
    { "\xe5\x9e\xa6", bitmap_764 },  // 垦
    { "\xe5\x9e\xab", bitmap_765 },  // 垫
    { "\xe5\x9e\xae", bitmap_766 },  // 垮
    { "\xe5\x9f\x82", bitmap_767 },  // 埂
    { "\xe5\x9f\x83", bitmap_768 },  // 埃
    { "\xe5\x9f\x8b", bitmap_769 },  // 埋
    { "\xe5\x9f\x8e", bitmap_770 },  // 城
    { "\xe5\x9f\x9f", bitmap_771 },  // 域
    { "\xe5\x9f\xa0", bitmap_772 },  // 埠
    { "\xe5\x9f\xb9", bitmap_773 },  // 培
    { "\xe5\x9f\xba", bitmap_774 },  // 基
    { "\xe5\xa0\x82", bitmap_775 },  // 堂
    { "\xe5\xa0\x86", bitmap_776 },  // 堆
    { "\xe5\xa0\x95", bitmap_777 },  // 堕
    { "\xe5\xa0\xa1", bitmap_778 },  // 堡
    { "\xe5\xa0\xa4", bitmap_779 },  // 堤
    { "\xe5\xa0\xaa", bitmap_780 },  // 堪
    { "\xe5\xa0\xb0", bitmap_781 },  // 堰
    { "\xe5\xa0\xb5", bitmap_782 },  // 堵
    { "\xe5\xa1\x8c", bitmap_783 },  // 塌
    { "\xe5\xa1\x91", bitmap_784 },  // 塑
    { "\xe5\xa1\x94", bitmap_785 },  // 塔
    { "\xe5\xa1\x98", bitmap_786 },  // 塘
    { "\xe5\xa1\x9e", bitmap_787 },  // 塞
    { "\xe5\xa1\xab", bitmap_788 },  // 填
    { "\xe5\xa2\x83", bitmap_789 },  // 境
    { "\xe5\xa2\x85", bitmap_790 },  // 墅
    { "\xe5\xa2\x93", bitmap_791 },  // 墓
    { "\xe5\xa2\x99", bitmap_792 },  // 墙
    { "\xe5\xa2\x9e", bitmap_793 },  // 增
    { "\xe5\xa2\x9f", bitmap_794 },  // 墟
    { "\xe5\xa2\xa8", bitmap_795 },  // 墨
    { "\xe5\xa2\xa9", bitmap_796 },  // 墩
    { "\xe5\xa3\x81", bitmap_797 },  // 壁
    { "\xe5\xa3\xa4", bitmap_798 },  // 壤
    { "\xe5\xa3\xab", bitmap_799 },  // 士
    { "\xe5\xa3\xac", bitmap_800 },  // 壬
    { "\xe5\xa3\xae", bitmap_801 },  // 壮
    { "\xe5\xa3\xb0", bitmap_802 },  // 声
    { "\xe5\xa3\xb3", bitmap_803 },  // 壳
    { "\xe5\xa3\xb6", bitmap_804 },  // 壶
    { "\xe5\xa3\xb9", bitmap_805 },  // 壹
    { "\xe5\xa4\x84", bitmap_806 },  // 处
    { "\xe5\xa4\x87", bitmap_807 },  // 备
    { "\xe5\xa4\x8d", bitmap_808 },  // 复
    { "\xe5\xa4\x8f", bitmap_809 },  // 夏
    { "\xe5\xa4\x95", bitmap_810 },  // 夕
    { "\xe5\xa4\x96", bitmap_811 },  // 外
    { "\xe5\xa4\x9a", bitmap_812 },  // 多
    { "\xe5\xa4\x9c", bitmap_813 },  // 夜
    { "\xe5\xa4\x9f", bitmap_814 },  // 够
    { "\xe5\xa4\xa7", bitmap_815 },  // 大
    { "\xe5\xa4\xa9", bitmap_816 },  // 天
    { "\xe5\xa4\xaa", bitmap_817 },  // 太
    { "\xe5\xa4\xab", bitmap_818 },  // 夫
    { "\xe5\xa4\xad", bitmap_819 },  // 夭
    { "\xe5\xa4\xae", bitmap_820 },  // 央
    { "\xe5\xa4\xaf", bitmap_821 },  // 夯
    { "\xe5\xa4\xb1", bitmap_822 },  // 失
    { "\xe5\xa4\xb4", bitmap_823 },  // 头
    { "\xe5\xa4\xb7", bitmap_824 },  // 夷
    { "\xe5\xa4\xb8", bitmap_825 },  // 夸
    { "\xe5\xa4\xb9", bitmap_826 },  // 夹
    { "\xe5\xa4\xba", bitmap_827 },  // 夺
    { "\xe5\xa5\x87", bitmap_828 },  // 奇
    { "\xe5\xa5\x88", bitmap_829 },  // 奈
    { "\xe5\xa5\x89", bitmap_830 },  // 奉
    { "\xe5\xa5\x8b", bitmap_831 },  // 奋
    { "\xe5\xa5\x8f", bitmap_832 },  // 奏
    { "\xe5\xa5\x91", bitmap_833 },  // 契
    { "\xe5\xa5\x94", bitmap_834 },  // 奔
    { "\xe5\xa5\x96", bitmap_835 },  // 奖
    { "\xe5\xa5\x97", bitmap_836 },  // 套
    { "\xe5\xa5\xa0", bitmap_837 },  // 奠
    { "\xe5\xa5\xa2", bitmap_838 },  // 奢
    { "\xe5\xa5\xa5", bitmap_839 },  // 奥
    { "\xe5\xa5\xb3", bitmap_840 },  // 女
    { "\xe5\xa5\xb4", bitmap_841 },  // 奴
    { "\xe5\xa5\xb6", bitmap_842 },  // 奶
    { "\xe5\xa5\xb8", bitmap_843 },  // 奸
    { "\xe5\xa5\xb9", bitmap_844 },  // 她
    { "\xe5\xa5\xbd", bitmap_845 },  // 好
    { "\xe5\xa6\x82", bitmap_846 },  // 如
    { "\xe5\xa6\x83", bitmap_847 },  // 妃
    { "\xe5\xa6\x84", bitmap_848 },  // 妄
    { "\xe5\xa6\x86", bitmap_849 },  // 妆
    { "\xe5\xa6\x87", bitmap_850 },  // 妇
    { "\xe5\xa6\x88", bitmap_851 },  // 妈
    { "\xe5\xa6\x92", bitmap_852 },  // 妒
    { "\xe5\xa6\x93", bitmap_853 },  // 妓
    { "\xe5\xa6\x96", bitmap_854 },  // 妖
    { "\xe5\xa6\x99", bitmap_855 },  // 妙
    { "\xe5\xa6\xa5", bitmap_856 },  // 妥
    { "\xe5\xa6\xa8", bitmap_857 },  // 妨
    { "\xe5\xa6\xae", bitmap_858 },  // 妮
    { "\xe5\xa6\xb9", bitmap_859 },  // 妹
    { "\xe5\xa6\xbb", bitmap_860 },  // 妻
    { "\xe5\xa7\x86", bitmap_861 },  // 姆
    { "\xe5\xa7\x8a", bitmap_862 },  // 姊
    { "\xe5\xa7\x8b", bitmap_863 },  // 始
    { "\xe5\xa7\x90", bitmap_864 },  // 姐
    { "\xe5\xa7\x91", bitmap_865 },  // 姑
    { "\xe5\xa7\x93", bitmap_866 },  // 姓
    { "\xe5\xa7\x94", bitmap_867 },  // 委
    { "\xe5\xa7\x9a", bitmap_868 },  // 姚
    { "\xe5\xa7\x9c", bitmap_869 },  // 姜
    { "\xe5\xa7\xa5", bitmap_870 },  // 姥
    { "\xe5\xa7\xa8", bitmap_871 },  // 姨
    { "\xe5\xa7\xbb", bitmap_872 },  // 姻
    { "\xe5\xa7\xbf", bitmap_873 },  // 姿
    { "\xe5\xa8\x81", bitmap_874 },  // 威
    { "\xe5\xa8\x83", bitmap_875 },  // 娃
    { "\xe5\xa8\x84", bitmap_876 },  // 娄
    { "\xe5\xa8\x87", bitmap_877 },  // 娇
    { "\xe5\xa8\x98", bitmap_878 },  // 娘
    { "\xe5\xa8\x9c", bitmap_879 },  // 娜
    { "\xe5\xa8\x9f", bitmap_880 },  // 娟
    { "\xe5\xa8\xa5", bitmap_881 },  // 娥
    { "\xe5\xa8\xb1", bitmap_882 },  // 娱
    { "\xe5\xa8\xb6", bitmap_883 },  // 娶
    { "\xe5\xa9\x86", bitmap_884 },  // 婆
    { "\xe5\xa9\x89", bitmap_885 },  // 婉
    { "\xe5\xa9\x9a", bitmap_886 },  // 婚
    { "\xe5\xa9\xaa", bitmap_887 },  // 婪
    { "\xe5\xa9\xb4", bitmap_888 },  // 婴
    { "\xe5\xa9\xb6", bitmap_889 },  // 婶
    { "\xe5\xa9\xbf", bitmap_890 },  // 婿
    { "\xe5\xaa\x92", bitmap_891 },  // 媒
    { "\xe5\xaa\x9a", bitmap_892 },  // 媚
    { "\xe5\xaa\xb3", bitmap_893 },  // 媳
    { "\xe5\xab\x81", bitmap_894 },  // 嫁
    { "\xe5\xab\x82", bitmap_895 },  // 嫂
    { "\xe5\xab\x89", bitmap_896 },  // 嫉
    { "\xe5\xab\x8c", bitmap_897 },  // 嫌
    { "\xe5\xab\xa9", bitmap_898 },  // 嫩
    { "\xe5\xad\x90", bitmap_899 },  // 子
    { "\xe5\xad\x94", bitmap_900 },  // 孔
    { "\xe5\xad\x95", bitmap_901 },  // 孕
    { "\xe5\xad\x97", bitmap_902 },  // 字
    { "\xe5\xad\x98", bitmap_903 },  // 存
    { "\xe5\xad\x99", bitmap_904 },  // 孙
    { "\xe5\xad\x9d", bitmap_905 },  // 孝
    { "\xe5\xad\x9f", bitmap_906 },  // 孟
    { "\xe5\xad\xa3", bitmap_907 },  // 季
    { "\xe5\xad\xa4", bitmap_908 },  // 孤
    { "\xe5\xad\xa6", bitmap_909 },  // 学
    { "\xe5\xad\xa9", bitmap_910 },  // 孩
    { "\xe5\xad\xb5", bitmap_911 },  // 孵
    { "\xe5\xad\xbd", bitmap_912 },  // 孽
    { "\xe5\xae\x81", bitmap_913 },  // 宁
    { "\xe5\xae\x83", bitmap_914 },  // 它
    { "\xe5\xae\x85", bitmap_915 },  // 宅
    { "\xe5\xae\x87", bitmap_916 },  // 宇
    { "\xe5\xae\x88", bitmap_917 },  // 守
    { "\xe5\xae\x89", bitmap_918 },  // 安
    { "\xe5\xae\x8b", bitmap_919 },  // 宋
    { "\xe5\xae\x8c", bitmap_920 },  // 完
    { "\xe5\xae\x8f", bitmap_921 },  // 宏
    { "\xe5\xae\x97", bitmap_922 },  // 宗
    { "\xe5\xae\x98", bitmap_923 },  // 官
    { "\xe5\xae\x99", bitmap_924 },  // 宙
    { "\xe5\xae\x9a", bitmap_925 },  // 定
    { "\xe5\xae\x9b", bitmap_926 },  // 宛
    { "\xe5\xae\x9c", bitmap_927 },  // 宜
    { "\xe5\xae\x9d", bitmap_928 },  // 宝
    { "\xe5\xae\x9e", bitmap_929 },  // 实
    { "\xe5\xae\xa0", bitmap_930 },  // 宠
    { "\xe5\xae\xa1", bitmap_931 },  // 审
    { "\xe5\xae\xa2", bitmap_932 },  // 客
    { "\xe5\xae\xa3", bitmap_933 },  // 宣
    { "\xe5\xae\xa4", bitmap_934 },  // 室
    { "\xe5\xae\xa6", bitmap_935 },  // 宦
    { "\xe5\xae\xaa", bitmap_936 },  // 宪
    { "\xe5\xae\xab", bitmap_937 },  // 宫
    { "\xe5\xae\xb0", bitmap_938 },  // 宰
    { "\xe5\xae\xb3", bitmap_939 },  // 害
    { "\xe5\xae\xb4", bitmap_940 },  // 宴
    { "\xe5\xae\xb5", bitmap_941 },  // 宵
    { "\xe5\xae\xb6", bitmap_942 },  // 家
    { "\xe5\xae\xb9", bitmap_943 },  // 容
    { "\xe5\xae\xbd", bitmap_944 },  // 宽
    { "\xe5\xae\xbe", bitmap_945 },  // 宾
    { "\xe5\xae\xbf", bitmap_946 },  // 宿
    { "\xe5\xaf\x82", bitmap_947 },  // 寂
    { "\xe5\xaf\x84", bitmap_948 },  // 寄
    { "\xe5\xaf\x85", bitmap_949 },  // 寅
    { "\xe5\xaf\x86", bitmap_950 },  // 密
    { "\xe5\xaf\x87", bitmap_951 },  // 寇
    { "\xe5\xaf\x8c", bitmap_952 },  // 富
    { "\xe5\xaf\x92", bitmap_953 },  // 寒
    { "\xe5\xaf\x93", bitmap_954 },  // 寓
    { "\xe5\xaf\x9d", bitmap_955 },  // 寝
    { "\xe5\xaf\x9e", bitmap_956 },  // 寞
    { "\xe5\xaf\x9f", bitmap_957 },  // 察
    { "\xe5\xaf\xa1", bitmap_958 },  // 寡
    { "\xe5\xaf\xa5", bitmap_959 },  // 寥
    { "\xe5\xaf\xa8", bitmap_960 },  // 寨
    { "\xe5\xaf\xb8", bitmap_961 },  // 寸
    { "\xe5\xaf\xb9", bitmap_962 },  // 对
    { "\xe5\xaf\xba", bitmap_963 },  // 寺
    { "\xe5\xaf\xbb", bitmap_964 },  // 寻
    { "\xe5\xaf\xbc", bitmap_965 },  // 导
    { "\xe5\xaf\xbf", bitmap_966 },  // 寿
    { "\xe5\xb0\x81", bitmap_967 },  // 封
    { "\xe5\xb0\x84", bitmap_968 },  // 射
    { "\xe5\xb0\x86", bitmap_969 },  // 将
    { "\xe5\xb0\x89", bitmap_970 },  // 尉
    { "\xe5\xb0\x8a", bitmap_971 },  // 尊
    { "\xe5\xb0\x8f", bitmap_972 },  // 小
    { "\xe5\xb0\x91", bitmap_973 },  // 少
    { "\xe5\xb0\x94", bitmap_974 },  // 尔
    { "\xe5\xb0\x96", bitmap_975 },  // 尖
    { "\xe5\xb0\x98", bitmap_976 },  // 尘
    { "\xe5\xb0\x9a", bitmap_977 },  // 尚
    { "\xe5\xb0\x9d", bitmap_978 },  // 尝
    { "\xe5\xb0\xa4", bitmap_979 },  // 尤
    { "\xe5\xb0\xa7", bitmap_980 },  // 尧
    { "\xe5\xb0\xac", bitmap_981 },  // 尬
    { "\xe5\xb0\xb1", bitmap_982 },  // 就
    { "\xe5\xb0\xb4", bitmap_983 },  // 尴
    { "\xe5\xb0\xb8", bitmap_984 },  // 尸
    { "\xe5\xb0\xba", bitmap_985 },  // 尺
    { "\xe5\xb0\xbc", bitmap_986 },  // 尼
    { "\xe5\xb0\xbd", bitmap_987 },  // 尽
    { "\xe5\xb0\xbe", bitmap_988 },  // 尾
    { "\xe5\xb0\xbf", bitmap_989 },  // 尿
    { "\xe5\xb1\x80", bitmap_990 },  // 局
    { "\xe5\xb1\x81", bitmap_991 },  // 屁
    { "\xe5\xb1\x82", bitmap_992 },  // 层
    { "\xe5\xb1\x85", bitmap_993 },  // 居
    { "\xe5\xb1\x88", bitmap_994 },  // 屈
    { "\xe5\xb1\x89", bitmap_995 },  // 屉
    { "\xe5\xb1\x8a", bitmap_996 },  // 届
    { "\xe5\xb1\x8b", bitmap_997 },  // 屋
    { "\xe5\xb1\x8e", bitmap_998 },  // 屎
    { "\xe5\xb1\x8f", bitmap_999 },  // 屏
    { "\xe5\xb1\x91", bitmap_1000 },  // 屑
    { "\xe5\xb1\x95", bitmap_1001 },  // 展
    { "\xe5\xb1\x9e", bitmap_1002 },  // 属
    { "\xe5\xb1\xa0", bitmap_1003 },  // 屠
    { "\xe5\xb1\xa1", bitmap_1004 },  // 屡
    { "\xe5\xb1\xa5", bitmap_1005 },  // 履
    { "\xe5\xb1\xaf", bitmap_1006 },  // 屯
    { "\xe5\xb1\xb1", bitmap_1007 },  // 山
    { "\xe5\xb1\xb9", bitmap_1008 },  // 屹
    { "\xe5\xb1\xbf", bitmap_1009 },  // 屿
    { "\xe5\xb2\x81", bitmap_1010 },  // 岁
    { "\xe5\xb2\x82", bitmap_1011 },  // 岂
    { "\xe5\xb2\x94", bitmap_1012 },  // 岔
    { "\xe5\xb2\x96", bitmap_1013 },  // 岖
    { "\xe5\xb2\x97", bitmap_1014 },  // 岗
    { "\xe5\xb2\x9b", bitmap_1015 },  // 岛
    { "\xe5\xb2\xa9", bitmap_1016 },  // 岩
    { "\xe5\xb2\xad", bitmap_1017 },  // 岭
    { "\xe5\xb2\xb3", bitmap_1018 },  // 岳
    { "\xe5\xb2\xb8", bitmap_1019 },  // 岸
    { "\xe5\xb3\xa1", bitmap_1020 },  // 峡
    { "\xe5\xb3\xa6", bitmap_1021 },  // 峦
    { "\xe5\xb3\xa8", bitmap_1022 },  // 峨
    { "\xe5\xb3\xad", bitmap_1023 },  // 峭
    { "\xe5\xb3\xb0", bitmap_1024 },  // 峰
    { "\xe5\xb3\xbb", bitmap_1025 },  // 峻
    { "\xe5\xb4\x87", bitmap_1026 },  // 崇
    { "\xe5\xb4\x8e", bitmap_1027 },  // 崎
    { "\xe5\xb4\x94", bitmap_1028 },  // 崔
    { "\xe5\xb4\x96", bitmap_1029 },  // 崖
    { "\xe5\xb4\x9b", bitmap_1030 },  // 崛
    { "\xe5\xb4\xa9", bitmap_1031 },  // 崩
    { "\xe5\xb4\xad", bitmap_1032 },  // 崭
    { "\xe5\xb5\x8c", bitmap_1033 },  // 嵌
    { "\xe5\xb7\x85", bitmap_1034 },  // 巅
    { "\xe5\xb7\x8d", bitmap_1035 },  // 巍
    { "\xe5\xb7\x9d", bitmap_1036 },  // 川
    { "\xe5\xb7\x9e", bitmap_1037 },  // 州
    { "\xe5\xb7\xa1", bitmap_1038 },  // 巡
    { "\xe5\xb7\xa2", bitmap_1039 },  // 巢
    { "\xe5\xb7\xa5", bitmap_1040 },  // 工
    { "\xe5\xb7\xa6", bitmap_1041 },  // 左
    { "\xe5\xb7\xa7", bitmap_1042 },  // 巧
    { "\xe5\xb7\xa8", bitmap_1043 },  // 巨
    { "\xe5\xb7\xa9", bitmap_1044 },  // 巩
    { "\xe5\xb7\xab", bitmap_1045 },  // 巫
    { "\xe5\xb7\xae", bitmap_1046 },  // 差
    { "\xe5\xb7\xb1", bitmap_1047 },  // 己
    { "\xe5\xb7\xb2", bitmap_1048 },  // 已
    { "\xe5\xb7\xb3", bitmap_1049 },  // 巳
    { "\xe5\xb7\xb4", bitmap_1050 },  // 巴
    { "\xe5\xb7\xb7", bitmap_1051 },  // 巷
    { "\xe5\xb7\xbe", bitmap_1052 },  // 巾
    { "\xe5\xb8\x81", bitmap_1053 },  // 币
    { "\xe5\xb8\x82", bitmap_1054 },  // 市
    { "\xe5\xb8\x83", bitmap_1055 },  // 布
    { "\xe5\xb8\x85", bitmap_1056 },  // 帅
    { "\xe5\xb8\x86", bitmap_1057 },  // 帆
    { "\xe5\xb8\x88", bitmap_1058 },  // 师
    { "\xe5\xb8\x8c", bitmap_1059 },  // 希
    { "\xe5\xb8\x90", bitmap_1060 },  // 帐
    { "\xe5\xb8\x95", bitmap_1061 },  // 帕
    { "\xe5\xb8\x96", bitmap_1062 },  // 帖
    { "\xe5\xb8\x98", bitmap_1063 },  // 帘
    { "\xe5\xb8\x9a", bitmap_1064 },  // 帚
    { "\xe5\xb8\x9c", bitmap_1065 },  // 帜
    { "\xe5\xb8\x9d", bitmap_1066 },  // 帝
    { "\xe5\xb8\xa6", bitmap_1067 },  // 带
    { "\xe5\xb8\xad", bitmap_1068 },  // 席
    { "\xe5\xb8\xae", bitmap_1069 },  // 帮
    { "\xe5\xb8\xb7", bitmap_1070 },  // 帷
    { "\xe5\xb8\xb8", bitmap_1071 },  // 常
    { "\xe5\xb8\xbd", bitmap_1072 },  // 帽
    { "\xe5\xb9\x85", bitmap_1073 },  // 幅
    { "\xe5\xb9\x8c", bitmap_1074 },  // 幌
    { "\xe5\xb9\x95", bitmap_1075 },  // 幕
    { "\xe5\xb9\xa2", bitmap_1076 },  // 幢
    { "\xe5\xb9\xb2", bitmap_1077 },  // 干
    { "\xe5\xb9\xb3", bitmap_1078 },  // 平
    { "\xe5\xb9\xb4", bitmap_1079 },  // 年
    { "\xe5\xb9\xb6", bitmap_1080 },  // 并
    { "\xe5\xb9\xb8", bitmap_1081 },  // 幸
    { "\xe5\xb9\xbb", bitmap_1082 },  // 幻
    { "\xe5\xb9\xbc", bitmap_1083 },  // 幼
    { "\xe5\xb9\xbd", bitmap_1084 },  // 幽
    { "\xe5\xb9\xbf", bitmap_1085 },  // 广
    { "\xe5\xba\x84", bitmap_1086 },  // 庄
    { "\xe5\xba\x86", bitmap_1087 },  // 庆
    { "\xe5\xba\x87", bitmap_1088 },  // 庇
    { "\xe5\xba\x8a", bitmap_1089 },  // 床
    { "\xe5\xba\x8f", bitmap_1090 },  // 序
    { "\xe5\xba\x90", bitmap_1091 },  // 庐
    { "\xe5\xba\x93", bitmap_1092 },  // 库
    { "\xe5\xba\x94", bitmap_1093 },  // 应
    { "\xe5\xba\x95", bitmap_1094 },  // 底
    { "\xe5\xba\x97", bitmap_1095 },  // 店
    { "\xe5\xba\x99", bitmap_1096 },  // 庙
    { "\xe5\xba\x9a", bitmap_1097 },  // 庚
    { "\xe5\xba\x9c", bitmap_1098 },  // 府
    { "\xe5\xba\x9e", bitmap_1099 },  // 庞
    { "\xe5\xba\x9f", bitmap_1100 },  // 废
    { "\xe5\xba\xa6", bitmap_1101 },  // 度
    { "\xe5\xba\xa7", bitmap_1102 },  // 座
    { "\xe5\xba\xad", bitmap_1103 },  // 庭
    { "\xe5\xba\xb5", bitmap_1104 },  // 庵
    { "\xe5\xba\xb6", bitmap_1105 },  // 庶
    { "\xe5\xba\xb7", bitmap_1106 },  // 康
    { "\xe5\xba\xb8", bitmap_1107 },  // 庸
    { "\xe5\xbb\x89", bitmap_1108 },  // 廉
    { "\xe5\xbb\x8a", bitmap_1109 },  // 廊
    { "\xe5\xbb\x93", bitmap_1110 },  // 廓
    { "\xe5\xbb\xb6", bitmap_1111 },  // 延
    { "\xe5\xbb\xb7", bitmap_1112 },  // 廷
    { "\xe5\xbb\xba", bitmap_1113 },  // 建
    { "\xe5\xbc\x80", bitmap_1114 },  // 开
    { "\xe5\xbc\x82", bitmap_1115 },  // 异
    { "\xe5\xbc\x83", bitmap_1116 },  // 弃
    { "\xe5\xbc\x84", bitmap_1117 },  // 弄
    { "\xe5\xbc\x8a", bitmap_1118 },  // 弊
    { "\xe5\xbc\x8f", bitmap_1119 },  // 式
    { "\xe5\xbc\x93", bitmap_1120 },  // 弓
    { "\xe5\xbc\x95", bitmap_1121 },  // 引
    { "\xe5\xbc\x97", bitmap_1122 },  // 弗
    { "\xe5\xbc\x98", bitmap_1123 },  // 弘
    { "\xe5\xbc\x9b", bitmap_1124 },  // 弛
    { "\xe5\xbc\x9f", bitmap_1125 },  // 弟
    { "\xe5\xbc\xa0", bitmap_1126 },  // 张
    { "\xe5\xbc\xa5", bitmap_1127 },  // 弥
    { "\xe5\xbc\xa6", bitmap_1128 },  // 弦
    { "\xe5\xbc\xa7", bitmap_1129 },  // 弧
    { "\xe5\xbc\xaf", bitmap_1130 },  // 弯
    { "\xe5\xbc\xb1", bitmap_1131 },  // 弱
    { "\xe5\xbc\xb9", bitmap_1132 },  // 弹
    { "\xe5\xbc\xba", bitmap_1133 },  // 强
    { "\xe5\xbd\x92", bitmap_1134 },  // 归
    { "\xe5\xbd\x93", bitmap_1135 },  // 当
    { "\xe5\xbd\x95", bitmap_1136 },  // 录
    { "\xe5\xbd\xa2", bitmap_1137 },  // 形
    { "\xe5\xbd\xa4", bitmap_1138 },  // 彤
    { "\xe5\xbd\xa9", bitmap_1139 },  // 彩
    { "\xe5\xbd\xaa", bitmap_1140 },  // 彪
    { "\xe5\xbd\xac", bitmap_1141 },  // 彬
    { "\xe5\xbd\xad", bitmap_1142 },  // 彭
    { "\xe5\xbd\xb0", bitmap_1143 },  // 彰
    { "\xe5\xbd\xb1", bitmap_1144 },  // 影
    { "\xe5\xbd\xb9", bitmap_1145 },  // 役
    { "\xe5\xbd\xbb", bitmap_1146 },  // 彻
    { "\xe5\xbd\xbc", bitmap_1147 },  // 彼
    { "\xe5\xbe\x80", bitmap_1148 },  // 往
    { "\xe5\xbe\x81", bitmap_1149 },  // 征
    { "\xe5\xbe\x84", bitmap_1150 },  // 径
    { "\xe5\xbe\x85", bitmap_1151 },  // 待
    { "\xe5\xbe\x88", bitmap_1152 },  // 很
    { "\xe5\xbe\x8a", bitmap_1153 },  // 徊
    { "\xe5\xbe\x8b", bitmap_1154 },  // 律
    { "\xe5\xbe\x90", bitmap_1155 },  // 徐
    { "\xe5\xbe\x92", bitmap_1156 },  // 徒
    { "\xe5\xbe\x97", bitmap_1157 },  // 得
    { "\xe5\xbe\x98", bitmap_1158 },  // 徘
    { "\xe5\xbe\x99", bitmap_1159 },  // 徙
    { "\xe5\xbe\xa1", bitmap_1160 },  // 御
    { "\xe5\xbe\xaa", bitmap_1161 },  // 循
    { "\xe5\xbe\xae", bitmap_1162 },  // 微
    { "\xe5\xbe\xb7", bitmap_1163 },  // 德
    { "\xe5\xbe\xbd", bitmap_1164 },  // 徽
    { "\xe5\xbf\x83", bitmap_1165 },  // 心
    { "\xe5\xbf\x85", bitmap_1166 },  // 必
    { "\xe5\xbf\x86", bitmap_1167 },  // 忆
    { "\xe5\xbf\x8c", bitmap_1168 },  // 忌
    { "\xe5\xbf\x8d", bitmap_1169 },  // 忍
    { "\xe5\xbf\x97", bitmap_1170 },  // 志
    { "\xe5\xbf\x98", bitmap_1171 },  // 忘
    { "\xe5\xbf\x99", bitmap_1172 },  // 忙
    { "\xe5\xbf\xa0", bitmap_1173 },  // 忠
    { "\xe5\xbf\xa7", bitmap_1174 },  // 忧
    { "\xe5\xbf\xab", bitmap_1175 },  // 快
    { "\xe5\xbf\xb1", bitmap_1176 },  // 忱
    { "\xe5\xbf\xb5", bitmap_1177 },  // 念
    { "\xe5\xbf\xbd", bitmap_1178 },  // 忽
    { "\xe5\xbf\xbf", bitmap_1179 },  // 忿
    { "\xe6\x80\x80", bitmap_1180 },  // 怀
    { "\xe6\x80\x81", bitmap_1181 },  // 态
    { "\xe6\x80\x8e", bitmap_1182 },  // 怎
    { "\xe6\x80\x92", bitmap_1183 },  // 怒
    { "\xe6\x80\x94", bitmap_1184 },  // 怔
    { "\xe6\x80\x95", bitmap_1185 },  // 怕
    { "\xe6\x80\x96", bitmap_1186 },  // 怖
    { "\xe6\x80\x9c", bitmap_1187 },  // 怜
    { "\xe6\x80\x9d", bitmap_1188 },  // 思
    { "\xe6\x80\xa0", bitmap_1189 },  // 怠
    { "\xe6\x80\xa1", bitmap_1190 },  // 怡
    { "\xe6\x80\xa5", bitmap_1191 },  // 急
    { "\xe6\x80\xa7", bitmap_1192 },  // 性
    { "\xe6\x80\xa8", bitmap_1193 },  // 怨
    { "\xe6\x80\xaa", bitmap_1194 },  // 怪
    { "\xe6\x80\xaf", bitmap_1195 },  // 怯
    { "\xe6\x80\xbb", bitmap_1196 },  // 总
    { "\xe6\x81\x83", bitmap_1197 },  // 恃
    { "\xe6\x81\x8b", bitmap_1198 },  // 恋
    { "\xe6\x81\x8d", bitmap_1199 },  // 恍
    { "\xe6\x81\x90", bitmap_1200 },  // 恐
    { "\xe6\x81\x92", bitmap_1201 },  // 恒
    { "\xe6\x81\x95", bitmap_1202 },  // 恕
    { "\xe6\x81\xa2", bitmap_1203 },  // 恢
    { "\xe6\x81\xa4", bitmap_1204 },  // 恤
    { "\xe6\x81\xa8", bitmap_1205 },  // 恨
    { "\xe6\x81\xa9", bitmap_1206 },  // 恩
    { "\xe6\x81\xac", bitmap_1207 },  // 恬
    { "\xe6\x81\xad", bitmap_1208 },  // 恭
    { "\xe6\x81\xaf", bitmap_1209 },  // 息
    { "\xe6\x81\xb0", bitmap_1210 },  // 恰
    { "\xe6\x81\xb3", bitmap_1211 },  // 恳
    { "\xe6\x81\xb6", bitmap_1212 },  // 恶
    { "\xe6\x81\xbc", bitmap_1213 },  // 恼
    { "\xe6\x82\x84", bitmap_1214 },  // 悄
    { "\xe6\x82\x89", bitmap_1215 },  // 悉
    { "\xe6\x82\x8d", bitmap_1216 },  // 悍
    { "\xe6\x82\x94", bitmap_1217 },  // 悔
    { "\xe6\x82\x96", bitmap_1218 },  // 悖
    { "\xe6\x82\x9f", bitmap_1219 },  // 悟
    { "\xe6\x82\xa0", bitmap_1220 },  // 悠
    { "\xe6\x82\xa3", bitmap_1221 },  // 患
    { "\xe6\x82\xa6", bitmap_1222 },  // 悦
    { "\xe6\x82\xa8", bitmap_1223 },  // 您
    { "\xe6\x82\xac", bitmap_1224 },  // 悬
    { "\xe6\x82\xaf", bitmap_1225 },  // 悯
    { "\xe6\x82\xb2", bitmap_1226 },  // 悲
    { "\xe6\x82\xb4", bitmap_1227 },  // 悴
    { "\xe6\x82\xbc", bitmap_1228 },  // 悼
    { "\xe6\x83\x85", bitmap_1229 },  // 情
    { "\xe6\x83\x8a", bitmap_1230 },  // 惊
    { "\xe6\x83\x8b", bitmap_1231 },  // 惋
    { "\xe6\x83\x91", bitmap_1232 },  // 惑
    { "\xe6\x83\x95", bitmap_1233 },  // 惕
    { "\xe6\x83\x9c", bitmap_1234 },  // 惜
    { "\xe6\x83\x9f", bitmap_1235 },  // 惟
    { "\xe6\x83\xa0", bitmap_1236 },  // 惠
    { "\xe6\x83\xa6", bitmap_1237 },  // 惦
    { "\xe6\x83\xa7", bitmap_1238 },  // 惧
    { "\xe6\x83\xa8", bitmap_1239 },  // 惨
    { "\xe6\x83\xa9", bitmap_1240 },  // 惩
    { "\xe6\x83\xab", bitmap_1241 },  // 惫
    { "\xe6\x83\xad", bitmap_1242 },  // 惭
    { "\xe6\x83\xaf", bitmap_1243 },  // 惯
    { "\xe6\x83\xb0", bitmap_1244 },  // 惰
    { "\xe6\x83\xb3", bitmap_1245 },  // 想
    { "\xe6\x83\xb6", bitmap_1246 },  // 惶
    { "\xe6\x83\xb9", bitmap_1247 },  // 惹
    { "\xe6\x84\x81", bitmap_1248 },  // 愁
    { "\xe6\x84\x88", bitmap_1249 },  // 愈
    { "\xe6\x84\x89", bitmap_1250 },  // 愉
    { "\xe6\x84\x8f", bitmap_1251 },  // 意
    { "\xe6\x84\x95", bitmap_1252 },  // 愕
    { "\xe6\x84\x9a", bitmap_1253 },  // 愚
    { "\xe6\x84\x9f", bitmap_1254 },  // 感
    { "\xe6\x84\xa3", bitmap_1255 },  // 愣
    { "\xe6\x84\xa4", bitmap_1256 },  // 愤
    { "\xe6\x84\xa7", bitmap_1257 },  // 愧
    { "\xe6\x84\xbf", bitmap_1258 },  // 愿
    { "\xe6\x85\x88", bitmap_1259 },  // 慈
    { "\xe6\x85\x8c", bitmap_1260 },  // 慌
    { "\xe6\x85\x8e", bitmap_1261 },  // 慎
    { "\xe6\x85\x95", bitmap_1262 },  // 慕
    { "\xe6\x85\xa2", bitmap_1263 },  // 慢
    { "\xe6\x85\xa7", bitmap_1264 },  // 慧
    { "\xe6\x85\xa8", bitmap_1265 },  // 慨
    { "\xe6\x85\xb0", bitmap_1266 },  // 慰
    { "\xe6\x85\xb7", bitmap_1267 },  // 慷
    { "\xe6\x86\x8b", bitmap_1268 },  // 憋
    { "\xe6\x86\x8e", bitmap_1269 },  // 憎
    { "\xe6\x86\x94", bitmap_1270 },  // 憔
    { "\xe6\x86\xa8", bitmap_1271 },  // 憨
    { "\xe6\x86\xbe", bitmap_1272 },  // 憾
    { "\xe6\x87\x82", bitmap_1273 },  // 懂
    { "\xe6\x87\x88", bitmap_1274 },  // 懈
    { "\xe6\x87\x8a", bitmap_1275 },  // 懊
    { "\xe6\x87\x92", bitmap_1276 },  // 懒
    { "\xe6\x87\xa6", bitmap_1277 },  // 懦
    { "\xe6\x88\x88", bitmap_1278 },  // 戈
    { "\xe6\x88\x8a", bitmap_1279 },  // 戊
    { "\xe6\x88\x8c", bitmap_1280 },  // 戌
    { "\xe6\x88\x8e", bitmap_1281 },  // 戎
    { "\xe6\x88\x8f", bitmap_1282 },  // 戏
    { "\xe6\x88\x90", bitmap_1283 },  // 成
    { "\xe6\x88\x91", bitmap_1284 },  // 我
    { "\xe6\x88\x92", bitmap_1285 },  // 戒
    { "\xe6\x88\x96", bitmap_1286 },  // 或
    { "\xe6\x88\x98", bitmap_1287 },  // 战
    { "\xe6\x88\x9a", bitmap_1288 },  // 戚
    { "\xe6\x88\xaa", bitmap_1289 },  // 截
    { "\xe6\x88\xb3", bitmap_1290 },  // 戳
    { "\xe6\x88\xb4", bitmap_1291 },  // 戴
    { "\xe6\x88\xb7", bitmap_1292 },  // 户
    { "\xe6\x88\xbf", bitmap_1293 },  // 房
    { "\xe6\x89\x80", bitmap_1294 },  // 所
    { "\xe6\x89\x81", bitmap_1295 },  // 扁
    { "\xe6\x89\x87", bitmap_1296 },  // 扇
    { "\xe6\x89\x8b", bitmap_1297 },  // 手
    { "\xe6\x89\x8d", bitmap_1298 },  // 才
    { "\xe6\x89\x8e", bitmap_1299 },  // 扎
    { "\xe6\x89\x91", bitmap_1300 },  // 扑
    { "\xe6\x89\x92", bitmap_1301 },  // 扒
    { "\xe6\x89\x93", bitmap_1302 },  // 打
    { "\xe6\x89\x94", bitmap_1303 },  // 扔
    { "\xe6\x89\x98", bitmap_1304 },  // 托
    { "\xe6\x89\x9b", bitmap_1305 },  // 扛
    { "\xe6\x89\xa3", bitmap_1306 },  // 扣
    { "\xe6\x89\xa7", bitmap_1307 },  // 执
    { "\xe6\x89\xa9", bitmap_1308 },  // 扩
    { "\xe6\x89\xab", bitmap_1309 },  // 扫
    { "\xe6\x89\xac", bitmap_1310 },  // 扬
    { "\xe6\x89\xad", bitmap_1311 },  // 扭
    { "\xe6\x89\xae", bitmap_1312 },  // 扮
    { "\xe6\x89\xaf", bitmap_1313 },  // 扯
    { "\xe6\x89\xb0", bitmap_1314 },  // 扰
    { "\xe6\x89\xb3", bitmap_1315 },  // 扳
    { "\xe6\x89\xb6", bitmap_1316 },  // 扶
    { "\xe6\x89\xb9", bitmap_1317 },  // 批
    { "\xe6\x89\xbc", bitmap_1318 },  // 扼
    { "\xe6\x89\xbe", bitmap_1319 },  // 找
    { "\xe6\x89\xbf", bitmap_1320 },  // 承
    { "\xe6\x8a\x80", bitmap_1321 },  // 技
    { "\xe6\x8a\x84", bitmap_1322 },  // 抄
    { "\xe6\x8a\x8a", bitmap_1323 },  // 把
    { "\xe6\x8a\x91", bitmap_1324 },  // 抑
    { "\xe6\x8a\x92", bitmap_1325 },  // 抒
    { "\xe6\x8a\x93", bitmap_1326 },  // 抓
    { "\xe6\x8a\x95", bitmap_1327 },  // 投
    { "\xe6\x8a\x96", bitmap_1328 },  // 抖
    { "\xe6\x8a\x97", bitmap_1329 },  // 抗
    { "\xe6\x8a\x98", bitmap_1330 },  // 折
    { "\xe6\x8a\x9a", bitmap_1331 },  // 抚
    { "\xe6\x8a\x9b", bitmap_1332 },  // 抛
    { "\xe6\x8a\xa0", bitmap_1333 },  // 抠
    { "\xe6\x8a\xa1", bitmap_1334 },  // 抡
    { "\xe6\x8a\xa2", bitmap_1335 },  // 抢
    { "\xe6\x8a\xa4", bitmap_1336 },  // 护
    { "\xe6\x8a\xa5", bitmap_1337 },  // 报
    { "\xe6\x8a\xab", bitmap_1338 },  // 披
    { "\xe6\x8a\xac", bitmap_1339 },  // 抬
    { "\xe6\x8a\xb1", bitmap_1340 },  // 抱
    { "\xe6\x8a\xb5", bitmap_1341 },  // 抵
    { "\xe6\x8a\xb9", bitmap_1342 },  // 抹
    { "\xe6\x8a\xbc", bitmap_1343 },  // 押
    { "\xe6\x8a\xbd", bitmap_1344 },  // 抽
    { "\xe6\x8b\x82", bitmap_1345 },  // 拂
    { "\xe6\x8b\x84", bitmap_1346 },  // 拄
    { "\xe6\x8b\x85", bitmap_1347 },  // 担
    { "\xe6\x8b\x86", bitmap_1348 },  // 拆
    { "\xe6\x8b\x87", bitmap_1349 },  // 拇
    { "\xe6\x8b\x89", bitmap_1350 },  // 拉
    { "\xe6\x8b\x8c", bitmap_1351 },  // 拌
    { "\xe6\x8b\x8d", bitmap_1352 },  // 拍
    { "\xe6\x8b\x8e", bitmap_1353 },  // 拎
    { "\xe6\x8b\x90", bitmap_1354 },  // 拐
    { "\xe6\x8b\x92", bitmap_1355 },  // 拒
    { "\xe6\x8b\x93", bitmap_1356 },  // 拓
    { "\xe6\x8b\x94", bitmap_1357 },  // 拔
    { "\xe6\x8b\x96", bitmap_1358 },  // 拖
    { "\xe6\x8b\x97", bitmap_1359 },  // 拗
    { "\xe6\x8b\x98", bitmap_1360 },  // 拘
    { "\xe6\x8b\x99", bitmap_1361 },  // 拙
    { "\xe6\x8b\x9b", bitmap_1362 },  // 招
    { "\xe6\x8b\x9c", bitmap_1363 },  // 拜
    { "\xe6\x8b\x9f", bitmap_1364 },  // 拟
    { "\xe6\x8b\xa2", bitmap_1365 },  // 拢
    { "\xe6\x8b\xa3", bitmap_1366 },  // 拣
    { "\xe6\x8b\xa5", bitmap_1367 },  // 拥
    { "\xe6\x8b\xa6", bitmap_1368 },  // 拦
    { "\xe6\x8b\xa7", bitmap_1369 },  // 拧
    { "\xe6\x8b\xa8", bitmap_1370 },  // 拨
    { "\xe6\x8b\xa9", bitmap_1371 },  // 择
    { "\xe6\x8b\xac", bitmap_1372 },  // 括
    { "\xe6\x8b\xad", bitmap_1373 },  // 拭
    { "\xe6\x8b\xaf", bitmap_1374 },  // 拯
    { "\xe6\x8b\xb1", bitmap_1375 },  // 拱
    { "\xe6\x8b\xb3", bitmap_1376 },  // 拳
    { "\xe6\x8b\xb4", bitmap_1377 },  // 拴
    { "\xe6\x8b\xb7", bitmap_1378 },  // 拷
    { "\xe6\x8b\xbc", bitmap_1379 },  // 拼
    { "\xe6\x8b\xbd", bitmap_1380 },  // 拽
    { "\xe6\x8b\xbe", bitmap_1381 },  // 拾
    { "\xe6\x8b\xbf", bitmap_1382 },  // 拿
    { "\xe6\x8c\x81", bitmap_1383 },  // 持
    { "\xe6\x8c\x82", bitmap_1384 },  // 挂
    { "\xe6\x8c\x87", bitmap_1385 },  // 指
    { "\xe6\x8c\x89", bitmap_1386 },  // 按
    { "\xe6\x8c\x8e", bitmap_1387 },  // 挎
    { "\xe6\x8c\x91", bitmap_1388 },  // 挑
    { "\xe6\x8c\x96", bitmap_1389 },  // 挖
    { "\xe6\x8c\x9a", bitmap_1390 },  // 挚
    { "\xe6\x8c\x9f", bitmap_1391 },  // 挟
    { "\xe6\x8c\xa0", bitmap_1392 },  // 挠
    { "\xe6\x8c\xa1", bitmap_1393 },  // 挡
    { "\xe6\x8c\xa3", bitmap_1394 },  // 挣
    { "\xe6\x8c\xa4", bitmap_1395 },  // 挤
    { "\xe6\x8c\xa5", bitmap_1396 },  // 挥
    { "\xe6\x8c\xa8", bitmap_1397 },  // 挨
    { "\xe6\x8c\xaa", bitmap_1398 },  // 挪
    { "\xe6\x8c\xab", bitmap_1399 },  // 挫
    { "\xe6\x8c\xaf", bitmap_1400 },  // 振
    { "\xe6\x8c\xba", bitmap_1401 },  // 挺
    { "\xe6\x8c\xbd", bitmap_1402 },  // 挽
    { "\xe6\x8d\x82", bitmap_1403 },  // 捂
    { "\xe6\x8d\x85", bitmap_1404 },  // 捅
    { "\xe6\x8d\x86", bitmap_1405 },  // 捆
    { "\xe6\x8d\x89", bitmap_1406 },  // 捉
    { "\xe6\x8d\x8c", bitmap_1407 },  // 捌
    { "\xe6\x8d\x8d", bitmap_1408 },  // 捍
    { "\xe6\x8d\x8e", bitmap_1409 },  // 捎
    { "\xe6\x8d\x8f", bitmap_1410 },  // 捏
    { "\xe6\x8d\x90", bitmap_1411 },  // 捐
    { "\xe6\x8d\x95", bitmap_1412 },  // 捕
    { "\xe6\x8d\x9e", bitmap_1413 },  // 捞
    { "\xe6\x8d\x9f", bitmap_1414 },  // 损
    { "\xe6\x8d\xa1", bitmap_1415 },  // 捡
    { "\xe6\x8d\xa2", bitmap_1416 },  // 换
    { "\xe6\x8d\xa3", bitmap_1417 },  // 捣
    { "\xe6\x8d\xa7", bitmap_1418 },  // 捧
    { "\xe6\x8d\xae", bitmap_1419 },  // 据
    { "\xe6\x8d\xb6", bitmap_1420 },  // 捶
    { "\xe6\x8d\xb7", bitmap_1421 },  // 捷
    { "\xe6\x8d\xba", bitmap_1422 },  // 捺
    { "\xe6\x8d\xbb", bitmap_1423 },  // 捻
    { "\xe6\x8e\x80", bitmap_1424 },  // 掀
    { "\xe6\x8e\x82", bitmap_1425 },  // 掂
    { "\xe6\x8e\x88", bitmap_1426 },  // 授
    { "\xe6\x8e\x89", bitmap_1427 },  // 掉
    { "\xe6\x8e\x8c", bitmap_1428 },  // 掌
    { "\xe6\x8e\x8f", bitmap_1429 },  // 掏
    { "\xe6\x8e\x90", bitmap_1430 },  // 掐
    { "\xe6\x8e\x92", bitmap_1431 },  // 排
    { "\xe6\x8e\x98", bitmap_1432 },  // 掘
    { "\xe6\x8e\xa0", bitmap_1433 },  // 掠
    { "\xe6\x8e\xa2", bitmap_1434 },  // 探
    { "\xe6\x8e\xa5", bitmap_1435 },  // 接
    { "\xe6\x8e\xa7", bitmap_1436 },  // 控
    { "\xe6\x8e\xa8", bitmap_1437 },  // 推
    { "\xe6\x8e\xa9", bitmap_1438 },  // 掩
    { "\xe6\x8e\xaa", bitmap_1439 },  // 措
    { "\xe6\x8e\xb0", bitmap_1440 },  // 掰
    { "\xe6\x8e\xb7", bitmap_1441 },  // 掷
    { "\xe6\x8e\xba", bitmap_1442 },  // 掺
    { "\xe6\x8f\x89", bitmap_1443 },  // 揉
    { "\xe6\x8f\x8d", bitmap_1444 },  // 揍
    { "\xe6\x8f\x8f", bitmap_1445 },  // 描
    { "\xe6\x8f\x90", bitmap_1446 },  // 提
    { "\xe6\x8f\x92", bitmap_1447 },  // 插
    { "\xe6\x8f\xa1", bitmap_1448 },  // 握
    { "\xe6\x8f\xa3", bitmap_1449 },  // 揣
    { "\xe6\x8f\xa9", bitmap_1450 },  // 揩
    { "\xe6\x8f\xaa", bitmap_1451 },  // 揪
    { "\xe6\x8f\xad", bitmap_1452 },  // 揭
    { "\xe6\x8f\xb4", bitmap_1453 },  // 援
    { "\xe6\x8f\xbd", bitmap_1454 },  // 揽
    { "\xe6\x90\x80", bitmap_1455 },  // 搀
    { "\xe6\x90\x81", bitmap_1456 },  // 搁
    { "\xe6\x90\x82", bitmap_1457 },  // 搂
    { "\xe6\x90\x85", bitmap_1458 },  // 搅
    { "\xe6\x90\x8f", bitmap_1459 },  // 搏
    { "\xe6\x90\x93", bitmap_1460 },  // 搓
    { "\xe6\x90\x94", bitmap_1461 },  // 搔
    { "\xe6\x90\x9c", bitmap_1462 },  // 搜
    { "\xe6\x90\x9e", bitmap_1463 },  // 搞
    { "\xe6\x90\xac", bitmap_1464 },  // 搬
    { "\xe6\x90\xad", bitmap_1465 },  // 搭
    { "\xe6\x90\xba", bitmap_1466 },  // 携
    { "\xe6\x91\x84", bitmap_1467 },  // 摄
    { "\xe6\x91\x86", bitmap_1468 },  // 摆
    { "\xe6\x91\x87", bitmap_1469 },  // 摇
    { "\xe6\x91\x8a", bitmap_1470 },  // 摊
    { "\xe6\x91\x94", bitmap_1471 },  // 摔
    { "\xe6\x91\x98", bitmap_1472 },  // 摘
    { "\xe6\x91\xa7", bitmap_1473 },  // 摧
    { "\xe6\x91\xa9", bitmap_1474 },  // 摩
    { "\xe6\x91\xb8", bitmap_1475 },  // 摸
    { "\xe6\x91\xb9", bitmap_1476 },  // 摹
    { "\xe6\x92\x87", bitmap_1477 },  // 撇
    { "\xe6\x92\x91", bitmap_1478 },  // 撑
    { "\xe6\x92\x92", bitmap_1479 },  // 撒
    { "\xe6\x92\x95", bitmap_1480 },  // 撕
    { "\xe6\x92\x9e", bitmap_1481 },  // 撞
    { "\xe6\x92\xa4", bitmap_1482 },  // 撤
    { "\xe6\x92\xa9", bitmap_1483 },  // 撩
    { "\xe6\x92\xac", bitmap_1484 },  // 撬
    { "\xe6\x92\xad", bitmap_1485 },  // 播
    { "\xe6\x92\xae", bitmap_1486 },  // 撮
    { "\xe6\x92\xb0", bitmap_1487 },  // 撰
    { "\xe6\x92\xb5", bitmap_1488 },  // 撵
    { "\xe6\x92\xbc", bitmap_1489 },  // 撼
    { "\xe6\x93\x82", bitmap_1490 },  // 擂
    { "\xe6\x93\x85", bitmap_1491 },  // 擅
    { "\xe6\x93\x8d", bitmap_1492 },  // 操
    { "\xe6\x93\x8e", bitmap_1493 },  // 擎
    { "\xe6\x93\x92", bitmap_1494 },  // 擒
    { "\xe6\x93\xa6", bitmap_1495 },  // 擦
    { "\xe6\x94\x80", bitmap_1496 },  // 攀
    { "\xe6\x94\xaf", bitmap_1497 },  // 支
    { "\xe6\x94\xb6", bitmap_1498 },  // 收
    { "\xe6\x94\xb9", bitmap_1499 },  // 改
    { "\xe6\x94\xbb", bitmap_1500 },  // 攻
    { "\xe6\x94\xbe", bitmap_1501 },  // 放
    { "\xe6\x94\xbf", bitmap_1502 },  // 政
    { "\xe6\x95\x85", bitmap_1503 },  // 故
    { "\xe6\x95\x88", bitmap_1504 },  // 效
    { "\xe6\x95\x8c", bitmap_1505 },  // 敌
    { "\xe6\x95\x8f", bitmap_1506 },  // 敏
    { "\xe6\x95\x91", bitmap_1507 },  // 救
    { "\xe6\x95\x99", bitmap_1508 },  // 教
    { "\xe6\x95\x9b", bitmap_1509 },  // 敛
    { "\xe6\x95\x9e", bitmap_1510 },  // 敞
    { "\xe6\x95\xa2", bitmap_1511 },  // 敢
    { "\xe6\x95\xa3", bitmap_1512 },  // 散
    { "\xe6\x95\xa6", bitmap_1513 },  // 敦
    { "\xe6\x95\xac", bitmap_1514 },  // 敬
    { "\xe6\x95\xb0", bitmap_1515 },  // 数
    { "\xe6\x95\xb2", bitmap_1516 },  // 敲
    { "\xe6\x95\xb4", bitmap_1517 },  // 整
    { "\xe6\x95\xb7", bitmap_1518 },  // 敷
    { "\xe6\x96\x87", bitmap_1519 },  // 文
    { "\xe6\x96\x8b", bitmap_1520 },  // 斋
    { "\xe6\x96\x8c", bitmap_1521 },  // 斌
    { "\xe6\x96\x91", bitmap_1522 },  // 斑
    { "\xe6\x96\x97", bitmap_1523 },  // 斗
    { "\xe6\x96\x99", bitmap_1524 },  // 料
    { "\xe6\x96\x9c", bitmap_1525 },  // 斜
    { "\xe6\x96\x9f", bitmap_1526 },  // 斟
    { "\xe6\x96\xa4", bitmap_1527 },  // 斤
    { "\xe6\x96\xa5", bitmap_1528 },  // 斥
    { "\xe6\x96\xa7", bitmap_1529 },  // 斧
    { "\xe6\x96\xa9", bitmap_1530 },  // 斩
    { "\xe6\x96\xad", bitmap_1531 },  // 断
    { "\xe6\x96\xaf", bitmap_1532 },  // 斯
    { "\xe6\x96\xb0", bitmap_1533 },  // 新
    { "\xe6\x96\xb9", bitmap_1534 },  // 方
    { "\xe6\x96\xbd", bitmap_1535 },  // 施
    { "\xe6\x97\x81", bitmap_1536 },  // 旁
    { "\xe6\x97\x85", bitmap_1537 },  // 旅
    { "\xe6\x97\x8b", bitmap_1538 },  // 旋
    { "\xe6\x97\x8f", bitmap_1539 },  // 族
    { "\xe6\x97\x97", bitmap_1540 },  // 旗
    { "\xe6\x97\xa0", bitmap_1541 },  // 无
    { "\xe6\x97\xa2", bitmap_1542 },  // 既
    { "\xe6\x97\xa5", bitmap_1543 },  // 日
    { "\xe6\x97\xa6", bitmap_1544 },  // 旦
    { "\xe6\x97\xa7", bitmap_1545 },  // 旧
    { "\xe6\x97\xa8", bitmap_1546 },  // 旨
    { "\xe6\x97\xa9", bitmap_1547 },  // 早
    { "\xe6\x97\xac", bitmap_1548 },  // 旬
    { "\xe6\x97\xad", bitmap_1549 },  // 旭
    { "\xe6\x97\xb1", bitmap_1550 },  // 旱
    { "\xe6\x97\xb6", bitmap_1551 },  // 时
    { "\xe6\x97\xb7", bitmap_1552 },  // 旷
    { "\xe6\x97\xba", bitmap_1553 },  // 旺
    { "\xe6\x98\x82", bitmap_1554 },  // 昂
    { "\xe6\x98\x86", bitmap_1555 },  // 昆
    { "\xe6\x98\x8c", bitmap_1556 },  // 昌
    { "\xe6\x98\x8e", bitmap_1557 },  // 明
    { "\xe6\x98\x8f", bitmap_1558 },  // 昏
    { "\xe6\x98\x93", bitmap_1559 },  // 易
    { "\xe6\x98\x94", bitmap_1560 },  // 昔
    { "\xe6\x98\x9f", bitmap_1561 },  // 星
    { "\xe6\x98\xa0", bitmap_1562 },  // 映
    { "\xe6\x98\xa5", bitmap_1563 },  // 春
    { "\xe6\x98\xa7", bitmap_1564 },  // 昧
    { "\xe6\x98\xa8", bitmap_1565 },  // 昨
    { "\xe6\x98\xad", bitmap_1566 },  // 昭
    { "\xe6\x98\xaf", bitmap_1567 },  // 是
    { "\xe6\x98\xbc", bitmap_1568 },  // 昼
    { "\xe6\x98\xbe", bitmap_1569 },  // 显
    { "\xe6\x99\x83", bitmap_1570 },  // 晃
    { "\xe6\x99\x8b", bitmap_1571 },  // 晋
    { "\xe6\x99\x8c", bitmap_1572 },  // 晌
    { "\xe6\x99\x92", bitmap_1573 },  // 晒
    { "\xe6\x99\x93", bitmap_1574 },  // 晓
    { "\xe6\x99\x95", bitmap_1575 },  // 晕
    { "\xe6\x99\x9a", bitmap_1576 },  // 晚
    { "\xe6\x99\xa6", bitmap_1577 },  // 晦
    { "\xe6\x99\xa8", bitmap_1578 },  // 晨
    { "\xe6\x99\xae", bitmap_1579 },  // 普
    { "\xe6\x99\xaf", bitmap_1580 },  // 景
    { "\xe6\x99\xb0", bitmap_1581 },  // 晰
    { "\xe6\x99\xb4", bitmap_1582 },  // 晴
    { "\xe6\x99\xb6", bitmap_1583 },  // 晶
    { "\xe6\x99\xba", bitmap_1584 },  // 智
    { "\xe6\x99\xbe", bitmap_1585 },  // 晾
    { "\xe6\x9a\x82", bitmap_1586 },  // 暂
    { "\xe6\x9a\x87", bitmap_1587 },  // 暇
    { "\xe6\x9a\x91", bitmap_1588 },  // 暑
    { "\xe6\x9a\x96", bitmap_1589 },  // 暖
    { "\xe6\x9a\x97", bitmap_1590 },  // 暗
    { "\xe6\x9a\xae", bitmap_1591 },  // 暮
    { "\xe6\x9a\xb4", bitmap_1592 },  // 暴
    { "\xe6\x9b\x99", bitmap_1593 },  // 曙
    { "\xe6\x9b\x9d", bitmap_1594 },  // 曝
    { "\xe6\x9b\xb0", bitmap_1595 },  // 曰
    { "\xe6\x9b\xb2", bitmap_1596 },  // 曲
    { "\xe6\x9b\xb4", bitmap_1597 },  // 更
    { "\xe6\x9b\xb9", bitmap_1598 },  // 曹
    { "\xe6\x9b\xbc", bitmap_1599 },  // 曼
    { "\xe6\x9b\xbe", bitmap_1600 },  // 曾
    { "\xe6\x9b\xbf", bitmap_1601 },  // 替
    { "\xe6\x9c\x80", bitmap_1602 },  // 最
    { "\xe6\x9c\x88", bitmap_1603 },  // 月
    { "\xe6\x9c\x89", bitmap_1604 },  // 有
    { "\xe6\x9c\x8b", bitmap_1605 },  // 朋
    { "\xe6\x9c\x8d", bitmap_1606 },  // 服
    { "\xe6\x9c\x97", bitmap_1607 },  // 朗
    { "\xe6\x9c\x9b", bitmap_1608 },  // 望
    { "\xe6\x9c\x9d", bitmap_1609 },  // 朝
    { "\xe6\x9c\x9f", bitmap_1610 },  // 期
    { "\xe6\x9c\xa6", bitmap_1611 },  // 朦
    { "\xe6\x9c\xa8", bitmap_1612 },  // 木
    { "\xe6\x9c\xaa", bitmap_1613 },  // 未
    { "\xe6\x9c\xab", bitmap_1614 },  // 末
    { "\xe6\x9c\xac", bitmap_1615 },  // 本
    { "\xe6\x9c\xaf", bitmap_1616 },  // 术
    { "\xe6\x9c\xb1", bitmap_1617 },  // 朱
    { "\xe6\x9c\xb4", bitmap_1618 },  // 朴
    { "\xe6\x9c\xb5", bitmap_1619 },  // 朵
    { "\xe6\x9c\xba", bitmap_1620 },  // 机
    { "\xe6\x9c\xbd", bitmap_1621 },  // 朽
    { "\xe6\x9d\x80", bitmap_1622 },  // 杀
    { "\xe6\x9d\x82", bitmap_1623 },  // 杂
    { "\xe6\x9d\x83", bitmap_1624 },  // 权
    { "\xe6\x9d\x86", bitmap_1625 },  // 杆
    { "\xe6\x9d\x89", bitmap_1626 },  // 杉
    { "\xe6\x9d\x8e", bitmap_1627 },  // 李
    { "\xe6\x9d\x8f", bitmap_1628 },  // 杏
    { "\xe6\x9d\x90", bitmap_1629 },  // 材
    { "\xe6\x9d\x91", bitmap_1630 },  // 村
    { "\xe6\x9d\x96", bitmap_1631 },  // 杖
    { "\xe6\x9d\x9c", bitmap_1632 },  // 杜
    { "\xe6\x9d\x9f", bitmap_1633 },  // 束
    { "\xe6\x9d\xa0", bitmap_1634 },  // 杠
    { "\xe6\x9d\xa1", bitmap_1635 },  // 条
    { "\xe6\x9d\xa5", bitmap_1636 },  // 来
    { "\xe6\x9d\xa8", bitmap_1637 },  // 杨
    { "\xe6\x9d\xad", bitmap_1638 },  // 杭
    { "\xe6\x9d\xaf", bitmap_1639 },  // 杯
    { "\xe6\x9d\xb0", bitmap_1640 },  // 杰
    { "\xe6\x9d\xbe", bitmap_1641 },  // 松
    { "\xe6\x9d\xbf", bitmap_1642 },  // 板
    { "\xe6\x9e\x81", bitmap_1643 },  // 极
    { "\xe6\x9e\x84", bitmap_1644 },  // 构
    { "\xe6\x9e\x89", bitmap_1645 },  // 枉
    { "\xe6\x9e\x90", bitmap_1646 },  // 析
    { "\xe6\x9e\x95", bitmap_1647 },  // 枕
    { "\xe6\x9e\x97", bitmap_1648 },  // 林
    { "\xe6\x9e\x9a", bitmap_1649 },  // 枚
    { "\xe6\x9e\x9c", bitmap_1650 },  // 果
    { "\xe6\x9e\x9d", bitmap_1651 },  // 枝
    { "\xe6\x9e\xa2", bitmap_1652 },  // 枢
    { "\xe6\x9e\xa3", bitmap_1653 },  // 枣
    { "\xe6\x9e\xaa", bitmap_1654 },  // 枪
    { "\xe6\x9e\xab", bitmap_1655 },  // 枫
    { "\xe6\x9e\xaf", bitmap_1656 },  // 枯
    { "\xe6\x9e\xb6", bitmap_1657 },  // 架
    { "\xe6\x9f\x84", bitmap_1658 },  // 柄
    { "\xe6\x9f\x8f", bitmap_1659 },  // 柏
    { "\xe6\x9f\x90", bitmap_1660 },  // 某
    { "\xe6\x9f\x91", bitmap_1661 },  // 柑
    { "\xe6\x9f\x92", bitmap_1662 },  // 柒
    { "\xe6\x9f\x93", bitmap_1663 },  // 染
    { "\xe6\x9f\x94", bitmap_1664 },  // 柔
    { "\xe6\x9f\x9c", bitmap_1665 },  // 柜
    { "\xe6\x9f\xa0", bitmap_1666 },  // 柠
    { "\xe6\x9f\xa5", bitmap_1667 },  // 查
    { "\xe6\x9f\xac", bitmap_1668 },  // 柬
    { "\xe6\x9f\xb1", bitmap_1669 },  // 柱
    { "\xe6\x9f\xb3", bitmap_1670 },  // 柳
    { "\xe6\x9f\xb4", bitmap_1671 },  // 柴
    { "\xe6\x9f\xbf", bitmap_1672 },  // 柿
    { "\xe6\xa0\x85", bitmap_1673 },  // 栅
    { "\xe6\xa0\x87", bitmap_1674 },  // 标
    { "\xe6\xa0\x88", bitmap_1675 },  // 栈
    { "\xe6\xa0\x8b", bitmap_1676 },  // 栋
    { "\xe6\xa0\x8f", bitmap_1677 },  // 栏
    { "\xe6\xa0\x91", bitmap_1678 },  // 树
    { "\xe6\xa0\x93", bitmap_1679 },  // 栓
    { "\xe6\xa0\x96", bitmap_1680 },  // 栖
    { "\xe6\xa0\x97", bitmap_1681 },  // 栗
    { "\xe6\xa0\xa1", bitmap_1682 },  // 校
    { "\xe6\xa0\xaa", bitmap_1683 },  // 株
    { "\xe6\xa0\xb7", bitmap_1684 },  // 样
    { "\xe6\xa0\xb8", bitmap_1685 },  // 核
    { "\xe6\xa0\xb9", bitmap_1686 },  // 根
    { "\xe6\xa0\xbc", bitmap_1687 },  // 格
    { "\xe6\xa0\xbd", bitmap_1688 },  // 栽
    { "\xe6\xa1\x82", bitmap_1689 },  // 桂
    { "\xe6\xa1\x83", bitmap_1690 },  // 桃
    { "\xe6\xa1\x86", bitmap_1691 },  // 框
    { "\xe6\xa1\x88", bitmap_1692 },  // 案
    { "\xe6\xa1\x8c", bitmap_1693 },  // 桌
    { "\xe6\xa1\x90", bitmap_1694 },  // 桐
    { "\xe6\xa1\x91", bitmap_1695 },  // 桑
    { "\xe6\xa1\x94", bitmap_1696 },  // 桔
    { "\xe6\xa1\xa3", bitmap_1697 },  // 档
    { "\xe6\xa1\xa5", bitmap_1698 },  // 桥
    { "\xe6\xa1\xa6", bitmap_1699 },  // 桦
    { "\xe6\xa1\xa8", bitmap_1700 },  // 桨
    { "\xe6\xa1\xa9", bitmap_1701 },  // 桩
    { "\xe6\xa1\xb6", bitmap_1702 },  // 桶
    { "\xe6\xa2\x81", bitmap_1703 },  // 梁
    { "\xe6\xa2\x85", bitmap_1704 },  // 梅
    { "\xe6\xa2\x86", bitmap_1705 },  // 梆
    { "\xe6\xa2\x97", bitmap_1706 },  // 梗
    { "\xe6\xa2\xa2", bitmap_1707 },  // 梢
    { "\xe6\xa2\xa6", bitmap_1708 },  // 梦
    { "\xe6\xa2\xa7", bitmap_1709 },  // 梧
    { "\xe6\xa2\xa8", bitmap_1710 },  // 梨
    { "\xe6\xa2\xad", bitmap_1711 },  // 梭
    { "\xe6\xa2\xaf", bitmap_1712 },  // 梯
    { "\xe6\xa2\xb0", bitmap_1713 },  // 械
    { "\xe6\xa2\xb3", bitmap_1714 },  // 梳
    { "\xe6\xa3\x80", bitmap_1715 },  // 检
    { "\xe6\xa3\x89", bitmap_1716 },  // 棉
    { "\xe6\xa3\x8b", bitmap_1717 },  // 棋
    { "\xe6\xa3\x8d", bitmap_1718 },  // 棍
    { "\xe6\xa3\x92", bitmap_1719 },  // 棒
    { "\xe6\xa3\x95", bitmap_1720 },  // 棕
    { "\xe6\xa3\x98", bitmap_1721 },  // 棘
    { "\xe6\xa3\x9a", bitmap_1722 },  // 棚
    { "\xe6\xa3\xa0", bitmap_1723 },  // 棠
    { "\xe6\xa3\xae", bitmap_1724 },  // 森
    { "\xe6\xa3\xb1", bitmap_1725 },  // 棱
    { "\xe6\xa3\xb5", bitmap_1726 },  // 棵
    { "\xe6\xa3\xba", bitmap_1727 },  // 棺
    { "\xe6\xa4\x85", bitmap_1728 },  // 椅
    { "\xe6\xa4\x8d", bitmap_1729 },  // 植
    { "\xe6\xa4\x8e", bitmap_1730 },  // 椎
    { "\xe6\xa4\x92", bitmap_1731 },  // 椒
    { "\xe6\xa4\xad", bitmap_1732 },  // 椭
    { "\xe6\xa4\xb0", bitmap_1733 },  // 椰
    { "\xe6\xa4\xbf", bitmap_1734 },  // 椿
    { "\xe6\xa5\x9a", bitmap_1735 },  // 楚
    { "\xe6\xa5\xb7", bitmap_1736 },  // 楷
    { "\xe6\xa5\xbc", bitmap_1737 },  // 楼
    { "\xe6\xa6\x82", bitmap_1738 },  // 概
    { "\xe6\xa6\x84", bitmap_1739 },  // 榄
    { "\xe6\xa6\x86", bitmap_1740 },  // 榆
    { "\xe6\xa6\x94", bitmap_1741 },  // 榔
    { "\xe6\xa6\x95", bitmap_1742 },  // 榕
    { "\xe6\xa6\x9c", bitmap_1743 },  // 榜
    { "\xe6\xa6\xa8", bitmap_1744 },  // 榨
    { "\xe6\xa6\xb4", bitmap_1745 },  // 榴
    { "\xe6\xa7\x90", bitmap_1746 },  // 槐
    { "\xe6\xa7\x9b", bitmap_1747 },  // 槛
    { "\xe6\xa7\xbd", bitmap_1748 },  // 槽
    { "\xe6\xa8\x9f", bitmap_1749 },  // 樟
    { "\xe6\xa8\xa1", bitmap_1750 },  // 模
    { "\xe6\xa8\xaa", bitmap_1751 },  // 横
    { "\xe6\xa8\xb1", bitmap_1752 },  // 樱
    { "\xe6\xa9\x84", bitmap_1753 },  // 橄
    { "\xe6\xa9\x98", bitmap_1754 },  // 橘
    { "\xe6\xa9\x99", bitmap_1755 },  // 橙
    { "\xe6\xa9\xa1", bitmap_1756 },  // 橡
    { "\xe6\xa9\xb1", bitmap_1757 },  // 橱
    { "\xe6\xaa\x80", bitmap_1758 },  // 檀
    { "\xe6\xaa\x90", bitmap_1759 },  // 檐
    { "\xe6\xaa\xac", bitmap_1760 },  // 檬
    { "\xe6\xac\xa0", bitmap_1761 },  // 欠
    { "\xe6\xac\xa1", bitmap_1762 },  // 次
    { "\xe6\xac\xa2", bitmap_1763 },  // 欢
    { "\xe6\xac\xa3", bitmap_1764 },  // 欣
    { "\xe6\xac\xa7", bitmap_1765 },  // 欧
    { "\xe6\xac\xb2", bitmap_1766 },  // 欲
    { "\xe6\xac\xba", bitmap_1767 },  // 欺
    { "\xe6\xac\xbe", bitmap_1768 },  // 款
    { "\xe6\xad\x87", bitmap_1769 },  // 歇
    { "\xe6\xad\x89", bitmap_1770 },  // 歉
    { "\xe6\xad\x8c", bitmap_1771 },  // 歌
    { "\xe6\xad\xa2", bitmap_1772 },  // 止
    { "\xe6\xad\xa3", bitmap_1773 },  // 正
    { "\xe6\xad\xa4", bitmap_1774 },  // 此
    { "\xe6\xad\xa5", bitmap_1775 },  // 步
    { "\xe6\xad\xa6", bitmap_1776 },  // 武
    { "\xe6\xad\xa7", bitmap_1777 },  // 歧
    { "\xe6\xad\xaa", bitmap_1778 },  // 歪
    { "\xe6\xad\xb9", bitmap_1779 },  // 歹
    { "\xe6\xad\xbb", bitmap_1780 },  // 死
    { "\xe6\xad\xbc", bitmap_1781 },  // 歼
    { "\xe6\xae\x83", bitmap_1782 },  // 殃
    { "\xe6\xae\x89", bitmap_1783 },  // 殉
    { "\xe6\xae\x8a", bitmap_1784 },  // 殊
    { "\xe6\xae\x8b", bitmap_1785 },  // 残
    { "\xe6\xae\x96", bitmap_1786 },  // 殖
    { "\xe6\xae\xb4", bitmap_1787 },  // 殴
    { "\xe6\xae\xb5", bitmap_1788 },  // 段
    { "\xe6\xae\xb7", bitmap_1789 },  // 殷
    { "\xe6\xae\xbf", bitmap_1790 },  // 殿
    { "\xe6\xaf\x81", bitmap_1791 },  // 毁
    { "\xe6\xaf\x85", bitmap_1792 },  // 毅
    { "\xe6\xaf\x8d", bitmap_1793 },  // 母
    { "\xe6\xaf\x8f", bitmap_1794 },  // 每
    { "\xe6\xaf\x92", bitmap_1795 },  // 毒
    { "\xe6\xaf\x94", bitmap_1796 },  // 比
    { "\xe6\xaf\x95", bitmap_1797 },  // 毕
    { "\xe6\xaf\x99", bitmap_1798 },  // 毙
    { "\xe6\xaf\x9b", bitmap_1799 },  // 毛
    { "\xe6\xaf\xa1", bitmap_1800 },  // 毡
    { "\xe6\xaf\xab", bitmap_1801 },  // 毫
    { "\xe6\xaf\xaf", bitmap_1802 },  // 毯
    { "\xe6\xb0\x8f", bitmap_1803 },  // 氏
    { "\xe6\xb0\x91", bitmap_1804 },  // 民
    { "\xe6\xb0\x93", bitmap_1805 },  // 氓
    { "\xe6\xb0\x94", bitmap_1806 },  // 气
    { "\xe6\xb0\x9b", bitmap_1807 },  // 氛
    { "\xe6\xb0\xa2", bitmap_1808 },  // 氢
    { "\xe6\xb0\xa7", bitmap_1809 },  // 氧
    { "\xe6\xb0\xa8", bitmap_1810 },  // 氨
    { "\xe6\xb0\xae", bitmap_1811 },  // 氮
    { "\xe6\xb0\xaf", bitmap_1812 },  // 氯
    { "\xe6\xb0\xb4", bitmap_1813 },  // 水
    { "\xe6\xb0\xb8", bitmap_1814 },  // 永
    { "\xe6\xb1\x81", bitmap_1815 },  // 汁
    { "\xe6\xb1\x82", bitmap_1816 },  // 求
    { "\xe6\xb1\x87", bitmap_1817 },  // 汇
    { "\xe6\xb1\x89", bitmap_1818 },  // 汉
    { "\xe6\xb1\x97", bitmap_1819 },  // 汗
    { "\xe6\xb1\x9b", bitmap_1820 },  // 汛
    { "\xe6\xb1\x9d", bitmap_1821 },  // 汝
    { "\xe6\xb1\x9e", bitmap_1822 },  // 汞
    { "\xe6\xb1\x9f", bitmap_1823 },  // 江
    { "\xe6\xb1\xa0", bitmap_1824 },  // 池
    { "\xe6\xb1\xa1", bitmap_1825 },  // 污
    { "\xe6\xb1\xa4", bitmap_1826 },  // 汤
    { "\xe6\xb1\xaa", bitmap_1827 },  // 汪
    { "\xe6\xb1\xb0", bitmap_1828 },  // 汰
    { "\xe6\xb1\xb9", bitmap_1829 },  // 汹
    { "\xe6\xb1\xbd", bitmap_1830 },  // 汽
    { "\xe6\xb2\x81", bitmap_1831 },  // 沁
    { "\xe6\xb2\x83", bitmap_1832 },  // 沃
    { "\xe6\xb2\x88", bitmap_1833 },  // 沈
    { "\xe6\xb2\x89", bitmap_1834 },  // 沉
    { "\xe6\xb2\x90", bitmap_1835 },  // 沐
    { "\xe6\xb2\x99", bitmap_1836 },  // 沙
    { "\xe6\xb2\x9b", bitmap_1837 },  // 沛
    { "\xe6\xb2\x9f", bitmap_1838 },  // 沟
    { "\xe6\xb2\xa1", bitmap_1839 },  // 没
    { "\xe6\xb2\xa5", bitmap_1840 },  // 沥
    { "\xe6\xb2\xa6", bitmap_1841 },  // 沦
    { "\xe6\xb2\xa7", bitmap_1842 },  // 沧
    { "\xe6\xb2\xaa", bitmap_1843 },  // 沪
    { "\xe6\xb2\xab", bitmap_1844 },  // 沫
    { "\xe6\xb2\xae", bitmap_1845 },  // 沮
    { "\xe6\xb2\xb3", bitmap_1846 },  // 河
    { "\xe6\xb2\xb8", bitmap_1847 },  // 沸
    { "\xe6\xb2\xb9", bitmap_1848 },  // 油
    { "\xe6\xb2\xbb", bitmap_1849 },  // 治
    { "\xe6\xb2\xbc", bitmap_1850 },  // 沼
    { "\xe6\xb2\xbd", bitmap_1851 },  // 沽
    { "\xe6\xb2\xbe", bitmap_1852 },  // 沾
    { "\xe6\xb2\xbf", bitmap_1853 },  // 沿
    { "\xe6\xb3\x84", bitmap_1854 },  // 泄
    { "\xe6\xb3\x89", bitmap_1855 },  // 泉
    { "\xe6\xb3\x8a", bitmap_1856 },  // 泊
    { "\xe6\xb3\x8c", bitmap_1857 },  // 泌
    { "\xe6\xb3\x95", bitmap_1858 },  // 法
    { "\xe6\xb3\x9b", bitmap_1859 },  // 泛
    { "\xe6\xb3\x9e", bitmap_1860 },  // 泞
    { "\xe6\xb3\xa1", bitmap_1861 },  // 泡
    { "\xe6\xb3\xa2", bitmap_1862 },  // 波
    { "\xe6\xb3\xa3", bitmap_1863 },  // 泣
    { "\xe6\xb3\xa5", bitmap_1864 },  // 泥
    { "\xe6\xb3\xa8", bitmap_1865 },  // 注
    { "\xe6\xb3\xaa", bitmap_1866 },  // 泪
    { "\xe6\xb3\xb0", bitmap_1867 },  // 泰
    { "\xe6\xb3\xb3", bitmap_1868 },  // 泳
    { "\xe6\xb3\xb5", bitmap_1869 },  // 泵
    { "\xe6\xb3\xbb", bitmap_1870 },  // 泻
    { "\xe6\xb3\xbc", bitmap_1871 },  // 泼
    { "\xe6\xb3\xbd", bitmap_1872 },  // 泽
    { "\xe6\xb4\x81", bitmap_1873 },  // 洁
    { "\xe6\xb4\x8b", bitmap_1874 },  // 洋
    { "\xe6\xb4\x92", bitmap_1875 },  // 洒
    { "\xe6\xb4\x97", bitmap_1876 },  // 洗
    { "\xe6\xb4\x9b", bitmap_1877 },  // 洛
    { "\xe6\xb4\x9e", bitmap_1878 },  // 洞
    { "\xe6\xb4\xa5", bitmap_1879 },  // 津
    { "\xe6\xb4\xaa", bitmap_1880 },  // 洪
    { "\xe6\xb4\xb2", bitmap_1881 },  // 洲
    { "\xe6\xb4\xbb", bitmap_1882 },  // 活
    { "\xe6\xb4\xbc", bitmap_1883 },  // 洼
    { "\xe6\xb4\xbd", bitmap_1884 },  // 洽
    { "\xe6\xb4\xbe", bitmap_1885 },  // 派
    { "\xe6\xb5\x81", bitmap_1886 },  // 流
    { "\xe6\xb5\x85", bitmap_1887 },  // 浅
    { "\xe6\xb5\x86", bitmap_1888 },  // 浆
    { "\xe6\xb5\x87", bitmap_1889 },  // 浇
    { "\xe6\xb5\x8a", bitmap_1890 },  // 浊
    { "\xe6\xb5\x8b", bitmap_1891 },  // 测
    { "\xe6\xb5\x8e", bitmap_1892 },  // 济
    { "\xe6\xb5\x8f", bitmap_1893 },  // 浏
    { "\xe6\xb5\x91", bitmap_1894 },  // 浑
    { "\xe6\xb5\x93", bitmap_1895 },  // 浓
    { "\xe6\xb5\x99", bitmap_1896 },  // 浙
    { "\xe6\xb5\xa6", bitmap_1897 },  // 浦
    { "\xe6\xb5\xa9", bitmap_1898 },  // 浩
    { "\xe6\xb5\xaa", bitmap_1899 },  // 浪
    { "\xe6\xb5\xae", bitmap_1900 },  // 浮
    { "\xe6\xb5\xb4", bitmap_1901 },  // 浴
    { "\xe6\xb5\xb7", bitmap_1902 },  // 海
    { "\xe6\xb5\xb8", bitmap_1903 },  // 浸
    { "\xe6\xb6\x82", bitmap_1904 },  // 涂
    { "\xe6\xb6\x88", bitmap_1905 },  // 消
    { "\xe6\xb6\x89", bitmap_1906 },  // 涉
    { "\xe6\xb6\x8c", bitmap_1907 },  // 涌
    { "\xe6\xb6\x95", bitmap_1908 },  // 涕
    { "\xe6\xb6\x9b", bitmap_1909 },  // 涛
    { "\xe6\xb6\x9d", bitmap_1910 },  // 涝
    { "\xe6\xb6\xa1", bitmap_1911 },  // 涡
    { "\xe6\xb6\xa3", bitmap_1912 },  // 涣
    { "\xe6\xb6\xa4", bitmap_1913 },  // 涤
    { "\xe6\xb6\xa6", bitmap_1914 },  // 润
    { "\xe6\xb6\xa7", bitmap_1915 },  // 涧
    { "\xe6\xb6\xa8", bitmap_1916 },  // 涨
    { "\xe6\xb6\xa9", bitmap_1917 },  // 涩
    { "\xe6\xb6\xae", bitmap_1918 },  // 涮
    { "\xe6\xb6\xaf", bitmap_1919 },  // 涯
    { "\xe6\xb6\xb2", bitmap_1920 },  // 液
    { "\xe6\xb6\xb5", bitmap_1921 },  // 涵
    { "\xe6\xb7\x80", bitmap_1922 },  // 淀
    { "\xe6\xb7\x86", bitmap_1923 },  // 淆
    { "\xe6\xb7\x8b", bitmap_1924 },  // 淋
    { "\xe6\xb7\x8c", bitmap_1925 },  // 淌
    { "\xe6\xb7\x91", bitmap_1926 },  // 淑
    { "\xe6\xb7\x98", bitmap_1927 },  // 淘
    { "\xe6\xb7\xa1", bitmap_1928 },  // 淡
    { "\xe6\xb7\xa4", bitmap_1929 },  // 淤
    { "\xe6\xb7\xab", bitmap_1930 },  // 淫
    { "\xe6\xb7\xae", bitmap_1931 },  // 淮
    { "\xe6\xb7\xb1", bitmap_1932 },  // 深
    { "\xe6\xb7\xb3", bitmap_1933 },  // 淳
    { "\xe6\xb7\xb7", bitmap_1934 },  // 混
    { "\xe6\xb7\xb9", bitmap_1935 },  // 淹
    { "\xe6\xb7\xbb", bitmap_1936 },  // 添
    { "\xe6\xb8\x85", bitmap_1937 },  // 清
    { "\xe6\xb8\x8a", bitmap_1938 },  // 渊
    { "\xe6\xb8\x90", bitmap_1939 },  // 渐
    { "\xe6\xb8\x94", bitmap_1940 },  // 渔
    { "\xe6\xb8\x97", bitmap_1941 },  // 渗
    { "\xe6\xb8\x9d", bitmap_1942 },  // 渝
    { "\xe6\xb8\xa0", bitmap_1943 },  // 渠
    { "\xe6\xb8\xa1", bitmap_1944 },  // 渡
    { "\xe6\xb8\xa3", bitmap_1945 },  // 渣
    { "\xe6\xb8\xa4", bitmap_1946 },  // 渤
    { "\xe6\xb8\xa9", bitmap_1947 },  // 温
    { "\xe6\xb8\xaf", bitmap_1948 },  // 港
    { "\xe6\xb8\xb2", bitmap_1949 },  // 渲
    { "\xe6\xb8\xb4", bitmap_1950 },  // 渴
    { "\xe6\xb8\xb8", bitmap_1951 },  // 游
    { "\xe6\xb8\xba", bitmap_1952 },  // 渺
    { "\xe6\xb9\x83", bitmap_1953 },  // 湃
    { "\xe6\xb9\x96", bitmap_1954 },  // 湖
    { "\xe6\xb9\x98", bitmap_1955 },  // 湘
    { "\xe6\xb9\xbe", bitmap_1956 },  // 湾
    { "\xe6\xb9\xbf", bitmap_1957 },  // 湿
    { "\xe6\xba\x83", bitmap_1958 },  // 溃
    { "\xe6\xba\x85", bitmap_1959 },  // 溅
    { "\xe6\xba\x89", bitmap_1960 },  // 溉
    { "\xe6\xba\x90", bitmap_1961 },  // 源
    { "\xe6\xba\x9c", bitmap_1962 },  // 溜
    { "\xe6\xba\xa2", bitmap_1963 },  // 溢
    { "\xe6\xba\xaa", bitmap_1964 },  // 溪
    { "\xe6\xba\xaf", bitmap_1965 },  // 溯
    { "\xe6\xba\xb6", bitmap_1966 },  // 溶
    { "\xe6\xba\xba", bitmap_1967 },  // 溺
    { "\xe6\xbb\x87", bitmap_1968 },  // 滇
    { "\xe6\xbb\x8b", bitmap_1969 },  // 滋
    { "\xe6\xbb\x91", bitmap_1970 },  // 滑
    { "\xe6\xbb\x94", bitmap_1971 },  // 滔
    { "\xe6\xbb\x9a", bitmap_1972 },  // 滚
    { "\xe6\xbb\x9e", bitmap_1973 },  // 滞
    { "\xe6\xbb\xa1", bitmap_1974 },  // 满
    { "\xe6\xbb\xa4", bitmap_1975 },  // 滤
    { "\xe6\xbb\xa5", bitmap_1976 },  // 滥
    { "\xe6\xbb\xa8", bitmap_1977 },  // 滨
    { "\xe6\xbb\xa9", bitmap_1978 },  // 滩
    { "\xe6\xbb\xb4", bitmap_1979 },  // 滴
    { "\xe6\xbc\x82", bitmap_1980 },  // 漂
    { "\xe6\xbc\x86", bitmap_1981 },  // 漆
    { "\xe6\xbc\x8f", bitmap_1982 },  // 漏
    { "\xe6\xbc\x93", bitmap_1983 },  // 漓
    { "\xe6\xbc\x94", bitmap_1984 },  // 演
    { "\xe6\xbc\xa0", bitmap_1985 },  // 漠
    { "\xe6\xbc\xab", bitmap_1986 },  // 漫
    { "\xe6\xbc\xb1", bitmap_1987 },  // 漱
    { "\xe6\xbc\xbe", bitmap_1988 },  // 漾
    { "\xe6\xbd\x87", bitmap_1989 },  // 潇
    { "\xe6\xbd\x98", bitmap_1990 },  // 潘
    { "\xe6\xbd\x9c", bitmap_1991 },  // 潜
    { "\xe6\xbd\xad", bitmap_1992 },  // 潭
    { "\xe6\xbd\xae", bitmap_1993 },  // 潮
    { "\xe6\xbe\x84", bitmap_1994 },  // 澄
    { "\xe6\xbe\x88", bitmap_1995 },  // 澈
    { "\xe6\xbe\x8e", bitmap_1996 },  // 澎
    { "\xe6\xbe\x9c", bitmap_1997 },  // 澜
    { "\xe6\xbe\xa1", bitmap_1998 },  // 澡
    { "\xe6\xbe\xb3", bitmap_1999 },  // 澳
    { "\xe6\xbf\x80", bitmap_2000 },  // 激
    { "\xe6\xbf\x92", bitmap_2001 },  // 濒
    { "\xe7\x80\x91", bitmap_2002 },  // 瀑
    { "\xe7\x81\x8c", bitmap_2003 },  // 灌
    { "\xe7\x81\xab", bitmap_2004 },  // 火
    { "\xe7\x81\xad", bitmap_2005 },  // 灭
    { "\xe7\x81\xaf", bitmap_2006 },  // 灯
    { "\xe7\x81\xb0", bitmap_2007 },  // 灰
    { "\xe7\x81\xb5", bitmap_2008 },  // 灵
    { "\xe7\x81\xb6", bitmap_2009 },  // 灶
    { "\xe7\x81\xb8", bitmap_2010 },  // 灸
    { "\xe7\x81\xbc", bitmap_2011 },  // 灼
    { "\xe7\x81\xbe", bitmap_2012 },  // 灾
    { "\xe7\x81\xbf", bitmap_2013 },  // 灿
    { "\xe7\x82\x89", bitmap_2014 },  // 炉
    { "\xe7\x82\x8a", bitmap_2015 },  // 炊
    { "\xe7\x82\x8e", bitmap_2016 },  // 炎
    { "\xe7\x82\x92", bitmap_2017 },  // 炒
    { "\xe7\x82\x95", bitmap_2018 },  // 炕
    { "\xe7\x82\xab", bitmap_2019 },  // 炫
    { "\xe7\x82\xac", bitmap_2020 },  // 炬
    { "\xe7\x82\xad", bitmap_2021 },  // 炭
    { "\xe7\x82\xae", bitmap_2022 },  // 炮
    { "\xe7\x82\xb8", bitmap_2023 },  // 炸
    { "\xe7\x82\xb9", bitmap_2024 },  // 点
    { "\xe7\x82\xbc", bitmap_2025 },  // 炼
    { "\xe7\x83\x81", bitmap_2026 },  // 烁
    { "\xe7\x83\x82", bitmap_2027 },  // 烂
    { "\xe7\x83\x88", bitmap_2028 },  // 烈
    { "\xe7\x83\x98", bitmap_2029 },  // 烘
    { "\xe7\x83\x99", bitmap_2030 },  // 烙
    { "\xe7\x83\x9b", bitmap_2031 },  // 烛
    { "\xe7\x83\x9f", bitmap_2032 },  // 烟
    { "\xe7\x83\xa4", bitmap_2033 },  // 烤
    { "\xe7\x83\xa6", bitmap_2034 },  // 烦
    { "\xe7\x83\xa7", bitmap_2035 },  // 烧
    { "\xe7\x83\xab", bitmap_2036 },  // 烫
    { "\xe7\x83\xad", bitmap_2037 },  // 热
    { "\xe7\x83\xb9", bitmap_2038 },  // 烹
    { "\xe7\x84\x89", bitmap_2039 },  // 焉
    { "\xe7\x84\x8a", bitmap_2040 },  // 焊
    { "\xe7\x84\x95", bitmap_2041 },  // 焕
    { "\xe7\x84\x9a", bitmap_2042 },  // 焚
    { "\xe7\x84\xa6", bitmap_2043 },  // 焦
    { "\xe7\x84\xb0", bitmap_2044 },  // 焰
    { "\xe7\x84\xb6", bitmap_2045 },  // 然
    { "\xe7\x85\x8c", bitmap_2046 },  // 煌
    { "\xe7\x85\x8e", bitmap_2047 },  // 煎
    { "\xe7\x85\x9e", bitmap_2048 },  // 煞
    { "\xe7\x85\xa4", bitmap_2049 },  // 煤
    { "\xe7\x85\xa7", bitmap_2050 },  // 照
    { "\xe7\x85\xae", bitmap_2051 },  // 煮
    { "\xe7\x85\xbd", bitmap_2052 },  // 煽
    { "\xe7\x86\x84", bitmap_2053 },  // 熄
    { "\xe7\x86\x8a", bitmap_2054 },  // 熊
    { "\xe7\x86\x8f", bitmap_2055 },  // 熏
    { "\xe7\x86\x94", bitmap_2056 },  // 熔
    { "\xe7\x86\x99", bitmap_2057 },  // 熙
    { "\xe7\x86\x9f", bitmap_2058 },  // 熟
    { "\xe7\x86\xac", bitmap_2059 },  // 熬
    { "\xe7\x87\x83", bitmap_2060 },  // 燃
    { "\xe7\x87\x95", bitmap_2061 },  // 燕
    { "\xe7\x87\xa5", bitmap_2062 },  // 燥
    { "\xe7\x88\x86", bitmap_2063 },  // 爆
    { "\xe7\x88\xaa", bitmap_2064 },  // 爪
    { "\xe7\x88\xac", bitmap_2065 },  // 爬
    { "\xe7\x88\xb1", bitmap_2066 },  // 爱
    { "\xe7\x88\xb5", bitmap_2067 },  // 爵
    { "\xe7\x88\xb6", bitmap_2068 },  // 父
    { "\xe7\x88\xb7", bitmap_2069 },  // 爷
    { "\xe7\x88\xb8", bitmap_2070 },  // 爸
    { "\xe7\x88\xb9", bitmap_2071 },  // 爹
    { "\xe7\x88\xbd", bitmap_2072 },  // 爽
    { "\xe7\x89\x87", bitmap_2073 },  // 片
    { "\xe7\x89\x88", bitmap_2074 },  // 版
    { "\xe7\x89\x8c", bitmap_2075 },  // 牌
    { "\xe7\x89\x99", bitmap_2076 },  // 牙
    { "\xe7\x89\x9b", bitmap_2077 },  // 牛
    { "\xe7\x89\xa1", bitmap_2078 },  // 牡
    { "\xe7\x89\xa2", bitmap_2079 },  // 牢
    { "\xe7\x89\xa7", bitmap_2080 },  // 牧
    { "\xe7\x89\xa9", bitmap_2081 },  // 物
    { "\xe7\x89\xb2", bitmap_2082 },  // 牲
    { "\xe7\x89\xb5", bitmap_2083 },  // 牵
    { "\xe7\x89\xb9", bitmap_2084 },  // 特
    { "\xe7\x89\xba", bitmap_2085 },  // 牺
    { "\xe7\x8a\x80", bitmap_2086 },  // 犀
    { "\xe7\x8a\x81", bitmap_2087 },  // 犁
    { "\xe7\x8a\xac", bitmap_2088 },  // 犬
    { "\xe7\x8a\xaf", bitmap_2089 },  // 犯
    { "\xe7\x8a\xb6", bitmap_2090 },  // 状
    { "\xe7\x8a\xb9", bitmap_2091 },  // 犹
    { "\xe7\x8b\x82", bitmap_2092 },  // 狂
    { "\xe7\x8b\x88", bitmap_2093 },  // 狈
    { "\xe7\x8b\x90", bitmap_2094 },  // 狐
    { "\xe7\x8b\x97", bitmap_2095 },  // 狗
    { "\xe7\x8b\x9e", bitmap_2096 },  // 狞
    { "\xe7\x8b\xa0", bitmap_2097 },  // 狠
    { "\xe7\x8b\xa1", bitmap_2098 },  // 狡
    { "\xe7\x8b\xac", bitmap_2099 },  // 独
    { "\xe7\x8b\xad", bitmap_2100 },  // 狭
    { "\xe7\x8b\xae", bitmap_2101 },  // 狮
    { "\xe7\x8b\xb0", bitmap_2102 },  // 狰
    { "\xe7\x8b\xb1", bitmap_2103 },  // 狱
    { "\xe7\x8b\xb8", bitmap_2104 },  // 狸
    { "\xe7\x8b\xbc", bitmap_2105 },  // 狼
    { "\xe7\x8c\x8e", bitmap_2106 },  // 猎
    { "\xe7\x8c\x96", bitmap_2107 },  // 猖
    { "\xe7\x8c\x9b", bitmap_2108 },  // 猛
    { "\xe7\x8c\x9c", bitmap_2109 },  // 猜
    { "\xe7\x8c\xa9", bitmap_2110 },  // 猩
    { "\xe7\x8c\xaa", bitmap_2111 },  // 猪
    { "\xe7\x8c\xab", bitmap_2112 },  // 猫
    { "\xe7\x8c\xac", bitmap_2113 },  // 猬
    { "\xe7\x8c\xae", bitmap_2114 },  // 献
    { "\xe7\x8c\xb4", bitmap_2115 },  // 猴
    { "\xe7\x8c\xbe", bitmap_2116 },  // 猾
    { "\xe7\x8c\xbf", bitmap_2117 },  // 猿
    { "\xe7\x8e\x84", bitmap_2118 },  // 玄
    { "\xe7\x8e\x87", bitmap_2119 },  // 率
    { "\xe7\x8e\x89", bitmap_2120 },  // 玉
    { "\xe7\x8e\x8b", bitmap_2121 },  // 王
    { "\xe7\x8e\x96", bitmap_2122 },  // 玖
    { "\xe7\x8e\x9b", bitmap_2123 },  // 玛
    { "\xe7\x8e\xa9", bitmap_2124 },  // 玩
    { "\xe7\x8e\xab", bitmap_2125 },  // 玫
    { "\xe7\x8e\xaf", bitmap_2126 },  // 环
    { "\xe7\x8e\xb0", bitmap_2127 },  // 现
    { "\xe7\x8e\xb2", bitmap_2128 },  // 玲
    { "\xe7\x8e\xb7", bitmap_2129 },  // 玷
    { "\xe7\x8e\xbb", bitmap_2130 },  // 玻
    { "\xe7\x8f\x8a", bitmap_2131 },  // 珊
    { "\xe7\x8f\x8d", bitmap_2132 },  // 珍
    { "\xe7\x8f\xa0", bitmap_2133 },  // 珠
    { "\xe7\x8f\xad", bitmap_2134 },  // 班
    { "\xe7\x90\x83", bitmap_2135 },  // 球
    { "\xe7\x90\x85", bitmap_2136 },  // 琅
    { "\xe7\x90\x86", bitmap_2137 },  // 理
    { "\xe7\x90\x89", bitmap_2138 },  // 琉
    { "\xe7\x90\x90", bitmap_2139 },  // 琐
    { "\xe7\x90\xa2", bitmap_2140 },  // 琢
    { "\xe7\x90\xb3", bitmap_2141 },  // 琳
    { "\xe7\x90\xb4", bitmap_2142 },  // 琴
    { "\xe7\x90\xbc", bitmap_2143 },  // 琼
    { "\xe7\x91\x99", bitmap_2144 },  // 瑙
    { "\xe7\x91\x9e", bitmap_2145 },  // 瑞
    { "\xe7\x91\x9f", bitmap_2146 },  // 瑟
    { "\xe7\x91\xb0", bitmap_2147 },  // 瑰
    { "\xe7\x92\x83", bitmap_2148 },  // 璃
    { "\xe7\x92\xa7", bitmap_2149 },  // 璧
    { "\xe7\x93\x9c", bitmap_2150 },  // 瓜
    { "\xe7\x93\xa2", bitmap_2151 },  // 瓢
    { "\xe7\x93\xa3", bitmap_2152 },  // 瓣
    { "\xe7\x93\xa4", bitmap_2153 },  // 瓤
    { "\xe7\x93\xa6", bitmap_2154 },  // 瓦
    { "\xe7\x93\xb6", bitmap_2155 },  // 瓶
    { "\xe7\x93\xb7", bitmap_2156 },  // 瓷
    { "\xe7\x94\x98", bitmap_2157 },  // 甘
    { "\xe7\x94\x9a", bitmap_2158 },  // 甚
    { "\xe7\x94\x9c", bitmap_2159 },  // 甜
    { "\xe7\x94\x9f", bitmap_2160 },  // 生
    { "\xe7\x94\xa5", bitmap_2161 },  // 甥
    { "\xe7\x94\xa8", bitmap_2162 },  // 用
    { "\xe7\x94\xa9", bitmap_2163 },  // 甩
    { "\xe7\x94\xab", bitmap_2164 },  // 甫
    { "\xe7\x94\xb0", bitmap_2165 },  // 田
    { "\xe7\x94\xb1", bitmap_2166 },  // 由
    { "\xe7\x94\xb2", bitmap_2167 },  // 甲
    { "\xe7\x94\xb3", bitmap_2168 },  // 申
    { "\xe7\x94\xb5", bitmap_2169 },  // 电
    { "\xe7\x94\xb7", bitmap_2170 },  // 男
    { "\xe7\x94\xb8", bitmap_2171 },  // 甸
    { "\xe7\x94\xbb", bitmap_2172 },  // 画
    { "\xe7\x95\x85", bitmap_2173 },  // 畅
    { "\xe7\x95\x8c", bitmap_2174 },  // 界
    { "\xe7\x95\x8f", bitmap_2175 },  // 畏
    { "\xe7\x95\x94", bitmap_2176 },  // 畔
    { "\xe7\x95\x99", bitmap_2177 },  // 留
    { "\xe7\x95\x9c", bitmap_2178 },  // 畜
    { "\xe7\x95\xa5", bitmap_2179 },  // 略
    { "\xe7\x95\xaa", bitmap_2180 },  // 番
    { "\xe7\x95\xb4", bitmap_2181 },  // 畴
    { "\xe7\x95\xb8", bitmap_2182 },  // 畸
    { "\xe7\x96\x86", bitmap_2183 },  // 疆
    { "\xe7\x96\x8f", bitmap_2184 },  // 疏
    { "\xe7\x96\x91", bitmap_2185 },  // 疑
    { "\xe7\x96\x97", bitmap_2186 },  // 疗
    { "\xe7\x96\x99", bitmap_2187 },  // 疙
    { "\xe7\x96\x9a", bitmap_2188 },  // 疚
    { "\xe7\x96\x9f", bitmap_2189 },  // 疟
    { "\xe7\x96\xa4", bitmap_2190 },  // 疤
    { "\xe7\x96\xab", bitmap_2191 },  // 疫
    { "\xe7\x96\xae", bitmap_2192 },  // 疮
    { "\xe7\x96\xaf", bitmap_2193 },  // 疯
    { "\xe7\x96\xb2", bitmap_2194 },  // 疲
    { "\xe7\x96\xb9", bitmap_2195 },  // 疹
    { "\xe7\x96\xbc", bitmap_2196 },  // 疼
    { "\xe7\x96\xbe", bitmap_2197 },  // 疾
    { "\xe7\x97\x85", bitmap_2198 },  // 病
    { "\xe7\x97\x87", bitmap_2199 },  // 症
    { "\xe7\x97\x8a", bitmap_2200 },  // 痊
    { "\xe7\x97\x92", bitmap_2201 },  // 痒
    { "\xe7\x97\x95", bitmap_2202 },  // 痕
    { "\xe7\x97\x98", bitmap_2203 },  // 痘
    { "\xe7\x97\x9b", bitmap_2204 },  // 痛
    { "\xe7\x97\xa2", bitmap_2205 },  // 痢
    { "\xe7\x97\xaa", bitmap_2206 },  // 痪
    { "\xe7\x97\xb0", bitmap_2207 },  // 痰
    { "\xe7\x97\xb4", bitmap_2208 },  // 痴
    { "\xe7\x97\xb9", bitmap_2209 },  // 痹
    { "\xe7\x98\x9f", bitmap_2210 },  // 瘟
    { "\xe7\x98\xa4", bitmap_2211 },  // 瘤
    { "\xe7\x98\xa6", bitmap_2212 },  // 瘦
    { "\xe7\x98\xa9", bitmap_2213 },  // 瘩
    { "\xe7\x98\xaa", bitmap_2214 },  // 瘪
    { "\xe7\x98\xab", bitmap_2215 },  // 瘫
    { "\xe7\x98\xb8", bitmap_2216 },  // 瘸
    { "\xe7\x98\xbe", bitmap_2217 },  // 瘾
    { "\xe7\x99\x8c", bitmap_2218 },  // 癌
    { "\xe7\x99\xa3", bitmap_2219 },  // 癣
    { "\xe7\x99\xb8", bitmap_2220 },  // 癸
    { "\xe7\x99\xbb", bitmap_2221 },  // 登
    { "\xe7\x99\xbd", bitmap_2222 },  // 白
    { "\xe7\x99\xbe", bitmap_2223 },  // 百
    { "\xe7\x9a\x82", bitmap_2224 },  // 皂
    { "\xe7\x9a\x84", bitmap_2225 },  // 的
    { "\xe7\x9a\x86", bitmap_2226 },  // 皆
    { "\xe7\x9a\x87", bitmap_2227 },  // 皇
    { "\xe7\x9a\x93", bitmap_2228 },  // 皓
    { "\xe7\x9a\x96", bitmap_2229 },  // 皖
    { "\xe7\x9a\xae", bitmap_2230 },  // 皮
    { "\xe7\x9a\xb1", bitmap_2231 },  // 皱
    { "\xe7\x9a\xbf", bitmap_2232 },  // 皿
    { "\xe7\x9b\x86", bitmap_2233 },  // 盆
    { "\xe7\x9b\x88", bitmap_2234 },  // 盈
    { "\xe7\x9b\x8a", bitmap_2235 },  // 益
    { "\xe7\x9b\x8f", bitmap_2236 },  // 盏
    { "\xe7\x9b\x90", bitmap_2237 },  // 盐
    { "\xe7\x9b\x91", bitmap_2238 },  // 监
    { "\xe7\x9b\x92", bitmap_2239 },  // 盒
    { "\xe7\x9b\x94", bitmap_2240 },  // 盔
    { "\xe7\x9b\x96", bitmap_2241 },  // 盖
    { "\xe7\x9b\x97", bitmap_2242 },  // 盗
    { "\xe7\x9b\x98", bitmap_2243 },  // 盘
    { "\xe7\x9b\x9b", bitmap_2244 },  // 盛
    { "\xe7\x9b\x9f", bitmap_2245 },  // 盟
    { "\xe7\x9b\xae", bitmap_2246 },  // 目
    { "\xe7\x9b\xaf", bitmap_2247 },  // 盯
    { "\xe7\x9b\xb2", bitmap_2248 },  // 盲
    { "\xe7\x9b\xb4", bitmap_2249 },  // 直
    { "\xe7\x9b\xb8", bitmap_2250 },  // 相
    { "\xe7\x9b\xb9", bitmap_2251 },  // 盹
    { "\xe7\x9b\xbc", bitmap_2252 },  // 盼
    { "\xe7\x9b\xbe", bitmap_2253 },  // 盾
    { "\xe7\x9c\x81", bitmap_2254 },  // 省
    { "\xe7\x9c\x89", bitmap_2255 },  // 眉
    { "\xe7\x9c\x8b", bitmap_2256 },  // 看
    { "\xe7\x9c\x9f", bitmap_2257 },  // 真
    { "\xe7\x9c\xa0", bitmap_2258 },  // 眠
    { "\xe7\x9c\xa8", bitmap_2259 },  // 眨
    { "\xe7\x9c\xaf", bitmap_2260 },  // 眯
    { "\xe7\x9c\xb6", bitmap_2261 },  // 眶
    { "\xe7\x9c\xb7", bitmap_2262 },  // 眷
    { "\xe7\x9c\xbc", bitmap_2263 },  // 眼
    { "\xe7\x9d\x80", bitmap_2264 },  // 着
    { "\xe7\x9d\x81", bitmap_2265 },  // 睁
    { "\xe7\x9d\x90", bitmap_2266 },  // 睐
    { "\xe7\x9d\x9b", bitmap_2267 },  // 睛
    { "\xe7\x9d\xa1", bitmap_2268 },  // 睡
    { "\xe7\x9d\xa3", bitmap_2269 },  // 督
    { "\xe7\x9d\xa6", bitmap_2270 },  // 睦
    { "\xe7\x9d\xab", bitmap_2271 },  // 睫
    { "\xe7\x9d\xac", bitmap_2272 },  // 睬
    { "\xe7\x9d\xb9", bitmap_2273 },  // 睹
    { "\xe7\x9e\x84", bitmap_2274 },  // 瞄
    { "\xe7\x9e\x85", bitmap_2275 },  // 瞅
    { "\xe7\x9e\x8e", bitmap_2276 },  // 瞎
    { "\xe7\x9e\x92", bitmap_2277 },  // 瞒
    { "\xe7\x9e\xa7", bitmap_2278 },  // 瞧
    { "\xe7\x9e\xa9", bitmap_2279 },  // 瞩
    { "\xe7\x9e\xaa", bitmap_2280 },  // 瞪
    { "\xe7\x9e\xac", bitmap_2281 },  // 瞬
    { "\xe7\x9e\xad", bitmap_2282 },  // 瞭
    { "\xe7\x9e\xb3", bitmap_2283 },  // 瞳
    { "\xe7\x9e\xbb", bitmap_2284 },  // 瞻
    { "\xe7\x9f\x97", bitmap_2285 },  // 矗
    { "\xe7\x9f\x9b", bitmap_2286 },  // 矛
    { "\xe7\x9f\xa2", bitmap_2287 },  // 矢
    { "\xe7\x9f\xa3", bitmap_2288 },  // 矣
    { "\xe7\x9f\xa5", bitmap_2289 },  // 知
    { "\xe7\x9f\xa9", bitmap_2290 },  // 矩
    { "\xe7\x9f\xab", bitmap_2291 },  // 矫
    { "\xe7\x9f\xad", bitmap_2292 },  // 短
    { "\xe7\x9f\xae", bitmap_2293 },  // 矮
    { "\xe7\x9f\xb3", bitmap_2294 },  // 石
    { "\xe7\x9f\xbe", bitmap_2295 },  // 矾
    { "\xe7\x9f\xbf", bitmap_2296 },  // 矿
    { "\xe7\xa0\x81", bitmap_2297 },  // 码
    { "\xe7\xa0\x82", bitmap_2298 },  // 砂
    { "\xe7\xa0\x8c", bitmap_2299 },  // 砌
    { "\xe7\xa0\x8d", bitmap_2300 },  // 砍
    { "\xe7\xa0\x94", bitmap_2301 },  // 研
    { "\xe7\xa0\x96", bitmap_2302 },  // 砖
    { "\xe7\xa0\x9a", bitmap_2303 },  // 砚
    { "\xe7\xa0\xb0", bitmap_2304 },  // 砰
    { "\xe7\xa0\xb4", bitmap_2305 },  // 破
    { "\xe7\xa0\xb8", bitmap_2306 },  // 砸
    { "\xe7\xa0\xbe", bitmap_2307 },  // 砾
    { "\xe7\xa1\x80", bitmap_2308 },  // 础
    { "\xe7\xa1\x85", bitmap_2309 },  // 硅
    { "\xe7\xa1\x95", bitmap_2310 },  // 硕
    { "\xe7\xa1\x9d", bitmap_2311 },  // 硝
    { "\xe7\xa1\xab", bitmap_2312 },  // 硫
    { "\xe7\xa1\xac", bitmap_2313 },  // 硬
    { "\xe7\xa1\xae", bitmap_2314 },  // 确
    { "\xe7\xa2\x8c", bitmap_2315 },  // 碌
    { "\xe7\xa2\x8d", bitmap_2316 },  // 碍
    { "\xe7\xa2\x8e", bitmap_2317 },  // 碎
    { "\xe7\xa2\x91", bitmap_2318 },  // 碑
    { "\xe7\xa2\x97", bitmap_2319 },  // 碗
    { "\xe7\xa2\x98", bitmap_2320 },  // 碘
    { "\xe7\xa2\x9f", bitmap_2321 },  // 碟
    { "\xe7\xa2\xa7", bitmap_2322 },  // 碧
    { "\xe7\xa2\xb0", bitmap_2323 },  // 碰
    { "\xe7\xa2\xb1", bitmap_2324 },  // 碱
    { "\xe7\xa2\xb3", bitmap_2325 },  // 碳
    { "\xe7\xa2\xbe", bitmap_2326 },  // 碾
    { "\xe7\xa3\x81", bitmap_2327 },  // 磁
    { "\xe7\xa3\x85", bitmap_2328 },  // 磅
    { "\xe7\xa3\x8a", bitmap_2329 },  // 磊
    { "\xe7\xa3\x95", bitmap_2330 },  // 磕
    { "\xe7\xa3\xa8", bitmap_2331 },  // 磨
    { "\xe7\xa3\xb7", bitmap_2332 },  // 磷
    { "\xe7\xa4\x81", bitmap_2333 },  // 礁
    { "\xe7\xa4\xba", bitmap_2334 },  // 示
    { "\xe7\xa4\xbc", bitmap_2335 },  // 礼
    { "\xe7\xa4\xbe", bitmap_2336 },  // 社
    { "\xe7\xa5\x80", bitmap_2337 },  // 祀
    { "\xe7\xa5\x88", bitmap_2338 },  // 祈
    { "\xe7\xa5\x96", bitmap_2339 },  // 祖
    { "\xe7\xa5\x9d", bitmap_2340 },  // 祝
    { "\xe7\xa5\x9e", bitmap_2341 },  // 神
    { "\xe7\xa5\x9f", bitmap_2342 },  // 祟
    { "\xe7\xa5\xa0", bitmap_2343 },  // 祠
    { "\xe7\xa5\xa5", bitmap_2344 },  // 祥
    { "\xe7\xa5\xa8", bitmap_2345 },  // 票
    { "\xe7\xa5\xad", bitmap_2346 },  // 祭
    { "\xe7\xa5\xb7", bitmap_2347 },  // 祷
    { "\xe7\xa5\xb8", bitmap_2348 },  // 祸
    { "\xe7\xa6\x80", bitmap_2349 },  // 禀
    { "\xe7\xa6\x81", bitmap_2350 },  // 禁
    { "\xe7\xa6\x84", bitmap_2351 },  // 禄
    { "\xe7\xa6\x85", bitmap_2352 },  // 禅
    { "\xe7\xa6\x8f", bitmap_2353 },  // 福
    { "\xe7\xa6\xb9", bitmap_2354 },  // 禹
    { "\xe7\xa6\xbb", bitmap_2355 },  // 离
    { "\xe7\xa6\xbd", bitmap_2356 },  // 禽
    { "\xe7\xa6\xbe", bitmap_2357 },  // 禾
    { "\xe7\xa7\x80", bitmap_2358 },  // 秀
    { "\xe7\xa7\x81", bitmap_2359 },  // 私
    { "\xe7\xa7\x83", bitmap_2360 },  // 秃
    { "\xe7\xa7\x86", bitmap_2361 },  // 秆
    { "\xe7\xa7\x89", bitmap_2362 },  // 秉
    { "\xe7\xa7\x8b", bitmap_2363 },  // 秋
    { "\xe7\xa7\x8d", bitmap_2364 },  // 种
    { "\xe7\xa7\x91", bitmap_2365 },  // 科
    { "\xe7\xa7\x92", bitmap_2366 },  // 秒
    { "\xe7\xa7\x98", bitmap_2367 },  // 秘
    { "\xe7\xa7\x9f", bitmap_2368 },  // 租
    { "\xe7\xa7\xa4", bitmap_2369 },  // 秤
    { "\xe7\xa7\xa6", bitmap_2370 },  // 秦
    { "\xe7\xa7\xa7", bitmap_2371 },  // 秧
    { "\xe7\xa7\xa9", bitmap_2372 },  // 秩
    { "\xe7\xa7\xaf", bitmap_2373 },  // 积
    { "\xe7\xa7\xb0", bitmap_2374 },  // 称
    { "\xe7\xa7\xb8", bitmap_2375 },  // 秸
    { "\xe7\xa7\xbb", bitmap_2376 },  // 移
    { "\xe7\xa7\xbd", bitmap_2377 },  // 秽
    { "\xe7\xa8\x80", bitmap_2378 },  // 稀
    { "\xe7\xa8\x8b", bitmap_2379 },  // 程
    { "\xe7\xa8\x8d", bitmap_2380 },  // 稍
    { "\xe7\xa8\x8e", bitmap_2381 },  // 税
    { "\xe7\xa8\x9a", bitmap_2382 },  // 稚
    { "\xe7\xa8\xa0", bitmap_2383 },  // 稠
    { "\xe7\xa8\xb3", bitmap_2384 },  // 稳
    { "\xe7\xa8\xbb", bitmap_2385 },  // 稻
    { "\xe7\xa8\xbc", bitmap_2386 },  // 稼
    { "\xe7\xa8\xbd", bitmap_2387 },  // 稽
    { "\xe7\xa8\xbf", bitmap_2388 },  // 稿
    { "\xe7\xa9\x86", bitmap_2389 },  // 穆
    { "\xe7\xa9\x97", bitmap_2390 },  // 穗
    { "\xe7\xa9\xb4", bitmap_2391 },  // 穴
    { "\xe7\xa9\xb6", bitmap_2392 },  // 究
    { "\xe7\xa9\xb7", bitmap_2393 },  // 穷
    { "\xe7\xa9\xba", bitmap_2394 },  // 空
    { "\xe7\xa9\xbf", bitmap_2395 },  // 穿
    { "\xe7\xaa\x81", bitmap_2396 },  // 突
    { "\xe7\xaa\x83", bitmap_2397 },  // 窃
    { "\xe7\xaa\x84", bitmap_2398 },  // 窄
    { "\xe7\xaa\x8d", bitmap_2399 },  // 窍
    { "\xe7\xaa\x91", bitmap_2400 },  // 窑
    { "\xe7\xaa\x92", bitmap_2401 },  // 窒
    { "\xe7\xaa\x96", bitmap_2402 },  // 窖
    { "\xe7\xaa\x97", bitmap_2403 },  // 窗
    { "\xe7\xaa\x98", bitmap_2404 },  // 窘
    { "\xe7\xaa\x9c", bitmap_2405 },  // 窜
    { "\xe7\xaa\x9d", bitmap_2406 },  // 窝
    { "\xe7\xaa\x9f", bitmap_2407 },  // 窟
    { "\xe7\xaa\xa5", bitmap_2408 },  // 窥
    { "\xe7\xaa\xbf", bitmap_2409 },  // 窿
    { "\xe7\xab\x8b", bitmap_2410 },  // 立
    { "\xe7\xab\x96", bitmap_2411 },  // 竖
    { "\xe7\xab\x99", bitmap_2412 },  // 站
    { "\xe7\xab\x9e", bitmap_2413 },  // 竞
    { "\xe7\xab\x9f", bitmap_2414 },  // 竟
    { "\xe7\xab\xa0", bitmap_2415 },  // 章
    { "\xe7\xab\xa3", bitmap_2416 },  // 竣
    { "\xe7\xab\xa5", bitmap_2417 },  // 童
    { "\xe7\xab\xad", bitmap_2418 },  // 竭
    { "\xe7\xab\xaf", bitmap_2419 },  // 端
    { "\xe7\xab\xb9", bitmap_2420 },  // 竹
    { "\xe7\xab\xbf", bitmap_2421 },  // 竿
    { "\xe7\xac\x8b", bitmap_2422 },  // 笋
    { "\xe7\xac\x91", bitmap_2423 },  // 笑
    { "\xe7\xac\x94", bitmap_2424 },  // 笔
    { "\xe7\xac\x99", bitmap_2425 },  // 笙
    { "\xe7\xac\x9b", bitmap_2426 },  // 笛
    { "\xe7\xac\xa6", bitmap_2427 },  // 符
    { "\xe7\xac\xa8", bitmap_2428 },  // 笨
    { "\xe7\xac\xac", bitmap_2429 },  // 第
    { "\xe7\xac\xbc", bitmap_2430 },  // 笼
    { "\xe7\xad\x89", bitmap_2431 },  // 等
    { "\xe7\xad\x8b", bitmap_2432 },  // 筋
    { "\xe7\xad\x8f", bitmap_2433 },  // 筏
    { "\xe7\xad\x90", bitmap_2434 },  // 筐
    { "\xe7\xad\x91", bitmap_2435 },  // 筑
    { "\xe7\xad\x92", bitmap_2436 },  // 筒
    { "\xe7\xad\x94", bitmap_2437 },  // 答
    { "\xe7\xad\x96", bitmap_2438 },  // 策
    { "\xe7\xad\x9b", bitmap_2439 },  // 筛
    { "\xe7\xad\x9d", bitmap_2440 },  // 筝
    { "\xe7\xad\xb7", bitmap_2441 },  // 筷
    { "\xe7\xad\xb9", bitmap_2442 },  // 筹
    { "\xe7\xad\xbe", bitmap_2443 },  // 签
    { "\xe7\xae\x80", bitmap_2444 },  // 简
    { "\xe7\xae\x95", bitmap_2445 },  // 箕
    { "\xe7\xae\x97", bitmap_2446 },  // 算
    { "\xe7\xae\xa1", bitmap_2447 },  // 管
    { "\xe7\xae\xa9", bitmap_2448 },  // 箩
    { "\xe7\xae\xab", bitmap_2449 },  // 箫
    { "\xe7\xae\xad", bitmap_2450 },  // 箭
    { "\xe7\xae\xb1", bitmap_2451 },  // 箱
    { "\xe7\xaf\x87", bitmap_2452 },  // 篇
    { "\xe7\xaf\x93", bitmap_2453 },  // 篓
    { "\xe7\xaf\xa1", bitmap_2454 },  // 篡
    { "\xe7\xaf\xae", bitmap_2455 },  // 篮
    { "\xe7\xaf\xb1", bitmap_2456 },  // 篱
    { "\xe7\xaf\xb7", bitmap_2457 },  // 篷
    { "\xe7\xb0\x87", bitmap_2458 },  // 簇
    { "\xe7\xb0\xa7", bitmap_2459 },  // 簧
    { "\xe7\xb0\xb8", bitmap_2460 },  // 簸
    { "\xe7\xb0\xbf", bitmap_2461 },  // 簿
    { "\xe7\xb1\x8d", bitmap_2462 },  // 籍
    { "\xe7\xb1\xb3", bitmap_2463 },  // 米
    { "\xe7\xb1\xbb", bitmap_2464 },  // 类
    { "\xe7\xb1\xbd", bitmap_2465 },  // 籽
    { "\xe7\xb2\x89", bitmap_2466 },  // 粉
    { "\xe7\xb2\x92", bitmap_2467 },  // 粒
    { "\xe7\xb2\x97", bitmap_2468 },  // 粗
    { "\xe7\xb2\x98", bitmap_2469 },  // 粘
    { "\xe7\xb2\x9f", bitmap_2470 },  // 粟
    { "\xe7\xb2\xa4", bitmap_2471 },  // 粤
    { "\xe7\xb2\xa5", bitmap_2472 },  // 粥
    { "\xe7\xb2\xaa", bitmap_2473 },  // 粪
    { "\xe7\xb2\xae", bitmap_2474 },  // 粮
    { "\xe7\xb2\xb1", bitmap_2475 },  // 粱
    { "\xe7\xb2\xb9", bitmap_2476 },  // 粹
    { "\xe7\xb2\xbe", bitmap_2477 },  // 精
    { "\xe7\xb3\x8a", bitmap_2478 },  // 糊
    { "\xe7\xb3\x95", bitmap_2479 },  // 糕
    { "\xe7\xb3\x96", bitmap_2480 },  // 糖
    { "\xe7\xb3\x99", bitmap_2481 },  // 糙
    { "\xe7\xb3\x9f", bitmap_2482 },  // 糟
    { "\xe7\xb3\xa0", bitmap_2483 },  // 糠
    { "\xe7\xb3\xaf", bitmap_2484 },  // 糯
    { "\xe7\xb3\xbb", bitmap_2485 },  // 系
    { "\xe7\xb4\x8a", bitmap_2486 },  // 紊
    { "\xe7\xb4\xa0", bitmap_2487 },  // 素
    { "\xe7\xb4\xa2", bitmap_2488 },  // 索
    { "\xe7\xb4\xa7", bitmap_2489 },  // 紧
    { "\xe7\xb4\xab", bitmap_2490 },  // 紫
    { "\xe7\xb4\xaf", bitmap_2491 },  // 累
    { "\xe7\xb5\xae", bitmap_2492 },  // 絮
    { "\xe7\xb9\x81", bitmap_2493 },  // 繁
    { "\xe7\xba\xa0", bitmap_2494 },  // 纠
    { "\xe7\xba\xa2", bitmap_2495 },  // 红
    { "\xe7\xba\xa4", bitmap_2496 },  // 纤
    { "\xe7\xba\xa6", bitmap_2497 },  // 约
    { "\xe7\xba\xa7", bitmap_2498 },  // 级
    { "\xe7\xba\xaa", bitmap_2499 },  // 纪
    { "\xe7\xba\xab", bitmap_2500 },  // 纫
    { "\xe7\xba\xac", bitmap_2501 },  // 纬
    { "\xe7\xba\xaf", bitmap_2502 },  // 纯
    { "\xe7\xba\xb1", bitmap_2503 },  // 纱
    { "\xe7\xba\xb2", bitmap_2504 },  // 纲
    { "\xe7\xba\xb3", bitmap_2505 },  // 纳
    { "\xe7\xba\xb5", bitmap_2506 },  // 纵
    { "\xe7\xba\xb7", bitmap_2507 },  // 纷
    { "\xe7\xba\xb8", bitmap_2508 },  // 纸
    { "\xe7\xba\xb9", bitmap_2509 },  // 纹
    { "\xe7\xba\xba", bitmap_2510 },  // 纺
    { "\xe7\xba\xbd", bitmap_2511 },  // 纽
    { "\xe7\xba\xbf", bitmap_2512 },  // 线
    { "\xe7\xbb\x83", bitmap_2513 },  // 练
    { "\xe7\xbb\x84", bitmap_2514 },  // 组
    { "\xe7\xbb\x85", bitmap_2515 },  // 绅
    { "\xe7\xbb\x86", bitmap_2516 },  // 细
    { "\xe7\xbb\x87", bitmap_2517 },  // 织
    { "\xe7\xbb\x88", bitmap_2518 },  // 终
    { "\xe7\xbb\x8a", bitmap_2519 },  // 绊
    { "\xe7\xbb\x8d", bitmap_2520 },  // 绍
    { "\xe7\xbb\x8e", bitmap_2521 },  // 绎
    { "\xe7\xbb\x8f", bitmap_2522 },  // 经
    { "\xe7\xbb\x91", bitmap_2523 },  // 绑
    { "\xe7\xbb\x92", bitmap_2524 },  // 绒
    { "\xe7\xbb\x93", bitmap_2525 },  // 结
    { "\xe7\xbb\x95", bitmap_2526 },  // 绕
    { "\xe7\xbb\x98", bitmap_2527 },  // 绘
    { "\xe7\xbb\x99", bitmap_2528 },  // 给
    { "\xe7\xbb\x9a", bitmap_2529 },  // 绚
    { "\xe7\xbb\x9c", bitmap_2530 },  // 络
    { "\xe7\xbb\x9d", bitmap_2531 },  // 绝
    { "\xe7\xbb\x9e", bitmap_2532 },  // 绞
    { "\xe7\xbb\x9f", bitmap_2533 },  // 统
    { "\xe7\xbb\xa2", bitmap_2534 },  // 绢
    { "\xe7\xbb\xa3", bitmap_2535 },  // 绣
    { "\xe7\xbb\xa7", bitmap_2536 },  // 继
    { "\xe7\xbb\xa9", bitmap_2537 },  // 绩
    { "\xe7\xbb\xaa", bitmap_2538 },  // 绪
    { "\xe7\xbb\xad", bitmap_2539 },  // 续
    { "\xe7\xbb\xb0", bitmap_2540 },  // 绰
    { "\xe7\xbb\xb3", bitmap_2541 },  // 绳
    { "\xe7\xbb\xb4", bitmap_2542 },  // 维
    { "\xe7\xbb\xb5", bitmap_2543 },  // 绵
    { "\xe7\xbb\xb7", bitmap_2544 },  // 绷
    { "\xe7\xbb\xb8", bitmap_2545 },  // 绸
    { "\xe7\xbb\xbc", bitmap_2546 },  // 综
    { "\xe7\xbb\xbd", bitmap_2547 },  // 绽
    { "\xe7\xbb\xbf", bitmap_2548 },  // 绿
    { "\xe7\xbc\x80", bitmap_2549 },  // 缀
    { "\xe7\xbc\x85", bitmap_2550 },  // 缅
    { "\xe7\xbc\x86", bitmap_2551 },  // 缆
    { "\xe7\xbc\x89", bitmap_2552 },  // 缉
    { "\xe7\xbc\x8e", bitmap_2553 },  // 缎
    { "\xe7\xbc\x93", bitmap_2554 },  // 缓
    { "\xe7\xbc\x94", bitmap_2555 },  // 缔
    { "\xe7\xbc\x95", bitmap_2556 },  // 缕
    { "\xe7\xbc\x96", bitmap_2557 },  // 编
    { "\xe7\xbc\x98", bitmap_2558 },  // 缘
    { "\xe7\xbc\x9a", bitmap_2559 },  // 缚
    { "\xe7\xbc\x9d", bitmap_2560 },  // 缝
    { "\xe7\xbc\xa0", bitmap_2561 },  // 缠
    { "\xe7\xbc\xa4", bitmap_2562 },  // 缤
    { "\xe7\xbc\xa9", bitmap_2563 },  // 缩
    { "\xe7\xbc\xad", bitmap_2564 },  // 缭
    { "\xe7\xbc\xb0", bitmap_2565 },  // 缰
    { "\xe7\xbc\xb4", bitmap_2566 },  // 缴
    { "\xe7\xbc\xb8", bitmap_2567 },  // 缸
    { "\xe7\xbc\xba", bitmap_2568 },  // 缺
    { "\xe7\xbd\x90", bitmap_2569 },  // 罐
    { "\xe7\xbd\x91", bitmap_2570 },  // 网
    { "\xe7\xbd\x95", bitmap_2571 },  // 罕
    { "\xe7\xbd\x97", bitmap_2572 },  // 罗
    { "\xe7\xbd\x9a", bitmap_2573 },  // 罚
    { "\xe7\xbd\xa2", bitmap_2574 },  // 罢
    { "\xe7\xbd\xa9", bitmap_2575 },  // 罩
    { "\xe7\xbd\xaa", bitmap_2576 },  // 罪
    { "\xe7\xbd\xae", bitmap_2577 },  // 置
    { "\xe7\xbd\xb2", bitmap_2578 },  // 署
    { "\xe7\xbe\x8a", bitmap_2579 },  // 羊
    { "\xe7\xbe\x8e", bitmap_2580 },  // 美
    { "\xe7\xbe\x94", bitmap_2581 },  // 羔
    { "\xe7\xbe\x9a", bitmap_2582 },  // 羚
    { "\xe7\xbe\x9e", bitmap_2583 },  // 羞
    { "\xe7\xbe\xa1", bitmap_2584 },  // 羡
    { "\xe7\xbe\xa4", bitmap_2585 },  // 群
    { "\xe7\xbe\xb9", bitmap_2586 },  // 羹
    { "\xe7\xbe\xbd", bitmap_2587 },  // 羽
    { "\xe7\xbf\x81", bitmap_2588 },  // 翁
    { "\xe7\xbf\x85", bitmap_2589 },  // 翅
    { "\xe7\xbf\x94", bitmap_2590 },  // 翔
    { "\xe7\xbf\x98", bitmap_2591 },  // 翘
    { "\xe7\xbf\xa0", bitmap_2592 },  // 翠
    { "\xe7\xbf\xa9", bitmap_2593 },  // 翩
    { "\xe7\xbf\xb0", bitmap_2594 },  // 翰
    { "\xe7\xbf\xbb", bitmap_2595 },  // 翻
    { "\xe7\xbf\xbc", bitmap_2596 },  // 翼
    { "\xe8\x80\x80", bitmap_2597 },  // 耀
    { "\xe8\x80\x81", bitmap_2598 },  // 老
    { "\xe8\x80\x83", bitmap_2599 },  // 考
    { "\xe8\x80\x85", bitmap_2600 },  // 者
    { "\xe8\x80\x8c", bitmap_2601 },  // 而
    { "\xe8\x80\x8d", bitmap_2602 },  // 耍
    { "\xe8\x80\x90", bitmap_2603 },  // 耐
    { "\xe8\x80\x95", bitmap_2604 },  // 耕
    { "\xe8\x80\x97", bitmap_2605 },  // 耗
    { "\xe8\x80\x98", bitmap_2606 },  // 耘
    { "\xe8\x80\x99", bitmap_2607 },  // 耙
    { "\xe8\x80\xb3", bitmap_2608 },  // 耳
    { "\xe8\x80\xb8", bitmap_2609 },  // 耸
    { "\xe8\x80\xbb", bitmap_2610 },  // 耻
    { "\xe8\x80\xbd", bitmap_2611 },  // 耽
    { "\xe8\x80\xbf", bitmap_2612 },  // 耿
    { "\xe8\x81\x82", bitmap_2613 },  // 聂
    { "\xe8\x81\x86", bitmap_2614 },  // 聆
    { "\xe8\x81\x8a", bitmap_2615 },  // 聊
    { "\xe8\x81\x8b", bitmap_2616 },  // 聋
    { "\xe8\x81\x8c", bitmap_2617 },  // 职
    { "\xe8\x81\x94", bitmap_2618 },  // 联
    { "\xe8\x81\x98", bitmap_2619 },  // 聘
    { "\xe8\x81\x9a", bitmap_2620 },  // 聚
    { "\xe8\x81\xaa", bitmap_2621 },  // 聪
    { "\xe8\x82\x83", bitmap_2622 },  // 肃
    { "\xe8\x82\x86", bitmap_2623 },  // 肆
    { "\xe8\x82\x87", bitmap_2624 },  // 肇
    { "\xe8\x82\x89", bitmap_2625 },  // 肉
    { "\xe8\x82\x8b", bitmap_2626 },  // 肋
    { "\xe8\x82\x8c", bitmap_2627 },  // 肌
    { "\xe8\x82\x96", bitmap_2628 },  // 肖
    { "\xe8\x82\x98", bitmap_2629 },  // 肘
    { "\xe8\x82\x9a", bitmap_2630 },  // 肚
    { "\xe8\x82\x9b", bitmap_2631 },  // 肛
    { "\xe8\x82\x9d", bitmap_2632 },  // 肝
    { "\xe8\x82\xa0", bitmap_2633 },  // 肠
    { "\xe8\x82\xa1", bitmap_2634 },  // 股
    { "\xe8\x82\xa2", bitmap_2635 },  // 肢
    { "\xe8\x82\xa4", bitmap_2636 },  // 肤
    { "\xe8\x82\xa5", bitmap_2637 },  // 肥
    { "\xe8\x82\xa9", bitmap_2638 },  // 肩
    { "\xe8\x82\xaa", bitmap_2639 },  // 肪
    { "\xe8\x82\xae", bitmap_2640 },  // 肮
    { "\xe8\x82\xaf", bitmap_2641 },  // 肯
    { "\xe8\x82\xb2", bitmap_2642 },  // 育
    { "\xe8\x82\xb4", bitmap_2643 },  // 肴
    { "\xe8\x82\xba", bitmap_2644 },  // 肺
    { "\xe8\x82\xbe", bitmap_2645 },  // 肾
    { "\xe8\x82\xbf", bitmap_2646 },  // 肿
    { "\xe8\x83\x80", bitmap_2647 },  // 胀
    { "\xe8\x83\x81", bitmap_2648 },  // 胁
    { "\xe8\x83\x83", bitmap_2649 },  // 胃
    { "\xe8\x83\x86", bitmap_2650 },  // 胆
    { "\xe8\x83\x8c", bitmap_2651 },  // 背
    { "\xe8\x83\x8e", bitmap_2652 },  // 胎
    { "\xe8\x83\x96", bitmap_2653 },  // 胖
    { "\xe8\x83\x9a", bitmap_2654 },  // 胚
    { "\xe8\x83\x9c", bitmap_2655 },  // 胜
    { "\xe8\x83\x9e", bitmap_2656 },  // 胞
    { "\xe8\x83\xa1", bitmap_2657 },  // 胡
    { "\xe8\x83\xa7", bitmap_2658 },  // 胧
    { "\xe8\x83\xb0", bitmap_2659 },  // 胰
    { "\xe8\x83\xb3", bitmap_2660 },  // 胳
    { "\xe8\x83\xb6", bitmap_2661 },  // 胶
    { "\xe8\x83\xb8", bitmap_2662 },  // 胸
    { "\xe8\x83\xbd", bitmap_2663 },  // 能
    { "\xe8\x84\x82", bitmap_2664 },  // 脂
    { "\xe8\x84\x86", bitmap_2665 },  // 脆
    { "\xe8\x84\x89", bitmap_2666 },  // 脉
    { "\xe8\x84\x8a", bitmap_2667 },  // 脊
    { "\xe8\x84\x8f", bitmap_2668 },  // 脏
    { "\xe8\x84\x90", bitmap_2669 },  // 脐
    { "\xe8\x84\x91", bitmap_2670 },  // 脑
    { "\xe8\x84\x93", bitmap_2671 },  // 脓
    { "\xe8\x84\x96", bitmap_2672 },  // 脖
    { "\xe8\x84\x9a", bitmap_2673 },  // 脚
    { "\xe8\x84\xaf", bitmap_2674 },  // 脯
    { "\xe8\x84\xb1", bitmap_2675 },  // 脱
    { "\xe8\x84\xb8", bitmap_2676 },  // 脸
    { "\xe8\x84\xbe", bitmap_2677 },  // 脾
    { "\xe8\x85\x8a", bitmap_2678 },  // 腊
    { "\xe8\x85\x8b", bitmap_2679 },  // 腋
    { "\xe8\x85\x90", bitmap_2680 },  // 腐
    { "\xe8\x85\x94", bitmap_2681 },  // 腔
    { "\xe8\x85\x95", bitmap_2682 },  // 腕
    { "\xe8\x85\xa5", bitmap_2683 },  // 腥
    { "\xe8\x85\xae", bitmap_2684 },  // 腮
    { "\xe8\x85\xb0", bitmap_2685 },  // 腰
    { "\xe8\x85\xb9", bitmap_2686 },  // 腹
    { "\xe8\x85\xba", bitmap_2687 },  // 腺
    { "\xe8\x85\xbb", bitmap_2688 },  // 腻
    { "\xe8\x85\xbe", bitmap_2689 },  // 腾
    { "\xe8\x85\xbf", bitmap_2690 },  // 腿
    { "\xe8\x86\x80", bitmap_2691 },  // 膀
    { "\xe8\x86\x8a", bitmap_2692 },  // 膊
    { "\xe8\x86\x8f", bitmap_2693 },  // 膏
    { "\xe8\x86\x9b", bitmap_2694 },  // 膛
    { "\xe8\x86\x9c", bitmap_2695 },  // 膜
    { "\xe8\x86\x9d", bitmap_2696 },  // 膝
    { "\xe8\x86\xa8", bitmap_2697 },  // 膨
    { "\xe8\x87\x80", bitmap_2698 },  // 臀
    { "\xe8\x87\x82", bitmap_2699 },  // 臂
    { "\xe8\x87\x8a", bitmap_2700 },  // 臊
    { "\xe8\x87\xa3", bitmap_2701 },  // 臣
    { "\xe8\x87\xaa", bitmap_2702 },  // 自
    { "\xe8\x87\xad", bitmap_2703 },  // 臭
    { "\xe8\x87\xb3", bitmap_2704 },  // 至
    { "\xe8\x87\xb4", bitmap_2705 },  // 致
    { "\xe8\x87\xbc", bitmap_2706 },  // 臼
    { "\xe8\x88\x80", bitmap_2707 },  // 舀
    { "\xe8\x88\x85", bitmap_2708 },  // 舅
    { "\xe8\x88\x86", bitmap_2709 },  // 舆
    { "\xe8\x88\x8c", bitmap_2710 },  // 舌
    { "\xe8\x88\x8d", bitmap_2711 },  // 舍
    { "\xe8\x88\x92", bitmap_2712 },  // 舒
    { "\xe8\x88\x94", bitmap_2713 },  // 舔
    { "\xe8\x88\x9e", bitmap_2714 },  // 舞
    { "\xe8\x88\x9f", bitmap_2715 },  // 舟
    { "\xe8\x88\xaa", bitmap_2716 },  // 航
    { "\xe8\x88\xac", bitmap_2717 },  // 般
    { "\xe8\x88\xb0", bitmap_2718 },  // 舰
    { "\xe8\x88\xb1", bitmap_2719 },  // 舱
    { "\xe8\x88\xb5", bitmap_2720 },  // 舵
    { "\xe8\x88\xb6", bitmap_2721 },  // 舶
    { "\xe8\x88\xb9", bitmap_2722 },  // 船
    { "\xe8\x89\x87", bitmap_2723 },  // 艇
    { "\xe8\x89\x98", bitmap_2724 },  // 艘
    { "\xe8\x89\xaf", bitmap_2725 },  // 良
    { "\xe8\x89\xb0", bitmap_2726 },  // 艰
    { "\xe8\x89\xb2", bitmap_2727 },  // 色
    { "\xe8\x89\xb3", bitmap_2728 },  // 艳
    { "\xe8\x89\xba", bitmap_2729 },  // 艺
    { "\xe8\x89\xbe", bitmap_2730 },  // 艾
    { "\xe8\x8a\x82", bitmap_2731 },  // 节
    { "\xe8\x8a\x8b", bitmap_2732 },  // 芋
    { "\xe8\x8a\x92", bitmap_2733 },  // 芒
    { "\xe8\x8a\x99", bitmap_2734 },  // 芙
    { "\xe8\x8a\x9c", bitmap_2735 },  // 芜
    { "\xe8\x8a\x9d", bitmap_2736 },  // 芝
    { "\xe8\x8a\xa5", bitmap_2737 },  // 芥
    { "\xe8\x8a\xa6", bitmap_2738 },  // 芦
    { "\xe8\x8a\xac", bitmap_2739 },  // 芬
    { "\xe8\x8a\xad", bitmap_2740 },  // 芭
    { "\xe8\x8a\xaf", bitmap_2741 },  // 芯
    { "\xe8\x8a\xb1", bitmap_2742 },  // 花
    { "\xe8\x8a\xb3", bitmap_2743 },  // 芳
    { "\xe8\x8a\xb9", bitmap_2744 },  // 芹
    { "\xe8\x8a\xbd", bitmap_2745 },  // 芽
    { "\xe8\x8b\x87", bitmap_2746 },  // 苇
    { "\xe8\x8b\x8d", bitmap_2747 },  // 苍
    { "\xe8\x8b\x8f", bitmap_2748 },  // 苏
    { "\xe8\x8b\x91", bitmap_2749 },  // 苑
    { "\xe8\x8b\x94", bitmap_2750 },  // 苔
    { "\xe8\x8b\x97", bitmap_2751 },  // 苗
    { "\xe8\x8b\x9b", bitmap_2752 },  // 苛
    { "\xe8\x8b\x9e", bitmap_2753 },  // 苞
    { "\xe8\x8b\x9f", bitmap_2754 },  // 苟
    { "\xe8\x8b\xa5", bitmap_2755 },  // 若
    { "\xe8\x8b\xa6", bitmap_2756 },  // 苦
    { "\xe8\x8b\xb1", bitmap_2757 },  // 英
    { "\xe8\x8b\xb9", bitmap_2758 },  // 苹
    { "\xe8\x8c\x81", bitmap_2759 },  // 茁
    { "\xe8\x8c\x82", bitmap_2760 },  // 茂
    { "\xe8\x8c\x83", bitmap_2761 },  // 范
    { "\xe8\x8c\x84", bitmap_2762 },  // 茄
    { "\xe8\x8c\x85", bitmap_2763 },  // 茅
    { "\xe8\x8c\x89", bitmap_2764 },  // 茉
    { "\xe8\x8c\x8e", bitmap_2765 },  // 茎
    { "\xe8\x8c\xa7", bitmap_2766 },  // 茧
    { "\xe8\x8c\xab", bitmap_2767 },  // 茫
    { "\xe8\x8c\xac", bitmap_2768 },  // 茬
    { "\xe8\x8c\xb5", bitmap_2769 },  // 茵
    { "\xe8\x8c\xb6", bitmap_2770 },  // 茶
    { "\xe8\x8c\xb8", bitmap_2771 },  // 茸
    { "\xe8\x8d\x86", bitmap_2772 },  // 荆
    { "\xe8\x8d\x89", bitmap_2773 },  // 草
    { "\xe8\x8d\x90", bitmap_2774 },  // 荐
    { "\xe8\x8d\x92", bitmap_2775 },  // 荒
    { "\xe8\x8d\x94", bitmap_2776 },  // 荔
    { "\xe8\x8d\xa1", bitmap_2777 },  // 荡
    { "\xe8\x8d\xa3", bitmap_2778 },  // 荣
    { "\xe8\x8d\xa4", bitmap_2779 },  // 荤
    { "\xe8\x8d\xa7", bitmap_2780 },  // 荧
    { "\xe8\x8d\xab", bitmap_2781 },  // 荫
    { "\xe8\x8d\xaf", bitmap_2782 },  // 药
    { "\xe8\x8d\xb7", bitmap_2783 },  // 荷
    { "\xe8\x8e\x89", bitmap_2784 },  // 莉
    { "\xe8\x8e\xab", bitmap_2785 },  // 莫
    { "\xe8\x8e\xb1", bitmap_2786 },  // 莱
    { "\xe8\x8e\xb2", bitmap_2787 },  // 莲
    { "\xe8\x8e\xb7", bitmap_2788 },  // 获
    { "\xe8\x8e\xb9", bitmap_2789 },  // 莹
    { "\xe8\x8e\xba", bitmap_2790 },  // 莺
    { "\xe8\x8e\xbd", bitmap_2791 },  // 莽
    { "\xe8\x8f\x87", bitmap_2792 },  // 菇
    { "\xe8\x8f\x8a", bitmap_2793 },  // 菊
    { "\xe8\x8f\x8c", bitmap_2794 },  // 菌
    { "\xe8\x8f\x9c", bitmap_2795 },  // 菜
    { "\xe8\x8f\xa0", bitmap_2796 },  // 菠
    { "\xe8\x8f\xa9", bitmap_2797 },  // 菩
    { "\xe8\x8f\xb1", bitmap_2798 },  // 菱
    { "\xe8\x8f\xb2", bitmap_2799 },  // 菲
    { "\xe8\x90\x84", bitmap_2800 },  // 萄
    { "\xe8\x90\x8c", bitmap_2801 },  // 萌
    { "\xe8\x90\x8d", bitmap_2802 },  // 萍
    { "\xe8\x90\x8e", bitmap_2803 },  // 萎
    { "\xe8\x90\x9d", bitmap_2804 },  // 萝
    { "\xe8\x90\xa4", bitmap_2805 },  // 萤
    { "\xe8\x90\xa5", bitmap_2806 },  // 营
    { "\xe8\x90\xa7", bitmap_2807 },  // 萧
    { "\xe8\x90\xa8", bitmap_2808 },  // 萨
    { "\xe8\x90\xbd", bitmap_2809 },  // 落
    { "\xe8\x91\x97", bitmap_2810 },  // 著
    { "\xe8\x91\x9b", bitmap_2811 },  // 葛
    { "\xe8\x91\xa1", bitmap_2812 },  // 葡
    { "\xe8\x91\xa3", bitmap_2813 },  // 董
    { "\xe8\x91\xab", bitmap_2814 },  // 葫
    { "\xe8\x91\xac", bitmap_2815 },  // 葬
    { "\xe8\x91\xb1", bitmap_2816 },  // 葱
    { "\xe8\x91\xb5", bitmap_2817 },  // 葵
    { "\xe8\x92\x82", bitmap_2818 },  // 蒂
    { "\xe8\x92\x8b", bitmap_2819 },  // 蒋
    { "\xe8\x92\x99", bitmap_2820 },  // 蒙
    { "\xe8\x92\x9c", bitmap_2821 },  // 蒜
    { "\xe8\x92\xb2", bitmap_2822 },  // 蒲
    { "\xe8\x92\xb8", bitmap_2823 },  // 蒸
    { "\xe8\x93\x84", bitmap_2824 },  // 蓄
    { "\xe8\x93\x89", bitmap_2825 },  // 蓉
    { "\xe8\x93\x9d", bitmap_2826 },  // 蓝
    { "\xe8\x93\xac", bitmap_2827 },  // 蓬
    { "\xe8\x94\x91", bitmap_2828 },  // 蔑
    { "\xe8\x94\x93", bitmap_2829 },  // 蔓
    { "\xe8\x94\x97", bitmap_2830 },  // 蔗
    { "\xe8\x94\x9a", bitmap_2831 },  // 蔚
    { "\xe8\x94\xa1", bitmap_2832 },  // 蔡
    { "\xe8\x94\xac", bitmap_2833 },  // 蔬
    { "\xe8\x94\xbc", bitmap_2834 },  // 蔼
    { "\xe8\x94\xbd", bitmap_2835 },  // 蔽
    { "\xe8\x95\x89", bitmap_2836 },  // 蕉
    { "\xe8\x95\x8a", bitmap_2837 },  // 蕊
    { "\xe8\x95\xb4", bitmap_2838 },  // 蕴
    { "\xe8\x95\xbe", bitmap_2839 },  // 蕾
    { "\xe8\x96\x84", bitmap_2840 },  // 薄
    { "\xe8\x96\x87", bitmap_2841 },  // 薇
    { "\xe8\x96\x9b", bitmap_2842 },  // 薛
    { "\xe8\x96\xaa", bitmap_2843 },  // 薪
    { "\xe8\x96\xaf", bitmap_2844 },  // 薯
    { "\xe8\x97\x89", bitmap_2845 },  // 藉
    { "\xe8\x97\x8f", bitmap_2846 },  // 藏
    { "\xe8\x97\x90", bitmap_2847 },  // 藐
    { "\xe8\x97\x95", bitmap_2848 },  // 藕
    { "\xe8\x97\xa4", bitmap_2849 },  // 藤
    { "\xe8\x97\xbb", bitmap_2850 },  // 藻
    { "\xe8\x98\x91", bitmap_2851 },  // 蘑
    { "\xe8\x99\x8e", bitmap_2852 },  // 虎
    { "\xe8\x99\x8f", bitmap_2853 },  // 虏
    { "\xe8\x99\x90", bitmap_2854 },  // 虐
    { "\xe8\x99\x91", bitmap_2855 },  // 虑
    { "\xe8\x99\x9a", bitmap_2856 },  // 虚
    { "\xe8\x99\xab", bitmap_2857 },  // 虫
    { "\xe8\x99\xb9", bitmap_2858 },  // 虹
    { "\xe8\x99\xbd", bitmap_2859 },  // 虽
    { "\xe8\x99\xbe", bitmap_2860 },  // 虾
    { "\xe8\x9a\x80", bitmap_2861 },  // 蚀
    { "\xe8\x9a\x81", bitmap_2862 },  // 蚁
    { "\xe8\x9a\x82", bitmap_2863 },  // 蚂
    { "\xe8\x9a\x8a", bitmap_2864 },  // 蚊
    { "\xe8\x9a\x8c", bitmap_2865 },  // 蚌
    { "\xe8\x9a\x93", bitmap_2866 },  // 蚓
    { "\xe8\x9a\x95", bitmap_2867 },  // 蚕
    { "\xe8\x9a\xa3", bitmap_2868 },  // 蚣
    { "\xe8\x9a\xa4", bitmap_2869 },  // 蚤
    { "\xe8\x9a\xaa", bitmap_2870 },  // 蚪
    { "\xe8\x9a\xaf", bitmap_2871 },  // 蚯
    { "\xe8\x9b\x80", bitmap_2872 },  // 蛀
    { "\xe8\x9b\x87", bitmap_2873 },  // 蛇
    { "\xe8\x9b\x8b", bitmap_2874 },  // 蛋
    { "\xe8\x9b\x99", bitmap_2875 },  // 蛙
    { "\xe8\x9b\x9b", bitmap_2876 },  // 蛛
    { "\xe8\x9b\xa4", bitmap_2877 },  // 蛤
    { "\xe8\x9b\xae", bitmap_2878 },  // 蛮
    { "\xe8\x9b\xbe", bitmap_2879 },  // 蛾
    { "\xe8\x9c\x80", bitmap_2880 },  // 蜀
    { "\xe8\x9c\x82", bitmap_2881 },  // 蜂
    { "\xe8\x9c\x88", bitmap_2882 },  // 蜈
    { "\xe8\x9c\x92", bitmap_2883 },  // 蜒
    { "\xe8\x9c\x93", bitmap_2884 },  // 蜓
    { "\xe8\x9c\x95", bitmap_2885 },  // 蜕
    { "\xe8\x9c\x97", bitmap_2886 },  // 蜗
    { "\xe8\x9c\x98", bitmap_2887 },  // 蜘
    { "\xe8\x9c\x9c", bitmap_2888 },  // 蜜
    { "\xe8\x9c\xa1", bitmap_2889 },  // 蜡
    { "\xe8\x9c\xbb", bitmap_2890 },  // 蜻
    { "\xe8\x9d\x87", bitmap_2891 },  // 蝇
    { "\xe8\x9d\x89", bitmap_2892 },  // 蝉
    { "\xe8\x9d\x8c", bitmap_2893 },  // 蝌
    { "\xe8\x9d\x8e", bitmap_2894 },  // 蝎
    { "\xe8\x9d\x97", bitmap_2895 },  // 蝗
    { "\xe8\x9d\x99", bitmap_2896 },  // 蝙
    { "\xe8\x9d\xa0", bitmap_2897 },  // 蝠
    { "\xe8\x9d\xb4", bitmap_2898 },  // 蝴
    { "\xe8\x9d\xb6", bitmap_2899 },  // 蝶
    { "\xe8\x9e\x83", bitmap_2900 },  // 螃
    { "\xe8\x9e\x8d", bitmap_2901 },  // 融
    { "\xe8\x9e\xba", bitmap_2902 },  // 螺
    { "\xe8\x9f\x80", bitmap_2903 },  // 蟀
    { "\xe8\x9f\x86", bitmap_2904 },  // 蟆
    { "\xe8\x9f\x8b", bitmap_2905 },  // 蟋
    { "\xe8\x9f\xb9", bitmap_2906 },  // 蟹
    { "\xe8\xa0\x95", bitmap_2907 },  // 蠕
    { "\xe8\xa0\xa2", bitmap_2908 },  // 蠢
    { "\xe8\xa1\x80", bitmap_2909 },  // 血
    { "\xe8\xa1\x85", bitmap_2910 },  // 衅
    { "\xe8\xa1\x8c", bitmap_2911 },  // 行
    { "\xe8\xa1\x8d", bitmap_2912 },  // 衍
    { "\xe8\xa1\x94", bitmap_2913 },  // 衔
    { "\xe8\xa1\x97", bitmap_2914 },  // 街
    { "\xe8\xa1\x99", bitmap_2915 },  // 衙
    { "\xe8\xa1\xa1", bitmap_2916 },  // 衡
    { "\xe8\xa1\xa3", bitmap_2917 },  // 衣
    { "\xe8\xa1\xa5", bitmap_2918 },  // 补
    { "\xe8\xa1\xa8", bitmap_2919 },  // 表
    { "\xe8\xa1\xab", bitmap_2920 },  // 衫
    { "\xe8\xa1\xac", bitmap_2921 },  // 衬
    { "\xe8\xa1\xb0", bitmap_2922 },  // 衰
    { "\xe8\xa1\xb7", bitmap_2923 },  // 衷
    { "\xe8\xa2\x81", bitmap_2924 },  // 袁
    { "\xe8\xa2\x84", bitmap_2925 },  // 袄
    { "\xe8\xa2\x8b", bitmap_2926 },  // 袋
    { "\xe8\xa2\x8d", bitmap_2927 },  // 袍
    { "\xe8\xa2\x96", bitmap_2928 },  // 袖
    { "\xe8\xa2\x9c", bitmap_2929 },  // 袜
    { "\xe8\xa2\xab", bitmap_2930 },  // 被
    { "\xe8\xa2\xad", bitmap_2931 },  // 袭
    { "\xe8\xa2\xb1", bitmap_2932 },  // 袱
    { "\xe8\xa3\x81", bitmap_2933 },  // 裁
    { "\xe8\xa3\x82", bitmap_2934 },  // 裂
    { "\xe8\xa3\x85", bitmap_2935 },  // 装
    { "\xe8\xa3\x95", bitmap_2936 },  // 裕
    { "\xe8\xa3\x99", bitmap_2937 },  // 裙
    { "\xe8\xa3\xa4", bitmap_2938 },  // 裤
    { "\xe8\xa3\xb3", bitmap_2939 },  // 裳
    { "\xe8\xa3\xb8", bitmap_2940 },  // 裸
    { "\xe8\xa3\xb9", bitmap_2941 },  // 裹
    { "\xe8\xa4\x82", bitmap_2942 },  // 褂
    { "\xe8\xa4\x90", bitmap_2943 },  // 褐
    { "\xe8\xa4\x92", bitmap_2944 },  // 褒
    { "\xe8\xa4\xa5", bitmap_2945 },  // 褥
    { "\xe8\xa4\xaa", bitmap_2946 },  // 褪
    { "\xe8\xa5\x9f", bitmap_2947 },  // 襟
    { "\xe8\xa5\xbf", bitmap_2948 },  // 西
    { "\xe8\xa6\x81", bitmap_2949 },  // 要
    { "\xe8\xa6\x86", bitmap_2950 },  // 覆
    { "\xe8\xa7\x81", bitmap_2951 },  // 见
    { "\xe8\xa7\x82", bitmap_2952 },  // 观
    { "\xe8\xa7\x84", bitmap_2953 },  // 规
    { "\xe8\xa7\x85", bitmap_2954 },  // 觅
    { "\xe8\xa7\x86", bitmap_2955 },  // 视
    { "\xe8\xa7\x88", bitmap_2956 },  // 览
    { "\xe8\xa7\x89", bitmap_2957 },  // 觉
    { "\xe8\xa7\x92", bitmap_2958 },  // 角
    { "\xe8\xa7\xa3", bitmap_2959 },  // 解
    { "\xe8\xa7\xa6", bitmap_2960 },  // 触
    { "\xe8\xa8\x80", bitmap_2961 },  // 言
    { "\xe8\xaa\x89", bitmap_2962 },  // 誉
    { "\xe8\xaa\x8a", bitmap_2963 },  // 誊
    { "\xe8\xaa\x93", bitmap_2964 },  // 誓
    { "\xe8\xad\xa6", bitmap_2965 },  // 警
    { "\xe8\xad\xac", bitmap_2966 },  // 譬
    { "\xe8\xae\xa1", bitmap_2967 },  // 计
    { "\xe8\xae\xa2", bitmap_2968 },  // 订
    { "\xe8\xae\xa4", bitmap_2969 },  // 认
    { "\xe8\xae\xa5", bitmap_2970 },  // 讥
    { "\xe8\xae\xa8", bitmap_2971 },  // 讨
    { "\xe8\xae\xa9", bitmap_2972 },  // 让
    { "\xe8\xae\xad", bitmap_2973 },  // 训
    { "\xe8\xae\xae", bitmap_2974 },  // 议
    { "\xe8\xae\xaf", bitmap_2975 },  // 讯
    { "\xe8\xae\xb0", bitmap_2976 },  // 记
    { "\xe8\xae\xb2", bitmap_2977 },  // 讲
    { "\xe8\xae\xb3", bitmap_2978 },  // 讳
    { "\xe8\xae\xb6", bitmap_2979 },  // 讶
    { "\xe8\xae\xb8", bitmap_2980 },  // 许
    { "\xe8\xae\xb9", bitmap_2981 },  // 讹
    { "\xe8\xae\xba", bitmap_2982 },  // 论
    { "\xe8\xae\xbc", bitmap_2983 },  // 讼
    { "\xe8\xae\xbd", bitmap_2984 },  // 讽
    { "\xe8\xae\xbe", bitmap_2985 },  // 设
    { "\xe8\xae\xbf", bitmap_2986 },  // 访
    { "\xe8\xaf\x80", bitmap_2987 },  // 诀
    { "\xe8\xaf\x81", bitmap_2988 },  // 证
    { "\xe8\xaf\x84", bitmap_2989 },  // 评
    { "\xe8\xaf\x86", bitmap_2990 },  // 识
    { "\xe8\xaf\x88", bitmap_2991 },  // 诈
    { "\xe8\xaf\x89", bitmap_2992 },  // 诉
    { "\xe8\xaf\x8a", bitmap_2993 },  // 诊
    { "\xe8\xaf\x8d", bitmap_2994 },  // 词
    { "\xe8\xaf\x91", bitmap_2995 },  // 译
    { "\xe8\xaf\x95", bitmap_2996 },  // 试
    { "\xe8\xaf\x97", bitmap_2997 },  // 诗
    { "\xe8\xaf\x9a", bitmap_2998 },  // 诚
    { "\xe8\xaf\x9d", bitmap_2999 },  // 话
    { "\xe8\xaf\x9e", bitmap_3000 },  // 诞
    { "\xe8\xaf\xa1", bitmap_3001 },  // 诡
    { "\xe8\xaf\xa2", bitmap_3002 },  // 询
    { "\xe8\xaf\xa5", bitmap_3003 },  // 该
    { "\xe8\xaf\xa6", bitmap_3004 },  // 详
    { "\xe8\xaf\xab", bitmap_3005 },  // 诫
    { "\xe8\xaf\xac", bitmap_3006 },  // 诬
    { "\xe8\xaf\xad", bitmap_3007 },  // 语
    { "\xe8\xaf\xaf", bitmap_3008 },  // 误
    { "\xe8\xaf\xb1", bitmap_3009 },  // 诱
    { "\xe8\xaf\xb2", bitmap_3010 },  // 诲
    { "\xe8\xaf\xb4", bitmap_3011 },  // 说
    { "\xe8\xaf\xb5", bitmap_3012 },  // 诵
    { "\xe8\xaf\xb7", bitmap_3013 },  // 请
    { "\xe8\xaf\xb8", bitmap_3014 },  // 诸
    { "\xe8\xaf\xba", bitmap_3015 },  // 诺
    { "\xe8\xaf\xbb", bitmap_3016 },  // 读
    { "\xe8\xaf\xbd", bitmap_3017 },  // 诽
    { "\xe8\xaf\xbe", bitmap_3018 },  // 课
    { "\xe8\xb0\x81", bitmap_3019 },  // 谁
    { "\xe8\xb0\x83", bitmap_3020 },  // 调
    { "\xe8\xb0\x85", bitmap_3021 },  // 谅
    { "\xe8\xb0\x86", bitmap_3022 },  // 谆
    { "\xe8\xb0\x88", bitmap_3023 },  // 谈
    { "\xe8\xb0\x8a", bitmap_3024 },  // 谊
    { "\xe8\xb0\x8b", bitmap_3025 },  // 谋
    { "\xe8\xb0\x8d", bitmap_3026 },  // 谍
    { "\xe8\xb0\x8e", bitmap_3027 },  // 谎
    { "\xe8\xb0\x90", bitmap_3028 },  // 谐
    { "\xe8\xb0\x93", bitmap_3029 },  // 谓
    { "\xe8\xb0\x9a", bitmap_3030 },  // 谚
    { "\xe8\xb0\x9c", bitmap_3031 },  // 谜
    { "\xe8\xb0\xa2", bitmap_3032 },  // 谢
    { "\xe8\xb0\xa3", bitmap_3033 },  // 谣
    { "\xe8\xb0\xa4", bitmap_3034 },  // 谤
    { "\xe8\xb0\xa6", bitmap_3035 },  // 谦
    { "\xe8\xb0\xa8", bitmap_3036 },  // 谨
    { "\xe8\xb0\xac", bitmap_3037 },  // 谬
    { "\xe8\xb0\xad", bitmap_3038 },  // 谭
    { "\xe8\xb0\xb1", bitmap_3039 },  // 谱
    { "\xe8\xb0\xb4", bitmap_3040 },  // 谴
    { "\xe8\xb0\xb7", bitmap_3041 },  // 谷
    { "\xe8\xb1\x81", bitmap_3042 },  // 豁
    { "\xe8\xb1\x86", bitmap_3043 },  // 豆
    { "\xe8\xb1\x8c", bitmap_3044 },  // 豌
    { "\xe8\xb1\x9a", bitmap_3045 },  // 豚
    { "\xe8\xb1\xa1", bitmap_3046 },  // 象
    { "\xe8\xb1\xaa", bitmap_3047 },  // 豪
    { "\xe8\xb1\xab", bitmap_3048 },  // 豫
    { "\xe8\xb1\xb9", bitmap_3049 },  // 豹
    { "\xe8\xb1\xba", bitmap_3050 },  // 豺
    { "\xe8\xb2\x8c", bitmap_3051 },  // 貌
    { "\xe8\xb4\x9d", bitmap_3052 },  // 贝
    { "\xe8\xb4\x9e", bitmap_3053 },  // 贞
    { "\xe8\xb4\x9f", bitmap_3054 },  // 负
    { "\xe8\xb4\xa1", bitmap_3055 },  // 贡
    { "\xe8\xb4\xa2", bitmap_3056 },  // 财
    { "\xe8\xb4\xa3", bitmap_3057 },  // 责
    { "\xe8\xb4\xa4", bitmap_3058 },  // 贤
    { "\xe8\xb4\xa5", bitmap_3059 },  // 败
    { "\xe8\xb4\xa6", bitmap_3060 },  // 账
    { "\xe8\xb4\xa7", bitmap_3061 },  // 货
    { "\xe8\xb4\xa8", bitmap_3062 },  // 质
    { "\xe8\xb4\xa9", bitmap_3063 },  // 贩
    { "\xe8\xb4\xaa", bitmap_3064 },  // 贪
    { "\xe8\xb4\xab", bitmap_3065 },  // 贫
    { "\xe8\xb4\xac", bitmap_3066 },  // 贬
    { "\xe8\xb4\xad", bitmap_3067 },  // 购
    { "\xe8\xb4\xae", bitmap_3068 },  // 贮
    { "\xe8\xb4\xaf", bitmap_3069 },  // 贯
    { "\xe8\xb4\xb0", bitmap_3070 },  // 贰
    { "\xe8\xb4\xb1", bitmap_3071 },  // 贱
    { "\xe8\xb4\xb4", bitmap_3072 },  // 贴
    { "\xe8\xb4\xb5", bitmap_3073 },  // 贵
    { "\xe8\xb4\xb7", bitmap_3074 },  // 贷
    { "\xe8\xb4\xb8", bitmap_3075 },  // 贸
    { "\xe8\xb4\xb9", bitmap_3076 },  // 费
    { "\xe8\xb4\xba", bitmap_3077 },  // 贺
    { "\xe8\xb4\xbb", bitmap_3078 },  // 贻
    { "\xe8\xb4\xbc", bitmap_3079 },  // 贼
    { "\xe8\xb4\xbe", bitmap_3080 },  // 贾
    { "\xe8\xb4\xbf", bitmap_3081 },  // 贿
    { "\xe8\xb5\x81", bitmap_3082 },  // 赁
    { "\xe8\xb5\x82", bitmap_3083 },  // 赂
    { "\xe8\xb5\x83", bitmap_3084 },  // 赃
    { "\xe8\xb5\x84", bitmap_3085 },  // 资
    { "\xe8\xb5\x8b", bitmap_3086 },  // 赋
    { "\xe8\xb5\x8c", bitmap_3087 },  // 赌
    { "\xe8\xb5\x8e", bitmap_3088 },  // 赎
    { "\xe8\xb5\x8f", bitmap_3089 },  // 赏
    { "\xe8\xb5\x90", bitmap_3090 },  // 赐
    { "\xe8\xb5\x94", bitmap_3091 },  // 赔
    { "\xe8\xb5\x96", bitmap_3092 },  // 赖
    { "\xe8\xb5\x98", bitmap_3093 },  // 赘
    { "\xe8\xb5\x9a", bitmap_3094 },  // 赚
    { "\xe8\xb5\x9b", bitmap_3095 },  // 赛
    { "\xe8\xb5\x9e", bitmap_3096 },  // 赞
    { "\xe8\xb5\xa0", bitmap_3097 },  // 赠
    { "\xe8\xb5\xa1", bitmap_3098 },  // 赡
    { "\xe8\xb5\xa2", bitmap_3099 },  // 赢
    { "\xe8\xb5\xa3", bitmap_3100 },  // 赣
    { "\xe8\xb5\xa4", bitmap_3101 },  // 赤
    { "\xe8\xb5\xa6", bitmap_3102 },  // 赦
    { "\xe8\xb5\xab", bitmap_3103 },  // 赫
    { "\xe8\xb5\xb0", bitmap_3104 },  // 走
    { "\xe8\xb5\xb4", bitmap_3105 },  // 赴
    { "\xe8\xb5\xb5", bitmap_3106 },  // 赵
    { "\xe8\xb5\xb6", bitmap_3107 },  // 赶
    { "\xe8\xb5\xb7", bitmap_3108 },  // 起
    { "\xe8\xb6\x81", bitmap_3109 },  // 趁
    { "\xe8\xb6\x85", bitmap_3110 },  // 超
    { "\xe8\xb6\x8a", bitmap_3111 },  // 越
    { "\xe8\xb6\x8b", bitmap_3112 },  // 趋
    { "\xe8\xb6\x9f", bitmap_3113 },  // 趟
    { "\xe8\xb6\xa3", bitmap_3114 },  // 趣
    { "\xe8\xb6\xb3", bitmap_3115 },  // 足
    { "\xe8\xb6\xb4", bitmap_3116 },  // 趴
    { "\xe8\xb6\xbe", bitmap_3117 },  // 趾
    { "\xe8\xb7\x83", bitmap_3118 },  // 跃
    { "\xe8\xb7\x8b", bitmap_3119 },  // 跋
    { "\xe8\xb7\x8c", bitmap_3120 },  // 跌
    { "\xe8\xb7\x91", bitmap_3121 },  // 跑
    { "\xe8\xb7\x9b", bitmap_3122 },  // 跛
    { "\xe8\xb7\x9d", bitmap_3123 },  // 距
    { "\xe8\xb7\x9f", bitmap_3124 },  // 跟
    { "\xe8\xb7\xa4", bitmap_3125 },  // 跤
    { "\xe8\xb7\xa8", bitmap_3126 },  // 跨
    { "\xe8\xb7\xaa", bitmap_3127 },  // 跪
    { "\xe8\xb7\xaf", bitmap_3128 },  // 路
    { "\xe8\xb7\xb3", bitmap_3129 },  // 跳
    { "\xe8\xb7\xb5", bitmap_3130 },  // 践
    { "\xe8\xb7\xb7", bitmap_3131 },  // 跷
    { "\xe8\xb7\xba", bitmap_3132 },  // 跺
    { "\xe8\xb8\x8a", bitmap_3133 },  // 踊
    { "\xe8\xb8\x8f", bitmap_3134 },  // 踏
    { "\xe8\xb8\xa2", bitmap_3135 },  // 踢
    { "\xe8\xb8\xa9", bitmap_3136 },  // 踩
    { "\xe8\xb8\xaa", bitmap_3137 },  // 踪
    { "\xe8\xb8\xb1", bitmap_3138 },  // 踱
    { "\xe8\xb9\x82", bitmap_3139 },  // 蹂
    { "\xe8\xb9\x84", bitmap_3140 },  // 蹄
    { "\xe8\xb9\x88", bitmap_3141 },  // 蹈
    { "\xe8\xb9\x8b", bitmap_3142 },  // 蹋
    { "\xe8\xb9\xa6", bitmap_3143 },  // 蹦
    { "\xe8\xb9\xac", bitmap_3144 },  // 蹬
    { "\xe8\xb9\xad", bitmap_3145 },  // 蹭
    { "\xe8\xb9\xb2", bitmap_3146 },  // 蹲
    { "\xe8\xba\x81", bitmap_3147 },  // 躁
    { "\xe8\xba\x8f", bitmap_3148 },  // 躏
    { "\xe8\xba\xab", bitmap_3149 },  // 身
    { "\xe8\xba\xac", bitmap_3150 },  // 躬
    { "\xe8\xba\xaf", bitmap_3151 },  // 躯
    { "\xe8\xba\xb2", bitmap_3152 },  // 躲
    { "\xe8\xba\xba", bitmap_3153 },  // 躺
    { "\xe8\xbd\xa6", bitmap_3154 },  // 车
    { "\xe8\xbd\xa7", bitmap_3155 },  // 轧
    { "\xe8\xbd\xa8", bitmap_3156 },  // 轨
    { "\xe8\xbd\xa9", bitmap_3157 },  // 轩
    { "\xe8\xbd\xac", bitmap_3158 },  // 转
    { "\xe8\xbd\xae", bitmap_3159 },  // 轮
    { "\xe8\xbd\xaf", bitmap_3160 },  // 软
    { "\xe8\xbd\xb0", bitmap_3161 },  // 轰
    { "\xe8\xbd\xb4", bitmap_3162 },  // 轴
    { "\xe8\xbd\xbb", bitmap_3163 },  // 轻
    { "\xe8\xbd\xbd", bitmap_3164 },  // 载
    { "\xe8\xbd\xbf", bitmap_3165 },  // 轿
    { "\xe8\xbe\x83", bitmap_3166 },  // 较
    { "\xe8\xbe\x85", bitmap_3167 },  // 辅
    { "\xe8\xbe\x86", bitmap_3168 },  // 辆
    { "\xe8\xbe\x88", bitmap_3169 },  // 辈
    { "\xe8\xbe\x89", bitmap_3170 },  // 辉
    { "\xe8\xbe\x90", bitmap_3171 },  // 辐
    { "\xe8\xbe\x91", bitmap_3172 },  // 辑
    { "\xe8\xbe\x93", bitmap_3173 },  // 输
    { "\xe8\xbe\x96", bitmap_3174 },  // 辖
    { "\xe8\xbe\x97", bitmap_3175 },  // 辗
    { "\xe8\xbe\x99", bitmap_3176 },  // 辙
    { "\xe8\xbe\x9b", bitmap_3177 },  // 辛
    { "\xe8\xbe\x9c", bitmap_3178 },  // 辜
    { "\xe8\xbe\x9e", bitmap_3179 },  // 辞
    { "\xe8\xbe\x9f", bitmap_3180 },  // 辟
    { "\xe8\xbe\xa3", bitmap_3181 },  // 辣
    { "\xe8\xbe\xa8", bitmap_3182 },  // 辨
    { "\xe8\xbe\xa9", bitmap_3183 },  // 辩
    { "\xe8\xbe\xab", bitmap_3184 },  // 辫
    { "\xe8\xbe\xb0", bitmap_3185 },  // 辰
    { "\xe8\xbe\xb1", bitmap_3186 },  // 辱
    { "\xe8\xbe\xb9", bitmap_3187 },  // 边
    { "\xe8\xbe\xbd", bitmap_3188 },  // 辽
    { "\xe8\xbe\xbe", bitmap_3189 },  // 达
    { "\xe8\xbf\x81", bitmap_3190 },  // 迁
    { "\xe8\xbf\x82", bitmap_3191 },  // 迂
    { "\xe8\xbf\x84", bitmap_3192 },  // 迄
    { "\xe8\xbf\x85", bitmap_3193 },  // 迅
    { "\xe8\xbf\x87", bitmap_3194 },  // 过
    { "\xe8\xbf\x88", bitmap_3195 },  // 迈
    { "\xe8\xbf\x8e", bitmap_3196 },  // 迎
    { "\xe8\xbf\x90", bitmap_3197 },  // 运
    { "\xe8\xbf\x91", bitmap_3198 },  // 近
    { "\xe8\xbf\x94", bitmap_3199 },  // 返
    { "\xe8\xbf\x98", bitmap_3200 },  // 还
    { "\xe8\xbf\x99", bitmap_3201 },  // 这
    { "\xe8\xbf\x9b", bitmap_3202 },  // 进
    { "\xe8\xbf\x9c", bitmap_3203 },  // 远
    { "\xe8\xbf\x9d", bitmap_3204 },  // 违
    { "\xe8\xbf\x9e", bitmap_3205 },  // 连
    { "\xe8\xbf\x9f", bitmap_3206 },  // 迟
    { "\xe8\xbf\xa2", bitmap_3207 },  // 迢
    { "\xe8\xbf\xaa", bitmap_3208 },  // 迪
    { "\xe8\xbf\xab", bitmap_3209 },  // 迫
    { "\xe8\xbf\xad", bitmap_3210 },  // 迭
    { "\xe8\xbf\xb0", bitmap_3211 },  // 述
    { "\xe8\xbf\xb7", bitmap_3212 },  // 迷
    { "\xe8\xbf\xb9", bitmap_3213 },  // 迹
    { "\xe8\xbf\xbd", bitmap_3214 },  // 追
    { "\xe9\x80\x80", bitmap_3215 },  // 退
    { "\xe9\x80\x81", bitmap_3216 },  // 送
    { "\xe9\x80\x82", bitmap_3217 },  // 适
    { "\xe9\x80\x83", bitmap_3218 },  // 逃
    { "\xe9\x80\x86", bitmap_3219 },  // 逆
    { "\xe9\x80\x89", bitmap_3220 },  // 选
    { "\xe9\x80\x8a", bitmap_3221 },  // 逊
    { "\xe9\x80\x8f", bitmap_3222 },  // 透
    { "\xe9\x80\x90", bitmap_3223 },  // 逐
    { "\xe9\x80\x92", bitmap_3224 },  // 递
    { "\xe9\x80\x94", bitmap_3225 },  // 途
    { "\xe9\x80\x97", bitmap_3226 },  // 逗
    { "\xe9\x80\x9a", bitmap_3227 },  // 通
    { "\xe9\x80\x9b", bitmap_3228 },  // 逛
    { "\xe9\x80\x9d", bitmap_3229 },  // 逝
    { "\xe9\x80\x9e", bitmap_3230 },  // 逞
    { "\xe9\x80\x9f", bitmap_3231 },  // 速
    { "\xe9\x80\xa0", bitmap_3232 },  // 造
    { "\xe9\x80\xa2", bitmap_3233 },  // 逢
    { "\xe9\x80\xae", bitmap_3234 },  // 逮
    { "\xe9\x80\xb8", bitmap_3235 },  // 逸
    { "\xe9\x80\xbb", bitmap_3236 },  // 逻
    { "\xe9\x80\xbc", bitmap_3237 },  // 逼
    { "\xe9\x80\xbe", bitmap_3238 },  // 逾
    { "\xe9\x81\x82", bitmap_3239 },  // 遂
    { "\xe9\x81\x87", bitmap_3240 },  // 遇
    { "\xe9\x81\x8d", bitmap_3241 },  // 遍
    { "\xe9\x81\x8f", bitmap_3242 },  // 遏
    { "\xe9\x81\x93", bitmap_3243 },  // 道
    { "\xe9\x81\x97", bitmap_3244 },  // 遗
    { "\xe9\x81\xa3", bitmap_3245 },  // 遣
    { "\xe9\x81\xa5", bitmap_3246 },  // 遥
    { "\xe9\x81\xad", bitmap_3247 },  // 遭
    { "\xe9\x81\xae", bitmap_3248 },  // 遮
    { "\xe9\x81\xb5", bitmap_3249 },  // 遵
    { "\xe9\x81\xbf", bitmap_3250 },  // 避
    { "\xe9\x82\x80", bitmap_3251 },  // 邀
    { "\xe9\x82\x91", bitmap_3252 },  // 邑
    { "\xe9\x82\x93", bitmap_3253 },  // 邓
    { "\xe9\x82\xa3", bitmap_3254 },  // 那
    { "\xe9\x82\xa6", bitmap_3255 },  // 邦
    { "\xe9\x82\xaa", bitmap_3256 },  // 邪
    { "\xe9\x82\xae", bitmap_3257 },  // 邮
    { "\xe9\x82\xbb", bitmap_3258 },  // 邻
    { "\xe9\x83\x81", bitmap_3259 },  // 郁
    { "\xe9\x83\x8a", bitmap_3260 },  // 郊
    { "\xe9\x83\x8e", bitmap_3261 },  // 郎
    { "\xe9\x83\x91", bitmap_3262 },  // 郑
    { "\xe9\x83\xa8", bitmap_3263 },  // 部
    { "\xe9\x83\xad", bitmap_3264 },  // 郭
    { "\xe9\x83\xbd", bitmap_3265 },  // 都
    { "\xe9\x84\x82", bitmap_3266 },  // 鄂
    { "\xe9\x84\x99", bitmap_3267 },  // 鄙
    { "\xe9\x85\x89", bitmap_3268 },  // 酉
    { "\xe9\x85\x8c", bitmap_3269 },  // 酌
    { "\xe9\x85\x8d", bitmap_3270 },  // 配
    { "\xe9\x85\x92", bitmap_3271 },  // 酒
    { "\xe9\x85\x97", bitmap_3272 },  // 酗
    { "\xe9\x85\x9d", bitmap_3273 },  // 酝
    { "\xe9\x85\xa3", bitmap_3274 },  // 酣
    { "\xe9\x85\xa5", bitmap_3275 },  // 酥
    { "\xe9\x85\xaa", bitmap_3276 },  // 酪
    { "\xe9\x85\xac", bitmap_3277 },  // 酬
    { "\xe9\x85\xb1", bitmap_3278 },  // 酱
    { "\xe9\x85\xb5", bitmap_3279 },  // 酵
    { "\xe9\x85\xb7", bitmap_3280 },  // 酷
    { "\xe9\x85\xb8", bitmap_3281 },  // 酸
    { "\xe9\x85\xbf", bitmap_3282 },  // 酿
    { "\xe9\x86\x87", bitmap_3283 },  // 醇
    { "\xe9\x86\x89", bitmap_3284 },  // 醉
    { "\xe9\x86\x8b", bitmap_3285 },  // 醋
    { "\xe9\x86\x92", bitmap_3286 },  // 醒
    { "\xe9\x87\x87", bitmap_3287 },  // 采
    { "\xe9\x87\x8a", bitmap_3288 },  // 释
    { "\xe9\x87\x8c", bitmap_3289 },  // 里
    { "\xe9\x87\x8d", bitmap_3290 },  // 重
    { "\xe9\x87\x8e", bitmap_3291 },  // 野
    { "\xe9\x87\x8f", bitmap_3292 },  // 量
    { "\xe9\x87\x91", bitmap_3293 },  // 金
    { "\xe9\x89\xb4", bitmap_3294 },  // 鉴
    { "\xe9\x92\x88", bitmap_3295 },  // 针
    { "\xe9\x92\x89", bitmap_3296 },  // 钉
    { "\xe9\x92\x93", bitmap_3297 },  // 钓
    { "\xe9\x92\x99", bitmap_3298 },  // 钙
    { "\xe9\x92\x9d", bitmap_3299 },  // 钝
    { "\xe9\x92\x9e", bitmap_3300 },  // 钞
    { "\xe9\x92\x9f", bitmap_3301 },  // 钟
    { "\xe9\x92\xa0", bitmap_3302 },  // 钠
    { "\xe9\x92\xa2", bitmap_3303 },  // 钢
    { "\xe9\x92\xa5", bitmap_3304 },  // 钥
    { "\xe9\x92\xa6", bitmap_3305 },  // 钦
    { "\xe9\x92\xa7", bitmap_3306 },  // 钧
    { "\xe9\x92\xa9", bitmap_3307 },  // 钩
    { "\xe9\x92\xae", bitmap_3308 },  // 钮
    { "\xe9\x92\xb1", bitmap_3309 },  // 钱
    { "\xe9\x92\xb3", bitmap_3310 },  // 钳
    { "\xe9\x92\xbb", bitmap_3311 },  // 钻
    { "\xe9\x92\xbe", bitmap_3312 },  // 钾
    { "\xe9\x93\x81", bitmap_3313 },  // 铁
    { "\xe9\x93\x83", bitmap_3314 },  // 铃
    { "\xe9\x93\x85", bitmap_3315 },  // 铅
    { "\xe9\x93\x90", bitmap_3316 },  // 铐
    { "\xe9\x93\x9b", bitmap_3317 },  // 铛
    { "\xe9\x93\x9c", bitmap_3318 },  // 铜
    { "\xe9\x93\x9d", bitmap_3319 },  // 铝
    { "\xe9\x93\xad", bitmap_3320 },  // 铭
    { "\xe9\x93\xb2", bitmap_3321 },  // 铲
    { "\xe9\x93\xb6", bitmap_3322 },  // 银
    { "\xe9\x93\xb8", bitmap_3323 },  // 铸
    { "\xe9\x93\xba", bitmap_3324 },  // 铺
    { "\xe9\x93\xbe", bitmap_3325 },  // 链
    { "\xe9\x94\x80", bitmap_3326 },  // 销
    { "\xe9\x94\x81", bitmap_3327 },  // 锁
    { "\xe9\x94\x84", bitmap_3328 },  // 锄
    { "\xe9\x94\x85", bitmap_3329 },  // 锅
    { "\xe9\x94\x88", bitmap_3330 },  // 锈
    { "\xe9\x94\x8b", bitmap_3331 },  // 锋
    { "\xe9\x94\x8c", bitmap_3332 },  // 锌
    { "\xe9\x94\x90", bitmap_3333 },  // 锐
    { "\xe9\x94\x99", bitmap_3334 },  // 错
    { "\xe9\x94\x9a", bitmap_3335 },  // 锚
    { "\xe9\x94\xa1", bitmap_3336 },  // 锡
    { "\xe9\x94\xa3", bitmap_3337 },  // 锣
    { "\xe9\x94\xa4", bitmap_3338 },  // 锤
    { "\xe9\x94\xa5", bitmap_3339 },  // 锥
    { "\xe9\x94\xa6", bitmap_3340 },  // 锦
    { "\xe9\x94\xae", bitmap_3341 },  // 键
    { "\xe9\x94\xaf", bitmap_3342 },  // 锯
    { "\xe9\x94\xb0", bitmap_3343 },  // 锰
    { "\xe9\x94\xb9", bitmap_3344 },  // 锹
    { "\xe9\x94\xbb", bitmap_3345 },  // 锻
    { "\xe9\x95\x80", bitmap_3346 },  // 镀
    { "\xe9\x95\x87", bitmap_3347 },  // 镇
    { "\xe9\x95\x90", bitmap_3348 },  // 镐
    { "\xe9\x95\x91", bitmap_3349 },  // 镑
    { "\xe9\x95\x9c", bitmap_3350 },  // 镜
    { "\xe9\x95\xb0", bitmap_3351 },  // 镰
    { "\xe9\x95\xb6", bitmap_3352 },  // 镶
    { "\xe9\x95\xbf", bitmap_3353 },  // 长
    { "\xe9\x97\xa8", bitmap_3354 },  // 门
    { "\xe9\x97\xaa", bitmap_3355 },  // 闪
    { "\xe9\x97\xad", bitmap_3356 },  // 闭
    { "\xe9\x97\xae", bitmap_3357 },  // 问
    { "\xe9\x97\xaf", bitmap_3358 },  // 闯
    { "\xe9\x97\xb0", bitmap_3359 },  // 闰
    { "\xe9\x97\xb2", bitmap_3360 },  // 闲
    { "\xe9\x97\xb4", bitmap_3361 },  // 间
    { "\xe9\x97\xb7", bitmap_3362 },  // 闷
    { "\xe9\x97\xb8", bitmap_3363 },  // 闸
    { "\xe9\x97\xb9", bitmap_3364 },  // 闹
    { "\xe9\x97\xba", bitmap_3365 },  // 闺
    { "\xe9\x97\xbb", bitmap_3366 },  // 闻
    { "\xe9\x97\xbd", bitmap_3367 },  // 闽
    { "\xe9\x98\x80", bitmap_3368 },  // 阀
    { "\xe9\x98\x81", bitmap_3369 },  // 阁
    { "\xe9\x98\x85", bitmap_3370 },  // 阅
    { "\xe9\x98\x8e", bitmap_3371 },  // 阎
    { "\xe9\x98\x90", bitmap_3372 },  // 阐
    { "\xe9\x98\x94", bitmap_3373 },  // 阔
    { "\xe9\x98\x9f", bitmap_3374 },  // 队
    { "\xe9\x98\xb2", bitmap_3375 },  // 防
    { "\xe9\x98\xb3", bitmap_3376 },  // 阳
    { "\xe9\x98\xb4", bitmap_3377 },  // 阴
    { "\xe9\x98\xb5", bitmap_3378 },  // 阵
    { "\xe9\x98\xb6", bitmap_3379 },  // 阶
    { "\xe9\x98\xbb", bitmap_3380 },  // 阻
    { "\xe9\x98\xbf", bitmap_3381 },  // 阿
    { "\xe9\x99\x84", bitmap_3382 },  // 附
    { "\xe9\x99\x85", bitmap_3383 },  // 际
    { "\xe9\x99\x86", bitmap_3384 },  // 陆
    { "\xe9\x99\x88", bitmap_3385 },  // 陈
    { "\xe9\x99\x8b", bitmap_3386 },  // 陋
    { "\xe9\x99\x8c", bitmap_3387 },  // 陌
    { "\xe9\x99\x8d", bitmap_3388 },  // 降
    { "\xe9\x99\x90", bitmap_3389 },  // 限
    { "\xe9\x99\x95", bitmap_3390 },  // 陕
    { "\xe9\x99\xa1", bitmap_3391 },  // 陡
    { "\xe9\x99\xa2", bitmap_3392 },  // 院
    { "\xe9\x99\xa4", bitmap_3393 },  // 除
    { "\xe9\x99\xa8", bitmap_3394 },  // 陨
    { "\xe9\x99\xa9", bitmap_3395 },  // 险
    { "\xe9\x99\xaa", bitmap_3396 },  // 陪
    { "\xe9\x99\xb5", bitmap_3397 },  // 陵
    { "\xe9\x99\xb6", bitmap_3398 },  // 陶
    { "\xe9\x99\xb7", bitmap_3399 },  // 陷
    { "\xe9\x9a\x85", bitmap_3400 },  // 隅
    { "\xe9\x9a\x86", bitmap_3401 },  // 隆
    { "\xe9\x9a\x8b", bitmap_3402 },  // 隋
    { "\xe9\x9a\x8f", bitmap_3403 },  // 随
    { "\xe9\x9a\x90", bitmap_3404 },  // 隐
    { "\xe9\x9a\x94", bitmap_3405 },  // 隔
    { "\xe9\x9a\x98", bitmap_3406 },  // 隘
    { "\xe9\x9a\x99", bitmap_3407 },  // 隙
    { "\xe9\x9a\x9c", bitmap_3408 },  // 障
    { "\xe9\x9a\xa7", bitmap_3409 },  // 隧
    { "\xe9\x9a\xb6", bitmap_3410 },  // 隶
    { "\xe9\x9a\xbe", bitmap_3411 },  // 难
    { "\xe9\x9b\x80", bitmap_3412 },  // 雀
    { "\xe9\x9b\x81", bitmap_3413 },  // 雁
    { "\xe9\x9b\x84", bitmap_3414 },  // 雄
    { "\xe9\x9b\x85", bitmap_3415 },  // 雅
    { "\xe9\x9b\x86", bitmap_3416 },  // 集
    { "\xe9\x9b\x87", bitmap_3417 },  // 雇
    { "\xe9\x9b\x8c", bitmap_3418 },  // 雌
    { "\xe9\x9b\x8f", bitmap_3419 },  // 雏
    { "\xe9\x9b\x95", bitmap_3420 },  // 雕
    { "\xe9\x9b\xa8", bitmap_3421 },  // 雨
    { "\xe9\x9b\xaa", bitmap_3422 },  // 雪
    { "\xe9\x9b\xb3", bitmap_3423 },  // 雳
    { "\xe9\x9b\xb6", bitmap_3424 },  // 零
    { "\xe9\x9b\xb7", bitmap_3425 },  // 雷
    { "\xe9\x9b\xb9", bitmap_3426 },  // 雹
    { "\xe9\x9b\xbe", bitmap_3427 },  // 雾
    { "\xe9\x9c\x80", bitmap_3428 },  // 需
    { "\xe9\x9c\x84", bitmap_3429 },  // 霄
    { "\xe9\x9c\x87", bitmap_3430 },  // 震
    { "\xe9\x9c\x89", bitmap_3431 },  // 霉
    { "\xe9\x9c\x8d", bitmap_3432 },  // 霍
    { "\xe9\x9c\x8e", bitmap_3433 },  // 霎
    { "\xe9\x9c\x9c", bitmap_3434 },  // 霜
    { "\xe9\x9c\x9e", bitmap_3435 },  // 霞
    { "\xe9\x9c\xb2", bitmap_3436 },  // 露
    { "\xe9\x9c\xb8", bitmap_3437 },  // 霸
    { "\xe9\x9c\xb9", bitmap_3438 },  // 霹
    { "\xe9\x9d\x92", bitmap_3439 },  // 青
    { "\xe9\x9d\x96", bitmap_3440 },  // 靖
    { "\xe9\x9d\x99", bitmap_3441 },  // 静
    { "\xe9\x9d\x9e", bitmap_3442 },  // 非
    { "\xe9\x9d\xa0", bitmap_3443 },  // 靠
    { "\xe9\x9d\xa1", bitmap_3444 },  // 靡
    { "\xe9\x9d\xa2", bitmap_3445 },  // 面
    { "\xe9\x9d\xa9", bitmap_3446 },  // 革
    { "\xe9\x9d\xb4", bitmap_3447 },  // 靴
    { "\xe9\x9d\xb6", bitmap_3448 },  // 靶
    { "\xe9\x9e\x8b", bitmap_3449 },  // 鞋
    { "\xe9\x9e\x8d", bitmap_3450 },  // 鞍
    { "\xe9\x9e\xa0", bitmap_3451 },  // 鞠
    { "\xe9\x9e\xad", bitmap_3452 },  // 鞭
    { "\xe9\x9f\xa7", bitmap_3453 },  // 韧
    { "\xe9\x9f\xa9", bitmap_3454 },  // 韩
    { "\xe9\x9f\xad", bitmap_3455 },  // 韭
    { "\xe9\x9f\xb3", bitmap_3456 },  // 音
    { "\xe9\x9f\xb5", bitmap_3457 },  // 韵
    { "\xe9\xa1\xb5", bitmap_3458 },  // 页
    { "\xe9\xa1\xb6", bitmap_3459 },  // 顶
    { "\xe9\xa1\xb7", bitmap_3460 },  // 顷
    { "\xe9\xa1\xb9", bitmap_3461 },  // 项
    { "\xe9\xa1\xba", bitmap_3462 },  // 顺
    { "\xe9\xa1\xbb", bitmap_3463 },  // 须
    { "\xe9\xa1\xbd", bitmap_3464 },  // 顽
    { "\xe9\xa1\xbe", bitmap_3465 },  // 顾
    { "\xe9\xa1\xbf", bitmap_3466 },  // 顿
    { "\xe9\xa2\x81", bitmap_3467 },  // 颁
    { "\xe9\xa2\x82", bitmap_3468 },  // 颂
    { "\xe9\xa2\x84", bitmap_3469 },  // 预
    { "\xe9\xa2\x85", bitmap_3470 },  // 颅
    { "\xe9\xa2\x86", bitmap_3471 },  // 领
    { "\xe9\xa2\x87", bitmap_3472 },  // 颇
    { "\xe9\xa2\x88", bitmap_3473 },  // 颈
    { "\xe9\xa2\x8a", bitmap_3474 },  // 颊
    { "\xe9\xa2\x91", bitmap_3475 },  // 频
    { "\xe9\xa2\x93", bitmap_3476 },  // 颓
    { "\xe9\xa2\x96", bitmap_3477 },  // 颖
    { "\xe9\xa2\x97", bitmap_3478 },  // 颗
    { "\xe9\xa2\x98", bitmap_3479 },  // 题
    { "\xe9\xa2\x9c", bitmap_3480 },  // 颜
    { "\xe9\xa2\x9d", bitmap_3481 },  // 额
    { "\xe9\xa2\xa0", bitmap_3482 },  // 颠
    { "\xe9\xa2\xa4", bitmap_3483 },  // 颤
    { "\xe9\xa3\x8e", bitmap_3484 },  // 风
    { "\xe9\xa3\x98", bitmap_3485 },  // 飘
    { "\xe9\xa3\x9e", bitmap_3486 },  // 飞
    { "\xe9\xa3\x9f", bitmap_3487 },  // 食
    { "\xe9\xa4\x90", bitmap_3488 },  // 餐
    { "\xe9\xa5\xa5", bitmap_3489 },  // 饥
    { "\xe9\xa5\xad", bitmap_3490 },  // 饭
    { "\xe9\xa5\xae", bitmap_3491 },  // 饮
    { "\xe9\xa5\xb0", bitmap_3492 },  // 饰
    { "\xe9\xa5\xb1", bitmap_3493 },  // 饱
    { "\xe9\xa5\xb2", bitmap_3494 },  // 饲
    { "\xe9\xa5\xb5", bitmap_3495 },  // 饵
    { "\xe9\xa5\xb6", bitmap_3496 },  // 饶
    { "\xe9\xa5\xba", bitmap_3497 },  // 饺
    { "\xe9\xa5\xbc", bitmap_3498 },  // 饼
    { "\xe9\xa5\xbf", bitmap_3499 },  // 饿
    { "\xe9\xa6\x81", bitmap_3500 },  // 馁
    { "\xe9\xa6\x85", bitmap_3501 },  // 馅
    { "\xe9\xa6\x86", bitmap_3502 },  // 馆
    { "\xe9\xa6\x88", bitmap_3503 },  // 馈
    { "\xe9\xa6\x8b", bitmap_3504 },  // 馋
    { "\xe9\xa6\x8d", bitmap_3505 },  // 馍
    { "\xe9\xa6\x8f", bitmap_3506 },  // 馏
    { "\xe9\xa6\x92", bitmap_3507 },  // 馒
    { "\xe9\xa6\x96", bitmap_3508 },  // 首
    { "\xe9\xa6\x99", bitmap_3509 },  // 香
    { "\xe9\xa6\xa8", bitmap_3510 },  // 馨
    { "\xe9\xa9\xac", bitmap_3511 },  // 马
    { "\xe9\xa9\xae", bitmap_3512 },  // 驮
    { "\xe9\xa9\xaf", bitmap_3513 },  // 驯
    { "\xe9\xa9\xb0", bitmap_3514 },  // 驰
    { "\xe9\xa9\xb1", bitmap_3515 },  // 驱
    { "\xe9\xa9\xb3", bitmap_3516 },  // 驳
    { "\xe9\xa9\xb4", bitmap_3517 },  // 驴
    { "\xe9\xa9\xb6", bitmap_3518 },  // 驶
    { "\xe9\xa9\xb9", bitmap_3519 },  // 驹
    { "\xe9\xa9\xbb", bitmap_3520 },  // 驻
    { "\xe9\xa9\xbc", bitmap_3521 },  // 驼
    { "\xe9\xa9\xbe", bitmap_3522 },  // 驾
    { "\xe9\xaa\x82", bitmap_3523 },  // 骂
    { "\xe9\xaa\x84", bitmap_3524 },  // 骄
    { "\xe9\xaa\x86", bitmap_3525 },  // 骆
    { "\xe9\xaa\x87", bitmap_3526 },  // 骇
    { "\xe9\xaa\x8c", bitmap_3527 },  // 验
    { "\xe9\xaa\x8f", bitmap_3528 },  // 骏
    { "\xe9\xaa\x91", bitmap_3529 },  // 骑
    { "\xe9\xaa\x97", bitmap_3530 },  // 骗
    { "\xe9\xaa\x9a", bitmap_3531 },  // 骚
    { "\xe9\xaa\xa1", bitmap_3532 },  // 骡
    { "\xe9\xaa\xa4", bitmap_3533 },  // 骤
    { "\xe9\xaa\xa8", bitmap_3534 },  // 骨
    { "\xe9\xab\x93", bitmap_3535 },  // 髓
    { "\xe9\xab\x98", bitmap_3536 },  // 高
    { "\xe9\xac\x93", bitmap_3537 },  // 鬓
    { "\xe9\xac\xbc", bitmap_3538 },  // 鬼
    { "\xe9\xad\x81", bitmap_3539 },  // 魁
    { "\xe9\xad\x82", bitmap_3540 },  // 魂
    { "\xe9\xad\x84", bitmap_3541 },  // 魄
    { "\xe9\xad\x85", bitmap_3542 },  // 魅
    { "\xe9\xad\x8f", bitmap_3543 },  // 魏
    { "\xe9\xad\x94", bitmap_3544 },  // 魔
    { "\xe9\xb1\xbc", bitmap_3545 },  // 鱼
    { "\xe9\xb2\x81", bitmap_3546 },  // 鲁
    { "\xe9\xb2\x8d", bitmap_3547 },  // 鲍
    { "\xe9\xb2\x9c", bitmap_3548 },  // 鲜
    { "\xe9\xb2\xa4", bitmap_3549 },  // 鲤
    { "\xe9\xb2\xa8", bitmap_3550 },  // 鲨
    { "\xe9\xb2\xab", bitmap_3551 },  // 鲫
    { "\xe9\xb2\xb8", bitmap_3552 },  // 鲸
    { "\xe9\xb3\x84", bitmap_3553 },  // 鳄
    { "\xe9\xb3\x8d", bitmap_3554 },  // 鳍
    { "\xe9\xb3\x96", bitmap_3555 },  // 鳖
    { "\xe9\xb3\x9e", bitmap_3556 },  // 鳞
    { "\xe9\xb8\x9f", bitmap_3557 },  // 鸟
    { "\xe9\xb8\xa1", bitmap_3558 },  // 鸡
    { "\xe9\xb8\xa3", bitmap_3559 },  // 鸣
    { "\xe9\xb8\xa5", bitmap_3560 },  // 鸥
    { "\xe9\xb8\xa6", bitmap_3561 },  // 鸦
    { "\xe9\xb8\xad", bitmap_3562 },  // 鸭
    { "\xe9\xb8\xaf", bitmap_3563 },  // 鸯
    { "\xe9\xb8\xb3", bitmap_3564 },  // 鸳
    { "\xe9\xb8\xb5", bitmap_3565 },  // 鸵
    { "\xe9\xb8\xbd", bitmap_3566 },  // 鸽
    { "\xe9\xb8\xbf", bitmap_3567 },  // 鸿
    { "\xe9\xb9\x83", bitmap_3568 },  // 鹃
    { "\xe9\xb9\x85", bitmap_3569 },  // 鹅
    { "\xe9\xb9\x89", bitmap_3570 },  // 鹉
    { "\xe9\xb9\x8a", bitmap_3571 },  // 鹊
    { "\xe9\xb9\x8f", bitmap_3572 },  // 鹏
    { "\xe9\xb9\xa4", bitmap_3573 },  // 鹤
    { "\xe9\xb9\xa6", bitmap_3574 },  // 鹦
    { "\xe9\xb9\xb0", bitmap_3575 },  // 鹰
    { "\xe9\xb9\xbf", bitmap_3576 },  // 鹿
    { "\xe9\xba\xa6", bitmap_3577 },  // 麦
    { "\xe9\xba\xbb", bitmap_3578 },  // 麻
    { "\xe9\xbb\x84", bitmap_3579 },  // 黄
    { "\xe9\xbb\x8e", bitmap_3580 },  // 黎
    { "\xe9\xbb\x91", bitmap_3581 },  // 黑
    { "\xe9\xbb\x94", bitmap_3582 },  // 黔
    { "\xe9\xbb\x98", bitmap_3583 },  // 默
    { "\xe9\xbb\xaf", bitmap_3584 },  // 黯
    { "\xe9\xbc\x8e", bitmap_3585 },  // 鼎
    { "\xe9\xbc\x93", bitmap_3586 },  // 鼓
    { "\xe9\xbc\xa0", bitmap_3587 },  // 鼠
    { "\xe9\xbc\xbb", bitmap_3588 },  // 鼻
    { "\xe9\xbd\x90", bitmap_3589 },  // 齐
    { "\xe9\xbd\xbf", bitmap_3590 },  // 齿
    { "\xe9\xbe\x84", bitmap_3591 },  // 龄
    { "\xe9\xbe\x99", bitmap_3592 },  // 龙
    { "\xe9\xbe\x9f", bitmap_3593 }  // 龟
};


// 查找字符的位图数据
// 参数: utf8Char - UTF-8 编码的字符（3字节）
// 返回: 位图数据指针，如果未找到返回 nullptr
static inline const uint8_t* findChineseBitmap(const char* utf8Char) {
    for (int i = 0; i < 3594; i++) {
        if (strcmp(HUIWEN_FANGSONG_CHARS[i].utf8, utf8Char) == 0) {
            return HUIWEN_FANGSONG_CHARS[i].bitmap;
        }
    }
    return nullptr;
}

// 获取字符总数
static inline int getChineseCharCount() {
    return 3594;
}

#endif // HUIWEN_FANGSONG_H
